# Blender 4.1.1
# www.blender.org
mtllib chessPawn.mtl
o Cylinder.006
v -0.054518 0.193417 0.034305
v -0.058160 0.193417 0.026348
v 0.044514 0.193417 0.048350
v 0.038323 0.193417 0.054199
v -0.062413 0.193417 0.009248
v -0.062952 0.193417 0.000396
v -0.008217 0.193417 0.067633
v -0.016293 0.193417 0.065902
v -0.031476 0.193417 0.059127
v -0.038323 0.193417 0.054199
v 0.060808 0.193417 -0.017157
v 0.062414 0.193417 -0.008456
v -0.049943 0.193417 0.041680
v 0.024091 0.193417 0.063051
v 0.016294 0.193417 0.065902
v 0.000000 0.193417 0.068213
v 0.044514 0.193417 -0.047558
v 0.049944 0.193417 -0.040889
v -0.024090 0.193417 0.063051
v 0.058161 0.193417 -0.025557
v 0.031477 0.193417 0.059127
v 0.016294 0.193417 -0.065111
v 0.024091 0.193417 -0.062259
v 0.008217 0.193417 0.067633
v 0.038323 0.193417 -0.053407
v 0.054519 0.193417 -0.033513
v -0.016293 0.193417 -0.065111
v -0.008217 0.193417 -0.066842
v 0.008217 0.193417 -0.066842
v 0.031477 0.193417 -0.058336
v -0.044514 0.193417 -0.047558
v -0.038323 0.193417 -0.053407
v 0.062953 0.193417 0.000396
v -0.024090 0.193417 -0.062259
v 0.000000 0.193417 -0.067422
v -0.049943 0.193417 -0.040889
v -0.031476 0.193417 -0.058336
v 0.060808 0.193417 0.017948
v 0.058161 0.193417 0.026348
v -0.054518 0.193417 -0.033513
v -0.060807 0.193417 -0.017157
v 0.057844 0.318116 0.032043
v -0.066224 0.318116 -0.007864
v -0.047232 0.318116 0.045152
v 0.066221 0.318116 0.008658
v -0.064519 0.318116 0.016778
v 0.052990 0.318116 0.038927
v -0.058160 0.193417 -0.025557
v 0.049944 0.193417 0.041680
v -0.061711 0.318116 -0.023824
v -0.064519 0.318116 -0.015984
v -0.057847 0.318116 -0.031249
v 0.061708 0.318116 0.024618
v 0.064517 0.318116 0.016778
v -0.033398 0.318116 -0.054416
v -0.052993 0.318116 -0.038133
v -0.060807 0.193417 0.017948
v -0.000001 0.318116 -0.062896
v -0.025562 0.318116 -0.058078
v 0.066793 0.318116 0.000397
v -0.040663 0.318116 -0.049817
v -0.047232 0.318116 -0.044358
v 0.033396 0.318116 -0.054416
v 0.008717 0.318116 -0.062354
v 0.062414 0.193417 0.009248
v -0.008720 0.318116 -0.062354
v -0.017289 0.318116 -0.060739
v 0.057844 0.318116 -0.031249
v 0.040660 0.318116 -0.049817
v 0.008717 0.318116 0.063148
v 0.025560 0.318116 -0.058078
v 0.017286 0.318116 -0.060739
v -0.044514 0.193417 0.048350
v 0.033396 0.318116 0.055210
v 0.061708 0.318116 -0.023824
v -0.025562 0.318116 0.058872
v 0.052990 0.318116 -0.038133
v 0.047229 0.318116 -0.044358
v -0.000001 0.318116 0.063690
v 0.017286 0.318116 0.061533
v -0.062413 0.193417 -0.008456
v 0.025560 0.318116 0.058872
v -0.052993 0.318116 0.038927
v 0.066221 0.318116 -0.007864
v 0.064517 0.318116 -0.015984
v -0.040663 0.318116 0.050610
v -0.033398 0.318116 0.055210
v -0.017289 0.318116 0.061533
v 0.054519 0.193417 0.034305
v -0.008720 0.318116 0.063148
v -0.066795 0.318116 0.000397
v -0.066224 0.318116 0.008658
v 0.040660 0.318116 0.050610
v 0.047229 0.318116 0.045152
v -0.061711 0.318116 0.024618
v -0.057847 0.318116 0.032043
v -0.047837 0.297167 -0.035254
v -0.043241 0.275130 -0.032608
v -0.039733 0.247539 -0.030608
v -0.041618 0.226668 -0.032747
v -0.044952 0.215320 -0.036085
v -0.040065 0.215320 -0.041978
v -0.037093 0.226668 -0.038101
v -0.035414 0.247539 -0.035617
v -0.038541 0.275130 -0.037940
v -0.042637 0.297167 -0.041013
v 0.023073 0.297167 0.054502
v 0.020856 0.275130 0.050486
v 0.019167 0.247539 0.047449
v 0.020076 0.226668 0.050694
v 0.021684 0.215320 0.055760
v 0.014665 0.215320 0.058280
v 0.013578 0.226668 0.052984
v 0.012963 0.247539 0.049590
v 0.014105 0.275130 0.052766
v 0.015604 0.297167 0.056965
v 0.059779 0.297167 0.008041
v 0.054035 0.275130 0.007474
v 0.049655 0.247539 0.007043
v 0.052010 0.226668 0.007502
v 0.056177 0.215320 0.008218
v 0.054731 0.215320 0.015906
v 0.050672 0.226668 0.014487
v 0.048377 0.247539 0.013577
v 0.052644 0.275130 0.014429
v 0.058240 0.297167 0.015554
v -0.015607 0.297167 -0.056171
v -0.014108 0.275130 -0.051972
v -0.012962 0.247539 -0.048798
v -0.013577 0.226668 -0.052192
v -0.014665 0.215320 -0.057488
v -0.007395 0.215320 -0.059018
v -0.006847 0.226668 -0.053581
v -0.006537 0.247539 -0.050098
v -0.007115 0.275130 -0.053355
v -0.007872 0.297167 -0.057665
v -0.059782 0.297167 -0.007247
v -0.054038 0.275130 -0.006680
v -0.049655 0.247539 -0.006252
v -0.052009 0.226668 -0.006710
v -0.056176 0.215320 -0.007426
v -0.054730 0.215320 -0.015114
v -0.050671 0.226668 -0.013695
v -0.048376 0.247539 -0.012786
v -0.052647 0.275130 -0.013635
v -0.058243 0.297167 -0.014760
v -0.030149 0.297167 -0.050320
v -0.027253 0.275130 -0.046556
v -0.025041 0.247539 -0.043711
v -0.026229 0.226668 -0.046753
v -0.028330 0.215320 -0.051502
v -0.021683 0.215320 -0.054969
v -0.020075 0.226668 -0.049903
v -0.019166 0.247539 -0.046657
v -0.020859 0.275130 -0.049692
v -0.023076 0.297167 -0.053708
v -0.000001 0.297167 0.058960
v -0.000001 0.275130 0.054613
v 0.000000 0.247539 0.051325
v 0.000000 0.226668 0.054839
v 0.000000 0.215320 0.060322
v -0.007395 0.215320 0.059809
v -0.006847 0.226668 0.054373
v -0.006537 0.247539 0.050890
v -0.007115 0.275130 0.054149
v -0.007872 0.297167 0.058459
v 0.036705 0.297167 0.046858
v 0.033178 0.275130 0.043410
v 0.030489 0.247539 0.040801
v 0.031935 0.226668 0.043588
v 0.034494 0.215320 0.047938
v 0.028331 0.215320 0.052293
v 0.026230 0.226668 0.047545
v 0.025042 0.247539 0.044502
v 0.027250 0.275130 0.047350
v 0.030147 0.297167 0.051114
v 0.052217 0.297167 0.029679
v 0.047199 0.275130 0.027505
v 0.043374 0.247539 0.025861
v 0.045431 0.226668 0.027617
v 0.049070 0.215320 0.030359
v 0.044953 0.215320 0.036876
v 0.041619 0.226668 0.033538
v 0.039734 0.247539 0.031400
v 0.043238 0.275130 0.033402
v 0.047835 0.297167 0.036048
v 0.023073 0.297167 -0.053708
v 0.020856 0.275130 -0.049692
v 0.019167 0.247539 -0.046657
v 0.020076 0.226668 -0.049903
v 0.021684 0.215320 -0.054969
v 0.028331 0.215320 -0.051502
v 0.026230 0.226668 -0.046753
v 0.025042 0.247539 -0.043711
v 0.027250 0.275130 -0.046556
v 0.030147 0.297167 -0.050320
v 0.042634 0.297167 -0.041013
v 0.038538 0.275130 -0.037940
v 0.035415 0.247539 -0.035617
v 0.037094 0.226668 -0.038101
v 0.040066 0.215320 -0.041978
v 0.044953 0.215320 -0.036085
v 0.041619 0.226668 -0.032747
v 0.039734 0.247539 -0.030608
v 0.043238 0.275130 -0.032608
v 0.047835 0.297167 -0.035254
v 0.007869 0.297167 -0.057665
v 0.007113 0.275130 -0.053356
v 0.006538 0.247539 -0.050098
v 0.006848 0.226668 -0.053581
v 0.007396 0.215320 -0.059018
v 0.014665 0.215320 -0.057488
v 0.013578 0.226668 -0.052192
v 0.012963 0.247539 -0.048798
v 0.014105 0.275130 -0.051972
v 0.015604 0.297167 -0.056171
v -0.015607 0.297167 0.056965
v -0.014108 0.275130 0.052766
v -0.012962 0.247539 0.049590
v -0.013577 0.226668 0.052984
v -0.014665 0.215320 0.058280
v -0.021683 0.215320 0.055760
v -0.020075 0.226668 0.050694
v -0.019166 0.247539 0.047449
v -0.020859 0.275130 0.050486
v -0.023076 0.297167 0.054502
v -0.052219 0.297167 0.029679
v -0.047202 0.275130 0.027505
v -0.043373 0.247539 0.025861
v -0.045430 0.226668 0.027617
v -0.049070 0.215320 0.030359
v -0.052348 0.215320 0.023328
v -0.048465 0.226668 0.021230
v -0.046271 0.247539 0.019886
v -0.050355 0.275130 0.021145
v -0.055708 0.297167 0.022808
v 0.052348 0.215320 0.023329
v 0.048466 0.226668 0.021230
v 0.046271 0.247539 0.019886
v 0.050352 0.275130 0.021145
v 0.055705 0.297167 0.022808
v -0.028330 0.215320 0.052293
v -0.026229 0.226668 0.047545
v -0.025041 0.247539 0.044502
v -0.027253 0.275130 0.047350
v -0.030149 0.297167 0.051114
v 0.034494 0.215320 -0.047147
v 0.031935 0.226668 -0.042797
v 0.030489 0.247539 -0.040009
v 0.033178 0.275130 -0.042616
v 0.036705 0.297167 -0.046064
v 0.042634 0.297167 0.041807
v 0.038538 0.275130 0.038734
v 0.035415 0.247539 0.036409
v 0.037094 0.226668 0.038893
v 0.040066 0.215320 0.042770
v -0.052219 0.297167 -0.028885
v -0.047202 0.275130 -0.026711
v -0.043373 0.247539 -0.025069
v -0.045430 0.226668 -0.026826
v -0.049070 0.215320 -0.029567
v 0.055705 0.297167 -0.022014
v 0.050352 0.275130 -0.020351
v 0.046271 0.247539 -0.019094
v 0.048466 0.226668 -0.020439
v 0.052348 0.215320 -0.022537
v 0.054731 0.215320 -0.015114
v 0.050672 0.226668 -0.013695
v 0.048377 0.247539 -0.012786
v 0.052644 0.275130 -0.013635
v 0.058240 0.297167 -0.014760
v -0.054730 0.215320 0.015906
v -0.050671 0.226668 0.014487
v -0.048376 0.247539 0.013577
v -0.052647 0.275130 0.014429
v -0.058243 0.297167 0.015554
v -0.034493 0.215320 -0.047147
v -0.031934 0.226668 -0.042797
v -0.030488 0.247539 -0.040009
v -0.033180 0.275130 -0.042616
v -0.036707 0.297167 -0.046064
v -0.059782 0.297167 0.008041
v -0.054038 0.275130 0.007474
v -0.049655 0.247539 0.007043
v -0.052009 0.226668 0.007502
v -0.056176 0.215320 0.008218
v -0.056661 0.215320 0.000396
v -0.052458 0.226668 0.000396
v -0.050083 0.247539 0.000396
v -0.054504 0.275130 0.000397
v -0.060297 0.297167 0.000397
v 0.000000 0.215320 -0.059530
v 0.000000 0.226668 -0.054047
v 0.000000 0.247539 -0.050534
v -0.000001 0.275130 -0.053819
v -0.000001 0.297167 -0.058166
v 0.059779 0.297167 -0.007247
v 0.054035 0.275130 -0.006680
v 0.049655 0.247539 -0.006252
v 0.052010 0.226668 -0.006710
v 0.056177 0.215320 -0.007426
v 0.056662 0.215320 0.000396
v 0.052459 0.226668 0.000396
v 0.050084 0.247539 0.000396
v 0.054501 0.275130 0.000397
v 0.060295 0.297167 0.000397
v -0.052348 0.215320 -0.022537
v -0.048465 0.226668 -0.020439
v -0.046271 0.247539 -0.019094
v -0.050355 0.275130 -0.020351
v -0.055708 0.297167 -0.022014
v 0.007396 0.215320 0.059809
v 0.006848 0.226668 0.054373
v 0.006538 0.247539 0.050890
v 0.007113 0.275130 0.054149
v 0.007869 0.297167 0.058459
v -0.034493 0.215320 0.047938
v -0.031934 0.226668 0.043588
v -0.030488 0.247539 0.040801
v -0.033181 0.275130 0.043410
v -0.036707 0.297167 0.046858
v 0.049070 0.215320 -0.029567
v 0.045431 0.226668 -0.026826
v 0.043374 0.247539 -0.025069
v 0.047199 0.275130 -0.026711
v 0.052217 0.297167 -0.028885
v -0.040065 0.215320 0.042770
v -0.037093 0.226668 0.038893
v -0.035414 0.247539 0.036409
v -0.038541 0.275130 0.038734
v -0.042637 0.297167 0.041807
v -0.047837 0.297167 0.036048
v -0.043241 0.275130 0.033402
v -0.039733 0.247539 0.031400
v -0.041618 0.226668 0.033538
v -0.044952 0.215320 0.036876
v 0.000000 -0.000127 -0.157291
v 0.028557 -0.000127 -0.154261
v 0.056015 -0.000127 -0.145288
v 0.081321 -0.000127 -0.130716
v 0.103502 -0.000127 -0.111105
v 0.121706 -0.000127 -0.087210
v 0.135232 -0.000127 -0.059948
v 0.143562 -0.000127 -0.030367
v 0.146374 -0.000127 0.000396
v 0.143562 -0.000127 0.031159
v 0.135232 -0.000127 0.060740
v 0.121706 -0.000127 0.088002
v 0.103502 -0.000127 0.111897
v 0.081321 -0.000127 0.131507
v 0.056015 -0.000127 0.146079
v 0.028557 -0.000127 0.155052
v 0.000000 -0.000127 0.158082
v -0.028556 -0.000127 0.155052
v -0.056015 -0.000127 0.146079
v -0.081321 -0.000127 0.131507
v -0.103502 -0.000127 0.111897
v -0.121705 -0.000127 0.088002
v -0.135232 -0.000127 0.060740
v -0.143561 -0.000127 0.031159
v -0.146374 -0.000127 0.000396
v -0.143561 -0.000127 -0.030367
v -0.135232 -0.000127 -0.059948
v -0.121705 -0.000127 -0.087210
v -0.103502 -0.000127 -0.111105
v -0.081321 -0.000127 -0.130716
v -0.056015 -0.000127 -0.145288
v -0.028556 -0.000127 -0.154261
v 0.000000 0.022991 -0.157291
v 0.028557 0.022991 -0.154261
v 0.056015 0.022991 -0.145288
v 0.081321 0.022991 -0.130716
v 0.103502 0.022991 -0.111105
v 0.121706 0.022991 -0.087210
v 0.135232 0.022991 -0.059948
v 0.143562 0.022991 -0.030367
v 0.146374 0.022991 0.000396
v 0.143562 0.022991 0.031159
v 0.135232 0.022991 0.060740
v 0.121706 0.022991 0.088002
v 0.103502 0.022991 0.111897
v 0.081321 0.022991 0.131507
v 0.056015 0.022991 0.146079
v 0.028557 0.022991 0.155052
v 0.000000 0.022991 0.158082
v -0.028556 0.022991 0.155052
v -0.056015 0.022991 0.146079
v -0.081321 0.022991 0.131507
v -0.103502 0.022991 0.111897
v -0.121705 0.022991 0.088002
v -0.135232 0.022991 0.060740
v -0.143561 0.022991 0.031159
v -0.146374 0.022991 0.000396
v -0.143561 0.022991 -0.030367
v -0.135232 0.022991 -0.059948
v -0.121705 0.022991 -0.087210
v -0.103502 0.022991 -0.111105
v -0.081321 0.022991 -0.130716
v -0.056015 0.022991 -0.145288
v -0.028556 0.022991 -0.154261
v 0.000000 0.035948 -0.141214
v 0.025645 0.035948 -0.138493
v 0.050304 0.035948 -0.130434
v 0.073030 0.035948 -0.117348
v 0.092950 0.035948 -0.099737
v 0.109297 0.035948 -0.078278
v 0.121445 0.035948 -0.053796
v 0.128925 0.035948 -0.027231
v 0.131451 0.035948 0.000396
v 0.128925 0.035948 0.028022
v 0.121445 0.035948 0.054587
v 0.109297 0.035948 0.079070
v 0.092950 0.035948 0.100529
v 0.073030 0.035948 0.118140
v 0.050304 0.035948 0.131226
v 0.025645 0.035948 0.139284
v 0.000000 0.035948 0.142005
v -0.025644 0.035948 0.139284
v -0.050303 0.035948 0.131226
v -0.073030 0.035948 0.118140
v -0.092949 0.035948 0.100529
v -0.109297 0.035948 0.079070
v -0.121444 0.035948 0.054587
v -0.128924 0.035948 0.028022
v -0.131450 0.035948 0.000396
v -0.128924 0.035948 -0.027231
v -0.121444 0.035948 -0.053796
v -0.109297 0.035948 -0.078278
v -0.092949 0.035948 -0.099737
v -0.073030 0.035948 -0.117348
v -0.050303 0.035948 -0.130434
v -0.025644 0.035948 -0.138493
v 0.135943 0.056303 0.000396
v 0.132301 0.076761 0.000396
v 0.115843 0.092703 0.000396
v 0.100922 0.129135 0.000396
v 0.132301 0.035846 0.000396
v 0.134780 0.056303 -0.018720
v 0.131169 0.076761 -0.018207
v 0.114852 0.092703 -0.015893
v 0.100059 0.129135 -0.013795
v 0.131169 0.035846 -0.018207
v 0.131311 0.056303 -0.037508
v 0.127793 0.076761 -0.036492
v 0.111896 0.092703 -0.031904
v 0.097483 0.129135 -0.027743
v 0.127793 0.035846 -0.036492
v 0.125595 0.056303 -0.055648
v 0.122230 0.076761 -0.054146
v 0.107025 0.092703 -0.047361
v 0.093240 0.129135 -0.041210
v 0.122230 0.035846 -0.054146
v 0.117730 0.056303 -0.072829
v 0.114576 0.076761 -0.070867
v 0.100323 0.092703 -0.062002
v 0.087401 0.129135 -0.053965
v 0.114576 0.035846 -0.070867
v 0.107851 0.056303 -0.088757
v 0.104961 0.076761 -0.086368
v 0.091905 0.092703 -0.075575
v 0.080067 0.129135 -0.065790
v 0.104961 0.035846 -0.086368
v 0.096127 0.056303 -0.103159
v 0.093551 0.076761 -0.100385
v 0.081914 0.092703 -0.087848
v 0.071363 0.129135 -0.076482
v 0.093551 0.035846 -0.100385
v 0.082757 0.056303 -0.115790
v 0.080540 0.076761 -0.112677
v 0.070521 0.092703 -0.098611
v 0.061438 0.129135 -0.085859
v 0.080540 0.035846 -0.112677
v 0.067972 0.056303 -0.126433
v 0.066151 0.076761 -0.123035
v 0.057922 0.092703 -0.107680
v 0.050461 0.129135 -0.093760
v 0.066151 0.035846 -0.123035
v 0.052024 0.056303 -0.134906
v 0.050630 0.076761 -0.131280
v 0.044331 0.092703 -0.114900
v 0.038621 0.129135 -0.100050
v 0.050630 0.035846 -0.131280
v 0.035185 0.056303 -0.141063
v 0.034242 0.076761 -0.137273
v 0.029983 0.092703 -0.120147
v 0.026121 0.129135 -0.104621
v 0.034242 0.035846 -0.137273
v 0.017744 0.056303 -0.144801
v 0.017269 0.076761 -0.140910
v 0.015121 0.092703 -0.123332
v 0.013173 0.129135 -0.107395
v 0.017269 0.035846 -0.140910
v 0.000000 0.056303 -0.146053
v 0.000000 0.076761 -0.142129
v 0.000000 0.092703 -0.124400
v 0.000000 0.129135 -0.108326
v 0.000000 0.035846 -0.142129
v -0.017744 0.056303 -0.144801
v -0.017268 0.076761 -0.140910
v -0.015120 0.092703 -0.123332
v -0.013173 0.129135 -0.107395
v -0.017268 0.035846 -0.140910
v -0.035184 0.056303 -0.141063
v -0.034241 0.076761 -0.137273
v -0.029982 0.092703 -0.120147
v -0.026120 0.129135 -0.104621
v -0.034241 0.035846 -0.137273
v -0.052023 0.056303 -0.134906
v -0.050629 0.076761 -0.131280
v -0.044331 0.092703 -0.114900
v -0.038621 0.129135 -0.100050
v -0.050629 0.035846 -0.131280
v -0.067971 0.056303 -0.126433
v -0.066150 0.076761 -0.123035
v -0.057921 0.092703 -0.107680
v -0.050460 0.129135 -0.093760
v -0.066150 0.035846 -0.123035
v -0.082756 0.056303 -0.115790
v -0.080539 0.076761 -0.112677
v -0.070520 0.092703 -0.098611
v -0.061437 0.129135 -0.085859
v -0.080539 0.035846 -0.112677
v -0.096126 0.056303 -0.103159
v -0.093550 0.076761 -0.100385
v -0.081913 0.092703 -0.087848
v -0.071362 0.129135 -0.076482
v -0.093550 0.035846 -0.100385
v -0.107850 0.056303 -0.088757
v -0.104960 0.076761 -0.086368
v -0.091904 0.092703 -0.075575
v -0.080066 0.129135 -0.065790
v -0.104960 0.035846 -0.086368
v -0.117730 0.056303 -0.072829
v -0.114575 0.076761 -0.070867
v -0.100322 0.092703 -0.062002
v -0.087400 0.129135 -0.053965
v -0.114575 0.035846 -0.070867
v -0.125594 0.056303 -0.055648
v -0.122229 0.076761 -0.054146
v -0.107024 0.092703 -0.047361
v -0.093239 0.129135 -0.041210
v -0.122229 0.035846 -0.054146
v -0.131310 0.056303 -0.037508
v -0.127792 0.076761 -0.036492
v -0.111895 0.092703 -0.031904
v -0.097482 0.129135 -0.027743
v -0.127792 0.035846 -0.036492
v -0.134779 0.056303 -0.018720
v -0.131168 0.076761 -0.018207
v -0.114851 0.092703 -0.015893
v -0.100058 0.129135 -0.013795
v -0.131168 0.035846 -0.018207
v -0.135943 0.056303 0.000396
v -0.132300 0.076761 0.000396
v -0.115842 0.092703 0.000396
v -0.100921 0.129135 0.000396
v 0.063546 0.113934 0.089610
v 0.066106 0.103885 0.093204
v 0.013625 0.113934 0.111886
v 0.014174 0.103885 0.116377
v -0.132300 0.035846 0.000396
v -0.134779 0.056303 0.019511
v -0.131168 0.076761 0.018999
v -0.114851 0.092703 0.016685
v -0.100058 0.129135 0.014587
v -0.039946 0.113934 0.104288
v -0.041555 0.103885 0.108473
v -0.082814 0.113934 0.068852
v -0.086150 0.103885 0.071610
v -0.131168 0.035846 0.018999
v -0.131310 0.056303 0.038300
v -0.127792 0.076761 0.037284
v -0.111895 0.092703 0.032695
v -0.097482 0.129135 0.028535
v -0.103491 0.113934 0.015074
v -0.107660 0.103885 0.015665
v -0.096438 0.113934 -0.042638
v -0.100323 0.103885 -0.044371
v -0.127792 0.035846 0.037284
v -0.125595 0.056303 0.056439
v -0.122229 0.076761 0.054938
v -0.107024 0.092703 0.048153
v -0.093239 0.129135 0.042002
v -0.063545 0.113934 -0.088818
v -0.066105 0.103885 -0.092412
v -0.013625 0.113934 -0.111094
v -0.014173 0.103885 -0.115585
v -0.122229 0.035846 0.054938
v -0.117730 0.056303 0.073620
v -0.114575 0.076761 0.071658
v -0.100322 0.092703 0.062794
v -0.087400 0.129135 0.054756
v 0.039947 0.113934 -0.103496
v 0.041556 0.103885 -0.107682
v 0.082814 0.113934 -0.068061
v 0.086150 0.103885 -0.070818
v -0.114575 0.035846 0.071658
v -0.107850 0.056303 0.089548
v -0.104960 0.076761 0.087160
v -0.091904 0.092703 0.076366
v -0.080066 0.129135 0.066581
v 0.103492 0.113934 -0.014282
v 0.107661 0.103885 -0.014873
v 0.096439 0.113934 0.043429
v 0.100324 0.103885 0.045163
v -0.104960 0.035846 0.087160
v -0.096126 0.056303 0.103951
v -0.093550 0.076761 0.101176
v -0.081913 0.092703 0.088639
v -0.071362 0.129135 0.077273
v 0.073811 0.113934 0.079911
v 0.076785 0.103885 0.083115
v 0.027017 0.113934 0.109016
v 0.028105 0.103885 0.113392
v -0.093550 0.035846 0.101176
v -0.082756 0.056303 0.116582
v -0.080539 0.076761 0.113469
v -0.070520 0.092703 0.099403
v -0.061437 0.129135 0.086650
v -0.027016 0.113934 0.109016
v -0.028105 0.103885 0.113392
v -0.073811 0.113934 0.079911
v -0.076784 0.103885 0.083115
v -0.080539 0.035846 0.113469
v -0.067971 0.056303 0.127225
v -0.066150 0.076761 0.123826
v -0.057921 0.092703 0.108472
v -0.050460 0.129135 0.094551
v -0.100827 0.113934 0.029501
v -0.104889 0.103885 0.030673
v -0.100827 0.113934 -0.028709
v -0.104889 0.103885 -0.029881
v -0.066150 0.035846 0.123826
v -0.052023 0.056303 0.135697
v -0.050629 0.076761 0.132072
v -0.044331 0.092703 0.115692
v -0.038621 0.129135 0.100841
v -0.073811 0.113934 -0.079120
v -0.076784 0.103885 -0.082323
v -0.027016 0.113934 -0.108224
v -0.028105 0.103885 -0.112600
v -0.050629 0.035846 0.132072
v -0.035184 0.056303 0.141855
v -0.034241 0.076761 0.138065
v -0.029982 0.092703 0.120939
v -0.026120 0.129135 0.105413
v 0.027017 0.113934 -0.108224
v 0.028105 0.103885 -0.112600
v 0.073811 0.113934 -0.079120
v 0.076785 0.103885 -0.082323
v -0.034241 0.035846 0.138065
v -0.017744 0.056303 0.145592
v -0.017268 0.076761 0.141702
v -0.015120 0.092703 0.124124
v -0.013173 0.129135 0.108187
v 0.100828 0.113934 -0.028709
v 0.104890 0.103885 -0.029881
v 0.100828 0.113934 0.029500
v 0.104890 0.103885 0.030673
v -0.017268 0.035846 0.141702
v 0.000000 0.056303 0.146845
v 0.000000 0.076761 0.142921
v 0.000000 0.092703 0.125191
v 0.000000 0.129135 0.109117
v 0.039947 0.113934 0.104288
v 0.041556 0.103885 0.108473
v -0.013625 0.113934 0.111886
v -0.014173 0.103885 0.116377
v 0.000000 0.035846 0.142921
v 0.017744 0.056303 0.145592
v 0.017269 0.076761 0.141702
v 0.015121 0.092703 0.124124
v 0.013173 0.129135 0.108187
v -0.063545 0.113934 0.089610
v -0.066105 0.103885 0.093204
v -0.096438 0.113934 0.043429
v -0.100323 0.103885 0.045163
v 0.017269 0.035846 0.141702
v 0.035185 0.056303 0.141855
v 0.034242 0.076761 0.138065
v 0.029983 0.092703 0.120939
v 0.026121 0.129135 0.105413
v -0.103491 0.113934 -0.014282
v -0.107660 0.103885 -0.014873
v -0.082814 0.113934 -0.068061
v -0.086150 0.103885 -0.070818
v 0.034242 0.035846 0.138065
v 0.052024 0.056303 0.135697
v 0.050630 0.076761 0.132072
v 0.044331 0.092703 0.115692
v 0.038621 0.129135 0.100841
v -0.039946 0.113934 -0.103496
v -0.041555 0.103885 -0.107682
v 0.013625 0.113934 -0.111094
v 0.014174 0.103885 -0.115585
v 0.050630 0.035846 0.132072
v 0.067972 0.056303 0.127225
v 0.066151 0.076761 0.123826
v 0.057922 0.092703 0.108472
v 0.050461 0.129135 0.094551
v 0.063546 0.113934 -0.088818
v 0.066106 0.103885 -0.092412
v 0.096439 0.113934 -0.042638
v 0.100324 0.103885 -0.044371
v 0.066151 0.035846 0.123826
v 0.082757 0.056303 0.116582
v 0.080540 0.076761 0.113469
v 0.070521 0.092703 0.099403
v 0.061438 0.129135 0.086650
v 0.103492 0.113934 0.015074
v 0.107661 0.103885 0.015665
v 0.082814 0.113934 0.068852
v 0.086150 0.103885 0.071610
v 0.080540 0.035846 0.113469
v 0.096127 0.056303 0.103951
v 0.093551 0.076761 0.101176
v 0.081913 0.092703 0.088640
v 0.071363 0.129135 0.077273
v 0.052193 0.113934 0.097782
v 0.054295 0.103885 0.101705
v 0.000000 0.113934 0.112848
v 0.000000 0.103885 0.117378
v 0.093551 0.035846 0.101176
v 0.107851 0.056303 0.089548
v 0.104961 0.076761 0.087160
v 0.091905 0.092703 0.076366
v 0.080067 0.129135 0.066581
v -0.052192 0.113934 0.097782
v -0.054294 0.103885 0.101705
v -0.090399 0.113934 0.056622
v -0.094041 0.103885 0.058887
v 0.104961 0.035846 0.087160
v 0.117730 0.056303 0.073620
v 0.114576 0.076761 0.071658
v 0.100323 0.092703 0.062794
v 0.087401 0.129135 0.054756
v -0.104384 0.113934 0.000396
v -0.108589 0.103885 0.000396
v -0.090399 0.113934 -0.055830
v -0.094041 0.103885 -0.058095
v 0.114576 0.035846 0.071658
v 0.125595 0.056303 0.056440
v 0.122230 0.076761 0.054938
v 0.107025 0.092703 0.048153
v 0.093240 0.129135 0.042002
v -0.052192 0.113934 -0.096990
v -0.054294 0.103885 -0.100914
v 0.000000 0.113934 -0.112056
v 0.000000 0.103885 -0.116586
v 0.122230 0.035846 0.054938
v 0.131311 0.056303 0.038300
v 0.127793 0.076761 0.037284
v 0.111896 0.092703 0.032695
v 0.097483 0.129135 0.028535
v 0.052193 0.113934 -0.096990
v 0.054295 0.103885 -0.100914
v 0.090400 0.113934 -0.055830
v 0.094042 0.103885 -0.058095
v 0.127793 0.035846 0.037284
v 0.134780 0.056303 0.019511
v 0.131169 0.076761 0.018999
v 0.114852 0.092703 0.016685
v 0.100059 0.129135 0.014587
v 0.104385 0.113934 0.000396
v 0.108590 0.103885 0.000396
v 0.090400 0.113934 0.056622
v 0.094042 0.103885 0.058887
v 0.131169 0.035846 0.018999
v 0.094146 0.129135 0.000396
v 0.093340 0.129135 -0.012842
v 0.090938 0.129135 -0.025854
v 0.086979 0.129135 -0.038416
v 0.081533 0.129135 -0.050315
v 0.074691 0.129135 -0.061346
v 0.066571 0.129135 -0.071320
v 0.057312 0.129135 -0.080067
v 0.047073 0.129135 -0.087438
v 0.036028 0.129135 -0.093305
v 0.024367 0.129135 -0.097570
v 0.012289 0.129135 -0.100158
v 0.000000 0.129135 -0.101025
v -0.012288 0.129135 -0.100158
v -0.024366 0.129135 -0.097570
v -0.036027 0.129135 -0.093305
v -0.047072 0.129135 -0.087438
v -0.057312 0.129135 -0.080067
v -0.066570 0.129135 -0.071320
v -0.074690 0.129135 -0.061346
v -0.081532 0.129135 -0.050315
v -0.086979 0.129135 -0.038416
v -0.090937 0.129135 -0.025854
v -0.093339 0.129135 -0.012842
v -0.094145 0.129135 0.000396
v -0.093339 0.129135 0.013634
v -0.090937 0.129135 0.026646
v -0.086979 0.129135 0.039208
v -0.081532 0.129135 0.051106
v -0.074690 0.129135 0.062137
v -0.066570 0.129135 0.072111
v -0.057312 0.129135 0.080859
v -0.047072 0.129135 0.088229
v -0.036027 0.129135 0.094097
v -0.024366 0.129135 0.098361
v -0.012288 0.129135 0.100949
v 0.000000 0.129135 0.101817
v 0.012289 0.129135 0.100949
v 0.024367 0.129135 0.098361
v 0.036028 0.129135 0.094097
v 0.047073 0.129135 0.088229
v 0.057312 0.129135 0.080859
v 0.066571 0.129135 0.072112
v 0.074691 0.129135 0.062137
v 0.081533 0.129135 0.051106
v 0.086979 0.129135 0.039208
v 0.090938 0.129135 0.026646
v 0.093340 0.129135 0.013634
v -0.072880 0.149608 0.045725
v -0.065857 0.161757 0.041357
v -0.059375 0.173541 0.037326
v -0.055718 0.184171 0.035051
v -0.059440 0.184171 0.026920
v -0.063342 0.173541 0.028661
v -0.070256 0.161757 0.031746
v -0.077749 0.149608 0.035089
v 0.059507 0.149608 0.064501
v 0.053773 0.161757 0.058324
v 0.048480 0.173541 0.052622
v 0.045494 0.184171 0.049406
v 0.039167 0.184171 0.055384
v 0.041738 0.173541 0.058993
v 0.046294 0.161757 0.065389
v 0.051231 0.149608 0.072320
v -0.083435 0.149608 0.012229
v -0.075394 0.161757 0.011089
v -0.067974 0.173541 0.010036
v -0.063787 0.184171 0.009443
v -0.064338 0.184171 0.000396
v -0.068561 0.173541 0.000396
v -0.076045 0.161757 0.000396
v -0.084155 0.149608 0.000396
v -0.010984 0.149608 0.090279
v -0.009926 0.161757 0.081617
v -0.008949 0.173541 0.073624
v -0.008397 0.184171 0.069113
v -0.016652 0.184171 0.067345
v -0.017744 0.173541 0.071739
v -0.019682 0.161757 0.079527
v -0.021781 0.149608 0.087966
v -0.042077 0.149608 0.078909
v -0.038022 0.161757 0.071343
v -0.034280 0.173541 0.064360
v -0.032169 0.184171 0.060421
v -0.039166 0.184171 0.055384
v -0.041737 0.173541 0.058993
v -0.046293 0.161757 0.065389
v -0.051230 0.149608 0.072320
v 0.081288 0.149608 -0.023068
v 0.073455 0.161757 -0.020807
v 0.066225 0.173541 -0.018720
v 0.062146 0.184171 -0.017543
v 0.063788 0.184171 -0.008651
v 0.067975 0.173541 -0.009245
v 0.075395 0.161757 -0.010297
v 0.083435 0.149608 -0.011438
v -0.066764 0.149608 0.055585
v -0.060330 0.161757 0.050267
v -0.054393 0.173541 0.045359
v -0.051043 0.184171 0.042589
v 0.032205 0.149608 0.084154
v 0.029102 0.161757 0.076082
v 0.026238 0.173541 0.068633
v 0.024622 0.184171 0.064430
v 0.016652 0.184171 0.067345
v 0.017745 0.173541 0.071739
v 0.019682 0.161757 0.079527
v 0.021781 0.149608 0.087966
v 0.000000 0.149608 0.091055
v 0.000000 0.161757 0.082318
v 0.000000 0.173541 0.074255
v 0.000000 0.184171 0.069706
v 0.059507 0.149608 -0.063710
v 0.053773 0.161757 -0.057532
v 0.048480 0.173541 -0.051831
v 0.045494 0.184171 -0.048614
v 0.051043 0.184171 -0.041798
v 0.054393 0.173541 -0.044567
v 0.060331 0.161757 -0.049475
v 0.066765 0.149608 -0.054794
v -0.032204 0.149608 0.084154
v -0.029101 0.161757 0.076082
v -0.026237 0.173541 0.068633
v -0.024621 0.184171 0.064430
v 0.077750 0.149608 -0.034298
v 0.070257 0.161757 -0.030955
v 0.063342 0.173541 -0.027869
v 0.059441 0.184171 -0.026128
v 0.042078 0.149608 0.078909
v 0.038023 0.161757 0.071343
v 0.034281 0.173541 0.064360
v 0.032170 0.184171 0.060421
v 0.021781 0.149608 -0.087174
v 0.019682 0.161757 -0.078735
v 0.017745 0.173541 -0.070947
v 0.016652 0.184171 -0.066553
v 0.024622 0.184171 -0.063639
v 0.026238 0.173541 -0.067842
v 0.029102 0.161757 -0.075291
v 0.032205 0.149608 -0.083362
v 0.010985 0.149608 0.090279
v 0.009926 0.161757 0.081617
v 0.008949 0.173541 0.073624
v 0.008398 0.184171 0.069113
v 0.051231 0.149608 -0.071529
v 0.046294 0.161757 -0.064598
v 0.041738 0.173541 -0.058201
v 0.039167 0.184171 -0.054592
v 0.072881 0.149608 -0.044934
v 0.065858 0.161757 -0.040565
v 0.059376 0.173541 -0.036534
v 0.055719 0.184171 -0.034260
v -0.021781 0.149608 -0.087174
v -0.019682 0.161757 -0.078735
v -0.017744 0.173541 -0.070947
v -0.016652 0.184171 -0.066553
v -0.008397 0.184171 -0.068322
v -0.008949 0.173541 -0.072832
v -0.009926 0.161757 -0.080826
v -0.010984 0.149608 -0.089487
v 0.010985 0.149608 -0.089487
v 0.009926 0.161757 -0.080826
v 0.008949 0.173541 -0.072832
v 0.008398 0.184171 -0.068322
v 0.042078 0.149608 -0.078117
v 0.038023 0.161757 -0.070551
v 0.034281 0.173541 -0.063569
v 0.032170 0.184171 -0.059629
v -0.059506 0.149608 -0.063710
v -0.053772 0.161757 -0.057532
v -0.048480 0.173541 -0.051831
v -0.045494 0.184171 -0.048614
v -0.039166 0.184171 -0.054592
v -0.041737 0.173541 -0.058201
v -0.046293 0.161757 -0.064598
v -0.051230 0.149608 -0.071529
v 0.064339 0.184171 0.000396
v 0.068561 0.173541 0.000396
v 0.076046 0.161757 0.000396
v 0.084155 0.149608 0.000396
v -0.032204 0.149608 -0.083362
v -0.029101 0.161757 -0.075291
v -0.026237 0.173541 -0.067842
v -0.024621 0.184171 -0.063639
v 0.000000 0.149608 -0.090263
v 0.000000 0.161757 -0.081527
v 0.000000 0.173541 -0.073464
v 0.000000 0.184171 -0.068915
v -0.066764 0.149608 -0.054794
v -0.060330 0.161757 -0.049475
v -0.054393 0.173541 -0.044567
v -0.051043 0.184171 -0.041798
v -0.042077 0.149608 -0.078117
v -0.038022 0.161757 -0.070551
v -0.034280 0.173541 -0.063569
v -0.032169 0.184171 -0.059629
v 0.081288 0.149608 0.023860
v 0.073455 0.161757 0.021599
v 0.066225 0.173541 0.019512
v 0.062146 0.184171 0.018335
v 0.059441 0.184171 0.026920
v 0.063342 0.173541 0.028661
v 0.070257 0.161757 0.031746
v 0.077749 0.149608 0.035089
v -0.072880 0.149608 -0.044934
v -0.065857 0.161757 -0.040565
v -0.059375 0.173541 -0.036534
v -0.055718 0.184171 -0.034260
v -0.081287 0.149608 -0.023068
v -0.073454 0.161757 -0.020807
v -0.066224 0.173541 -0.018720
v -0.062146 0.184171 -0.017543
v -0.059440 0.184171 -0.026128
v -0.063342 0.173541 -0.027869
v -0.070256 0.161757 -0.030955
v -0.077749 0.149608 -0.034298
v 0.066765 0.149608 0.055585
v 0.060331 0.161757 0.050267
v 0.054393 0.173541 0.045359
v 0.051043 0.184171 0.042589
v -0.081287 0.149608 0.023860
v -0.073454 0.161757 0.021599
v -0.066224 0.173541 0.019512
v -0.062146 0.184171 0.018335
v 0.083435 0.149608 0.012229
v 0.075395 0.161757 0.011089
v 0.067975 0.173541 0.010036
v 0.063788 0.184171 0.009443
v -0.059506 0.149608 0.064501
v -0.053772 0.161757 0.058324
v -0.048480 0.173541 0.052622
v -0.045494 0.184171 0.049406
v -0.083435 0.149608 -0.011438
v -0.075394 0.161757 -0.010297
v -0.067974 0.173541 -0.009245
v -0.063787 0.184171 -0.008651
v 0.072881 0.149608 0.045725
v 0.065858 0.161757 0.041357
v 0.059376 0.173541 0.037326
v 0.055719 0.184171 0.035051
v 0.080094 0.331330 0.000491
v 0.077976 0.338147 0.000397
v 0.072089 0.343250 0.000482
v 0.072089 0.319411 0.000482
v 0.077976 0.324514 0.000397
v 0.079423 0.331330 -0.009411
v 0.077295 0.338212 -0.009148
v 0.071484 0.343250 -0.008430
v 0.071534 0.319458 -0.008522
v 0.077234 0.324401 -0.009233
v 0.077353 0.331396 -0.019234
v 0.075320 0.338147 -0.018717
v 0.069693 0.343203 -0.017289
v 0.069693 0.319458 -0.017289
v 0.075247 0.324401 -0.018699
v 0.073988 0.331396 -0.028628
v 0.072044 0.338147 -0.027865
v 0.066661 0.343203 -0.025753
v 0.066639 0.319411 -0.025652
v 0.072056 0.324448 -0.027771
v 0.069357 0.331396 -0.037526
v 0.067534 0.338147 -0.036529
v 0.062489 0.343203 -0.033769
v 0.062489 0.319458 -0.033769
v 0.067534 0.324514 -0.036529
v 0.063612 0.331330 -0.045709
v 0.061908 0.338212 -0.044473
v 0.057254 0.343250 -0.041098
v 0.057249 0.319458 -0.041201
v 0.061810 0.324401 -0.044518
v 0.056637 0.331396 -0.053235
v 0.055149 0.338147 -0.051825
v 0.051029 0.343203 -0.047921
v 0.051029 0.319458 -0.047921
v 0.055095 0.324401 -0.051773
v 0.048765 0.331396 -0.059776
v 0.047484 0.338147 -0.058194
v 0.043938 0.343203 -0.053815
v 0.043971 0.319411 -0.053717
v 0.047544 0.324448 -0.058118
v 0.040060 0.331396 -0.065288
v 0.039007 0.338147 -0.063561
v 0.036095 0.343203 -0.058780
v 0.036095 0.319458 -0.058780
v 0.039007 0.324514 -0.063561
v 0.030766 0.331330 -0.069652
v 0.029943 0.338212 -0.067775
v 0.027694 0.343250 -0.062647
v 0.027635 0.319458 -0.062734
v 0.029835 0.324401 -0.067767
v 0.020755 0.331396 -0.072865
v 0.020210 0.338147 -0.070939
v 0.018702 0.343203 -0.065607
v 0.018702 0.319458 -0.065607
v 0.020191 0.324401 -0.070869
v 0.010486 0.331396 -0.074801
v 0.010211 0.338147 -0.072824
v 0.009451 0.343203 -0.067351
v 0.009532 0.319411 -0.067282
v 0.010304 0.324448 -0.072786
v 0.000039 0.331396 -0.075449
v 0.000039 0.338147 -0.073455
v 0.000039 0.343203 -0.067935
v 0.000039 0.319458 -0.067935
v 0.000039 0.324514 -0.073455
v -0.010312 0.331330 -0.074826
v -0.010035 0.338212 -0.072810
v -0.009277 0.343250 -0.067304
v -0.009374 0.319458 -0.067351
v -0.010124 0.324401 -0.072752
v -0.020678 0.331396 -0.072865
v -0.020133 0.338147 -0.070939
v -0.018625 0.343203 -0.065607
v -0.018625 0.319458 -0.065607
v -0.020114 0.324401 -0.070869
v -0.030592 0.331396 -0.069676
v -0.029787 0.338147 -0.067834
v -0.027558 0.343203 -0.062734
v -0.027451 0.319411 -0.062712
v -0.029687 0.324448 -0.067845
v -0.039982 0.331396 -0.065288
v -0.038930 0.338147 -0.063561
v -0.036017 0.343203 -0.058780
v -0.036017 0.319458 -0.058780
v -0.038930 0.324514 -0.063561
v -0.048618 0.331330 -0.059844
v -0.047314 0.338212 -0.058230
v -0.043752 0.343250 -0.053820
v -0.043860 0.319458 -0.053815
v -0.047360 0.324401 -0.058137
v -0.056560 0.331396 -0.053235
v -0.055072 0.338147 -0.051825
v -0.050952 0.343203 -0.047921
v -0.050952 0.319458 -0.047921
v -0.055018 0.324401 -0.051773
v -0.063463 0.331396 -0.045775
v -0.061794 0.338147 -0.044561
v -0.057172 0.343203 -0.041201
v -0.057068 0.319411 -0.041233
v -0.061713 0.324448 -0.044619
v -0.069280 0.331396 -0.037526
v -0.067457 0.338147 -0.036529
v -0.062412 0.343203 -0.033769
v -0.062412 0.319458 -0.033769
v -0.067457 0.324514 -0.036529
v -0.073885 0.331330 -0.028720
v -0.071905 0.338212 -0.027940
v -0.066493 0.343250 -0.025809
v -0.066584 0.319458 -0.025753
v -0.071979 0.324448 -0.027771
v -0.077276 0.331396 -0.019234
v -0.075170 0.338260 -0.018699
v -0.069616 0.343203 -0.017289
v -0.069616 0.319458 -0.017289
v -0.075243 0.324448 -0.018622
v -0.079319 0.331396 -0.009503
v -0.077157 0.338260 -0.009233
v -0.071457 0.343203 -0.008522
v -0.071384 0.319411 -0.008599
v -0.077193 0.324448 -0.009330
v -0.080004 0.331396 0.000397
v -0.077823 0.338260 0.000397
v -0.072073 0.343203 0.000397
v -0.072073 0.319458 0.000397
v -0.077899 0.324514 0.000397
v -0.079345 0.331330 0.010205
v -0.077218 0.338212 0.009942
v -0.071407 0.343250 0.009224
v -0.071457 0.319458 0.009316
v -0.077193 0.324448 0.010124
v -0.077276 0.331396 0.020027
v -0.075170 0.338260 0.019493
v -0.069616 0.343203 0.018083
v -0.069616 0.319458 0.018083
v -0.075193 0.324448 0.019593
v -0.073911 0.331396 0.029422
v -0.071896 0.338260 0.028631
v -0.066584 0.343203 0.026546
v -0.066562 0.319411 0.026446
v -0.071979 0.324448 0.028565
v -0.069280 0.331396 0.038320
v -0.067391 0.338260 0.037287
v -0.062412 0.343203 0.034563
v -0.062412 0.319458 0.034563
v -0.067457 0.324514 0.037323
v -0.063535 0.331330 0.046503
v -0.061831 0.338212 0.045267
v -0.057177 0.343250 0.041892
v -0.057172 0.319458 0.041995
v -0.061713 0.324448 0.045413
v -0.056560 0.331396 0.054028
v -0.055018 0.338260 0.052567
v -0.050952 0.343203 0.048715
v -0.050952 0.319458 0.048715
v -0.054984 0.324448 0.052665
v -0.048688 0.331396 0.060570
v -0.047361 0.338260 0.058931
v -0.043860 0.343203 0.054608
v -0.043894 0.319411 0.054510
v -0.047467 0.324448 0.058912
v -0.039982 0.331396 0.066082
v -0.038892 0.338260 0.064292
v -0.036017 0.343203 0.059574
v -0.036017 0.319458 0.059574
v -0.038930 0.324514 0.064355
v -0.030689 0.331330 0.070446
v -0.029866 0.338212 0.068569
v -0.027617 0.343250 0.063441
v -0.027558 0.319458 0.063528
v -0.029687 0.324448 0.068639
v -0.020678 0.331396 0.073659
v -0.020114 0.338260 0.071663
v -0.018625 0.343203 0.066401
v -0.018625 0.319458 0.066401
v -0.020033 0.324448 0.071732
v -0.010409 0.331396 0.075594
v -0.010125 0.338260 0.073546
v -0.009374 0.343203 0.068144
v -0.009455 0.319411 0.068075
v -0.010227 0.324448 0.073580
v 0.000039 0.331396 0.076243
v 0.000039 0.338260 0.074177
v 0.000039 0.343203 0.068729
v 0.000039 0.319458 0.068729
v 0.000039 0.324514 0.074249
v 0.010389 0.331330 0.075620
v 0.010112 0.338212 0.073604
v 0.009354 0.343250 0.068098
v 0.009451 0.319458 0.068144
v 0.010304 0.324448 0.073580
v 0.020755 0.331396 0.073659
v 0.020191 0.338260 0.071663
v 0.018702 0.343203 0.066401
v 0.018702 0.319458 0.066401
v 0.020297 0.324448 0.071685
v 0.030669 0.331396 0.070470
v 0.029835 0.338260 0.068561
v 0.027635 0.343203 0.063528
v 0.027528 0.319411 0.063506
v 0.029764 0.324448 0.068639
v 0.040060 0.331396 0.066082
v 0.038969 0.338260 0.064292
v 0.036095 0.343203 0.059574
v 0.036095 0.319458 0.059574
v 0.039007 0.324514 0.064355
v 0.048695 0.331330 0.060638
v 0.047391 0.338212 0.059024
v 0.043829 0.343250 0.054614
v 0.043971 0.319411 0.054510
v 0.047544 0.324448 0.058912
v 0.056637 0.331396 0.054028
v 0.055095 0.338260 0.052567
v 0.051049 0.343250 0.048614
v 0.051029 0.319458 0.048715
v 0.055095 0.324401 0.052567
v 0.063540 0.331396 0.046569
v 0.061871 0.338147 0.045355
v 0.057144 0.343268 0.041919
v 0.057145 0.319411 0.042027
v 0.061790 0.324448 0.045413
v 0.069357 0.331396 0.038320
v 0.067534 0.338147 0.037323
v 0.062375 0.343268 0.034500
v 0.062489 0.319458 0.034563
v 0.067534 0.324514 0.037323
v 0.073963 0.331330 0.029514
v 0.071982 0.338212 0.028734
v 0.066570 0.343250 0.026603
v 0.066661 0.319458 0.026547
v 0.071973 0.324401 0.028631
v 0.077353 0.331396 0.020027
v 0.075320 0.338147 0.019511
v 0.069566 0.343268 0.018050
v 0.069693 0.319458 0.018083
v 0.075247 0.324401 0.019493
v 0.079396 0.331396 0.010297
v 0.077295 0.338212 0.009942
v 0.071484 0.343250 0.009224
v 0.071461 0.319411 0.009393
v 0.077270 0.324448 0.010124
v -0.003150 0.495736 -0.017559
v -0.006171 0.491039 -0.032743
v -0.008954 0.483413 -0.046736
v -0.011394 0.473150 -0.059002
v -0.013396 0.460645 -0.069068
v -0.014884 0.446377 -0.076547
v -0.015800 0.430896 -0.081153
v -0.016109 0.414796 -0.082708
v -0.015800 0.398696 -0.081153
v -0.014884 0.383215 -0.076547
v -0.013396 0.368947 -0.069068
v -0.011394 0.356441 -0.059002
v -0.008954 0.346178 -0.046736
v -0.017555 0.346178 -0.044127
v -0.022341 0.356441 -0.055681
v -0.026268 0.368947 -0.065163
v -0.029187 0.383215 -0.072209
v -0.030984 0.398696 -0.076547
v -0.031590 0.414796 -0.078012
v -0.030984 0.430896 -0.076547
v -0.029187 0.446377 -0.072209
v -0.026268 0.460645 -0.065163
v -0.022341 0.473150 -0.055681
v -0.017555 0.483413 -0.044127
v -0.012095 0.491039 -0.030946
v -0.006171 0.495736 -0.016643
v -0.008954 0.495736 -0.015155
v -0.017555 0.491039 -0.028027
v -0.025482 0.483413 -0.039890
v -0.032429 0.473150 -0.050289
v -0.038131 0.460645 -0.058822
v -0.042368 0.446377 -0.065163
v -0.044977 0.430896 -0.069068
v -0.045858 0.414796 -0.070386
v -0.044977 0.398696 -0.069068
v -0.042368 0.383215 -0.065163
v -0.038131 0.368947 -0.058822
v -0.032429 0.356441 -0.050289
v -0.025482 0.346178 -0.039890
v -0.032429 0.346178 -0.034189
v -0.041272 0.356441 -0.043031
v -0.048529 0.368947 -0.050288
v -0.053922 0.383215 -0.055681
v -0.057242 0.398696 -0.059002
v -0.058364 0.414796 -0.060123
v -0.057242 0.430896 -0.059002
v -0.053922 0.446377 -0.055681
v -0.048529 0.460645 -0.050288
v -0.041272 0.473150 -0.043031
v -0.032429 0.483413 -0.034189
v -0.022341 0.491039 -0.024100
v -0.011394 0.495736 -0.013153
v -0.013396 0.495736 -0.010713
v -0.026268 0.491039 -0.019314
v -0.038131 0.483413 -0.027241
v -0.048529 0.473150 -0.034189
v -0.057063 0.460645 -0.039890
v -0.063404 0.446377 -0.044127
v -0.067308 0.430896 -0.046736
v -0.068627 0.414796 -0.047617
v -0.067308 0.398696 -0.046736
v -0.063404 0.383215 -0.044127
v -0.057063 0.368947 -0.039890
v -0.048529 0.356441 -0.034189
v -0.038131 0.346178 -0.027241
v -0.042368 0.346178 -0.019314
v -0.053922 0.356441 -0.024100
v -0.063404 0.368947 -0.028027
v -0.070449 0.383215 -0.030946
v -0.074788 0.398696 -0.032743
v -0.076253 0.414796 -0.033350
v -0.074788 0.430896 -0.032743
v -0.070449 0.446377 -0.030946
v -0.063404 0.460645 -0.028027
v -0.053922 0.473150 -0.024100
v -0.042368 0.483413 -0.019314
v -0.029187 0.491039 -0.013854
v -0.014884 0.495736 -0.007930
v -0.015800 0.495736 -0.004910
v -0.030984 0.491039 -0.007930
v -0.044977 0.483413 -0.010713
v -0.057242 0.473150 -0.013153
v -0.067308 0.460645 -0.015155
v -0.074788 0.446377 -0.016643
v -0.079394 0.430896 -0.017559
v -0.080949 0.414796 -0.017869
v -0.079394 0.398696 -0.017559
v -0.074788 0.383215 -0.016643
v -0.067308 0.368947 -0.015155
v -0.057242 0.356441 -0.013153
v -0.044977 0.346178 -0.010713
v -0.045858 0.346178 -0.001769
v -0.058364 0.356441 -0.001769
v -0.068627 0.368947 -0.001769
v -0.076253 0.383215 -0.001769
v -0.080949 0.398696 -0.001769
v -0.082535 0.414796 -0.001769
v -0.080949 0.430896 -0.001769
v -0.076253 0.446377 -0.001769
v -0.068627 0.460645 -0.001769
v -0.058364 0.473150 -0.001769
v -0.045858 0.483413 -0.001769
v -0.031591 0.491039 -0.001769
v -0.016109 0.495736 -0.001769
v -0.015800 0.495736 0.001372
v -0.030984 0.491039 0.004393
v -0.044977 0.483413 0.007176
v -0.057242 0.473150 0.009616
v -0.067308 0.460645 0.011618
v -0.074788 0.446377 0.013106
v -0.079394 0.430896 0.014022
v -0.080949 0.414796 0.014331
v -0.079394 0.398696 0.014022
v -0.074788 0.383215 0.013106
v -0.067308 0.368947 0.011618
v -0.057242 0.356441 0.009616
v -0.044977 0.346178 0.007176
v -0.042368 0.346178 0.015777
v -0.053922 0.356441 0.020563
v -0.063404 0.368947 0.024490
v -0.070449 0.383215 0.027409
v -0.074788 0.398696 0.029206
v -0.076253 0.414796 0.029812
v -0.074788 0.430896 0.029206
v -0.070449 0.446377 0.027409
v -0.063404 0.460645 0.024490
v -0.053922 0.473150 0.020563
v -0.042368 0.483413 0.015777
v -0.029187 0.491039 0.010317
v -0.014884 0.495736 0.004393
v -0.013396 0.495736 0.007176
v -0.026268 0.491039 0.015777
v -0.038131 0.483413 0.023703
v -0.048529 0.473150 0.030651
v -0.057063 0.460645 0.036353
v -0.063404 0.446377 0.040590
v -0.067308 0.430896 0.043199
v -0.068627 0.414796 0.044080
v -0.067308 0.398696 0.043199
v -0.063404 0.383215 0.040590
v -0.057063 0.368947 0.036353
v -0.048529 0.356441 0.030651
v -0.038131 0.346178 0.023703
v -0.032429 0.346178 0.030651
v -0.041272 0.356441 0.039494
v -0.048529 0.368947 0.046751
v -0.053922 0.383215 0.052144
v -0.057242 0.398696 0.055464
v -0.058364 0.414796 0.056586
v -0.057242 0.430896 0.055464
v -0.053922 0.446377 0.052144
v -0.048529 0.460645 0.046751
v -0.041272 0.473150 0.039494
v -0.032429 0.483413 0.030651
v -0.022341 0.491039 0.020563
v -0.011394 0.495736 0.009616
v -0.008954 0.495736 0.011618
v -0.017555 0.491039 0.024490
v -0.025482 0.483413 0.036353
v -0.032429 0.473150 0.046751
v -0.038131 0.460645 0.055285
v -0.042368 0.446377 0.061626
v -0.044977 0.430896 0.065530
v -0.045858 0.414796 0.066849
v -0.044977 0.398696 0.065530
v -0.042368 0.383215 0.061626
v -0.038131 0.368947 0.055285
v -0.032429 0.356441 0.046751
v -0.025482 0.346178 0.036353
v -0.017555 0.346178 0.040590
v -0.022341 0.356441 0.052144
v -0.026268 0.368947 0.061626
v -0.029187 0.383215 0.068671
v -0.030984 0.398696 0.073010
v -0.031591 0.414796 0.074475
v -0.030984 0.430896 0.073010
v -0.029187 0.446377 0.068671
v -0.026268 0.460645 0.061626
v -0.022341 0.473150 0.052144
v -0.017555 0.483413 0.040590
v -0.012095 0.491039 0.027409
v -0.006171 0.495736 0.013106
v -0.003150 0.495736 0.014022
v -0.006171 0.491039 0.029206
v -0.008954 0.483413 0.043199
v -0.011394 0.473150 0.055464
v -0.013396 0.460645 0.065530
v -0.014884 0.446377 0.073010
v -0.015800 0.430896 0.077616
v -0.016109 0.414796 0.079171
v -0.015800 0.398696 0.077616
v -0.014884 0.383215 0.073010
v -0.013396 0.368947 0.065530
v -0.011394 0.356441 0.055464
v -0.008954 0.346178 0.043199
v -0.000009 0.346178 0.044080
v -0.000009 0.356441 0.056586
v -0.000009 0.368947 0.066849
v -0.000009 0.383215 0.074475
v -0.000009 0.398696 0.079171
v -0.000009 0.414796 0.080757
v -0.000009 0.430896 0.079171
v -0.000009 0.446377 0.074475
v -0.000009 0.460645 0.066849
v -0.000009 0.473150 0.056586
v -0.000009 0.483413 0.044080
v -0.000009 0.491039 0.029812
v -0.000009 0.495736 0.014331
v -0.000009 0.497321 -0.001769
v 0.003132 0.495736 0.014022
v 0.006152 0.491039 0.029206
v 0.008935 0.483413 0.043199
v 0.011375 0.473150 0.055464
v 0.013377 0.460645 0.065530
v 0.014865 0.446377 0.073010
v 0.015781 0.430896 0.077616
v 0.016090 0.414796 0.079171
v 0.015781 0.398696 0.077616
v 0.014865 0.383215 0.073010
v 0.013377 0.368947 0.065530
v 0.011375 0.356441 0.055464
v 0.008935 0.346178 0.043199
v 0.017536 0.346178 0.040590
v 0.022322 0.356441 0.052144
v 0.026249 0.368947 0.061626
v 0.029168 0.383215 0.068671
v 0.030965 0.398696 0.073010
v 0.031572 0.414796 0.074475
v 0.030965 0.430896 0.073010
v 0.029168 0.446377 0.068671
v 0.026249 0.460645 0.061626
v 0.022322 0.473150 0.052144
v 0.017536 0.483413 0.040590
v 0.012076 0.491039 0.027409
v 0.006152 0.495736 0.013106
v 0.008935 0.495736 0.011618
v 0.017536 0.491039 0.024490
v 0.025463 0.483413 0.036353
v 0.032411 0.473150 0.046751
v 0.038112 0.460645 0.055285
v 0.042349 0.446377 0.061626
v 0.044958 0.430896 0.065530
v 0.045839 0.414796 0.066849
v 0.044958 0.398696 0.065530
v 0.042349 0.383215 0.061626
v 0.038112 0.368947 0.055285
v 0.032411 0.356441 0.046751
v 0.025463 0.346178 0.036353
v 0.032411 0.346178 0.030651
v 0.041253 0.356441 0.039494
v 0.048510 0.368947 0.046751
v 0.053903 0.383215 0.052144
v 0.057224 0.398696 0.055464
v 0.058345 0.414796 0.056586
v 0.057224 0.430896 0.055464
v 0.053903 0.446377 0.052144
v 0.048510 0.460645 0.046751
v 0.041253 0.473150 0.039494
v 0.032411 0.483413 0.030651
v 0.022322 0.491039 0.020563
v 0.011375 0.495736 0.009616
v 0.013377 0.495736 0.007176
v 0.026249 0.491039 0.015777
v 0.038112 0.483413 0.023704
v 0.048510 0.473150 0.030651
v 0.057044 0.460645 0.036353
v 0.063385 0.446377 0.040590
v 0.067290 0.430896 0.043199
v 0.068608 0.414796 0.044080
v 0.067290 0.398696 0.043199
v 0.063385 0.383215 0.040590
v 0.057044 0.368947 0.036353
v 0.048510 0.356441 0.030651
v 0.038112 0.346178 0.023704
v 0.042349 0.346178 0.015777
v 0.053903 0.356441 0.020563
v 0.063385 0.368947 0.024490
v 0.070431 0.383215 0.027409
v 0.074769 0.398696 0.029206
v 0.076234 0.414796 0.029812
v 0.074769 0.430896 0.029206
v 0.070431 0.446377 0.027409
v 0.063385 0.460645 0.024490
v 0.053903 0.473150 0.020563
v 0.042349 0.483413 0.015777
v 0.029168 0.491039 0.010317
v 0.014865 0.495736 0.004393
v 0.015781 0.495736 0.001372
v 0.030965 0.491039 0.004393
v 0.044958 0.483413 0.007176
v 0.057224 0.473150 0.009616
v 0.067290 0.460645 0.011618
v 0.074769 0.446377 0.013106
v 0.079375 0.430896 0.014022
v 0.080930 0.414796 0.014331
v 0.079375 0.398696 0.014022
v 0.074769 0.383215 0.013106
v 0.067290 0.368947 0.011618
v 0.057224 0.356441 0.009616
v 0.044958 0.346178 0.007176
v 0.045839 0.346178 -0.001769
v 0.058345 0.356441 -0.001769
v 0.068608 0.368947 -0.001769
v 0.076234 0.383215 -0.001769
v 0.080930 0.398696 -0.001769
v 0.082516 0.414796 -0.001769
v 0.080930 0.430896 -0.001769
v 0.076234 0.446377 -0.001769
v 0.068608 0.460645 -0.001769
v 0.058345 0.473150 -0.001769
v 0.045839 0.483413 -0.001769
v 0.031572 0.491039 -0.001769
v 0.016091 0.495736 -0.001769
v 0.015781 0.495736 -0.004910
v 0.030965 0.491039 -0.007930
v 0.044958 0.483413 -0.010713
v 0.057224 0.473150 -0.013153
v 0.067290 0.460645 -0.015155
v 0.074769 0.446377 -0.016643
v 0.079375 0.430896 -0.017559
v 0.080930 0.414796 -0.017869
v 0.079375 0.398696 -0.017559
v 0.074769 0.383215 -0.016643
v 0.067290 0.368947 -0.015155
v 0.057224 0.356441 -0.013153
v 0.044958 0.346178 -0.010713
v 0.042349 0.346178 -0.019314
v 0.053903 0.356441 -0.024100
v 0.063385 0.368947 -0.028027
v 0.070431 0.383215 -0.030946
v 0.074769 0.398696 -0.032743
v 0.076234 0.414796 -0.033350
v 0.074769 0.430896 -0.032743
v 0.070431 0.446377 -0.030946
v 0.063385 0.460645 -0.028027
v 0.053903 0.473150 -0.024100
v 0.042349 0.483413 -0.019314
v 0.029168 0.491039 -0.013854
v 0.014865 0.495736 -0.007930
v 0.013377 0.495736 -0.010713
v 0.026249 0.491039 -0.019314
v 0.038112 0.483413 -0.027241
v 0.048510 0.473150 -0.034189
v 0.057044 0.460645 -0.039890
v 0.063385 0.446377 -0.044127
v 0.067290 0.430896 -0.046736
v 0.068608 0.414796 -0.047617
v 0.067290 0.398696 -0.046736
v 0.063385 0.383215 -0.044127
v 0.057044 0.368947 -0.039890
v 0.048510 0.356441 -0.034189
v 0.038112 0.346178 -0.027241
v 0.032411 0.346178 -0.034189
v 0.041253 0.356441 -0.043031
v 0.048510 0.368947 -0.050289
v 0.053903 0.383215 -0.055681
v 0.057224 0.398696 -0.059002
v 0.058345 0.414796 -0.060123
v 0.057224 0.430896 -0.059002
v 0.053903 0.446377 -0.055681
v 0.048510 0.460645 -0.050289
v 0.041253 0.473150 -0.043031
v 0.032411 0.483413 -0.034189
v 0.022322 0.491039 -0.024100
v 0.011375 0.495736 -0.013153
v 0.008935 0.495736 -0.015155
v 0.017536 0.491039 -0.028027
v 0.025463 0.483413 -0.039890
v 0.032411 0.473150 -0.050289
v 0.038112 0.460645 -0.058822
v 0.042349 0.446377 -0.065163
v 0.044958 0.430896 -0.069068
v 0.045839 0.414796 -0.070386
v 0.044958 0.398696 -0.069068
v 0.042349 0.383215 -0.065163
v 0.038112 0.368947 -0.058822
v 0.032411 0.356441 -0.050289
v 0.025463 0.346178 -0.039890
v 0.017536 0.346178 -0.044127
v 0.022322 0.356441 -0.055681
v 0.026249 0.368947 -0.065163
v 0.029168 0.383215 -0.072209
v 0.030965 0.398696 -0.076547
v 0.031572 0.414796 -0.078012
v 0.030965 0.430896 -0.076547
v 0.029168 0.446377 -0.072209
v 0.026249 0.460645 -0.065163
v 0.022322 0.473150 -0.055681
v 0.017536 0.483413 -0.044127
v 0.012076 0.491039 -0.030946
v 0.006152 0.495736 -0.016643
v 0.003132 0.495736 -0.017559
v 0.006152 0.491039 -0.032743
v 0.008935 0.483413 -0.046736
v 0.011375 0.473150 -0.059002
v 0.013377 0.460645 -0.069068
v 0.014865 0.446377 -0.076547
v 0.015781 0.430896 -0.081153
v 0.016091 0.414796 -0.082708
v 0.015781 0.398696 -0.081153
v 0.014865 0.383215 -0.076547
v 0.013377 0.368947 -0.069068
v 0.011375 0.356441 -0.059002
v 0.008935 0.346178 -0.046736
v -0.000009 0.346178 -0.047617
v -0.000009 0.356441 -0.060123
v -0.000009 0.368947 -0.070386
v -0.000009 0.383215 -0.078012
v -0.000009 0.398696 -0.082708
v -0.000009 0.414796 -0.084294
v -0.000009 0.430896 -0.082708
v -0.000009 0.446377 -0.078012
v -0.000009 0.460645 -0.070386
v -0.000009 0.473150 -0.060123
v -0.000009 0.483413 -0.047617
v -0.000009 0.491039 -0.033350
v -0.000009 0.495736 -0.017869
vn -0.9532 -0.2954 -0.0652
vn -0.1826 -0.2226 0.9576
vn -0.9028 -0.2878 -0.3196
vn 0.3014 -0.2275 -0.9260
vn 0.1826 -0.2226 0.9576
vn -0.3014 -0.2275 -0.9260
vn -0.5233 -0.2430 0.8168
vn -0.4155 -0.2345 -0.8788
vn 0.5233 -0.2430 0.8168
vn -0.9363 -0.2928 -0.1942
vn -0.1826 -0.2226 -0.9576
vn 0.3014 -0.2275 0.9260
vn -0.7120 -0.2624 -0.6513
vn -0.7895 -0.2720 -0.5502
vn -0.4155 -0.2345 0.8788
vn -0.8535 -0.2807 0.4390
vn 0.1826 -0.2226 -0.9576
vn 0.4155 -0.2345 -0.8788
vn 0.9363 -0.2928 0.1942
vn 0.7895 -0.2720 0.5502
vn 0.9532 -0.2954 -0.0652
vn 0.4155 -0.2345 0.8788
vn -0.0612 -0.2201 -0.9736
vn -0.9532 -0.2954 0.0652
vn -0.6227 -0.2525 -0.7406
vn -0.0612 -0.2201 0.9736
vn 0.8535 -0.2807 0.4390
vn -0.7120 -0.2624 0.6513
vn -0.6227 -0.2525 0.7406
vn -0.8535 -0.2807 -0.4390
vn -0.5233 -0.2430 -0.8168
vn 0.0612 -0.2201 -0.9736
vn 0.0612 -0.2201 0.9736
vn 0.9532 -0.2954 0.0652
vn -0.9028 -0.2878 0.3196
vn 0.9028 -0.2878 -0.3196
vn 0.6227 -0.2525 0.7406
vn 0.5233 -0.2430 -0.8168
vn 0.9028 -0.2878 0.3196
vn -0.3014 -0.2275 0.9260
vn 0.7120 -0.2624 -0.6513
vn 0.7120 -0.2624 0.6513
vn -0.9363 -0.2928 0.1942
vn 0.8535 -0.2807 -0.4390
vn -0.7895 -0.2720 0.5502
vn 0.7895 -0.2720 -0.5502
vn 0.6227 -0.2525 -0.7406
vn 0.9363 -0.2928 -0.1942
vn -0.1947 -0.1196 0.9735
vn -0.1976 0.1636 0.9665
vn -0.9652 -0.2535 -0.0644
vn -0.1842 0.4310 0.8834
vn -0.9854 -0.1577 -0.0642
vn -0.1957 0.3358 0.9214
vn -0.9916 0.1131 -0.0632
vn -0.9360 0.3470 -0.0585
vn -0.9594 0.2758 -0.0589
vn -0.1881 -0.1954 0.9625
vn 0.3100 -0.1994 -0.9296
vn 0.3206 -0.1221 -0.9393
vn 0.3251 0.1601 -0.9320
vn -0.9158 -0.2475 -0.3164
vn 0.3034 0.4253 -0.8527
vn -0.9362 -0.1538 -0.3161
vn 0.3215 0.3316 -0.8869
vn -0.9429 0.1182 -0.3115
vn 0.1881 -0.1954 0.9625
vn -0.8891 0.3558 -0.2880
vn 0.1947 -0.1196 0.9735
vn -0.9144 0.2818 -0.2906
vn 0.1842 0.4310 0.8834
vn -0.5529 -0.1305 0.8230
vn 0.1957 0.3358 0.9214
vn -0.5597 0.1492 0.8152
vn -0.3100 -0.1994 -0.9296
vn -0.5239 0.4074 0.7480
vn -0.3206 -0.1222 -0.9393
vn -0.3251 0.1601 -0.9320
vn -0.3034 0.4253 -0.8527
vn -0.3215 0.3316 -0.8869
vn 0.1976 0.1636 0.9665
vn -0.5363 -0.2119 0.8170
vn -0.4406 0.3256 -0.8366
vn 0.5363 -0.2119 0.8170
vn 0.5529 -0.1304 0.8230
vn -0.5506 0.3183 0.7717
vn 0.5597 0.1492 0.8152
vn -0.4267 -0.2050 -0.8808
vn 0.5239 0.4074 0.7480
vn -0.4407 -0.1259 -0.8888
vn 0.5506 0.3183 0.7717
vn -0.4466 0.1552 -0.8812
vn -0.9486 -0.2514 -0.1921
vn -0.4173 0.4173 -0.8073
vn 0.3100 -0.1994 0.9296
vn -0.9203 0.3500 -0.1747
vn 0.3206 -0.1222 0.9393
vn -0.9444 0.2778 -0.1759
vn 0.3251 0.1601 0.9320
vn -0.1881 -0.1954 -0.9625
vn -0.1947 -0.1195 -0.9736
vn -0.1976 0.1636 -0.9665
vn -0.1842 0.4310 -0.8834
vn -0.9689 -0.1564 -0.1917
vn -0.1957 0.3358 -0.9214
vn -0.9753 0.1148 -0.1888
vn -0.7367 0.3021 -0.6050
vn -0.8037 -0.2351 -0.5466
vn 0.3034 0.4253 0.8527
vn -0.8239 -0.1457 -0.5476
vn 0.3215 0.3316 0.8869
vn -0.8314 0.1289 -0.5406
vn -0.7265 -0.2274 -0.6485
vn -0.7821 0.3739 -0.4986
vn -0.7461 -0.1407 -0.6508
vn -0.8102 0.2943 -0.5069
vn -0.7536 0.1356 -0.6432
vn -0.7078 0.3850 -0.5923
vn -0.4466 0.1552 0.8812
vn 0.1881 -0.1954 -0.9625
vn -0.4173 0.4173 0.8073
vn 0.1947 -0.1195 -0.9736
vn -0.4406 0.3256 0.8366
vn -0.8672 -0.2419 0.4353
vn -0.8876 -0.1502 0.4354
vn -0.8947 0.1230 0.4294
vn -0.4267 -0.2050 0.8808
vn -0.8428 0.3639 0.3966
vn -0.4407 -0.1260 0.8888
vn -0.8696 0.2874 0.4015
vn 0.4173 0.4173 -0.8073
vn 0.4406 0.3256 -0.8366
vn 0.1976 0.1636 -0.9665
vn 0.9486 -0.2514 0.1921
vn 0.1842 0.4310 -0.8834
vn 0.9689 -0.1563 0.1917
vn 0.1957 0.3358 -0.9214
vn 0.9753 0.1148 0.1888
vn 0.4267 -0.2050 -0.8808
vn 0.9203 0.3500 0.1747
vn 0.4407 -0.1258 -0.8888
vn 0.4466 0.1552 -0.8812
vn 0.9594 0.2758 -0.0589
vn 0.8314 0.1289 0.5406
vn 0.4267 -0.2050 0.8808
vn 0.7821 0.3739 0.4986
vn 0.8102 0.2943 0.5069
vn 0.9652 -0.2535 -0.0644
vn 0.9854 -0.1576 -0.0642
vn 0.9444 0.2778 0.1759
vn 0.9916 0.1131 -0.0632
vn 0.8037 -0.2351 0.5466
vn 0.9360 0.3470 -0.0585
vn 0.8240 -0.1456 0.5476
vn -0.0617 0.4339 -0.8988
vn 0.4407 -0.1259 0.8888
vn -0.0657 0.3380 -0.9388
vn 0.4466 0.1552 0.8812
vn -0.9652 -0.2535 0.0644
vn 0.4173 0.4173 0.8073
vn -0.9854 -0.1577 0.0642
vn 0.4406 0.3256 0.8366
vn -0.9916 0.1131 0.0632
vn -0.0630 -0.1934 -0.9791
vn -0.0653 -0.1182 -0.9908
vn -0.0663 0.1654 -0.9840
vn -0.0657 0.3380 0.9388
vn -0.6626 0.1425 -0.7353
vn -0.6213 0.3964 -0.6759
vn -0.6498 0.3103 -0.6938
vn -0.0630 -0.1934 0.9791
vn -0.9360 0.3470 0.0585
vn -0.0653 -0.1183 0.9908
vn -0.9594 0.2758 0.0589
vn -0.0663 0.1654 0.9840
vn -0.6368 -0.2195 -0.7391
vn -0.0617 0.4339 0.8988
vn -0.6552 -0.1355 -0.7432
vn 0.8672 -0.2419 0.4353
vn -0.7078 0.3850 0.5923
vn 0.8876 -0.1501 0.4354
vn -0.7367 0.3021 0.6050
vn 0.8947 0.1230 0.4294
vn -0.6368 -0.2195 0.7391
vn 0.8428 0.3639 0.3966
vn -0.6552 -0.1355 0.7432
vn 0.8696 0.2874 0.4015
vn -0.7265 -0.2274 0.6485
vn -0.7461 -0.1407 0.6508
vn -0.7536 0.1356 0.6432
vn -0.8876 -0.1502 -0.4354
vn -0.8947 0.1230 -0.4294
vn -0.8428 0.3639 -0.3965
vn -0.8696 0.2874 -0.4015
vn -0.6626 0.1425 0.7353
vn -0.5363 -0.2119 -0.8170
vn -0.6213 0.3964 0.6759
vn -0.5529 -0.1304 -0.8230
vn -0.6498 0.3103 0.6938
vn -0.5597 0.1492 -0.8152
vn -0.8672 -0.2419 -0.4353
vn -0.5239 0.4074 -0.7480
vn 0.0663 0.1654 0.9840
vn 0.0630 -0.1934 -0.9791
vn 0.0617 0.4339 0.8988
vn 0.0653 -0.1182 -0.9908
vn 0.0657 0.3380 0.9388
vn 0.0663 0.1654 -0.9840
vn 0.9652 -0.2535 0.0644
vn 0.0617 0.4339 -0.8988
vn 0.0657 0.3380 -0.9388
vn 0.0630 -0.1934 0.9791
vn 0.0653 -0.1182 0.9908
vn -0.5506 0.3183 -0.7716
vn -0.9362 -0.1538 0.3161
vn -0.9429 0.1182 0.3115
vn -0.8891 0.3558 0.2880
vn 0.9854 -0.1576 0.0642
vn -0.9144 0.2818 0.2906
vn 0.9916 0.1131 0.0632
vn 0.9158 -0.2475 -0.3164
vn 0.9360 0.3470 0.0585
vn 0.9362 -0.1537 -0.3161
vn 0.9594 0.2758 0.0589
vn 0.9429 0.1182 -0.3115
vn -0.9158 -0.2475 0.3164
vn 0.9144 0.2818 -0.2906
vn 0.5597 0.1492 -0.8152
vn 0.6368 -0.2195 0.7391
vn 0.5239 0.4074 -0.7480
vn 0.6552 -0.1355 0.7432
vn 0.5506 0.3183 -0.7716
vn 0.6626 0.1425 0.7353
vn 0.6213 0.3964 0.6759
vn 0.6498 0.3103 0.6938
vn 0.5363 -0.2119 -0.8170
vn 0.8891 0.3558 -0.2880
vn 0.5529 -0.1304 -0.8230
vn -0.3100 -0.1994 0.9296
vn -0.3206 -0.1223 0.9393
vn -0.3251 0.1601 0.9320
vn 0.9158 -0.2475 0.3164
vn -0.3034 0.4253 0.8527
vn 0.9362 -0.1537 0.3161
vn -0.3215 0.3316 0.8869
vn 0.9429 0.1182 0.3115
vn 0.7265 -0.2274 -0.6485
vn 0.8891 0.3558 0.2880
vn 0.7461 -0.1406 -0.6508
vn 0.9144 0.2818 0.2906
vn -0.9689 -0.1564 0.1917
vn 0.7367 0.3021 -0.6050
vn -0.9753 0.1148 0.1888
vn 0.7265 -0.2274 0.6485
vn -0.9203 0.3500 0.1747
vn 0.7461 -0.1406 0.6508
vn 0.7536 0.1356 0.6432
vn 0.7078 0.3850 0.5923
vn 0.7367 0.3021 0.6050
vn 0.7536 0.1356 -0.6432
vn -0.9486 -0.2514 0.1921
vn 0.7078 0.3850 -0.5923
vn -0.8037 -0.2351 0.5466
vn -0.8239 -0.1457 0.5476
vn -0.9444 0.2778 0.1759
vn -0.8314 0.1289 0.5406
vn 0.8672 -0.2419 -0.4353
vn -0.7821 0.3739 0.4986
vn 0.8876 -0.1501 -0.4354
vn -0.8102 0.2943 0.5069
vn 0.8947 0.1230 -0.4294
vn 0.8037 -0.2351 -0.5466
vn 0.8428 0.3639 -0.3966
vn 0.8696 0.2874 -0.4015
vn 0.9689 -0.1563 -0.1917
vn 0.8102 0.2943 -0.5069
vn 0.9753 0.1148 -0.1888
vn 0.6368 -0.2195 -0.7391
vn 0.6552 -0.1354 -0.7432
vn 0.6626 0.1425 -0.7353
vn 0.6213 0.3964 -0.6759
vn 0.8240 -0.1456 -0.5476
vn 0.6498 0.3103 -0.6938
vn 0.8314 0.1289 -0.5406
vn 0.9486 -0.2514 -0.1921
vn 0.7821 0.3739 -0.4986
vn 0.9203 0.3500 -0.1747
vn 0.9444 0.2778 -0.1759
vn -0.0000 -1.0000 -0.0000
vn -0.1055 -0.0000 -0.9944
vn -0.3106 -0.0000 -0.9505
vn -0.4990 -0.0000 -0.8666
vn -0.6624 -0.0000 -0.7492
vn -0.7955 -0.0000 -0.6060
vn -0.8958 -0.0000 -0.4445
vn -0.9626 -0.0000 -0.2710
vn -0.9958 -0.0000 -0.0910
vn -0.9958 -0.0000 0.0910
vn -0.9626 -0.0000 0.2710
vn -0.8958 -0.0000 0.4445
vn -0.7955 -0.0000 0.6060
vn -0.6624 -0.0000 0.7492
vn -0.4990 -0.0000 0.8666
vn -0.3106 -0.0000 0.9505
vn -0.1055 -0.0000 0.9944
vn 0.1055 -0.0000 0.9944
vn 0.3106 -0.0000 0.9505
vn 0.4990 -0.0000 0.8666
vn 0.6624 -0.0000 0.7492
vn 0.7955 -0.0000 0.6060
vn 0.8958 -0.0000 0.4445
vn 0.9626 -0.0000 0.2710
vn 0.9958 -0.0000 0.0910
vn 0.9958 -0.0000 -0.0910
vn 0.9626 -0.0000 -0.2710
vn 0.8958 -0.0000 -0.4445
vn 0.7955 -0.0000 -0.6060
vn 0.6624 -0.0000 -0.7492
vn 0.4990 -0.0000 -0.8666
vn 0.3106 -0.0000 -0.9505
vn 0.1055 -0.0000 -0.9944
vn -0.0664 0.7769 -0.6261
vn -0.1963 0.7751 -0.6006
vn -0.3174 0.7717 -0.5511
vn -0.4247 0.7674 -0.4804
vn -0.5144 0.7628 -0.3919
vn -0.5837 0.7586 -0.2896
vn -0.6307 0.7554 -0.1776
vn -0.6544 0.7538 -0.0598
vn -0.6544 0.7538 0.0598
vn -0.6307 0.7554 0.1776
vn -0.5837 0.7586 0.2896
vn -0.5144 0.7628 0.3919
vn -0.4247 0.7674 0.4804
vn -0.3174 0.7717 0.5511
vn -0.1963 0.7751 0.6006
vn -0.0664 0.7769 0.6261
vn 0.0664 0.7769 0.6261
vn 0.1963 0.7751 0.6006
vn 0.3174 0.7717 0.5511
vn 0.4247 0.7674 0.4804
vn 0.5144 0.7628 0.3919
vn 0.5837 0.7586 0.2896
vn 0.6307 0.7554 0.1776
vn 0.6544 0.7538 0.0598
vn 0.6544 0.7538 -0.0598
vn 0.6307 0.7554 -0.1776
vn 0.5837 0.7586 -0.2896
vn 0.5144 0.7628 -0.3919
vn 0.4247 0.7674 -0.4804
vn 0.3174 0.7717 -0.5511
vn 0.1963 0.7751 -0.6006
vn 0.0664 0.7769 -0.6261
vn 0.9828 0.1750 -0.0598
vn 0.6951 0.7176 -0.0423
vn 0.9733 0.2217 -0.0592
vn 0.9828 -0.1750 -0.0598
vn 0.9681 0.1754 -0.1788
vn 0.6840 0.7184 -0.1263
vn 0.9588 0.2222 -0.1770
vn 0.9681 -0.1754 -0.1788
vn 0.9389 0.1762 -0.2958
vn 0.6619 0.7200 -0.2086
vn 0.9297 0.2232 -0.2930
vn 0.9389 -0.1762 -0.2958
vn 0.8949 0.1773 -0.4096
vn 0.6289 0.7223 -0.2879
vn 0.8860 0.2246 -0.4056
vn 0.8949 -0.1773 -0.4096
vn 0.8361 0.1787 -0.5186
vn 0.5852 0.7251 -0.3630
vn 0.8278 0.2263 -0.5134
vn 0.8361 -0.1787 -0.5186
vn 0.7628 0.1803 -0.6210
vn 0.5315 0.7282 -0.4327
vn 0.7550 0.2283 -0.6147
vn 0.7628 -0.1803 -0.6210
vn 0.6753 0.1820 -0.7148
vn 0.4682 0.7315 -0.4956
vn 0.6683 0.2304 -0.7073
vn 0.6753 -0.1820 -0.7148
vn 0.5743 0.1837 -0.7978
vn 0.3963 0.7348 -0.5505
vn 0.5682 0.2325 -0.7894
vn 0.5743 -0.1837 -0.7978
vn 0.4610 0.1852 -0.8678
vn 0.3167 0.7377 -0.5962
vn 0.4561 0.2344 -0.8585
vn 0.4610 -0.1852 -0.8678
vn 0.3374 0.1865 -0.9227
vn 0.2310 0.7401 -0.6316
vn 0.3337 0.2360 -0.9126
vn 0.3374 -0.1865 -0.9227
vn 0.2058 0.1874 -0.9605
vn 0.1405 0.7419 -0.6557
vn 0.2035 0.2372 -0.9499
vn 0.2058 -0.1874 -0.9605
vn 0.0692 0.1879 -0.9797
vn 0.0472 0.7428 -0.6679
vn 0.0684 0.2378 -0.9689
vn 0.0692 -0.1879 -0.9797
vn -0.0692 0.1879 -0.9797
vn -0.0472 0.7428 -0.6679
vn -0.0684 0.2378 -0.9689
vn -0.0692 -0.1879 -0.9797
vn -0.2058 0.1874 -0.9605
vn -0.1405 0.7419 -0.6557
vn -0.2035 0.2372 -0.9499
vn -0.2058 -0.1874 -0.9605
vn -0.3374 0.1865 -0.9227
vn -0.2310 0.7401 -0.6316
vn -0.3337 0.2360 -0.9126
vn -0.3374 -0.1865 -0.9227
vn -0.4610 0.1852 -0.8678
vn -0.3167 0.7377 -0.5962
vn -0.4561 0.2344 -0.8585
vn -0.4610 -0.1852 -0.8678
vn -0.5743 0.1837 -0.7978
vn -0.3963 0.7348 -0.5505
vn -0.5682 0.2325 -0.7894
vn -0.5743 -0.1837 -0.7978
vn -0.6753 0.1820 -0.7148
vn -0.4682 0.7315 -0.4956
vn -0.6683 0.2304 -0.7073
vn -0.6753 -0.1820 -0.7148
vn -0.7628 0.1803 -0.6210
vn -0.5315 0.7282 -0.4327
vn -0.7550 0.2283 -0.6147
vn -0.7628 -0.1803 -0.6210
vn -0.8361 0.1787 -0.5186
vn -0.5852 0.7251 -0.3630
vn -0.8278 0.2263 -0.5134
vn -0.8361 -0.1787 -0.5186
vn -0.8949 0.1773 -0.4096
vn -0.6289 0.7223 -0.2879
vn -0.8860 0.2246 -0.4056
vn -0.8949 -0.1773 -0.4096
vn -0.9389 0.1762 -0.2958
vn -0.6619 0.7200 -0.2086
vn -0.9297 0.2232 -0.2930
vn -0.9389 -0.1762 -0.2958
vn -0.9681 0.1754 -0.1788
vn -0.6840 0.7184 -0.1263
vn -0.9588 0.2222 -0.1770
vn 0.9210 0.3854 -0.0560
vn -0.9681 -0.1754 -0.1788
vn -0.9828 0.1750 -0.0598
vn -0.6951 0.7176 -0.0423
vn -0.9733 0.2217 -0.0592
vn 0.8379 0.5435 -0.0510
vn 0.9071 0.3862 -0.1675
vn 0.8249 0.5444 -0.1523
vn 0.8792 0.3877 -0.2770
vn -0.9828 -0.1750 -0.0598
vn -0.9828 0.1750 0.0598
vn -0.6951 0.7176 0.0423
vn -0.9733 0.2217 0.0592
vn 0.7990 0.5461 -0.2518
vn 0.8373 0.3898 -0.3833
vn 0.7602 0.5486 -0.3480
vn 0.7816 0.3925 -0.4848
vn -0.9828 -0.1750 0.0598
vn -0.9681 0.1754 0.1788
vn -0.6840 0.7184 0.1263
vn -0.9588 0.2222 0.1770
vn 0.7123 0.3956 -0.5798
vn 0.7088 0.5517 -0.4396
vn 0.6450 0.5552 -0.5251
vn 0.6298 0.3988 -0.6666
vn -0.9681 -0.1754 0.1788
vn -0.9389 0.1762 0.2958
vn -0.6619 0.7200 0.2086
vn -0.9297 0.2232 0.2930
vn 0.5694 0.5590 -0.6027
vn 0.5349 0.4020 -0.7431
vn 0.4830 0.5626 -0.6710
vn 0.4290 0.4050 -0.8075
vn -0.9389 -0.1762 0.2958
vn -0.8949 0.1773 0.4096
vn -0.6289 0.7223 0.2879
vn -0.8860 0.2246 0.4056
vn 0.3868 0.5660 -0.7280
vn 0.3136 0.4074 -0.8577
vn 0.2825 0.5688 -0.7725
vn 0.1912 0.4092 -0.8922
vn -0.8949 -0.1773 0.4096
vn -0.8361 0.1787 0.5186
vn -0.5852 0.7251 0.3630
vn -0.8278 0.2263 0.5134
vn 0.1720 0.5708 -0.8029
vn 0.0642 0.4101 -0.9098
vn 0.0578 0.5718 -0.8184
vn -0.0642 0.4101 -0.9098
vn -0.8361 -0.1787 0.5186
vn -0.7628 0.1803 0.6210
vn -0.5315 0.7282 0.4327
vn -0.7550 0.2283 0.6147
vn -0.1912 0.4092 -0.8922
vn -0.0578 0.5718 -0.8184
vn -0.1720 0.5708 -0.8029
vn -0.3136 0.4074 -0.8577
vn -0.7628 -0.1803 0.6210
vn -0.6753 0.1820 0.7148
vn -0.4682 0.7315 0.4956
vn -0.6683 0.2304 0.7073
vn -0.2825 0.5688 -0.7725
vn -0.4290 0.4050 -0.8075
vn -0.3868 0.5660 -0.7280
vn -0.5349 0.4020 -0.7431
vn -0.6753 -0.1820 0.7148
vn -0.5743 0.1837 0.7978
vn -0.3963 0.7348 0.5505
vn -0.5682 0.2325 0.7894
vn -0.4830 0.5626 -0.6710
vn -0.6298 0.3988 -0.6666
vn -0.5694 0.5590 -0.6027
vn -0.7123 0.3956 -0.5798
vn -0.5743 -0.1837 0.7978
vn -0.4610 0.1852 0.8678
vn -0.3167 0.7377 0.5962
vn -0.4561 0.2344 0.8585
vn -0.6450 0.5552 -0.5251
vn -0.7816 0.3925 -0.4848
vn -0.7088 0.5517 -0.4396
vn -0.8373 0.3898 -0.3833
vn -0.4610 -0.1852 0.8678
vn -0.3374 0.1865 0.9227
vn -0.2310 0.7401 0.6316
vn -0.3337 0.2360 0.9126
vn -0.8792 0.3877 -0.2770
vn -0.7602 0.5486 -0.3480
vn -0.7990 0.5461 -0.2518
vn -0.9071 0.3862 -0.1675
vn -0.3374 -0.1865 0.9227
vn -0.2058 0.1874 0.9605
vn -0.1405 0.7419 0.6557
vn -0.2035 0.2372 0.9499
vn -0.8249 0.5444 -0.1523
vn -0.9210 0.3854 -0.0560
vn -0.8379 0.5435 -0.0510
vn -0.9210 0.3854 0.0560
vn -0.2058 -0.1874 0.9605
vn -0.0692 0.1879 0.9797
vn -0.0472 0.7428 0.6679
vn -0.0684 0.2378 0.9689
vn -0.8379 0.5435 0.0510
vn -0.9071 0.3862 0.1675
vn -0.8249 0.5444 0.1523
vn -0.8792 0.3877 0.2770
vn -0.0692 -0.1879 0.9797
vn 0.0692 0.1879 0.9797
vn 0.0472 0.7428 0.6679
vn 0.0684 0.2378 0.9689
vn -0.7990 0.5461 0.2518
vn -0.8373 0.3898 0.3833
vn -0.7602 0.5486 0.3480
vn -0.7816 0.3925 0.4848
vn 0.0692 -0.1879 0.9797
vn 0.2058 0.1874 0.9605
vn 0.1405 0.7419 0.6557
vn 0.2035 0.2372 0.9499
vn -0.7123 0.3956 0.5798
vn -0.7088 0.5517 0.4396
vn -0.6450 0.5552 0.5251
vn -0.6298 0.3988 0.6666
vn 0.2058 -0.1874 0.9605
vn 0.3374 0.1865 0.9227
vn 0.2310 0.7401 0.6316
vn 0.3337 0.2360 0.9126
vn -0.5694 0.5590 0.6027
vn -0.5349 0.4020 0.7431
vn -0.4830 0.5626 0.6710
vn -0.4290 0.4050 0.8075
vn 0.3374 -0.1865 0.9227
vn 0.4610 0.1852 0.8678
vn 0.3167 0.7377 0.5962
vn 0.4561 0.2344 0.8585
vn -0.3868 0.5660 0.7281
vn -0.3136 0.4074 0.8577
vn -0.2825 0.5688 0.7725
vn -0.1912 0.4092 0.8922
vn 0.4610 -0.1852 0.8678
vn 0.5743 0.1837 0.7978
vn 0.3963 0.7348 0.5505
vn 0.5682 0.2325 0.7894
vn -0.1720 0.5708 0.8029
vn -0.0642 0.4101 0.9098
vn -0.0578 0.5718 0.8184
vn 0.0642 0.4101 0.9098
vn 0.5743 -0.1837 0.7978
vn 0.6753 0.1820 0.7148
vn 0.4682 0.7315 0.4956
vn 0.6683 0.2304 0.7073
vn 0.1912 0.4092 0.8922
vn 0.0578 0.5718 0.8184
vn 0.1720 0.5708 0.8029
vn 0.3136 0.4074 0.8577
vn 0.6753 -0.1820 0.7148
vn 0.7628 0.1803 0.6210
vn 0.5315 0.7282 0.4327
vn 0.7550 0.2283 0.6147
vn 0.2825 0.5688 0.7725
vn 0.4290 0.4050 0.8075
vn 0.3868 0.5660 0.7280
vn 0.5349 0.4020 0.7431
vn 0.7628 -0.1803 0.6210
vn 0.8361 0.1787 0.5186
vn 0.5852 0.7251 0.3630
vn 0.8278 0.2263 0.5134
vn 0.4830 0.5626 0.6710
vn 0.6298 0.3988 0.6666
vn 0.5694 0.5590 0.6027
vn 0.7123 0.3956 0.5798
vn 0.8361 -0.1787 0.5186
vn 0.8949 0.1773 0.4096
vn 0.6289 0.7223 0.2879
vn 0.8860 0.2246 0.4056
vn 0.6450 0.5552 0.5251
vn 0.7816 0.3925 0.4848
vn 0.7088 0.5517 0.4396
vn 0.8373 0.3898 0.3833
vn 0.8949 -0.1773 0.4096
vn 0.9389 0.1762 0.2958
vn 0.6619 0.7200 0.2086
vn 0.9297 0.2232 0.2930
vn 0.8792 0.3877 0.2770
vn 0.7602 0.5486 0.3480
vn 0.9071 0.3862 0.1675
vn 0.9389 -0.1762 0.2958
vn 0.9681 0.1754 0.1788
vn 0.6840 0.7184 0.1263
vn 0.9588 0.2222 0.1770
vn 0.8249 0.5444 0.1523
vn 0.7990 0.5461 0.2518
vn 0.9210 0.3854 0.0560
vn 0.8379 0.5435 0.0510
vn 0.9681 -0.1754 0.1788
vn 0.9828 0.1750 0.0598
vn 0.6951 0.7176 0.0423
vn 0.9733 0.2217 0.0592
vn 0.9828 -0.1750 0.0598
vn -0.0000 1.0000 -0.0000
vn -0.6125 0.4523 0.6483
vn -0.5643 0.5700 0.5973
vn -0.5731 0.5509 0.6066
vn -0.6348 0.3816 0.6719
vn -0.6786 0.1539 0.7182
vn 0.8974 0.4379 0.0546
vn 0.8307 0.5545 0.0505
vn 0.8430 0.5354 0.0513
vn 0.9279 0.3686 0.0565
vn 0.9872 0.1480 0.0601
vn 0.1857 0.4634 0.8665
vn 0.1704 0.5818 0.7953
vn 0.1732 0.5627 0.8083
vn 0.1928 0.3917 0.8997
vn 0.2069 0.1586 0.9654
vn -0.8974 0.4379 -0.0546
vn -0.8307 0.5545 -0.0505
vn -0.8430 0.5354 -0.0513
vn -0.9279 0.3686 -0.0565
vn -0.9872 0.1480 -0.0601
vn -0.8563 0.4404 0.2698
vn -0.7920 0.5571 0.2496
vn -0.8039 0.5381 0.2533
vn -0.8858 0.3708 0.2791
vn -0.9431 0.1490 0.2972
vn 0.8153 0.4427 0.3732
vn 0.7536 0.5596 0.3450
vn 0.7650 0.5406 0.3502
vn 0.8437 0.3729 0.3862
vn 0.8990 0.1499 0.4115
vn -0.3047 0.4616 0.8332
vn -0.2798 0.5798 0.7652
vn -0.2844 0.5607 0.7777
vn -0.3162 0.3900 0.8648
vn -0.3391 0.1578 0.9274
vn 0.7608 0.4456 0.4719
vn 0.7025 0.5627 0.4357
vn 0.7133 0.5437 0.4424
vn 0.7876 0.3755 0.4885
vn 0.8400 0.1511 0.5210
vn -0.8837 0.4387 -0.1632
vn -0.8178 0.5554 -0.1510
vn -0.8300 0.5363 -0.1532
vn -0.9138 0.3694 -0.1687
vn -0.9725 0.1483 -0.1796
vn -0.6930 0.4488 0.5642
vn -0.6392 0.5663 0.5204
vn -0.6491 0.5472 0.5284
vn -0.7178 0.3785 0.5844
vn -0.7665 0.1525 0.6239
vn -0.8153 0.4427 -0.3732
vn -0.7536 0.5596 -0.3450
vn -0.7650 0.5406 -0.3502
vn -0.8437 0.3729 -0.3862
vn -0.8990 0.1499 -0.4115
vn 0.8837 0.4387 0.1632
vn 0.8178 0.5554 0.1510
vn 0.8300 0.5363 0.1532
vn 0.9138 0.3694 0.1687
vn 0.9725 0.1483 0.1796
vn -0.8837 0.4387 0.1632
vn -0.8178 0.5554 0.1510
vn -0.8300 0.5363 0.1532
vn -0.9138 0.3694 0.1687
vn -0.9725 0.1483 0.1796
vn -0.5200 0.4558 -0.7224
vn -0.4785 0.5737 -0.6648
vn -0.4861 0.5546 -0.6754
vn -0.5392 0.3848 -0.7491
vn -0.5771 0.1554 -0.8017
vn 0.6930 0.4488 0.5642
vn 0.6392 0.5663 0.5204
vn 0.6491 0.5472 0.5284
vn 0.7178 0.3785 0.5844
vn 0.7665 0.1525 0.6239
vn -0.8563 0.4404 -0.2698
vn -0.7920 0.5571 -0.2496
vn -0.8039 0.5381 -0.2533
vn -0.8858 0.3708 -0.2791
vn -0.9431 0.1490 -0.2972
vn -0.0624 0.4644 -0.8834
vn -0.0572 0.5828 -0.8106
vn -0.0582 0.5637 -0.8239
vn -0.0648 0.3926 -0.9174
vn -0.0695 0.1590 -0.9848
vn -0.7608 0.4456 -0.4719
vn -0.7025 0.5627 -0.4357
vn -0.7133 0.5437 -0.4424
vn -0.7876 0.3755 -0.4885
vn -0.8400 0.1511 -0.5210
vn 0.8563 0.4404 0.2698
vn 0.7921 0.5571 0.2496
vn 0.8039 0.5381 0.2533
vn 0.8858 0.3708 0.2791
vn 0.9431 0.1490 0.2972
vn 0.4168 0.4589 -0.7846
vn 0.3832 0.5770 -0.7213
vn 0.3894 0.5579 -0.7329
vn 0.4325 0.3876 -0.8141
vn 0.4634 0.1567 -0.8722
vn -0.4168 0.4589 -0.7846
vn -0.3832 0.5770 -0.7213
vn -0.3894 0.5579 -0.7329
vn -0.4325 0.3876 -0.8141
vn -0.4634 0.1567 -0.8722
vn -0.6930 0.4488 -0.5642
vn -0.6392 0.5663 -0.5204
vn -0.6491 0.5472 -0.5284
vn -0.7178 0.3785 -0.5844
vn -0.7665 0.1525 -0.6239
vn 0.7608 0.4456 -0.4719
vn 0.7025 0.5627 -0.4357
vn 0.7133 0.5437 -0.4424
vn 0.7876 0.3755 -0.4885
vn 0.8400 0.1511 -0.5210
vn 0.0624 0.4644 -0.8834
vn 0.0572 0.5828 -0.8106
vn 0.0582 0.5637 -0.8239
vn 0.0648 0.3926 -0.9174
vn 0.0695 0.1590 -0.9848
vn -0.3047 0.4616 -0.8332
vn -0.2798 0.5798 -0.7652
vn -0.2844 0.5607 -0.7777
vn -0.3162 0.3900 -0.8648
vn -0.3391 0.1578 -0.9274
vn 0.8974 0.4379 -0.0546
vn 0.8307 0.5545 -0.0505
vn 0.8430 0.5354 -0.0513
vn 0.9279 0.3686 -0.0565
vn 0.9872 0.1480 -0.0601
vn -0.6125 0.4523 -0.6483
vn -0.5643 0.5700 -0.5973
vn -0.5731 0.5509 -0.6066
vn -0.6348 0.3816 -0.6719
vn -0.6786 0.1539 -0.7182
vn 0.5200 0.4558 -0.7224
vn 0.4785 0.5737 -0.6648
vn 0.4861 0.5546 -0.6754
vn 0.5392 0.3848 -0.7491
vn 0.5771 0.1554 -0.8017
vn 0.1857 0.4634 -0.8665
vn 0.1704 0.5818 -0.7953
vn 0.1732 0.5627 -0.8083
vn 0.1928 0.3917 -0.8997
vn 0.2069 0.1586 -0.9654
vn 0.5200 0.4558 0.7224
vn 0.4785 0.5737 0.6648
vn 0.4861 0.5546 0.6754
vn 0.5392 0.3848 0.7491
vn 0.5771 0.1554 0.8017
vn -0.1857 0.4634 -0.8665
vn -0.1704 0.5818 -0.7953
vn -0.1732 0.5627 -0.8083
vn -0.1928 0.3917 -0.8997
vn -0.2069 0.1586 -0.9654
vn 0.8153 0.4427 -0.3732
vn 0.7536 0.5596 -0.3450
vn 0.7650 0.5406 -0.3502
vn 0.8437 0.3729 -0.3862
vn 0.8990 0.1499 -0.4115
vn 0.6125 0.4523 -0.6483
vn 0.5643 0.5700 -0.5973
vn 0.5731 0.5509 -0.6066
vn 0.6348 0.3816 -0.6719
vn 0.6786 0.1539 -0.7182
vn 0.0624 0.4644 0.8834
vn 0.0572 0.5828 0.8106
vn 0.0582 0.5637 0.8239
vn 0.0648 0.3926 0.9174
vn 0.0695 0.1590 0.9848
vn 0.3047 0.4616 -0.8332
vn 0.2798 0.5798 -0.7652
vn 0.2844 0.5607 -0.7777
vn 0.3162 0.3900 -0.8648
vn 0.3391 0.1578 -0.9274
vn 0.4168 0.4589 0.7846
vn 0.3832 0.5770 0.7213
vn 0.3894 0.5579 0.7329
vn 0.4325 0.3876 0.8141
vn 0.4634 0.1567 0.8722
vn 0.8563 0.4404 -0.2698
vn 0.7921 0.5571 -0.2496
vn 0.8039 0.5381 -0.2533
vn 0.8858 0.3708 -0.2791
vn 0.9431 0.1490 -0.2972
vn -0.4168 0.4589 0.7846
vn -0.3832 0.5770 0.7213
vn -0.3894 0.5579 0.7329
vn -0.4325 0.3876 0.8141
vn -0.4634 0.1567 0.8722
vn 0.6930 0.4488 -0.5642
vn 0.6392 0.5663 -0.5204
vn 0.6491 0.5472 -0.5284
vn 0.7178 0.3785 -0.5844
vn 0.7665 0.1525 -0.6239
vn -0.0624 0.4644 0.8834
vn -0.0572 0.5828 0.8106
vn -0.0582 0.5637 0.8239
vn -0.0648 0.3926 0.9174
vn -0.0695 0.1590 0.9848
vn 0.3047 0.4616 0.8332
vn 0.2798 0.5798 0.7652
vn 0.2844 0.5607 0.7777
vn 0.3162 0.3900 0.8648
vn 0.3391 0.1578 0.9274
vn -0.7608 0.4456 0.4719
vn -0.7025 0.5627 0.4357
vn -0.7133 0.5437 0.4424
vn -0.7876 0.3755 0.4885
vn -0.8400 0.1511 0.5210
vn 0.8837 0.4387 -0.1632
vn 0.8178 0.5554 -0.1510
vn 0.8300 0.5363 -0.1532
vn 0.9138 0.3694 -0.1687
vn 0.9725 0.1483 -0.1796
vn -0.5200 0.4558 0.7224
vn -0.4785 0.5737 0.6648
vn -0.4861 0.5546 0.6754
vn -0.5392 0.3848 0.7491
vn -0.5771 0.1554 0.8017
vn -0.1857 0.4634 0.8665
vn -0.1704 0.5818 0.7953
vn -0.1732 0.5627 0.8083
vn -0.1928 0.3917 0.8997
vn -0.2069 0.1586 0.9654
vn -0.8974 0.4379 0.0546
vn -0.8307 0.5545 0.0505
vn -0.8430 0.5354 0.0513
vn -0.9279 0.3686 0.0565
vn -0.9872 0.1480 0.0601
vn 0.6125 0.4523 0.6483
vn 0.5643 0.5700 0.5973
vn 0.5731 0.5509 0.6066
vn 0.6348 0.3816 0.6719
vn 0.6786 0.1539 0.7182
vn -0.8153 0.4427 0.3732
vn -0.7536 0.5596 0.3450
vn -0.7650 0.5406 0.3502
vn -0.8437 0.3729 0.3862
vn -0.8990 0.1499 0.4115
vn 0.9529 0.2961 -0.0653
vn 0.6528 0.7564 -0.0428
vn 0.6528 -0.7564 -0.0428
vn 0.9520 -0.2987 -0.0672
vn 0.9349 0.2964 -0.1950
vn 0.6411 0.7554 -0.1357
vn 0.6395 -0.7570 -0.1342
vn 0.9339 -0.2981 -0.1974
vn 0.8994 0.2954 -0.3222
vn 0.6198 0.7527 -0.2220
vn 0.6165 -0.7558 -0.2208
vn 0.9008 -0.2929 -0.3206
vn 0.8478 0.2940 -0.4412
vn 0.5858 0.7510 -0.3048
vn 0.5837 -0.7525 -0.3050
vn 0.8493 -0.2897 -0.4413
vn 0.7815 0.2924 -0.5511
vn 0.5412 0.7505 -0.3793
vn 0.5412 -0.7505 -0.3793
vn 0.7815 -0.2924 -0.5511
vn 0.7031 0.2905 -0.6491
vn 0.4863 0.7482 -0.4514
vn 0.4856 -0.7498 -0.4494
vn 0.7010 -0.2922 -0.6505
vn 0.6119 0.2887 -0.7364
vn 0.4268 0.7443 -0.5136
vn 0.4246 -0.7475 -0.5109
vn 0.6138 -0.2862 -0.7357
vn 0.5125 0.2869 -0.8094
vn 0.3586 0.7421 -0.5663
vn 0.3568 -0.7436 -0.5654
vn 0.5136 -0.2827 -0.8101
vn 0.4058 0.2854 -0.8683
vn 0.2856 0.7418 -0.6068
vn 0.2856 -0.7417 -0.6068
vn 0.4058 -0.2854 -0.8683
vn 0.2947 0.2841 -0.9124
vn 0.2050 0.7401 -0.6405
vn 0.2054 -0.7417 -0.6385
vn 0.2923 -0.2858 -0.9126
vn 0.1776 0.2832 -0.9425
vn 0.1251 0.7374 -0.6638
vn 0.1245 -0.7406 -0.6603
vn 0.1796 -0.2808 -0.9428
vn 0.0595 0.2828 -0.9573
vn 0.0419 0.7368 -0.6748
vn 0.0408 -0.7384 -0.6731
vn 0.0601 -0.2786 -0.9585
vn -0.0595 0.2828 -0.9573
vn -0.0400 0.7384 -0.6732
vn -0.0400 -0.7384 -0.6732
vn -0.0595 -0.2828 -0.9573
vn -0.1765 0.2832 -0.9427
vn -0.1258 0.7390 -0.6619
vn -0.1245 -0.7406 -0.6603
vn -0.1788 -0.2849 -0.9417
vn -0.2936 0.2841 -0.9127
vn -0.2065 0.7385 -0.6418
vn -0.2054 -0.7417 -0.6385
vn -0.2921 -0.2816 -0.9140
vn -0.4058 0.2854 -0.8683
vn -0.2847 0.7401 -0.6092
vn -0.2849 -0.7417 -0.6072
vn -0.4058 -0.2811 -0.8697
vn -0.5125 0.2869 -0.8094
vn -0.3561 0.7437 -0.5659
vn -0.3561 -0.7436 -0.5659
vn -0.5125 -0.2869 -0.8094
vn -0.6110 0.2886 -0.7371
vn -0.4265 0.7459 -0.5116
vn -0.4246 -0.7475 -0.5109
vn -0.6126 -0.2904 -0.7351
vn -0.7023 0.2905 -0.6499
vn -0.4882 0.7467 -0.4518
vn -0.4856 -0.7498 -0.4494
vn -0.7015 -0.2880 -0.6519
vn -0.7815 0.2924 -0.5511
vn -0.5416 0.7489 -0.3819
vn -0.5407 -0.7505 -0.3800
vn -0.7823 -0.2881 -0.5523
vn -0.8478 0.2941 -0.4412
vn -0.5833 0.7525 -0.3057
vn -0.5839 -0.7521 -0.3055
vn -0.8477 -0.2923 -0.4427
vn -0.8989 0.2980 -0.3213
vn -0.6162 0.7557 -0.2217
vn -0.6170 -0.7554 -0.2206
vn -0.9008 -0.2928 -0.3206
vn -0.9331 0.3016 -0.1959
vn -0.6395 0.7570 -0.1342
vn -0.6395 -0.7570 -0.1342
vn -0.9362 -0.2913 -0.1965
vn -0.9510 0.3021 -0.0658
vn -0.6512 0.7576 -0.0450
vn -0.6531 -0.7560 -0.0441
vn -0.9539 -0.2926 -0.0666
vn -0.9519 0.2995 0.0639
vn -0.6512 0.7576 0.0450
vn -0.6535 -0.7557 0.0437
vn -0.9533 -0.2952 0.0646
vn -0.9338 0.2990 0.1967
vn -0.6397 0.7569 0.1334
vn -0.6398 -0.7566 0.1348
vn -0.9351 -0.2938 0.1983
vn -0.8979 0.3006 0.3216
vn -0.6165 0.7558 0.2208
vn -0.6165 -0.7558 0.2208
vn -0.9009 -0.2903 0.3227
vn -0.8464 0.2992 0.4405
vn -0.5826 0.7541 0.3032
vn -0.5837 -0.7525 0.3050
vn -0.8493 -0.2897 0.4413
vn -0.7820 0.2949 0.5491
vn -0.5387 0.7521 0.3798
vn -0.5413 -0.7502 0.3799
vn -0.7827 -0.2907 0.5503
vn -0.7012 0.2930 0.6499
vn -0.4862 0.7498 0.4488
vn -0.4856 -0.7494 0.4500
vn -0.7016 -0.2879 0.6518
vn -0.6109 0.2937 0.7352
vn -0.4246 0.7475 0.5109
vn -0.4246 -0.7475 0.5109
vn -0.6129 -0.2837 0.7375
vn -0.5116 0.2919 0.8081
vn -0.3567 0.7453 0.5633
vn -0.3568 -0.7436 0.5654
vn -0.5136 -0.2827 0.8101
vn -0.4071 0.2879 0.8668
vn -0.2832 0.7433 0.6060
vn -0.2854 -0.7414 0.6074
vn -0.4071 -0.2837 0.8682
vn -0.2928 0.2866 0.9122
vn -0.2061 0.7417 0.6383
vn -0.2051 -0.7413 0.6390
vn -0.2921 -0.2816 0.9140
vn -0.1774 0.2882 0.9410
vn -0.1245 0.7406 0.6603
vn -0.1245 -0.7406 0.6603
vn -0.1779 -0.2783 0.9439
vn -0.0594 0.2877 0.9559
vn -0.0417 0.7400 0.6713
vn -0.0408 -0.7384 0.6731
vn -0.0601 -0.2786 0.9585
vn 0.0576 0.2853 0.9567
vn 0.0417 0.7400 0.6713
vn 0.0404 -0.7380 0.6735
vn 0.0583 -0.2811 0.9579
vn 0.1781 0.2857 0.9416
vn 0.1237 0.7406 0.6605
vn 0.1249 -0.7402 0.6606
vn 0.1795 -0.2807 0.9429
vn 0.2931 0.2891 0.9113
vn 0.2054 0.7417 0.6385
vn 0.2054 -0.7417 0.6385
vn 0.2940 -0.2792 0.9141
vn 0.4051 0.2903 0.8669
vn 0.2832 0.7433 0.6060
vn 0.2849 -0.7417 0.6072
vn 0.4058 -0.2811 0.8697
vn 0.5105 0.2894 0.8097
vn 0.3567 0.7453 0.5633
vn 0.3568 -0.7436 0.5654
vn 0.5117 -0.2852 0.8105
vn 0.6119 0.2912 0.7353
vn 0.4240 0.7478 0.5109
vn 0.4246 -0.7475 0.5109
vn 0.6145 -0.2879 0.7345
vn 0.7004 0.2931 0.6508
vn 0.4881 0.7499 0.4466
vn 0.4856 -0.7498 0.4494
vn 0.7015 -0.2880 0.6519
vn 0.7815 0.2924 0.5511
vn 0.5387 0.7521 0.3798
vn 0.5407 -0.7505 0.3800
vn 0.7823 -0.2881 0.5523
vn 0.8478 0.2941 0.4412
vn 0.5809 0.7540 0.3067
vn 0.5834 -0.7525 0.3057
vn 0.8478 -0.2941 0.4412
vn 0.8990 0.2954 0.3233
vn 0.6175 0.7558 0.2180
vn 0.6165 -0.7558 0.2208
vn 0.8993 -0.2972 0.3208
vn 0.9346 0.2972 0.1956
vn 0.6390 0.7569 0.1372
vn 0.6395 -0.7570 0.1342
vn 0.9350 -0.2939 0.1983
vn 0.9526 0.2970 0.0659
vn 0.6531 0.7561 0.0432
vn 0.6531 -0.7560 0.0441
vn 0.9530 -0.2952 0.0685
vn -0.2316 -0.9695 0.0809
vn -0.2422 -0.9689 0.0508
vn -0.2465 -0.9690 0.0170
vn -0.2439 -0.9697 -0.0151
vn -0.2390 -0.9696 -0.0521
vn -0.2337 -0.9687 -0.0837
vn -0.2212 -0.9684 -0.1151
vn -0.2037 -0.9688 -0.1415
vn -0.1817 -0.9684 -0.1707
vn -0.1622 -0.9673 -0.1951
vn -0.1365 -0.9669 -0.2156
vn -0.1088 -0.9673 -0.2290
vn -0.0761 -0.9671 -0.2426
vn -0.0478 -0.9662 -0.2534
vn -0.0160 -0.9661 -0.2575
vn 0.0142 -0.9669 -0.2547
vn 0.0488 -0.9672 -0.2493
vn 0.0784 -0.9666 -0.2438
vn 0.1079 -0.9670 -0.2308
vn 0.1326 -0.9681 -0.2125
vn 0.1601 -0.9687 -0.1898
vn 0.1832 -0.9684 -0.1695
vn 0.2025 -0.9688 -0.1428
vn 0.2153 -0.9699 -0.1140
vn 0.2285 -0.9703 -0.0798
vn 0.2389 -0.9698 -0.0501
vn 0.2403 -0.9705 -0.0184
vn 0.2374 -0.9713 0.0166
vn 0.2357 -0.9705 0.0514
vn 0.2306 -0.9695 0.0826
vn 0.2185 -0.9692 0.1137
vn 0.2013 -0.9695 0.1398
vn 0.1798 -0.9691 0.1689
vn 0.1601 -0.9687 0.1898
vn 0.1326 -0.9681 0.2125
vn 0.1082 -0.9677 0.2275
vn 0.0758 -0.9674 0.2415
vn 0.0476 -0.9664 0.2527
vn 0.0160 -0.9662 0.2573
vn -0.0142 -0.9669 0.2549
vn -0.0490 -0.9670 0.2500
vn -0.0788 -0.9663 0.2449
vn -0.1085 -0.9666 0.2322
vn -0.1336 -0.9676 0.2142
vn -0.1616 -0.9681 0.1916
vn -0.1851 -0.9677 0.1713
vn -0.2049 -0.9680 0.1445
vn -0.2181 -0.9691 0.1155
vn 0.1037 0.9941 0.0314
vn 0.0963 0.9940 0.0515
vn 0.0979 0.9940 0.0498
vn 0.1031 0.9939 0.0382
vn 0.1080 0.9939 0.0215
vn 0.1099 0.9939 0.0108
vn 0.1115 0.9937 -0.0076
vn 0.1120 0.9933 -0.0280
vn 0.1125 0.9931 -0.0341
vn 0.1068 0.9927 -0.0556
vn 0.1032 0.9924 -0.0672
vn 0.0987 0.9918 -0.0810
vn 0.0839 0.9913 -0.1010
vn 0.0729 0.9907 -0.1151
vn 0.0647 0.9905 -0.1211
vn 0.0392 0.9901 -0.1350
vn 0.0268 0.9895 -0.1422
vn 0.0090 0.9894 -0.1449
vn -0.0047 0.9894 -0.1449
vn -0.0306 0.9896 -0.1404
vn -0.0434 0.9899 -0.1350
vn -0.0591 0.9902 -0.1266
vn -0.0692 0.9907 -0.1175
vn -0.0867 0.9914 -0.0978
vn -0.0924 0.9920 -0.0855
vn -0.1022 0.9921 -0.0721
vn -0.1045 0.9927 -0.0595
vn -0.1106 0.9932 -0.0350
vn -0.1136 0.9932 -0.0238
vn -0.1134 0.9935 -0.0078
vn -0.1099 0.9939 0.0029
vn -0.1080 0.9938 0.0272
vn -0.1053 0.9937 0.0377
vn -0.0992 0.9937 0.0516
vn -0.0945 0.9937 0.0610
vn -0.0809 0.9934 0.0807
vn -0.0734 0.9934 0.0884
vn -0.0626 0.9931 0.0989
vn -0.0534 0.9932 0.1037
vn -0.0320 0.9931 0.1132
vn -0.0222 0.9928 0.1181
vn -0.0074 0.9928 0.1199
vn 0.0030 0.9928 0.1198
vn 0.0262 0.9929 0.1163
vn 0.0363 0.9929 0.1128
vn 0.0499 0.9930 0.1068
vn 0.0583 0.9932 0.1006
vn 0.0723 0.9936 0.0870
vn -0.0624 0.7715 -0.6332
vn -0.0464 0.8810 -0.4709
vn -0.0865 -0.4696 -0.8786
vn -0.0286 0.9566 -0.2902
vn -0.0976 -0.0975 -0.9904
vn -0.0938 0.2890 -0.9527
vn -0.0759 0.6326 -0.7708
vn -0.2889 -0.0975 -0.9524
vn -0.0759 -0.6326 -0.7708
vn -0.2779 -0.2890 -0.9161
vn -0.2563 -0.4696 -0.8448
vn -0.1374 0.8810 -0.4528
vn -0.2248 0.6326 -0.7412
vn -0.2563 0.4696 -0.8448
vn -0.1847 -0.7715 -0.6088
vn -0.0286 0.9951 -0.0942
vn -0.2889 0.0975 -0.9524
vn -0.3651 -0.6326 -0.6831
vn -0.4162 -0.4696 -0.7786
vn -0.2999 0.7715 -0.5611
vn -0.1374 0.9566 -0.2571
vn -0.4691 -0.0975 -0.8777
vn -0.4513 0.2890 -0.8443
vn -0.2999 -0.7715 -0.5611
vn -0.3651 0.6326 -0.6831
vn -0.6073 0.2890 -0.7400
vn -0.6314 0.0975 -0.7693
vn -0.5601 -0.4696 -0.6825
vn -0.6314 -0.0975 -0.7693
vn -0.4036 -0.7715 -0.4918
vn -0.1850 0.9566 -0.2254
vn -0.4036 0.7715 -0.4918
vn -0.7693 0.0975 -0.6314
vn -0.7400 0.2890 -0.6073
vn -0.4918 -0.7715 -0.4036
vn -0.5987 -0.6326 -0.4913
vn -0.5987 0.6326 -0.4913
vn -0.6825 -0.4696 -0.5601
vn -0.7400 -0.2890 -0.6073
vn -0.3658 0.8810 -0.3002
vn -0.6831 0.6326 -0.3651
vn -0.6831 -0.6326 -0.3651
vn -0.8443 0.2890 -0.4513
vn -0.0869 0.9951 -0.0464
vn -0.8777 -0.0975 -0.4691
vn -0.4173 0.8810 -0.2231
vn -0.5611 0.7715 -0.2999
vn -0.7786 -0.4696 -0.4162
vn -0.0942 0.9951 -0.0286
vn -0.9524 0.0975 -0.2889
vn -0.6088 -0.7715 -0.1847
vn -0.8448 0.4696 -0.2563
vn -0.6088 0.7715 -0.1847
vn -0.4528 0.8810 -0.1374
vn -0.8448 -0.4696 -0.2563
vn -0.6332 0.7715 -0.0624
vn -0.7708 0.6326 -0.0759
vn -0.7708 -0.6326 -0.0759
vn -0.8786 0.4696 -0.0865
vn -0.9527 0.2890 -0.0938
vn -0.0980 0.9951 -0.0097
vn -0.9904 -0.0975 -0.0976
vn -0.4709 0.8810 -0.0464
vn -0.2902 0.9566 0.0286
vn -0.8786 -0.4696 -0.0865
vn -0.9904 0.0975 0.0975
vn -0.0980 0.9951 0.0097
vn -0.6332 -0.7715 0.0624
vn -0.8786 0.4696 0.0865
vn -0.6332 0.7715 0.0624
vn -0.4709 0.8810 0.0464
vn -0.8786 -0.4696 0.0865
vn -0.8448 -0.4696 0.2563
vn -0.7412 -0.6326 0.2248
vn -0.6088 0.7715 0.1847
vn -0.8448 0.4696 0.2563
vn -0.9161 0.2890 0.2779
vn -0.0943 0.9951 0.0286
vn -0.9524 -0.0975 0.2889
vn -0.9161 -0.2890 0.2779
vn -0.8443 -0.2890 0.4513
vn -0.4528 0.8810 0.1374
vn -0.8777 0.0975 0.4691
vn -0.0869 0.9951 0.0464
vn -0.5611 -0.7715 0.2999
vn -0.7786 0.4696 0.4162
vn -0.6831 -0.6326 0.3651
vn -0.7786 -0.4696 0.4162
vn -0.5611 0.7715 0.2999
vn -0.6825 -0.4696 0.5601
vn -0.5987 -0.6326 0.4913
vn -0.4918 0.7715 0.4036
vn -0.6825 0.4696 0.5601
vn -0.0761 0.9951 0.0625
vn -0.7693 0.0975 0.6314
vn -0.7400 0.2890 0.6073
vn 0.3002 0.8810 0.3658
vn -0.5601 -0.4696 0.6825
vn -0.4913 -0.6326 0.5987
vn -0.3651 -0.6326 0.6831
vn -0.3002 0.8810 0.3658
vn -0.2254 0.9566 0.1850
vn -0.6314 -0.0975 0.7693
vn -0.6073 -0.2890 0.7400
vn -0.5601 0.4696 0.6825
vn -0.6314 0.0975 0.7693
vn -0.4162 0.4696 0.7786
vn -0.4513 0.2890 0.8443
vn -0.4036 -0.7715 0.4918
vn -0.4513 -0.2890 0.8443
vn -0.4162 -0.4696 0.7786
vn -0.2999 0.7715 0.5611
vn -0.3651 0.6326 0.6831
vn -0.2999 -0.7715 0.5611
vn -0.1374 0.9566 0.2571
vn -0.1847 0.7715 0.6088
vn -0.2563 -0.4696 0.8448
vn -0.1374 0.8810 0.4528
vn -0.2779 -0.2890 0.9161
vn -0.0846 0.9566 0.2790
vn -0.0464 0.9951 0.0869
vn -0.2889 -0.0975 0.9524
vn -0.4691 -0.0975 0.8777
vn -0.1847 -0.7715 0.6088
vn -0.0286 0.9951 0.0942
vn -0.2248 0.6326 0.7412
vn -0.2248 -0.6326 0.7412
vn -0.2889 0.0975 0.9524
vn -0.2779 0.2890 0.9161
vn -0.2563 0.4696 0.8448
vn -0.0865 -0.4696 0.8786
vn -0.0624 0.7715 0.6332
vn -0.0759 -0.6326 0.7708
vn -0.0759 0.6326 0.7708
vn -0.0286 0.9566 0.2902
vn -0.0624 -0.7715 0.6332
vn -0.0976 -0.0975 0.9904
vn -0.0865 0.4696 0.8786
vn -0.0938 -0.2890 0.9527
vn -0.0464 0.8810 0.4709
vn -0.0938 0.2890 0.9527
vn 0.0865 -0.4696 0.8786
vn 0.0464 0.8810 0.4709
vn -0.0976 0.0975 0.9904
vn -0.0097 0.9951 0.0980
vn 0.0759 -0.6326 0.7708
vn 0.0624 0.7715 0.6332
vn 0.3651 -0.6326 0.6831
vn 0.2999 0.7715 0.5611
vn 0.4162 -0.4696 0.7786
vn 0.2230 0.8810 0.4173
vn 0.0938 -0.2890 0.9527
vn 0.4513 -0.2890 0.8443
vn 0.1374 0.9565 0.2571
vn 0.2889 0.0975 0.9524
vn 0.3651 0.6326 0.6831
vn 0.4162 0.4696 0.7786
vn 0.4691 -0.0975 0.8777
vn 0.2999 -0.7715 0.5611
vn 0.0464 0.9951 0.0869
vn 0.4691 0.0975 0.8777
vn 0.4513 0.2890 0.8443
vn 0.0975 -0.0975 0.9904
vn 0.1850 0.9566 0.2254
vn 0.6073 -0.2890 0.7400
vn 0.5601 -0.4696 0.6825
vn 0.6314 0.0976 0.7693
vn 0.4036 0.7715 0.4918
vn 0.0625 0.9951 0.0761
vn 0.6314 -0.0975 0.7693
vn 0.5987 0.6326 0.4913
vn 0.4913 0.6326 0.5987
vn 0.4036 -0.7715 0.4918
vn 0.5601 0.4696 0.6825
vn 0.6073 0.2890 0.7400
vn 0.4918 -0.7715 0.4036
vn 0.0097 0.9951 0.0980
vn 0.7693 -0.0975 0.6314
vn 0.4913 -0.6326 0.5987
vn 0.2254 0.9566 0.1850
vn 0.0975 0.0975 0.9904
vn 0.8777 0.0975 0.4691
vn 0.5987 -0.6326 0.4913
vn 0.0761 0.9951 0.0625
vn 0.4918 0.7715 0.4036
vn 0.6825 -0.4696 0.5601
vn 0.3658 0.8810 0.3002
vn 0.7400 -0.2890 0.6073
vn -0.0991 0.9918 -0.0813
vn 0.7400 0.2890 0.6073
vn 0.6825 0.4696 0.5601
vn 0.0869 0.9951 0.0464
vn 0.6831 -0.6326 0.3651
vn 0.7693 0.0976 0.6314
vn 0.0851 0.9939 0.0699
vn 0.5611 0.7715 0.2999
vn 0.6831 0.6326 0.3651
vn 0.0938 0.2890 0.9527
vn 0.7412 -0.6326 0.2248
vn 0.8777 -0.0975 0.4691
vn 0.5611 -0.7715 0.2999
vn 0.2571 0.9566 0.1374
vn 0.8443 -0.2890 0.4513
vn 0.4173 0.8810 0.2231
vn 0.7786 -0.4696 0.4162
vn 0.8443 0.2890 0.4513
vn 0.8448 0.4696 0.2563
vn 0.6088 -0.7715 0.1847
vn 0.7412 0.6326 0.2248
vn 0.6088 0.7715 0.1847
vn 0.9524 0.0975 0.2889
vn 0.7786 0.4696 0.4162
vn 0.8448 -0.4696 0.2563
vn -0.1119 0.9937 0.0110
vn 0.0865 0.4696 0.8786
vn -0.0343 0.9930 0.1131
vn 0.4528 0.8810 0.1374
vn 0.9161 0.2890 0.2779
vn 0.9161 -0.2890 0.2779
vn 0.2790 0.9566 0.0846
vn 0.9524 -0.0975 0.2889
vn 0.0716 0.9936 0.0873
vn 0.0942 0.9951 0.0286
vn 0.9527 0.2890 0.0938
vn 0.0115 0.9931 0.1166
vn 0.9904 0.0975 0.0975
vn 0.0980 0.9951 0.0097
vn 0.9904 -0.0975 0.0975
vn 0.0624 -0.7715 0.6332
vn 0.6332 -0.7715 0.0624
vn 0.0343 0.9930 0.1129
vn 0.2902 0.9566 0.0286
vn 0.0547 0.9933 0.1023
vn 0.8786 0.4696 0.0865
vn 0.0759 0.6326 0.7708
vn 0.8786 -0.4696 -0.0865
vn 0.9527 -0.2890 0.0938
vn 0.9527 0.2890 -0.0938
vn 0.4709 0.8810 0.0464
vn 0.8786 -0.4696 0.0865
vn 0.6332 0.7715 0.0624
vn 0.7708 -0.6326 0.0759
vn 0.7708 0.6326 0.0759
vn 0.7708 0.6326 -0.0759
vn 0.7708 -0.6326 -0.0759
vn 0.6332 0.7715 -0.0624
vn 0.4709 0.8810 -0.0464
vn 0.0286 0.9951 0.0942
vn 0.8448 0.4696 -0.2563
vn -0.1114 0.9932 -0.0338
vn 0.9527 -0.2890 -0.0938
vn 0.8786 0.4696 -0.0865
vn 0.6332 -0.7715 -0.0624
vn 0.9161 -0.2890 -0.2779
vn 0.2902 0.9566 -0.0286
vn 0.9161 0.2890 -0.2779
vn 0.9904 -0.0975 -0.0975
vn -0.1126 0.9936 -0.0111
vn 0.0980 0.9951 -0.0097
vn 0.9904 0.0975 -0.0975
vn -0.0643 0.9907 -0.1202
vn -0.0824 0.9915 -0.1004
vn 0.9524 -0.0975 -0.2889
vn 0.2790 0.9566 -0.0846
vn 0.4528 0.8810 -0.1374
vn 0.2889 -0.0975 0.9524
vn -0.0139 0.9900 -0.1407
vn -0.1064 0.9927 -0.0569
vn 0.8448 -0.4696 -0.2563
vn 0.9524 0.0975 -0.2889
vn 0.0942 0.9951 -0.0286
vn 0.6088 0.7715 -0.1847
vn 0.5611 -0.7715 -0.2999
vn 0.7412 -0.6326 -0.2248
vn 0.7412 0.6326 -0.2248
vn 0.6088 -0.7715 -0.1847
vn 0.0409 0.9900 -0.1349
vn 0.8443 0.2890 -0.4513
vn 0.7786 0.4696 -0.4162
vn 0.0846 0.9566 0.2790
vn 0.2571 0.9565 -0.1374
vn 0.4173 0.8810 -0.2231
vn 0.8443 -0.2890 -0.4513
vn 0.8777 -0.0975 -0.4691
vn 0.2779 -0.2890 0.9161
vn 0.0140 0.9897 -0.1425
vn 0.6831 0.6326 -0.3651
vn -0.1058 0.9939 0.0321
vn 0.6831 -0.6326 -0.3651
vn 0.5611 0.7715 -0.2999
vn 0.7786 -0.4696 -0.4162
vn 0.0761 0.9951 -0.0625
vn 0.8777 0.0975 -0.4691
vn 0.4918 -0.7715 -0.4036
vn 0.6825 0.4696 -0.5601
vn -0.0410 0.9900 -0.1351
vn 0.7400 0.2890 -0.6073
vn 0.7693 0.0975 -0.6314
vn 0.1374 0.8810 0.4528
vn 0.4918 0.7715 -0.4036
vn 0.0869 0.9951 -0.0464
vn 0.6825 -0.4696 -0.5601
vn 0.5987 -0.6326 -0.4913
vn 0.2563 -0.4696 0.8448
vn 0.4913 0.6326 -0.5987
vn -0.0983 0.9938 0.0525
vn 0.5987 0.6326 -0.4913
vn 0.7693 -0.0975 -0.6314
vn 0.2254 0.9566 -0.1850
vn 0.7400 -0.2890 -0.6073
vn 0.3658 0.8810 -0.3002
vn 0.1060 0.9927 -0.0567
vn 0.6073 0.2890 -0.7400
vn 0.0832 0.9914 -0.1014
vn 0.5601 0.4696 -0.6825
vn 0.4036 -0.7715 -0.4918
vn 0.4913 -0.6326 -0.5987
vn 0.1847 0.7715 0.6088
vn 0.0625 0.9951 -0.0761
vn 0.6314 0.0975 -0.7693
vn 0.4036 0.7715 -0.4918
vn -0.0856 0.9938 0.0703
vn 0.3651 0.6326 -0.6831
vn 0.2248 -0.6326 0.7412
vn -0.0728 0.9934 0.0887
vn 0.5601 -0.4696 -0.6825
vn 0.2999 -0.7715 -0.5611
vn 0.3002 0.8810 -0.3658
vn 0.6073 -0.2890 -0.7400
vn 0.1850 0.9566 -0.2254
vn 0.6314 -0.0975 -0.7693
vn 0.4513 0.2890 -0.8443
vn 0.0884 0.9922 -0.0876
vn 0.4691 0.0975 -0.8777
vn 0.0464 0.9951 -0.0869
vn 0.4691 -0.0975 -0.8777
vn 0.2248 0.6326 0.7412
vn 0.0286 0.9951 -0.0942
vn 0.4162 0.4696 -0.7786
vn 0.1374 0.9566 -0.2571
vn 0.0615 0.9907 -0.1214
vn 0.2889 0.0975 -0.9524
vn 0.1847 -0.7715 0.6088
vn 0.1847 0.7715 -0.6088
vn 0.4513 -0.2890 -0.8443
vn 0.1091 0.9940 0.0075
vn 0.2231 0.8810 -0.4173
vn 0.4162 -0.4696 -0.7786
vn 0.2999 0.7715 -0.5611
vn 0.3651 -0.6326 -0.6831
vn -0.0548 0.9932 0.1024
vn 0.1847 -0.7715 -0.6088
vn 0.2248 0.6326 -0.7412
vn 0.2248 -0.6326 -0.7412
vn 0.2563 -0.4696 -0.8448
vn 0.2563 0.4696 0.8448
vn 0.0865 -0.4696 -0.8786
vn 0.2779 0.2890 -0.9161
vn 0.1374 0.8810 -0.4528
vn 0.1106 0.9938 -0.0109
vn 0.2563 0.4696 -0.8448
vn 0.0818 0.9937 0.0771
vn 0.2779 -0.2890 -0.9161
vn 0.0759 -0.6326 -0.7708
vn 0.0846 0.9566 -0.2790
vn 0.2889 -0.0975 -0.9524
vn 0.0286 0.9566 -0.2902
vn 0.0938 -0.2890 -0.9527
vn 0.0464 0.8810 -0.4709
vn 0.0975 -0.0975 -0.9904
vn 0.0865 0.4696 -0.8786
vn 0.1091 0.9933 -0.0391
vn 0.0938 0.2890 -0.9527
vn -0.0116 0.9929 0.1183
vn 0.2779 0.2890 0.9161
vn 0.0975 0.0976 -0.9904
vn 0.0759 0.6326 -0.7708
vn 0.0097 0.9951 -0.0980
vn 0.0624 0.7715 -0.6332
vn 0.0624 -0.7715 -0.6332
vn 0.0907 0.9938 0.0640
vn -0.4913 0.6326 0.5987
vn -0.4036 0.7715 0.4918
vn -0.1850 0.9566 0.2254
vn -0.2230 0.8810 0.4173
vn -0.0625 0.9951 0.0761
vn -0.6073 0.2890 0.7400
vn 0.0286 0.9566 0.2902
vn -0.4173 0.8810 0.2231
vn -0.6831 0.6326 0.3651
vn -0.2571 0.9566 0.1374
vn -0.2790 0.9566 0.0846
vn -0.7412 0.6326 0.2248
vn -0.9527 -0.2890 0.0938
vn -0.7708 0.6326 0.0759
vn -0.9904 -0.0975 0.0975
vn -0.2902 0.9565 -0.0286
vn -0.6332 -0.7715 -0.0624
vn -0.9161 -0.2890 -0.2779
vn -0.7412 0.6326 -0.2248
vn -0.9161 0.2890 -0.2779
vn -0.9524 -0.0975 -0.2889
vn -0.2571 0.9566 -0.1374
vn -0.8777 0.0975 -0.4691
vn -0.5611 -0.7715 -0.2999
vn -0.2254 0.9565 -0.1850
vn -0.4918 0.7715 -0.4036
vn -0.4913 0.6326 -0.5987
vn -0.3002 0.8810 -0.3658
vn -0.0625 0.9951 -0.0761
vn -0.5601 0.4696 -0.6825
vn -0.4162 0.4696 -0.7786
vn -0.0464 0.9951 -0.0869
vn -0.2231 0.8810 -0.4173
vn -0.1847 0.7715 -0.6088
vn -0.0846 0.9565 -0.2790
vn -0.0865 0.4696 -0.8786
vn -0.0097 0.9951 -0.0980
vn -0.0938 -0.2890 -0.9527
vn -0.4691 0.0975 0.8777
vn -0.5987 0.6326 0.4913
vn -0.3658 0.8810 0.3002
vn -0.8443 0.2890 0.4513
vn -0.8777 -0.0975 0.4691
vn -0.9524 0.0975 0.2889
vn -0.6088 -0.7715 0.1847
vn -0.7708 -0.6326 0.0759
vn -0.9527 0.2890 0.0938
vn -0.9527 -0.2890 -0.0938
vn -0.9904 0.0975 -0.0976
vn -0.2790 0.9565 -0.0846
vn -0.7412 -0.6326 -0.2248
vn -0.8443 -0.2890 -0.4513
vn -0.7786 0.4696 -0.4162
vn -0.7693 -0.0975 -0.6314
vn -0.6825 0.4696 -0.5601
vn -0.0761 0.9951 -0.0625
vn -0.4913 -0.6326 -0.5987
vn -0.6073 -0.2890 -0.7400
vn -0.4691 0.0975 -0.8777
vn -0.4513 -0.2890 -0.8443
vn -0.2779 0.2890 -0.9161
vn -0.2248 -0.6326 -0.7412
vn -0.0624 -0.7715 -0.6332
vn -0.0976 0.0975 -0.9904
vn -0.7400 -0.2890 0.6073
vn -0.7693 -0.0975 0.6314
vn -0.4918 -0.7715 0.4036
vt 0.979167 0.750000
vt 0.000000 0.750000
vt 0.000000 0.750000
vt 0.979167 0.750000
vt 0.208333 0.750000
vt 0.229167 0.750000
vt 0.229167 0.750000
vt 0.208333 0.750000
vt 0.937500 0.750000
vt 0.958333 0.750000
vt 0.937500 0.750000
vt 0.687500 0.750000
vt 0.708333 0.750000
vt 0.270833 0.750000
vt 0.291667 0.750000
vt 0.291667 0.750000
vt 0.791667 0.750000
vt 0.812500 0.750000
vt 0.812500 0.750000
vt 0.791667 0.750000
vt 0.145833 0.750000
vt 0.166667 0.750000
vt 0.145833 0.750000
vt 0.833333 0.750000
vt 0.833333 0.750000
vt 0.333333 0.750000
vt 0.354167 0.750000
vt 0.354167 0.750000
vt 0.333333 0.750000
vt 0.770833 0.750000
vt 0.312500 0.750000
vt 0.312500 0.750000
vt 0.875000 0.750000
vt 0.895833 0.750000
vt 0.895833 0.750000
vt 0.875000 0.750000
vt 0.916667 0.750000
vt 0.187500 0.750000
vt 0.187500 0.750000
vt 0.062500 0.750000
vt 0.083333 0.750000
vt 0.729167 0.750000
vt 0.666667 0.750000
vt 0.666667 0.750000
vt 0.458333 0.750000
vt 0.479167 0.750000
vt 0.479167 0.750000
vt 0.458333 0.750000
vt 0.395833 0.750000
vt 0.416667 0.750000
vt 0.395833 0.750000
vt 0.500000 0.750000
vt 0.520833 0.750000
vt 0.520833 0.750000
vt 0.750000 0.750000
vt 0.750000 0.750000
vt 0.020833 0.750000
vt 0.854167 0.750000
vt 0.854167 0.750000
vt 0.250000 0.750000
vt 0.250000 0.750000
vt 0.437500 0.750000
vt 0.104167 0.750000
vt 0.125000 0.750000
vt 0.125000 0.750000
vt 0.041667 0.750000
vt 0.041667 0.750000
vt 0.541667 0.750000
vt 0.562500 0.750000
vt 0.541667 0.750000
vt 0.375000 0.750000
vt 0.375000 0.750000
vt 0.645833 0.750000
vt 0.645833 0.750000
vt 0.604167 0.750000
vt 0.625000 0.750000
vt 0.583333 0.750000
vt 0.208333 0.750000
vt 0.208333 0.750000
vt 0.229167 0.750000
vt 0.979167 0.750000
vt 0.708333 0.750000
vt 0.687500 0.750000
vt 0.687500 0.750000
vt 0.937500 0.750000
vt 0.958333 0.750000
vt 0.958333 0.750000
vt 0.937500 0.750000
vt 0.958333 0.750000
vt 0.291667 0.750000
vt 0.937500 0.750000
vt 0.291667 0.750000
vt 0.270833 0.750000
vt 0.145833 0.750000
vt 0.791667 0.750000
vt 0.812500 0.750000
vt 0.145833 0.750000
vt 0.166667 0.750000
vt 0.833333 0.750000
vt 0.354167 0.750000
vt 0.833333 0.750000
vt 0.312500 0.750000
vt 0.312500 0.750000
vt 0.770833 0.750000
vt 0.770833 0.750000
vt 0.770833 0.750000
vt 0.875000 0.750000
vt 0.916667 0.750000
vt 0.895833 0.750000
vt 0.916667 0.750000
vt 0.875000 0.750000
vt 0.875000 0.750000
vt 0.729167 0.750000
vt 0.187500 0.750000
vt 0.062500 0.750000
vt 0.062500 0.750000
vt 0.083333 0.750000
vt 0.666667 0.750000
vt 0.729167 0.750000
vt 0.479167 0.750000
vt 0.729167 0.750000
vt 0.458333 0.750000
vt 0.479167 0.750000
vt 0.479167 0.750000
vt 0.666667 0.750000
vt 0.395833 0.750000
vt 0.416667 0.750000
vt 0.395833 0.750000
vt 0.395833 0.750000
vt 0.520833 0.750000
vt 0.500000 0.750000
vt 0.395833 0.750000
vt 0.416667 0.750000
vt 0.020833 0.750000
vt 0.750000 0.750000
vt 0.854167 0.750000
vt 0.854167 0.750000
vt 0.854167 0.750000
vt 0.250000 0.750000
vt 0.020833 0.750000
vt 0.250000 0.750000
vt 0.104167 0.750000
vt 0.104167 0.750000
vt 0.437500 0.750000
vt 0.125000 0.750000
vt 0.437500 0.750000
vt 0.104167 0.750000
vt 0.041667 0.750000
vt 0.041667 0.750000
vt 0.041667 0.750000
vt 0.541667 0.750000
vt 0.645833 0.750000
vt 0.645833 0.750000
vt 0.645833 0.750000
vt 0.604167 0.750000
vt 0.604167 0.750000
vt 0.604167 0.750000
vt 0.604167 0.750000
vt 0.625000 0.750000
vt 0.703178 0.485388
vt 0.750000 0.490000
vt 0.796822 0.485388
vt 0.841844 0.471731
vt 0.883337 0.449553
vt 0.919706 0.419706
vt 0.949553 0.383337
vt 0.971731 0.341844
vt 0.985388 0.296822
vt 0.990000 0.250000
vt 0.985388 0.203178
vt 0.971731 0.158156
vt 0.949553 0.116663
vt 0.919706 0.080294
vt 0.883337 0.050447
vt 0.841844 0.028269
vt 0.796822 0.014612
vt 0.750000 0.010000
vt 0.703178 0.014612
vt 0.658156 0.028269
vt 0.616663 0.050447
vt 0.580294 0.080294
vt 0.550447 0.116663
vt 0.528269 0.158156
vt 0.514612 0.203178
vt 0.510000 0.250000
vt 0.514612 0.296822
vt 0.528269 0.341844
vt 0.550447 0.383337
vt 0.580294 0.419706
vt 0.616663 0.449553
vt 0.658156 0.471731
vt 0.031250 0.500000
vt 0.031250 0.533333
vt 0.000000 0.533333
vt 0.000000 0.500000
vt 0.062500 0.500000
vt 0.062500 0.533333
vt 0.093750 0.500000
vt 0.093750 0.533333
vt 0.125000 0.500000
vt 0.125000 0.533333
vt 0.156250 0.500000
vt 0.156250 0.533333
vt 0.187500 0.500000
vt 0.187500 0.533333
vt 0.218750 0.500000
vt 0.218750 0.533333
vt 0.250000 0.500000
vt 0.250000 0.533333
vt 0.281250 0.500000
vt 0.281250 0.533333
vt 0.312500 0.500000
vt 0.312500 0.533333
vt 0.343750 0.500000
vt 0.343750 0.533333
vt 0.375000 0.500000
vt 0.375000 0.533333
vt 0.406250 0.500000
vt 0.406250 0.533333
vt 0.437500 0.500000
vt 0.437500 0.533333
vt 0.468750 0.500000
vt 0.468750 0.533333
vt 0.500000 0.500000
vt 0.500000 0.533333
vt 0.531250 0.500000
vt 0.531250 0.533333
vt 0.562500 0.500000
vt 0.562500 0.533333
vt 0.593750 0.500000
vt 0.593750 0.533333
vt 0.625000 0.500000
vt 0.625000 0.533333
vt 0.656250 0.500000
vt 0.656250 0.533333
vt 0.687500 0.500000
vt 0.687500 0.533333
vt 0.718750 0.500000
vt 0.718750 0.533333
vt 0.750000 0.500000
vt 0.750000 0.533333
vt 0.781250 0.500000
vt 0.781250 0.533333
vt 0.812500 0.500000
vt 0.812500 0.533333
vt 0.843750 0.500000
vt 0.843750 0.533333
vt 0.875000 0.500000
vt 0.875000 0.533333
vt 0.906250 0.500000
vt 0.906250 0.533333
vt 0.937500 0.500000
vt 0.937500 0.533333
vt 0.968750 0.500000
vt 0.968750 0.533333
vt 1.000000 0.500000
vt 1.000000 0.533333
vt 0.031250 0.556962
vt 0.000000 0.556962
vt 0.062500 0.556962
vt 0.093750 0.556962
vt 0.125000 0.556962
vt 0.156250 0.556962
vt 0.187500 0.556962
vt 0.218750 0.556962
vt 0.250000 0.556962
vt 0.281250 0.556962
vt 0.312500 0.556962
vt 0.343750 0.556962
vt 0.375000 0.556962
vt 0.406250 0.556962
vt 0.437500 0.556962
vt 0.468750 0.556962
vt 0.500000 0.556962
vt 0.531250 0.556962
vt 0.562500 0.556962
vt 0.593750 0.556962
vt 0.625000 0.556962
vt 0.656250 0.556962
vt 0.687500 0.556962
vt 0.718750 0.556962
vt 0.750000 0.556962
vt 0.781250 0.556962
vt 0.812500 0.556962
vt 0.843750 0.556962
vt 0.875000 0.556962
vt 0.906250 0.556962
vt 0.937500 0.556962
vt 0.968750 0.556962
vt 1.000000 0.556962
vt 0.520833 0.500000
vt 0.520833 0.583333
vt 0.500000 0.583333
vt 0.520833 0.666667
vt 0.500000 0.666667
vt 0.500000 0.727124
vt 0.520833 0.727124
vt 0.500000 0.416667
vt 0.520833 0.416667
vt 0.541667 0.500000
vt 0.541667 0.583333
vt 0.541667 0.666667
vt 0.541667 0.727124
vt 0.541667 0.750000
vt 0.541667 0.416667
vt 0.562500 0.583333
vt 0.562500 0.666667
vt 0.562500 0.727124
vt 0.562500 0.416667
vt 0.583333 0.500000
vt 0.583333 0.583333
vt 0.583333 0.666667
vt 0.583333 0.727124
vt 0.583333 0.750000
vt 0.583333 0.416667
vt 0.604167 0.500000
vt 0.604167 0.583333
vt 0.604167 0.666667
vt 0.604167 0.727124
vt 0.604167 0.750000
vt 0.604167 0.416667
vt 0.625000 0.583333
vt 0.625000 0.666667
vt 0.625000 0.727124
vt 0.625000 0.416667
vt 0.645833 0.500000
vt 0.645833 0.583333
vt 0.645833 0.666667
vt 0.645833 0.727124
vt 0.645833 0.750000
vt 0.645833 0.416667
vt 0.666667 0.500000
vt 0.666667 0.583333
vt 0.666667 0.666667
vt 0.666667 0.727124
vt 0.666667 0.750000
vt 0.666667 0.416667
vt 0.687500 0.583333
vt 0.687500 0.666667
vt 0.687500 0.727124
vt 0.687500 0.416667
vt 0.708333 0.500000
vt 0.708333 0.583333
vt 0.708333 0.666667
vt 0.708333 0.727124
vt 0.708333 0.750000
vt 0.708333 0.416667
vt 0.729167 0.500000
vt 0.729167 0.583333
vt 0.729167 0.666667
vt 0.729167 0.727124
vt 0.729167 0.750000
vt 0.729167 0.416667
vt 0.750000 0.583333
vt 0.750000 0.666667
vt 0.750000 0.727124
vt 0.750000 0.416667
vt 0.770833 0.500000
vt 0.770833 0.583333
vt 0.770833 0.666667
vt 0.770833 0.727124
vt 0.770833 0.416667
vt 0.791667 0.500000
vt 0.791667 0.583333
vt 0.791667 0.666667
vt 0.791667 0.727124
vt 0.791667 0.750000
vt 0.791667 0.416667
vt 0.812500 0.583333
vt 0.812500 0.666667
vt 0.812500 0.727124
vt 0.812500 0.750000
vt 0.812500 0.416667
vt 0.833333 0.500000
vt 0.833333 0.583333
vt 0.833333 0.666667
vt 0.833333 0.727124
vt 0.833333 0.416667
vt 0.854167 0.500000
vt 0.854167 0.583333
vt 0.854167 0.666667
vt 0.854167 0.727124
vt 0.854167 0.416667
vt 0.875000 0.583333
vt 0.875000 0.666667
vt 0.875000 0.727124
vt 0.875000 0.416667
vt 0.895833 0.500000
vt 0.895833 0.583333
vt 0.895833 0.666667
vt 0.895833 0.727124
vt 0.895833 0.750000
vt 0.895833 0.416667
vt 0.916667 0.500000
vt 0.916667 0.583333
vt 0.916667 0.666667
vt 0.916667 0.727124
vt 0.916667 0.416667
vt 0.937500 0.583333
vt 0.937500 0.666667
vt 0.937500 0.727124
vt 0.937500 0.416667
vt 0.958333 0.500000
vt 0.958333 0.583333
vt 0.958333 0.666667
vt 0.958333 0.727124
vt 0.958333 0.416667
vt 0.979167 0.500000
vt 0.979167 0.583333
vt 0.979167 0.666667
vt 0.979167 0.727124
vt 0.979167 0.750000
vt 0.500000 0.699346
vt 0.520833 0.699347
vt 0.979167 0.416667
vt 1.000000 0.583333
vt 1.000000 0.666667
vt 1.000000 0.727124
vt 1.000000 0.750000
vt 0.541667 0.699346
vt 0.562500 0.699346
vt 1.000000 0.416667
vt 0.000000 0.500000
vt 0.020833 0.500000
vt 0.020833 0.583333
vt 0.000000 0.583333
vt 0.020833 0.666667
vt 0.000000 0.666667
vt 0.000000 0.727124
vt 0.020833 0.727124
vt 0.020833 0.750000
vt 0.000000 0.750000
vt 0.583333 0.699346
vt 0.604167 0.699346
vt 0.000000 0.416667
vt 0.020833 0.416667
vt 0.041667 0.500000
vt 0.041667 0.583333
vt 0.041667 0.666667
vt 0.041667 0.727124
vt 0.041667 0.750000
vt 0.625000 0.699346
vt 0.645833 0.699346
vt 0.041667 0.416667
vt 0.062500 0.583333
vt 0.062500 0.666667
vt 0.062500 0.727124
vt 0.666667 0.699346
vt 0.687500 0.699346
vt 0.062500 0.416667
vt 0.083333 0.500000
vt 0.083333 0.583333
vt 0.083333 0.666667
vt 0.083333 0.727124
vt 0.708333 0.699346
vt 0.729167 0.699346
vt 0.083333 0.416667
vt 0.104167 0.500000
vt 0.104167 0.583333
vt 0.104167 0.666667
vt 0.104167 0.727124
vt 0.104167 0.750000
vt 0.750000 0.699346
vt 0.770833 0.699346
vt 0.104167 0.416667
vt 0.125000 0.583333
vt 0.125000 0.666667
vt 0.125000 0.727124
vt 0.791667 0.699346
vt 0.812500 0.699346
vt 0.125000 0.416667
vt 0.145833 0.500000
vt 0.145833 0.583333
vt 0.145833 0.666667
vt 0.145833 0.727124
vt 0.833333 0.699346
vt 0.854167 0.699346
vt 0.145833 0.416667
vt 0.166667 0.500000
vt 0.166667 0.583333
vt 0.166667 0.666667
vt 0.166667 0.727124
vt 0.166667 0.750000
vt 0.875000 0.699346
vt 0.895833 0.699346
vt 0.166667 0.416667
vt 0.187500 0.583333
vt 0.187500 0.666667
vt 0.187500 0.727124
vt 0.916667 0.699346
vt 0.937500 0.699346
vt 0.187500 0.416667
vt 0.208333 0.500000
vt 0.208333 0.583333
vt 0.208333 0.666667
vt 0.208333 0.727124
vt 0.958333 0.699346
vt 0.979167 0.699346
vt 0.208333 0.416667
vt 0.229167 0.500000
vt 0.229167 0.583333
vt 0.229167 0.666667
vt 0.229167 0.727124
vt 0.229167 0.750000
vt 1.000000 0.699346
vt 0.000000 0.699346
vt 0.020833 0.699346
vt 0.229167 0.416667
vt 0.250000 0.583333
vt 0.250000 0.666667
vt 0.250000 0.727124
vt 0.041667 0.699346
vt 0.062500 0.699346
vt 0.250000 0.416667
vt 0.270833 0.500000
vt 0.270833 0.583333
vt 0.270833 0.666667
vt 0.270833 0.727124
vt 0.270833 0.750000
vt 0.083333 0.699346
vt 0.104167 0.699346
vt 0.270833 0.416667
vt 0.291667 0.500000
vt 0.291667 0.583333
vt 0.291667 0.666667
vt 0.291667 0.727124
vt 0.125000 0.699346
vt 0.145833 0.699346
vt 0.291667 0.416667
vt 0.312500 0.583333
vt 0.312500 0.666667
vt 0.312500 0.727124
vt 0.166667 0.699346
vt 0.187500 0.699346
vt 0.312500 0.416667
vt 0.333333 0.500000
vt 0.333333 0.583333
vt 0.333333 0.666667
vt 0.333333 0.727124
vt 0.208333 0.699346
vt 0.229167 0.699347
vt 0.333333 0.416667
vt 0.354167 0.500000
vt 0.354167 0.583333
vt 0.354167 0.666667
vt 0.354167 0.727124
vt 0.250000 0.699346
vt 0.270833 0.699346
vt 0.354167 0.416667
vt 0.375000 0.583333
vt 0.375000 0.666667
vt 0.375000 0.727124
vt 0.375000 0.750000
vt 0.291667 0.699346
vt 0.312500 0.699346
vt 0.375000 0.416667
vt 0.395833 0.500000
vt 0.395833 0.583333
vt 0.395833 0.666667
vt 0.395833 0.727124
vt 0.395833 0.750000
vt 0.333333 0.699346
vt 0.354167 0.699346
vt 0.395833 0.416667
vt 0.416667 0.500000
vt 0.416667 0.583333
vt 0.416667 0.666667
vt 0.416667 0.727124
vt 0.416667 0.750000
vt 0.375000 0.699346
vt 0.395833 0.699346
vt 0.416667 0.416667
vt 0.437500 0.583333
vt 0.437500 0.666667
vt 0.437500 0.727124
vt 0.416667 0.699346
vt 0.437500 0.699346
vt 0.437500 0.416667
vt 0.458333 0.500000
vt 0.458333 0.583333
vt 0.458333 0.666667
vt 0.458333 0.727124
vt 0.458333 0.750000
vt 0.458333 0.699346
vt 0.479167 0.699346
vt 0.479167 0.727124
vt 0.458333 0.416667
vt 0.479167 0.500000
vt 0.479167 0.583333
vt 0.479167 0.666667
vt 0.479167 0.750000
vt 0.479167 0.416667
vt 0.125000 0.750000
vt 0.479167 0.750000
vt 0.270833 0.750000
vt 0.000000 0.750000
vt 0.979167 0.750000
vt 0.062500 0.750000
vt 0.041667 0.750000
vt 0.437500 0.750000
vt 0.416667 0.750000
vt 0.416667 0.750000
vt 0.958333 0.750000
vt 0.937500 0.750000
vt 0.916667 0.750000
vt 0.916667 0.750000
vt 0.458333 0.750000
vt 0.458333 0.750000
vt 0.854167 0.750000
vt 0.833333 0.750000
vt 0.895833 0.750000
vt 0.687500 0.750000
vt 0.666667 0.750000
vt 0.812500 0.750000
vt 0.875000 0.750000
vt 0.604167 0.750000
vt 0.583333 0.750000
vt 0.729167 0.750000
vt 0.729167 0.750000
vt 0.791667 0.750000
vt 0.520833 0.750000
vt 0.708333 0.750000
vt 0.354167 0.750000
vt 0.562500 0.750000
vt 0.562500 0.750000
vt 0.625000 0.750000
vt 0.625000 0.750000
vt 0.541667 0.750000
vt 0.541667 0.750000
vt 0.166667 0.750000
vt 0.166667 0.750000
vt 0.229167 0.750000
vt 0.229167 0.750000
vt 0.229167 0.750000
vt 0.083333 0.750000
vt 0.499801 0.500000
vt 0.520634 0.500000
vt 0.520634 0.583364
vt 0.500000 0.582592
vt 0.520635 0.666716
vt 0.499801 0.666716
vt 0.499807 0.333292
vt 0.520833 0.334126
vt 0.520833 0.415928
vt 0.500000 0.417408
vt 0.541667 0.500740
vt 0.541667 0.582592
vt 0.541667 0.665925
vt 0.541667 0.334126
vt 0.541667 0.415928
vt 0.562500 0.500740
vt 0.562500 0.582592
vt 0.562500 0.665925
vt 0.562307 0.333292
vt 0.562301 0.416636
vt 0.583333 0.500740
vt 0.583333 0.582592
vt 0.583333 0.665925
vt 0.583333 0.334126
vt 0.583333 0.417408
vt 0.603968 0.500000
vt 0.603968 0.583364
vt 0.603968 0.666716
vt 0.604167 0.334126
vt 0.604167 0.415928
vt 0.625000 0.500740
vt 0.625000 0.582592
vt 0.625000 0.665925
vt 0.625000 0.334126
vt 0.625000 0.415928
vt 0.645833 0.500740
vt 0.645833 0.582592
vt 0.645833 0.665925
vt 0.645641 0.333292
vt 0.645634 0.416636
vt 0.666667 0.500740
vt 0.666667 0.582592
vt 0.666667 0.665925
vt 0.666667 0.334126
vt 0.666667 0.417408
vt 0.687301 0.500000
vt 0.687301 0.583364
vt 0.687301 0.666716
vt 0.687500 0.334126
vt 0.687500 0.415928
vt 0.708333 0.500740
vt 0.708333 0.582592
vt 0.708333 0.665925
vt 0.708333 0.334126
vt 0.708333 0.415928
vt 0.729167 0.500740
vt 0.729167 0.582592
vt 0.729167 0.665925
vt 0.728974 0.333292
vt 0.728968 0.416636
vt 0.750000 0.500740
vt 0.750000 0.582592
vt 0.750000 0.665925
vt 0.750000 0.334126
vt 0.750000 0.417408
vt 0.770634 0.500000
vt 0.770634 0.583364
vt 0.770635 0.666716
vt 0.770833 0.334126
vt 0.770833 0.415928
vt 0.791667 0.500740
vt 0.791667 0.582592
vt 0.791667 0.665925
vt 0.791667 0.334126
vt 0.791667 0.415928
vt 0.812500 0.500740
vt 0.812500 0.582592
vt 0.812500 0.665925
vt 0.812307 0.333292
vt 0.812301 0.416636
vt 0.833333 0.500740
vt 0.833333 0.582592
vt 0.833333 0.665925
vt 0.833333 0.334126
vt 0.833333 0.417408
vt 0.853968 0.500000
vt 0.853968 0.583364
vt 0.853968 0.666716
vt 0.854167 0.334126
vt 0.854167 0.415928
vt 0.875000 0.500740
vt 0.875000 0.582592
vt 0.875000 0.665925
vt 0.875000 0.334126
vt 0.875000 0.415928
vt 0.895833 0.500740
vt 0.895833 0.582592
vt 0.895833 0.665925
vt 0.895641 0.333292
vt 0.895634 0.416636
vt 0.916667 0.500740
vt 0.916667 0.582592
vt 0.916667 0.665925
vt 0.916667 0.334126
vt 0.916667 0.417408
vt 0.937301 0.500000
vt 0.937301 0.583364
vt 0.937301 0.666716
vt 0.937500 0.334126
vt 0.937699 0.416636
vt 0.958333 0.500740
vt 0.958333 0.584072
vt 0.958333 0.665925
vt 0.958333 0.334126
vt 0.958532 0.416636
vt 0.979167 0.500740
vt 0.979167 0.584072
vt 0.979167 0.665925
vt 0.978974 0.333292
vt 0.978968 0.416636
vt 0.999999 0.500740
vt 0.999996 0.584072
vt 1.000005 0.665925
vt 1.000000 0.334126
vt 1.000002 0.417408
vt 0.000001 0.500740
vt 0.020634 0.500000
vt 0.020634 0.583364
vt 0.000004 0.584072
vt 0.020635 0.666716
vt -0.000005 0.665925
vt 0.000000 0.334126
vt 0.020833 0.334126
vt 0.021032 0.416636
vt -0.000002 0.417408
vt 0.041667 0.500740
vt 0.041667 0.584072
vt 0.041667 0.665925
vt 0.041667 0.334126
vt 0.041866 0.416636
vt 0.062500 0.500740
vt 0.062500 0.584072
vt 0.062500 0.665925
vt 0.062307 0.333292
vt 0.062301 0.416636
vt 0.083333 0.500740
vt 0.083333 0.584072
vt 0.083333 0.665925
vt 0.083333 0.334126
vt 0.083333 0.417408
vt 0.103968 0.500000
vt 0.103968 0.583364
vt 0.103968 0.666716
vt 0.104167 0.334126
vt 0.104366 0.416636
vt 0.125000 0.500740
vt 0.125000 0.584072
vt 0.125000 0.665925
vt 0.125000 0.334126
vt 0.125199 0.416636
vt 0.145833 0.500740
vt 0.145833 0.584072
vt 0.145833 0.665925
vt 0.145641 0.333292
vt 0.145634 0.416636
vt 0.166667 0.500740
vt 0.166667 0.584072
vt 0.166667 0.665925
vt 0.166667 0.334126
vt 0.166667 0.417408
vt 0.187301 0.500000
vt 0.187301 0.583364
vt 0.187301 0.666716
vt 0.187500 0.334126
vt 0.187699 0.416636
vt 0.208333 0.500740
vt 0.208333 0.584072
vt 0.208333 0.665925
vt 0.208333 0.334126
vt 0.208532 0.416636
vt 0.229167 0.500740
vt 0.229167 0.584072
vt 0.229167 0.665925
vt 0.228974 0.333292
vt 0.228968 0.416636
vt 0.250000 0.500740
vt 0.250000 0.584072
vt 0.250000 0.665925
vt 0.250000 0.334126
vt 0.250000 0.417408
vt 0.270634 0.500000
vt 0.270634 0.583364
vt 0.270635 0.666716
vt 0.270833 0.334126
vt 0.271032 0.416636
vt 0.291667 0.500740
vt 0.291667 0.584072
vt 0.291667 0.665925
vt 0.291667 0.334126
vt 0.291866 0.416636
vt 0.312500 0.500740
vt 0.312500 0.584072
vt 0.312500 0.665925
vt 0.312307 0.333292
vt 0.312301 0.416636
vt 0.333333 0.500740
vt 0.333333 0.584072
vt 0.333333 0.665925
vt 0.333333 0.334126
vt 0.333333 0.417408
vt 0.353967 0.500000
vt 0.353968 0.583364
vt 0.353968 0.666716
vt 0.354359 0.333292
vt 0.354366 0.416636
vt 0.375000 0.500740
vt 0.375000 0.584072
vt 0.375199 0.666716
vt 0.375000 0.334126
vt 0.375000 0.415928
vt 0.395833 0.500740
vt 0.395833 0.582592
vt 0.395833 0.667404
vt 0.395641 0.333292
vt 0.395634 0.416636
vt 0.416667 0.500740
vt 0.416667 0.582592
vt 0.416667 0.667404
vt 0.416667 0.334126
vt 0.416667 0.417408
vt 0.437301 0.500000
vt 0.437301 0.583364
vt 0.437301 0.666716
vt 0.437500 0.334126
vt 0.437500 0.415928
vt 0.458333 0.500740
vt 0.458333 0.582592
vt 0.458333 0.667404
vt 0.458333 0.334126
vt 0.458333 0.415928
vt 0.479167 0.500740
vt 0.479366 0.583364
vt 0.479365 0.666716
vt 0.478974 0.333292
vt 0.478968 0.416636
vt 0.468750 0.187500
vt 0.437500 0.187500
vt 0.406250 0.187500
vt 0.500000 0.187500
vt 0.531250 0.187500
vt 0.562500 0.187500
vt 0.593750 0.187500
vt 0.625000 0.187500
vt 0.656250 0.187500
vt 0.687500 0.187500
vt 0.718750 0.187500
vt 0.750000 0.187500
vt 0.781250 0.187500
vt 0.812500 0.187500
vt 0.843750 0.187500
vt 0.875000 0.187500
vt 0.906250 0.187500
vt 0.937500 0.187500
vt 0.968750 0.187500
vt 1.000000 0.187500
vt 0.031250 0.187500
vt 0.062500 0.187500
vt 0.093750 0.187500
vt 0.125000 0.187500
vt 0.156250 0.187500
vt 0.187500 0.187500
vt 0.218750 0.187500
vt 0.250000 0.187500
vt 0.281250 0.187500
vt 0.312500 0.187500
vt 0.343750 0.187500
vt 0.375000 0.187500
vt 0.781250 0.750000
vt 0.781250 0.812500
vt 0.750000 0.812500
vt 0.750000 0.750000
vt 0.781250 0.875000
vt 0.750000 0.875000
vt 0.781250 0.312500
vt 0.781250 0.375000
vt 0.750000 0.375000
vt 0.750000 0.312500
vt 0.781250 0.937500
vt 0.750000 0.937500
vt 0.781250 0.437500
vt 0.781250 0.500000
vt 0.750000 0.437500
vt 0.781250 0.562500
vt 0.781250 0.625000
vt 0.750000 0.625000
vt 0.750000 0.562500
vt 0.781250 0.687500
vt 0.750000 0.687500
vt 0.812500 0.437500
vt 0.812500 0.500000
vt 0.781250 0.250000
vt 0.750000 0.250000
vt 0.812500 0.375000
vt 0.812500 0.312500
vt 0.812500 0.812500
vt 0.812500 0.875000
vt 0.812500 0.687500
vt 0.812500 0.750000
vt 0.812500 0.625000
vt 0.812500 0.250000
vt 0.812500 0.937500
vt 0.796875 1.000000
vt 0.812500 0.562500
vt 0.843750 0.250000
vt 0.843750 0.312500
vt 0.843750 0.375000
vt 0.843750 0.750000
vt 0.843750 0.812500
vt 0.843750 0.875000
vt 0.843750 0.937500
vt 0.843750 0.437500
vt 0.843750 0.500000
vt 0.843750 0.562500
vt 0.843750 0.625000
vt 0.843750 0.687500
vt 0.875000 0.562500
vt 0.875000 0.625000
vt 0.875000 0.500000
vt 0.875000 0.312500
vt 0.875000 0.375000
vt 0.875000 0.437500
vt 0.875000 0.250000
vt 0.875000 0.875000
vt 0.875000 0.937500
vt 0.875000 0.750000
vt 0.875000 0.812500
vt 0.906250 0.500000
vt 0.906250 0.562500
vt 0.906250 0.625000
vt 0.906250 0.250000
vt 0.906250 0.312500
vt 0.906250 0.687500
vt 0.906250 0.750000
vt 0.875000 0.687500
vt 0.906250 0.375000
vt 0.906250 0.437500
vt 0.906250 0.812500
vt 0.906250 0.875000
vt 0.937500 0.687500
vt 0.937500 0.750000
vt 0.937500 0.250000
vt 0.937500 0.312500
vt 0.937500 0.562500
vt 0.937500 0.625000
vt 0.937500 0.937500
vt 0.921875 1.000000
vt 0.906250 0.937500
vt 0.937500 0.437500
vt 0.937500 0.500000
vt 0.937500 0.812500
vt 0.937500 0.875000
vt 0.937500 0.375000
vt 0.968750 0.937500
vt 0.953125 1.000000
vt 0.968750 0.500000
vt 0.968750 0.562500
vt 0.968750 0.250000
vt 0.968750 0.625000
vt 0.968750 0.687500
vt 0.968750 0.750000
vt 0.968750 0.812500
vt 0.968750 0.875000
vt 0.968750 0.312500
vt 0.968750 0.375000
vt 1.000000 0.750000
vt 1.000000 0.812500
vt 1.000000 0.687500
vt 1.000000 0.250000
vt 1.000000 0.312500
vt 1.000000 0.625000
vt 1.000000 0.562500
vt 1.000000 0.937500
vt 0.984375 1.000000
vt 1.000000 0.437500
vt 0.968750 0.437500
vt 1.000000 0.875000
vt 0.031250 0.875000
vt 0.031250 0.937500
vt 0.000000 0.937500
vt 0.000000 0.875000
vt 1.000000 0.375000
vt 0.031250 0.500000
vt 0.031250 0.562500
vt 0.000000 0.562500
vt 0.015625 1.000000
vt 0.031250 0.250000
vt 0.000000 0.250000
vt 0.000000 0.187500
vt 0.031250 0.625000
vt 0.031250 0.687500
vt 0.000000 0.687500
vt 0.000000 0.625000
vt 0.031250 0.750000
vt 0.031250 0.812500
vt 0.000000 0.812500
vt 0.000000 0.750000
vt 0.031250 0.312500
vt 0.031250 0.375000
vt 0.000000 0.375000
vt 0.000000 0.312500
vt 0.062500 0.312500
vt 0.062500 0.375000
vt 0.062500 0.250000
vt 0.062500 0.750000
vt 0.062500 0.812500
vt 0.062500 0.625000
vt 0.062500 0.687500
vt 0.062500 0.562500
vt 0.062500 0.937500
vt 0.046875 1.000000
vt 0.062500 0.437500
vt 0.062500 0.500000
vt 0.031250 0.437500
vt 0.093750 0.375000
vt 0.093750 0.437500
vt 0.062500 0.875000
vt 0.093750 0.500000
vt 0.093750 0.562500
vt 0.093750 0.937500
vt 0.078125 1.000000
vt 0.093750 0.250000
vt 0.093750 0.625000
vt 0.093750 0.687500
vt 0.093750 0.312500
vt 0.093750 0.750000
vt 0.093750 0.812500
vt 0.125000 0.312500
vt 0.125000 0.375000
vt 0.125000 0.250000
vt 0.125000 0.750000
vt 0.125000 0.812500
vt 0.125000 0.625000
vt 0.125000 0.687500
vt 0.125000 0.937500
vt 0.109375 1.000000
vt 0.125000 0.500000
vt 0.125000 0.562500
vt 0.375000 0.812500
vt 0.375000 0.875000
vt 0.343750 0.875000
vt 0.343750 0.812500
vt 0.156250 0.312500
vt 0.156250 0.375000
vt 0.156250 0.250000
vt 0.187500 0.250000
vt 0.187500 0.312500
vt 0.156250 0.812500
vt 0.156250 0.875000
vt 0.125000 0.875000
vt 0.093750 0.875000
vt 0.156250 0.437500
vt 0.156250 0.500000
vt 0.125000 0.437500
vt 0.156250 0.625000
vt 0.156250 0.687500
vt 0.156250 0.562500
vt 0.187500 0.625000
vt 0.187500 0.687500
vt 0.187500 0.562500
vt 0.187500 0.375000
vt 0.187500 0.437500
vt 0.187500 0.750000
vt 0.187500 0.812500
vt 0.156250 0.750000
vt 0.187500 0.875000
vt 0.187500 0.937500
vt 0.156250 0.937500
vt 0.218750 0.750000
vt 0.218750 0.812500
vt 0.218750 0.312500
vt 0.218750 0.375000
vt 0.218750 0.875000
vt 0.218750 0.437500
vt 0.218750 0.937500
vt 0.171875 1.000000
vt 0.218750 0.500000
vt 0.187500 0.500000
vt 0.218750 0.250000
vt 0.203125 1.000000
vt 0.218750 0.687500
vt 0.218750 0.562500
vt 0.218750 0.625000
vt 0.250000 0.312500
vt 0.250000 0.375000
vt 0.250000 0.812500
vt 0.250000 0.250000
vt 0.250000 0.687500
vt 0.250000 0.875000
vt 0.250000 0.937500
vt 0.250000 0.437500
vt 0.250000 0.500000
vt 0.250000 0.625000
vt 0.250000 0.562500
vt 0.281250 0.312500
vt 0.281250 0.375000
vt 0.281250 0.812500
vt 0.281250 0.875000
vt 0.234375 1.000000
vt 0.281250 0.250000
vt 0.281250 0.750000
vt 0.343750 0.250000
vt 0.343750 0.312500
vt 0.312500 0.312500
vt 0.312500 0.250000
vt 0.343750 0.750000
vt 0.312500 0.812500
vt 0.312500 0.750000
vt 0.343750 0.375000
vt 0.312500 0.375000
vt 0.312500 0.875000
vt 0.281250 0.437500
vt 0.343750 0.437500
vt 0.312500 0.437500
vt 0.343750 0.937500
vt 0.312500 0.937500
vt 0.312500 0.500000
vt 0.312500 0.562500
vt 0.281250 0.562500
vt 0.281250 0.500000
vt 0.343750 0.687500
vt 0.312500 0.687500
vt 0.343750 0.625000
vt 0.312500 0.625000
vt 0.343750 0.500000
vt 0.328125 1.000000
vt 0.343750 0.562500
vt 0.375000 0.937500
vt 0.375000 0.375000
vt 0.375000 0.437500
vt 0.375000 0.312500
vt 0.375000 0.500000
vt 0.375000 0.562500
vt 0.375000 0.750000
vt 0.359375 1.000000
vt 0.406250 0.687500
vt 0.406250 0.750000
vt 0.375000 0.687500
vt 0.375000 0.250000
vt 0.375000 0.625000
vt 0.406250 0.250000
vt 0.281250 0.937500
vt 0.265625 1.000000
vt 0.406250 0.437500
vt 0.406250 0.500000
vt 0.406250 0.875000
vt 0.406250 0.937500
vt 0.437500 0.500000
vt 0.437500 0.562500
vt 0.406250 0.562500
vt 0.406250 0.312500
vt 0.390625 1.000000
vt 0.406250 0.812500
vt 0.406250 0.375000
vt 0.406250 0.625000
vt 0.437500 0.937500
vt 0.421875 1.000000
vt 0.437500 0.250000
vt 0.437500 0.312500
vt 0.437500 0.750000
vt 0.437500 0.812500
vt 0.437500 0.687500
vt 0.281250 0.625000
vt 0.468750 0.250000
vt 0.468750 0.312500
vt 0.437500 0.437500
vt 0.437500 0.875000
vt 0.437500 0.375000
vt 0.437500 0.625000
vt 0.468750 0.625000
vt 0.468750 0.687500
vt 0.468750 0.750000
vt 0.468750 0.812500
vt 0.468750 0.500000
vt 0.468750 0.562500
vt 0.468750 0.375000
vt 0.281250 0.687500
vt 0.468750 0.875000
vt 0.468750 0.437500
vt 0.468750 0.937500
vt 0.453125 1.000000
vt 0.500000 0.562500
vt 0.500000 0.625000
vt 0.500000 0.500000
vt 0.500000 0.937500
vt 0.484375 1.000000
vt 0.500000 0.437500
vt 0.500000 0.250000
vt 0.500000 0.875000
vt 0.500000 0.687500
vt 0.531250 0.312500
vt 0.531250 0.375000
vt 0.500000 0.375000
vt 0.500000 0.312500
vt 0.531250 0.562500
vt 0.531250 0.625000
vt 0.500000 0.812500
vt 0.500000 0.750000
vt 0.531250 0.687500
vt 0.531250 0.750000
vt 0.531250 0.250000
vt 0.531250 0.812500
vt 0.531250 0.875000
vt 0.296875 1.000000
vt 0.562500 0.625000
vt 0.562500 0.687500
vt 0.531250 0.437500
vt 0.562500 0.375000
vt 0.562500 0.437500
vt 0.531250 0.937500
vt 0.562500 0.562500
vt 0.515625 1.000000
vt 0.562500 0.875000
vt 0.562500 0.937500
vt 0.562500 0.812500
vt 0.562500 0.312500
vt 0.546875 1.000000
vt 0.593750 0.250000
vt 0.562500 0.250000
vt 0.593750 0.562500
vt 0.593750 0.625000
vt 0.593750 0.687500
vt 0.593750 0.875000
vt 0.593750 0.937500
vt 0.593750 0.812500
vt 0.593750 0.375000
vt 0.593750 0.437500
vt 0.593750 0.750000
vt 0.593750 0.312500
vt 0.625000 0.937500
vt 0.609375 1.000000
vt 0.625000 0.250000
vt 0.625000 0.625000
vt 0.625000 0.687500
vt 0.625000 0.562500
vt 0.625000 0.812500
vt 0.578125 1.000000
vt 0.625000 0.312500
vt 0.625000 0.375000
vt 0.656250 0.687500
vt 0.656250 0.750000
vt 0.625000 0.437500
vt 0.625000 0.875000
vt 0.656250 0.562500
vt 0.656250 0.625000
vt 0.656250 0.250000
vt 0.656250 0.312500
vt 0.656250 0.937500
vt 0.640625 1.000000
vt 0.656250 0.812500
vt 0.687500 0.687500
vt 0.656250 0.375000
vt 0.687500 0.250000
vt 0.656250 0.875000
vt 0.656250 0.437500
vt 0.687500 0.562500
vt 0.687500 0.625000
vt 0.687500 0.937500
vt 0.671875 1.000000
vt 0.687500 0.437500
vt 0.718750 0.937500
vt 0.703125 1.000000
vt 0.687500 0.875000
vt 0.718750 0.562500
vt 0.718750 0.750000
vt 0.718750 0.812500
vt 0.687500 0.812500
vt 0.687500 0.375000
vt 0.687500 0.312500
vt 0.718750 0.250000
vt 0.718750 0.687500
vt 0.718750 0.312500
vt 0.718750 0.375000
vt 0.718750 0.625000
vt 0.718750 0.875000
vt 0.718750 0.437500
vt 0.734375 1.000000
vt 0.140625 1.000000
vt 0.000000 0.437500
vt 0.859375 1.000000
vt 0.828125 1.000000
vt 0.765625 1.000000
vt 0.890625 1.000000
s 0
f 137/1/1 291/2/1 91/3/1 43/4/1
f 217/5/2 166/6/2 90/7/2 88/8/2
f 311/9/3 146/10/3 51/10/3 50/11/3
f 187/12/4 216/13/4 72/13/4 71/12/4
f 316/14/5 116/15/5 80/16/5 70/14/5
f 127/17/6 156/18/6 59/19/6 67/20/6
f 321/21/7 246/22/7 87/22/7 86/23/7
f 156/18/8 147/24/8 55/25/8 59/19/8
f 176/26/9 167/27/9 93/28/9 74/29/9
f 146/10/10 137/1/10 43/4/10 51/10/10
f 136/30/11 127/17/11 67/20/11 66/30/11
f 116/15/12 107/31/12 82/32/12 80/16/12
f 106/33/13 97/34/13 56/35/13 62/36/13
f 97/34/14 257/37/14 52/37/14 56/35/14
f 246/22/15 226/38/15 76/39/15 87/22/15
f 236/40/16 227/41/16 96/41/16 95/40/16
f 216/13/17 207/42/17 64/42/17 72/13/17
f 196/43/18 187/12/18 71/12/18 63/44/18
f 126/45/19 117/46/19 45/47/19 54/48/19
f 186/49/20 177/50/20 42/50/20 47/51/20
f 306/52/21 297/53/21 84/54/21 60/52/21
f 107/31/22 176/26/22 74/29/22 82/32/22
f 296/55/23 136/30/23 66/30/23 58/56/23
f 291/2/24 282/57/24 92/57/24 91/3/24
f 281/58/25 106/33/25 62/36/25 61/59/25
f 166/6/26 157/60/26 79/61/26 90/7/26
f 177/50/27 241/62/27 53/62/27 42/50/27
f 332/63/28 331/64/28 44/65/28 83/63/28
f 331/64/29 321/21/29 86/23/29 44/65/29
f 257/37/30 311/9/30 50/11/30 52/37/30
f 147/24/31 281/58/31 61/59/31 55/25/31
f 207/42/32 296/55/32 58/56/32 64/42/32
f 157/60/33 316/14/33 70/14/33 79/61/33
f 117/46/34 306/52/34 60/52/34 45/47/34
f 276/66/35 236/40/35 95/40/35 46/67/35
f 271/68/36 262/69/36 75/69/36 85/70/36
f 167/27/37 252/71/37 94/72/37 93/28/37
f 251/73/38 196/43/38 63/44/38 69/74/38
f 241/62/39 126/45/39 54/48/39 53/62/39
f 226/38/40 217/5/40 88/8/40 76/39/40
f 206/75/41 197/76/41 78/76/41 77/75/41
f 252/71/42 186/49/42 47/51/42 94/72/42
f 282/57/43 276/66/43 46/67/43 92/57/43
f 262/69/44 326/77/44 68/77/44 75/69/44
f 227/41/45 332/63/45 83/63/45 96/41/45
f 326/77/46 206/75/46 77/75/46 68/77/46
f 197/76/47 251/73/47 69/74/47 78/76/47
f 297/53/48 271/68/48 85/70/48 84/54/48
f 219/8/49 164/7/49 165/6/49 218/78/49
f 220/79/50 163/80/50 164/7/50 219/8/50
f 138/1/51 290/3/51 291/2/51 137/1/51
f 221/8/52 162/7/52 163/80/52 220/79/52
f 139/81/53 289/3/53 290/3/53 138/1/53
f 8/8/54 7/7/54 162/7/54 221/8/54
f 140/81/55 288/3/55 289/3/55 139/81/55
f 141/1/56 287/3/56 288/3/56 140/81/56
f 81/4/57 6/3/57 287/3/57 141/1/57
f 218/78/58 165/6/58 166/6/58 217/5/58
f 188/12/59 215/82/59 216/13/59 187/12/59
f 189/83/60 214/13/60 215/82/60 188/12/60
f 190/84/61 213/82/61 214/13/61 189/83/61
f 310/85/62 145/86/62 146/10/62 311/9/62
f 191/84/63 212/13/63 213/82/63 190/84/63
f 309/11/64 144/87/64 145/86/64 310/85/64
f 23/12/65 22/13/65 212/13/65 191/84/65
f 308/88/66 143/89/66 144/87/66 309/11/66
f 315/14/67 115/90/67 116/15/67 316/14/67
f 307/91/68 142/10/68 143/89/68 308/88/68
f 314/14/69 114/16/69 115/90/69 315/14/69
f 48/11/70 41/10/70 142/10/70 307/91/70
f 312/14/71 112/15/71 113/92/71 313/93/71
f 319/23/72 244/22/72 245/22/72 320/23/72
f 24/14/73 15/16/73 112/15/73 312/14/73
f 318/94/74 243/22/74 244/22/74 319/23/74
f 128/95/75 155/96/75 156/18/75 127/17/75
f 317/97/76 242/98/76 243/22/76 318/94/76
f 129/20/77 154/18/77 155/96/77 128/95/77
f 130/20/78 153/96/78 154/18/78 129/20/78
f 131/20/79 152/96/79 153/96/79 130/20/79
f 27/20/80 34/19/80 152/96/80 131/20/80
f 313/93/81 113/92/81 114/16/81 314/14/81
f 320/23/82 245/22/82 246/22/82 321/21/82
f 34/19/83 37/25/83 151/99/83 152/96/83
f 175/29/84 168/27/84 167/27/84 176/26/84
f 174/26/85 169/27/85 168/27/85 175/29/85
f 10/23/86 9/22/86 242/98/86 317/97/86
f 173/29/87 170/100/87 169/27/87 174/26/87
f 155/96/88 148/25/88 147/24/88 156/18/88
f 172/29/89 171/27/89 170/100/89 173/29/89
f 154/18/90 149/101/90 148/25/90 155/96/90
f 21/29/91 4/28/91 171/27/91 172/29/91
f 153/96/92 150/25/92 149/101/92 154/18/92
f 145/86/93 138/1/93 137/1/93 146/10/93
f 152/96/94 151/99/94 150/25/94 153/96/94
f 115/90/95 108/32/95 107/31/95 116/15/95
f 142/10/96 141/1/96 140/81/96 143/89/96
f 114/16/97 109/102/97 108/32/97 115/90/97
f 41/10/98 81/4/98 141/1/98 142/10/98
f 113/92/99 110/103/99 109/102/99 114/16/99
f 135/104/100 128/95/100 127/17/100 136/30/100
f 134/104/101 129/20/101 128/95/101 135/104/101
f 133/105/102 130/20/102 129/20/102 134/104/102
f 132/106/103 131/20/103 130/20/103 133/105/103
f 144/87/104 139/81/104 138/1/104 145/86/104
f 28/30/105 27/20/105 131/20/105 132/106/105
f 143/89/106 140/81/106 139/81/106 144/87/106
f 31/36/107 36/35/107 101/34/107 102/107/107
f 98/34/108 258/108/108 257/37/108 97/34/108
f 112/15/109 111/103/109 110/103/109 113/92/109
f 99/109/110 259/110/110 258/108/110 98/34/110
f 15/16/111 14/32/111 111/103/111 112/15/111
f 100/35/112 260/37/112 259/110/112 99/109/112
f 105/33/113 98/34/113 97/34/113 106/33/113
f 101/34/114 261/37/114 260/37/114 100/35/114
f 104/111/115 99/109/115 98/34/115 105/33/115
f 36/35/116 40/37/116 261/37/116 101/34/116
f 103/112/117 100/35/117 99/109/117 104/111/117
f 102/107/118 101/34/118 100/35/118 103/112/118
f 243/22/119 223/39/119 224/39/119 244/22/119
f 215/82/120 208/113/120 207/42/120 216/13/120
f 242/98/121 222/114/121 223/39/121 243/22/121
f 214/13/122 209/113/122 208/113/122 215/82/122
f 9/22/123 19/39/123 222/114/123 242/98/123
f 235/115/124 228/41/124 227/41/124 236/40/124
f 234/116/125 229/41/125 228/41/125 235/115/125
f 233/40/126 230/41/126 229/41/126 234/116/126
f 245/22/127 225/39/127 226/38/127 246/22/127
f 232/40/128 231/117/128 230/41/128 233/40/128
f 244/22/129 224/39/129 225/39/129 245/22/129
f 2/40/130 1/41/130 231/117/130 232/40/130
f 192/118/131 191/84/131 190/84/131 193/43/131
f 30/44/132 23/12/132 191/84/132 192/118/132
f 213/82/133 210/119/133 209/113/133 214/13/133
f 125/48/134 118/120/134 117/46/134 126/45/134
f 212/13/135 211/121/135 210/119/135 213/82/135
f 124/122/136 119/123/136 118/120/136 125/48/136
f 22/13/137 29/42/137 211/121/137 212/13/137
f 123/48/138 120/124/138 119/123/138 124/122/138
f 195/125/139 188/12/139 187/12/139 196/43/139
f 122/48/140 121/124/140 120/124/140 123/48/140
f 194/43/141 189/83/141 188/12/141 195/125/141
f 193/43/142 190/84/142 189/83/142 194/43/142
f 33/52/143 12/54/143 301/54/143 302/52/143
f 183/126/144 180/127/144 179/50/144 184/128/144
f 108/32/145 175/29/145 176/26/145 107/31/145
f 182/129/146 181/50/146 180/127/146 183/126/146
f 49/51/147 89/50/147 181/50/147 182/129/147
f 305/52/148 298/130/148 297/53/148 306/52/148
f 304/131/149 299/53/149 298/130/149 305/52/149
f 38/48/150 65/47/150 121/124/150 122/48/150
f 303/52/151 300/54/151 299/53/151 304/131/151
f 185/132/152 178/133/152 177/50/152 186/49/152
f 302/52/153 301/54/153 300/54/153 303/52/153
f 184/128/154 179/50/154 178/133/154 185/132/154
f 292/55/155 132/106/155 133/105/155 293/56/155
f 109/102/156 174/26/156 175/29/156 108/32/156
f 35/56/157 28/30/157 132/106/157 292/55/157
f 110/103/158 173/29/158 174/26/158 109/102/158
f 290/3/159 283/57/159 282/57/159 291/2/159
f 111/103/160 172/29/160 173/29/160 110/103/160
f 289/3/161 284/57/161 283/57/161 290/3/161
f 14/32/162 21/29/162 172/29/162 111/103/162
f 288/3/163 285/134/163 284/57/163 289/3/163
f 295/135/164 135/104/164 136/30/164 296/55/164
f 294/55/165 134/104/165 135/104/165 295/135/165
f 293/56/166 133/105/166 134/104/166 294/55/166
f 7/7/167 16/61/167 161/61/167 162/7/167
f 278/136/168 103/112/168 104/111/168 279/137/168
f 277/138/169 102/107/169 103/112/169 278/136/169
f 32/59/170 31/36/170 102/107/170 277/138/170
f 165/6/171 158/139/171 157/60/171 166/6/171
f 287/3/172 286/140/172 285/134/172 288/3/172
f 164/7/173 159/141/173 158/139/173 165/6/173
f 6/3/174 5/57/174 286/140/174 287/3/174
f 163/80/175 160/61/175 159/141/175 164/7/175
f 280/138/176 105/33/176 106/33/176 281/58/176
f 162/7/177 161/61/177 160/61/177 163/80/177
f 279/137/178 104/111/178 105/33/178 280/138/178
f 178/133/179 240/62/179 241/62/179 177/50/179
f 336/142/180 327/65/180 328/65/180 335/143/180
f 179/50/181 239/144/181 240/62/181 178/133/181
f 13/63/182 73/65/182 327/65/182 336/142/182
f 180/127/183 238/62/183 239/144/183 179/50/183
f 330/145/184 320/23/184 321/21/184 331/64/184
f 181/50/185 237/146/185 238/62/185 180/127/185
f 329/145/186 319/23/186 320/23/186 330/145/186
f 89/50/187 39/62/187 237/146/187 181/50/187
f 333/147/188 330/145/188 331/64/188 332/63/188
f 334/143/189 329/145/189 330/145/189 333/147/189
f 335/143/190 328/65/190 329/145/190 334/143/190
f 259/110/191 309/11/191 310/85/191 258/108/191
f 260/37/192 308/88/192 309/11/192 259/110/192
f 261/37/193 307/91/193 308/88/193 260/37/193
f 40/37/194 48/11/194 307/91/194 261/37/194
f 328/65/195 318/94/195 319/23/195 329/145/195
f 148/25/196 280/138/196 281/58/196 147/24/196
f 327/65/197 317/97/197 318/94/197 328/65/197
f 149/101/198 279/137/198 280/138/198 148/25/198
f 73/65/199 10/23/199 317/97/199 327/65/199
f 150/25/200 278/136/200 279/137/200 149/101/200
f 258/108/201 310/85/201 311/9/201 257/37/201
f 151/99/202 277/138/202 278/136/202 150/25/202
f 160/61/203 313/93/203 314/14/203 159/141/203
f 208/113/204 295/135/204 296/55/204 207/42/204
f 161/61/205 312/14/205 313/93/205 160/61/205
f 209/113/206 294/55/206 295/135/206 208/113/206
f 16/61/207 24/14/207 312/14/207 161/61/207
f 210/119/208 293/56/208 294/55/208 209/113/208
f 118/120/209 305/52/209 306/52/209 117/46/209
f 211/121/210 292/55/210 293/56/210 210/119/210
f 29/42/211 35/56/211 292/55/211 211/121/211
f 158/139/212 315/14/212 316/14/212 157/60/212
f 159/141/213 314/14/213 315/14/213 158/139/213
f 37/25/214 32/59/214 277/138/214 151/99/214
f 274/148/215 234/116/215 235/115/215 275/149/215
f 273/150/216 233/40/216 234/116/216 274/148/216
f 272/149/217 232/40/217 233/40/217 273/150/217
f 119/123/218 304/131/218 305/52/218 118/120/218
f 57/67/219 2/40/219 232/40/219 272/149/219
f 120/124/220 303/52/220 304/131/220 119/123/220
f 270/151/221 263/69/221 262/69/221 271/68/221
f 121/124/222 302/52/222 303/52/222 120/124/222
f 269/70/223 264/69/223 263/69/223 270/151/223
f 65/47/224 33/52/224 302/52/224 121/124/224
f 268/70/225 265/69/225 264/69/225 269/70/225
f 275/149/226 235/115/226 236/40/226 276/66/226
f 11/70/227 20/69/227 266/69/227 267/70/227
f 248/152/228 193/43/228 194/43/228 249/74/228
f 168/27/229 253/72/229 252/71/229 167/27/229
f 247/153/230 192/118/230 193/43/230 248/152/230
f 169/27/231 254/71/231 253/72/231 168/27/231
f 25/74/232 30/44/232 192/118/232 247/153/232
f 170/100/233 255/71/233 254/71/233 169/27/233
f 171/27/234 256/72/234 255/71/234 170/100/234
f 4/28/235 3/72/235 256/72/235 171/27/235
f 250/154/236 195/125/236 196/43/236 251/73/236
f 267/70/237 266/69/237 265/69/237 268/70/237
f 249/74/238 194/43/238 195/125/238 250/154/238
f 225/39/239 218/78/239 217/5/239 226/38/239
f 224/39/240 219/8/240 218/78/240 225/39/240
f 223/39/241 220/79/241 219/8/241 224/39/241
f 240/62/242 125/48/242 126/45/242 241/62/242
f 222/114/243 221/8/243 220/79/243 223/39/243
f 239/144/244 124/122/244 125/48/244 240/62/244
f 19/39/245 8/8/245 221/8/245 222/114/245
f 238/62/246 123/48/246 124/122/246 239/144/246
f 205/155/247 198/76/247 197/76/247 206/75/247
f 237/146/248 122/48/248 123/48/248 238/62/248
f 204/156/249 199/76/249 198/76/249 205/155/249
f 39/62/250 38/48/250 122/48/250 237/146/250
f 284/57/251 274/148/251 275/149/251 283/57/251
f 18/75/252 17/76/252 201/76/252 202/157/252
f 285/134/253 273/150/253 274/148/253 284/57/253
f 253/72/254 185/132/254 186/49/254 252/71/254
f 286/140/255 272/149/255 273/150/255 285/134/255
f 254/71/256 184/128/256 185/132/256 253/72/256
f 255/71/257 183/126/257 184/128/257 254/71/257
f 256/72/258 182/129/258 183/126/258 255/71/258
f 3/72/259 49/51/259 182/129/259 256/72/259
f 203/158/260 200/159/260 199/76/260 204/156/260
f 283/57/261 275/149/261 276/66/261 282/57/261
f 202/157/262 201/76/262 200/159/262 203/158/262
f 228/41/263 333/147/263 332/63/263 227/41/263
f 229/41/264 334/143/264 333/147/264 228/41/264
f 5/57/265 57/67/265 272/149/265 286/140/265
f 230/41/266 335/143/266 334/143/266 229/41/266
f 263/69/267 325/77/267 326/77/267 262/69/267
f 231/117/268 336/142/268 335/143/268 230/41/268
f 264/69/269 324/77/269 325/77/269 263/69/269
f 1/41/270 13/63/270 336/142/270 231/117/270
f 265/69/271 323/77/271 324/77/271 264/69/271
f 325/77/272 205/155/272 206/75/272 326/77/272
f 266/69/273 322/77/273 323/77/273 265/69/273
f 20/69/274 26/77/274 322/77/274 266/69/274
f 299/53/275 269/70/275 270/151/275 298/130/275
f 26/77/276 18/75/276 202/157/276 322/77/276
f 300/54/277 268/70/277 269/70/277 299/53/277
f 198/76/278 250/154/278 251/73/278 197/76/278
f 199/76/279 249/74/279 250/154/279 198/76/279
f 200/159/280 248/152/280 249/74/280 199/76/280
f 201/76/281 247/153/281 248/152/281 200/159/281
f 324/77/282 204/156/282 205/155/282 325/77/282
f 17/76/283 25/74/283 247/153/283 201/76/283
f 323/77/284 203/158/284 204/156/284 324/77/284
f 298/130/285 270/151/285 271/68/285 297/53/285
f 322/77/286 202/157/286 203/158/286 323/77/286
f 301/54/287 267/70/287 268/70/287 300/54/287
f 12/54/288 11/70/288 267/70/288 301/54/288
f 368/160/289 337/161/289 338/162/289 339/163/289 340/164/289 341/165/289 342/166/289 343/167/289 344/168/289 345/169/289 346/170/289 347/171/289 348/172/289 349/173/289 350/174/289 351/175/289 352/176/289 353/177/289 354/178/289 355/179/289 356/180/289 357/181/289 358/182/289 359/183/289 360/184/289 361/185/289 362/186/289 363/187/289 364/188/289 365/189/289 366/190/289 367/191/289
f 368/192/290 400/193/290 369/194/290 337/195/290
f 367/196/291 399/197/291 400/193/291 368/192/291
f 366/198/292 398/199/292 399/197/292 367/196/292
f 365/200/293 397/201/293 398/199/293 366/198/293
f 364/202/294 396/203/294 397/201/294 365/200/294
f 363/204/295 395/205/295 396/203/295 364/202/295
f 362/206/296 394/207/296 395/205/296 363/204/296
f 361/208/297 393/209/297 394/207/297 362/206/297
f 360/210/298 392/211/298 393/209/298 361/208/298
f 359/212/299 391/213/299 392/211/299 360/210/299
f 358/214/300 390/215/300 391/213/300 359/212/300
f 357/216/301 389/217/301 390/215/301 358/214/301
f 356/218/302 388/219/302 389/217/302 357/216/302
f 355/220/303 387/221/303 388/219/303 356/218/303
f 354/222/304 386/223/304 387/221/304 355/220/304
f 353/224/305 385/225/305 386/223/305 354/222/305
f 352/226/306 384/227/306 385/225/306 353/224/306
f 351/228/307 383/229/307 384/227/307 352/226/307
f 350/230/308 382/231/308 383/229/308 351/228/308
f 349/232/309 381/233/309 382/231/309 350/230/309
f 348/234/310 380/235/310 381/233/310 349/232/310
f 347/236/311 379/237/311 380/235/311 348/234/311
f 346/238/312 378/239/312 379/237/312 347/236/312
f 345/240/313 377/241/313 378/239/313 346/238/313
f 344/242/314 376/243/314 377/241/314 345/240/314
f 343/244/315 375/245/315 376/243/315 344/242/315
f 342/246/316 374/247/316 375/245/316 343/244/316
f 341/248/317 373/249/317 374/247/317 342/246/317
f 340/250/318 372/251/318 373/249/318 341/248/318
f 339/252/319 371/253/319 372/251/319 340/250/319
f 338/254/320 370/255/320 371/253/320 339/252/320
f 337/256/321 369/257/321 370/255/321 338/254/321
f 400/193/322 432/258/322 401/259/322 369/194/322
f 399/197/323 431/260/323 432/258/323 400/193/323
f 398/199/324 430/261/324 431/260/324 399/197/324
f 397/201/325 429/262/325 430/261/325 398/199/325
f 396/203/326 428/263/326 429/262/326 397/201/326
f 395/205/327 427/264/327 428/263/327 396/203/327
f 394/207/328 426/265/328 427/264/328 395/205/328
f 393/209/329 425/266/329 426/265/329 394/207/329
f 392/211/330 424/267/330 425/266/330 393/209/330
f 391/213/331 423/268/331 424/267/331 392/211/331
f 390/215/332 422/269/332 423/268/332 391/213/332
f 389/217/333 421/270/333 422/269/333 390/215/333
f 388/219/334 420/271/334 421/270/334 389/217/334
f 387/221/335 419/272/335 420/271/335 388/219/335
f 386/223/336 418/273/336 419/272/336 387/221/336
f 385/225/337 417/274/337 418/273/337 386/223/337
f 384/227/338 416/275/338 417/274/338 385/225/338
f 383/229/339 415/276/339 416/275/339 384/227/339
f 382/231/340 414/277/340 415/276/340 383/229/340
f 381/233/341 413/278/341 414/277/341 382/231/341
f 380/235/342 412/279/342 413/278/342 381/233/342
f 379/237/343 411/280/343 412/279/343 380/235/343
f 378/239/344 410/281/344 411/280/344 379/237/344
f 377/241/345 409/282/345 410/281/345 378/239/345
f 376/243/346 408/283/346 409/282/346 377/241/346
f 375/245/347 407/284/347 408/283/347 376/243/347
f 374/247/348 406/285/348 407/284/348 375/245/348
f 373/249/349 405/286/349 406/285/349 374/247/349
f 372/251/350 404/287/350 405/286/350 373/249/350
f 371/253/351 403/288/351 404/287/351 372/251/351
f 370/255/352 402/289/352 403/288/352 371/253/352
f 369/257/353 401/290/353 402/289/353 370/255/353
f 433/224/354 438/291/354 439/292/354 434/293/354
f 434/293/355 439/292/355 440/294/355 435/295/355
f 764/296/356 602/297/356 441/54/356 436/52/356
f 437/298/357 442/299/357 438/291/357 433/224/357
f 438/291/358 443/300/358 444/301/358 439/292/358
f 439/292/359 444/301/359 445/302/359 440/294/359
f 602/297/360 656/303/360 446/304/360 441/54/360
f 442/299/361 447/305/361 443/300/361 438/291/361
f 443/300/362 448/228/362 449/306/362 444/301/362
f 444/301/363 449/306/363 450/307/363 445/302/363
f 656/303/364 703/308/364 451/69/364 446/304/364
f 447/305/365 452/309/365 448/228/365 443/300/365
f 448/228/366 453/310/366 454/311/366 449/306/366
f 449/306/367 454/311/367 455/312/367 450/307/367
f 703/308/368 757/313/368 456/314/368 451/69/368
f 452/309/369 457/315/369 453/310/369 448/228/369
f 453/310/370 458/316/370 459/317/370 454/311/370
f 454/311/371 459/317/371 460/318/371 455/312/371
f 757/313/372 595/319/372 461/320/372 456/314/372
f 457/315/373 462/321/373 458/316/373 453/310/373
f 458/316/374 463/232/374 464/322/374 459/317/374
f 459/317/375 464/322/375 465/323/375 460/318/375
f 595/319/376 649/324/376 466/76/376 461/320/376
f 462/321/377 467/325/377 463/232/377 458/316/377
f 463/232/378 468/326/378 469/327/378 464/322/378
f 464/322/379 469/327/379 470/328/379 465/323/379
f 649/324/380 701/329/380 471/330/380 466/76/380
f 467/325/381 472/331/381 468/326/381 463/232/381
f 468/326/382 473/332/382 474/333/382 469/327/382
f 469/327/383 474/333/383 475/334/383 470/328/383
f 701/329/384 755/335/384 476/336/384 471/330/384
f 472/331/385 477/337/385 473/332/385 468/326/385
f 473/332/386 478/236/386 479/338/386 474/333/386
f 474/333/387 479/338/387 480/339/387 475/334/387
f 755/335/388 593/340/388 481/12/388 476/336/388
f 477/337/389 482/341/389 478/236/389 473/332/389
f 478/236/390 483/342/390 484/343/390 479/338/390
f 479/338/391 484/343/391 485/344/391 480/339/391
f 593/340/392 647/345/392 486/346/392 481/12/392
f 482/341/393 487/347/393 483/342/393 478/236/393
f 483/342/394 488/348/394 489/349/394 484/343/394
f 484/343/395 489/349/395 490/350/395 485/344/395
f 647/345/396 694/351/396 491/352/396 486/346/396
f 487/347/397 492/353/397 488/348/397 483/342/397
f 488/348/398 493/240/398 494/354/398 489/349/398
f 489/349/399 494/354/399 495/355/399 490/350/399
f 694/351/400 748/356/400 496/55/400 491/352/400
f 492/353/401 497/357/401 493/240/401 488/348/401
f 493/240/402 498/358/402 499/359/402 494/354/402
f 494/354/403 499/359/403 500/360/403 495/355/403
f 748/356/404 586/361/404 501/30/404 496/55/404
f 497/357/405 502/362/405 498/358/405 493/240/405
f 498/358/406 503/363/406 504/364/406 499/359/406
f 499/359/407 504/364/407 505/365/407 500/360/407
f 586/361/408 640/366/408 506/367/408 501/30/408
f 502/362/409 507/368/409 503/363/409 498/358/409
f 503/363/410 508/244/410 509/369/410 504/364/410
f 504/364/411 509/369/411 510/370/411 505/365/411
f 640/366/412 692/371/412 511/372/412 506/367/412
f 507/368/413 512/373/413 508/244/413 503/363/413
f 508/244/414 513/374/414 514/375/414 509/369/414
f 509/369/415 514/375/415 515/376/415 510/370/415
f 692/371/416 746/377/416 516/24/416 511/372/416
f 512/373/417 517/378/417 513/374/417 508/244/417
f 513/374/418 518/379/418 519/380/418 514/375/418
f 514/375/419 519/380/419 520/381/419 515/376/419
f 746/377/420 584/382/420 521/59/420 516/24/420
f 517/378/421 522/383/421 518/379/421 513/374/421
f 518/379/422 523/248/422 524/384/422 519/380/422
f 519/380/423 524/384/423 525/385/423 520/381/423
f 584/382/424 638/386/424 526/33/424 521/59/424
f 522/383/425 527/387/425 523/248/425 518/379/425
f 523/248/426 528/388/426 529/389/426 524/384/426
f 524/384/427 529/389/427 530/390/427 525/385/427
f 638/386/428 685/391/428 531/392/428 526/33/428
f 527/387/429 532/393/429 528/388/429 523/248/429
f 528/388/430 533/394/430 534/395/430 529/389/430
f 529/389/431 534/395/431 535/396/431 530/390/431
f 685/391/432 739/397/432 536/108/432 531/392/432
f 532/393/433 537/398/433 533/394/433 528/388/433
f 533/394/434 538/252/434 539/399/434 534/395/434
f 534/395/435 539/399/435 540/400/435 535/396/435
f 739/397/436 577/401/436 541/88/436 536/108/436
f 537/398/437 542/402/437 538/252/437 533/394/437
f 538/252/438 543/403/438 544/404/438 539/399/438
f 539/399/439 544/404/439 545/405/439 540/400/439
f 577/401/440 631/406/440 546/87/440 541/88/440
f 542/402/441 547/407/441 543/403/441 538/252/441
f 543/403/442 548/408/442 549/409/442 544/404/442
f 544/404/443 549/409/443 550/410/443 545/405/443
f 631/406/444 683/411/444 551/412/444 546/87/444
f 765/413/445 603/414/445 602/297/445 764/296/445
f 547/407/446 552/415/446 548/408/446 543/403/446
f 548/408/447 553/256/447 554/416/447 549/409/447
f 549/409/448 554/416/448 555/417/448 550/410/448
f 683/411/449 737/418/449 556/419/449 551/412/449
f 435/295/450 440/294/450 603/414/450 765/413/450
f 603/414/451 657/420/451 656/303/451 602/297/451
f 440/294/452 445/302/452 657/420/452 603/414/452
f 657/420/453 704/421/453 703/308/453 656/303/453
f 552/415/454 561/422/454 553/256/454 548/408/454
f 553/423/455 562/424/455 563/425/455 554/426/455
f 554/426/456 563/425/456 564/427/456 555/428/456
f 737/429/457 575/430/457 565/431/457 556/432/457
f 445/302/458 450/307/458 704/421/458 657/420/458
f 704/421/459 758/433/459 757/313/459 703/308/459
f 450/307/460 455/312/460 758/433/460 704/421/460
f 758/433/461 596/434/461 595/319/461 757/313/461
f 561/435/462 570/436/462 562/424/462 553/423/462
f 562/424/463 571/437/463 572/438/463 563/425/463
f 563/425/464 572/438/464 573/439/464 564/427/464
f 575/430/465 629/440/465 574/441/465 565/431/465
f 596/434/466 650/442/466 649/324/466 595/319/466
f 455/312/467 460/318/467 596/434/467 758/433/467
f 460/318/468 465/323/468 650/442/468 596/434/468
f 650/442/469 702/443/469 701/329/469 649/324/469
f 570/436/470 579/444/470 571/437/470 562/424/470
f 571/437/471 580/196/471 581/445/471 572/438/471
f 572/438/472 581/445/472 582/446/472 573/439/472
f 629/440/473 676/447/473 583/40/473 574/441/473
f 465/323/474 470/328/474 702/443/474 650/442/474
f 702/443/475 756/448/475 755/335/475 701/329/475
f 470/328/476 475/334/476 756/448/476 702/443/476
f 756/448/477 594/449/477 593/340/477 755/335/477
f 579/444/478 588/450/478 580/196/478 571/437/478
f 580/196/479 589/451/479 590/452/479 581/445/479
f 581/445/480 590/452/480 591/453/480 582/446/480
f 676/447/481 730/454/481 592/117/481 583/40/481
f 475/334/482 480/339/482 594/449/482 756/448/482
f 594/449/483 648/455/483 647/345/483 593/340/483
f 480/339/484 485/344/484 648/455/484 594/449/484
f 648/455/485 695/456/485 694/351/485 647/345/485
f 588/450/486 597/457/486 589/451/486 580/196/486
f 589/451/487 598/458/487 599/459/487 590/452/487
f 590/452/488 599/459/488 600/460/488 591/453/488
f 730/454/489 568/461/489 601/462/489 592/117/489
f 485/344/490 490/350/490 695/456/490 648/455/490
f 695/456/491 749/463/491 748/356/491 694/351/491
f 490/350/492 495/355/492 749/463/492 695/456/492
f 749/463/493 587/464/493 586/361/493 748/356/493
f 597/457/494 606/465/494 598/458/494 589/451/494
f 598/458/495 607/200/495 608/466/495 599/459/495
f 599/459/496 608/466/496 609/467/496 600/460/496
f 568/461/497 622/468/497 610/64/497 601/462/497
f 587/464/498 641/469/498 640/366/498 586/361/498
f 495/355/499 500/360/499 587/464/499 749/463/499
f 500/360/500 505/365/500 641/469/500 587/464/500
f 641/469/501 693/470/501 692/371/501 640/366/501
f 606/465/502 615/471/502 607/200/502 598/458/502
f 607/200/503 616/472/503 617/473/503 608/466/503
f 608/466/504 617/473/504 618/474/504 609/467/504
f 622/468/505 674/475/505 619/94/505 610/64/505
f 505/365/506 510/370/506 693/470/506 641/469/506
f 693/470/507 747/476/507 746/377/507 692/371/507
f 510/370/508 515/376/508 747/476/508 693/470/508
f 747/476/509 585/477/509 584/382/509 746/377/509
f 615/471/510 624/478/510 616/472/510 607/200/510
f 616/472/511 625/479/511 626/480/511 617/473/511
f 617/473/512 626/480/512 627/481/512 618/474/512
f 674/475/513 728/482/513 628/483/513 619/94/513
f 515/376/514 520/381/514 585/477/514 747/476/514
f 585/477/515 639/484/515 638/386/515 584/382/515
f 520/381/516 525/385/516 639/484/516 585/477/516
f 639/484/517 686/485/517 685/391/517 638/386/517
f 624/478/518 633/486/518 625/479/518 616/472/518
f 625/479/519 634/204/519 635/487/519 626/480/519
f 626/480/520 635/487/520 636/488/520 627/481/520
f 728/482/521 566/489/521 637/38/521 628/483/521
f 525/385/522 530/390/522 686/485/522 639/484/522
f 686/485/523 740/490/523 739/397/523 685/391/523
f 530/390/524 535/396/524 740/490/524 686/485/524
f 740/490/525 578/491/525 577/401/525 739/397/525
f 633/486/526 642/492/526 634/204/526 625/479/526
f 634/204/527 643/493/527 644/494/527 635/487/527
f 635/487/528 644/494/528 645/495/528 636/488/528
f 566/489/529 620/496/529 646/78/529 637/38/529
f 578/491/530 632/497/530 631/406/530 577/401/530
f 535/396/531 540/400/531 578/491/531 740/490/531
f 540/400/532 545/405/532 632/497/532 578/491/532
f 632/497/533 684/498/533 683/411/533 631/406/533
f 642/492/534 651/499/534 643/493/534 634/204/534
f 643/493/535 652/500/535 653/501/535 644/494/535
f 644/494/536 653/501/536 654/502/536 645/495/536
f 620/496/537 667/503/537 655/504/537 646/78/537
f 545/405/538 550/410/538 684/498/538 632/497/538
f 684/498/539 738/505/539 737/418/539 683/411/539
f 550/410/540 555/417/540 738/505/540 684/498/540
f 738/506/541 576/507/541 575/430/541 737/429/541
f 651/499/542 660/508/542 652/500/542 643/493/542
f 652/500/543 661/208/543 662/509/543 653/501/543
f 653/501/544 662/509/544 663/510/544 654/502/544
f 667/503/545 721/511/545 664/61/545 655/504/545
f 555/428/546 564/427/546 576/507/546 738/506/546
f 576/507/547 630/512/547 629/440/547 575/430/547
f 564/427/548 573/439/548 630/512/548 576/507/548
f 630/512/549 677/513/549 676/447/549 629/440/549
f 660/508/550 669/514/550 661/208/550 652/500/550
f 661/208/551 670/515/551 671/516/551 662/509/551
f 662/509/552 671/516/552 672/517/552 663/510/552
f 721/511/553 559/518/553 673/519/553 664/61/553
f 573/439/554 582/446/554 677/513/554 630/512/554
f 677/513/555 731/520/555 730/454/555 676/447/555
f 582/446/556 591/453/556 731/520/556 677/513/556
f 731/520/557 569/521/557 568/461/557 730/454/557
f 669/514/558 678/522/558 670/515/558 661/208/558
f 670/515/559 679/523/559 680/524/559 671/516/559
f 671/516/560 680/524/560 681/525/560 672/517/560
f 559/518/561 613/526/561 682/16/561 673/519/561
f 569/521/562 623/527/562 622/468/562 568/461/562
f 591/453/563 600/460/563 569/521/563 731/520/563
f 600/460/564 609/467/564 623/527/564 569/521/564
f 623/527/565 675/528/565 674/475/565 622/468/565
f 678/522/566 687/529/566 679/523/566 670/515/566
f 679/523/567 688/212/567 689/530/567 680/524/567
f 680/524/568 689/530/568 690/531/568 681/525/568
f 613/526/569 665/532/569 691/103/569 682/16/569
f 609/467/570 618/474/570 675/528/570 623/527/570
f 675/528/571 729/533/571 728/482/571 674/475/571
f 618/474/572 627/481/572 729/533/572 675/528/572
f 729/533/573 567/534/573 566/489/573 728/482/573
f 687/529/574 696/535/574 688/212/574 679/523/574
f 688/212/575 697/536/575 698/537/575 689/530/575
f 689/530/576 698/537/576 699/538/576 690/531/576
f 665/532/577 719/539/577 700/26/577 691/103/577
f 627/481/578 636/488/578 567/534/578 729/533/578
f 567/534/579 621/540/579 620/496/579 566/489/579
f 636/488/580 645/495/580 621/540/580 567/534/580
f 621/540/581 668/541/581 667/503/581 620/496/581
f 696/535/582 705/542/582 697/536/582 688/212/582
f 697/536/583 706/543/583 707/544/583 698/537/583
f 698/537/584 707/544/584 708/545/584 699/538/584
f 719/539/585 557/546/585 709/28/585 700/26/585
f 645/495/586 654/502/586 668/541/586 621/540/586
f 668/541/587 722/547/587 721/511/587 667/503/587
f 654/502/588 663/510/588 722/547/588 668/541/588
f 722/547/589 560/548/589 559/518/589 721/511/589
f 705/542/590 714/549/590 706/543/590 697/536/590
f 706/543/591 715/216/591 716/550/591 707/544/591
f 707/544/592 716/550/592 717/551/592 708/545/592
f 557/546/593 611/552/593 718/553/593 709/28/593
f 560/548/594 614/554/594 613/526/594 559/518/594
f 663/510/595 672/517/595 560/548/595 722/547/595
f 672/517/596 681/525/596 614/554/596 560/548/596
f 614/554/597 666/555/597 665/532/597 613/526/597
f 714/549/598 723/556/598 715/216/598 706/543/598
f 715/216/599 724/557/599 725/558/599 716/550/599
f 716/550/600 725/558/600 726/559/600 717/551/600
f 611/552/601 712/560/601 727/561/601 718/553/601
f 681/525/602 690/531/602 666/555/602 614/554/602
f 666/555/603 720/562/603 719/539/603 665/532/603
f 690/531/604 699/538/604 720/562/604 666/555/604
f 720/562/605 558/563/605 557/546/605 719/539/605
f 723/556/606 732/564/606 724/557/606 715/216/606
f 724/557/607 733/565/607 734/566/607 725/558/607
f 725/558/608 734/566/608 735/567/608 726/559/608
f 712/560/609 766/568/609 736/569/609 727/561/609
f 699/538/610 708/545/610 558/563/610 720/562/610
f 558/563/611 612/570/611 611/552/611 557/546/611
f 708/545/612 717/551/612 612/570/612 558/563/612
f 612/570/613 713/571/613 712/560/613 611/552/613
f 732/564/614 741/572/614 733/565/614 724/557/614
f 733/565/615 742/220/615 743/573/615 734/566/615
f 734/566/616 743/573/616 744/574/616 735/567/616
f 766/568/617 604/575/617 745/62/617 736/569/617
f 717/551/618 726/559/618 713/571/618 612/570/618
f 713/571/619 767/576/619 766/568/619 712/560/619
f 726/559/620 735/567/620 767/576/620 713/571/620
f 767/576/621 605/577/621 604/575/621 766/568/621
f 741/572/622 750/578/622 742/220/622 733/565/622
f 742/220/623 751/579/623 752/580/623 743/573/623
f 743/573/624 752/580/624 753/581/624 744/574/624
f 604/575/625 658/582/625 754/583/625 745/62/625
f 605/577/626 659/584/626 658/582/626 604/575/626
f 735/567/627 744/574/627 605/577/627 767/576/627
f 659/584/628 711/585/628 710/586/628 658/582/628
f 750/578/629 759/587/629 751/579/629 742/220/629
f 751/579/630 760/588/630 761/589/630 752/580/630
f 752/580/631 761/589/631 762/590/631 753/581/631
f 658/582/632 710/586/632 763/591/632 754/583/632
f 753/581/633 762/590/633 711/585/633 659/584/633
f 744/574/634 753/581/634 659/584/634 605/577/634
f 711/585/635 765/413/635 764/296/635 710/586/635
f 762/590/636 435/295/636 765/413/636 711/585/636
f 759/587/637 768/592/637 760/588/637 751/579/637
f 760/588/638 433/224/638 434/293/638 761/589/638
f 761/589/639 434/293/639 435/295/639 762/590/639
f 710/586/640 764/296/640 436/52/640 763/591/640
f 768/592/641 437/298/641 433/224/641 760/588/641
f 763/591/642 436/52/642 441/54/642 446/304/642 451/69/642 456/314/642 461/320/642 466/76/642 471/330/642 476/336/642 481/12/642 486/346/642 491/352/642 496/55/642 501/30/642 506/367/642 511/372/642 516/24/642 521/59/642 526/33/642 531/392/642 536/108/642 541/88/642 546/87/642 551/412/642 556/432/642 565/431/642 574/441/642 583/40/642 592/117/642 601/462/642 610/64/642 619/94/642 628/483/642 637/38/642 646/78/642 655/504/642 664/61/642 673/519/642 682/16/642 691/103/642 700/26/642 709/28/642 718/553/642 727/561/642 736/569/642 745/62/642 754/583/642
f 782/30/289 781/55/289 780/352/289 779/346/289 778/12/289 777/336/289 776/330/289 775/76/289 774/320/289 773/314/289 772/69/289 771/304/289 770/54/289 769/52/289 816/591/289 815/583/289 814/62/289 813/569/289 812/561/289 811/553/289 810/28/289 809/26/289 808/103/289 807/16/289 806/519/289 805/61/289 804/504/289 803/78/289 802/38/289 801/483/289 800/94/289 799/64/289 798/462/289 797/117/289 796/40/289 795/441/289 794/431/289 793/432/289 792/412/289 791/87/289 790/88/289 789/108/289 788/392/289 787/33/289 786/59/289 785/24/289 784/372/289 783/367/289
f 799/64/643 800/94/643 856/94/643 997/593/643
f 997/593/644 856/94/644 855/94/644 998/64/644
f 998/64/645 855/94/645 854/94/645 999/64/645
f 999/64/646 854/94/646 853/94/646 1000/65/646
f 1000/65/647 853/94/647 10/23/647 73/65/647
f 816/591/648 769/52/648 948/52/648 993/594/648
f 993/594/649 948/52/649 947/52/649 994/591/649
f 994/591/650 947/52/650 946/52/650 995/123/650
f 995/123/651 946/52/651 945/52/651 996/47/651
f 996/47/652 945/52/652 33/52/652 65/47/652
f 806/519/653 807/16/653 876/16/653 909/595/653
f 909/595/654 876/16/654 875/16/654 910/595/654
f 910/595/655 875/16/655 874/16/655 911/595/655
f 911/595/656 874/16/656 873/16/656 912/14/656
f 912/14/657 873/16/657 15/16/657 24/14/657
f 792/412/658 793/432/658 840/596/658 1001/597/658
f 1001/597/659 840/596/659 839/432/659 1002/597/659
f 1002/597/660 839/432/660 838/432/660 1003/597/660
f 1003/597/661 838/432/661 837/432/661 1004/4/661
f 1004/4/662 837/432/662 6/3/662 81/4/662
f 795/441/663 796/40/663 824/598/663 989/599/663
f 989/599/664 824/598/664 823/40/664 990/150/664
f 990/150/665 823/40/665 822/40/665 991/150/665
f 991/150/666 822/40/666 821/40/666 992/67/666
f 992/67/667 821/40/667 2/40/667 57/67/667
f 813/569/668 814/62/668 972/600/668 1005/601/668
f 1005/601/669 972/600/669 971/62/669 1006/602/669
f 1006/602/670 971/62/670 970/62/670 1007/569/670
f 1007/569/671 970/62/671 969/62/671 1008/50/671
f 1008/50/672 969/62/672 39/62/672 89/50/672
f 802/38/673 803/78/673 848/78/673 889/38/673
f 889/38/674 848/78/674 847/78/674 890/38/674
f 890/38/675 847/78/675 846/78/675 891/38/675
f 891/38/676 846/78/676 845/8/676 892/39/676
f 892/39/677 845/8/677 8/8/677 19/39/677
f 812/561/678 813/569/678 1005/601/678 985/49/678
f 985/49/679 1005/601/679 1006/602/679 986/49/679
f 986/49/680 1006/602/680 1007/569/680 987/49/680
f 987/49/681 1007/569/681 1008/50/681 988/129/681
f 988/129/682 1008/50/682 89/50/682 49/51/682
f 791/87/683 792/412/683 1001/597/683 977/603/683
f 977/603/684 1001/597/684 1002/597/684 978/603/684
f 978/603/685 1002/597/685 1003/597/685 979/10/685
f 979/10/686 1003/597/686 1004/4/686 980/10/686
f 980/10/687 1004/4/687 81/4/687 41/10/687
f 798/462/688 799/64/688 997/593/688 865/462/688
f 865/462/689 997/593/689 998/64/689 866/147/689
f 866/147/690 998/64/690 999/64/690 867/462/690
f 867/462/691 999/64/691 1000/65/691 868/63/691
f 868/63/692 1000/65/692 73/65/692 13/63/692
f 789/108/693 790/88/693 984/604/693 973/605/693
f 973/605/694 984/604/694 983/88/694 974/605/694
f 974/605/695 983/88/695 982/91/695 975/606/695
f 975/606/696 982/91/696 981/91/696 976/108/696
f 976/108/697 981/91/697 48/11/697 40/37/697
f 815/583/698 816/591/698 993/594/698 965/48/698
f 965/48/699 993/594/699 994/591/699 966/607/699
f 966/607/700 994/591/700 995/123/700 967/608/700
f 967/608/701 995/123/701 996/47/701 968/583/701
f 968/583/702 996/47/702 65/47/702 38/48/702
f 794/431/703 795/441/703 989/599/703 833/57/703
f 833/57/704 989/599/704 990/150/704 834/57/704
f 834/57/705 990/150/705 991/150/705 835/57/705
f 835/57/706 991/150/706 992/67/706 836/57/706
f 836/57/707 992/67/707 57/67/707 5/57/707
f 785/24/708 786/59/708 944/609/708 961/101/708
f 961/101/709 944/609/709 943/138/709 962/610/709
f 962/610/710 943/138/710 942/59/710 963/101/710
f 963/101/711 942/59/711 941/59/711 964/24/711
f 964/24/712 941/59/712 32/59/712 37/25/712
f 811/553/713 812/561/713 985/49/713 825/553/713
f 825/553/714 985/49/714 986/49/714 826/553/714
f 826/553/715 986/49/715 987/49/715 827/553/715
f 827/553/716 987/49/716 988/129/716 828/72/716
f 828/72/717 988/129/717 49/51/717 3/72/717
f 790/88/718 791/87/718 977/603/718 984/604/718
f 984/604/719 977/603/719 978/603/719 983/88/719
f 983/88/720 978/603/720 979/10/720 982/91/720
f 982/91/721 979/10/721 980/10/721 981/91/721
f 981/91/722 980/10/722 41/10/722 48/11/722
f 781/55/723 782/30/723 928/106/723 953/55/723
f 953/55/724 928/106/724 927/106/724 954/55/724
f 954/55/725 927/106/725 926/30/725 955/55/725
f 955/55/726 926/30/726 925/104/726 956/56/726
f 956/56/727 925/104/727 28/30/727 35/56/727
f 788/392/728 789/108/728 973/605/728 957/34/728
f 957/34/729 973/605/729 974/605/729 958/611/729
f 958/611/730 974/605/730 975/606/730 959/392/730
f 959/392/731 975/606/731 976/108/731 960/35/731
f 960/35/732 976/108/732 40/37/732 36/35/732
f 814/62/733 815/583/733 965/48/733 972/600/733
f 972/600/734 965/48/734 966/607/734 971/62/734
f 971/62/735 966/607/735 967/608/735 970/62/735
f 970/62/736 967/608/736 968/583/736 969/62/736
f 969/62/737 968/583/737 38/48/737 39/62/737
f 777/336/738 778/12/738 908/612/738 933/336/738
f 933/336/739 908/612/739 907/12/739 934/613/739
f 934/613/740 907/12/740 906/12/740 935/613/740
f 935/613/741 906/12/741 905/12/741 936/44/741
f 936/44/742 905/12/742 23/12/742 30/44/742
f 784/372/743 785/24/743 961/101/743 949/372/743
f 949/372/744 961/101/744 962/610/744 950/372/744
f 950/372/745 962/610/745 963/101/745 951/614/745
f 951/614/746 963/101/746 964/24/746 952/19/746
f 952/19/747 964/24/747 37/25/747 34/19/747
f 787/33/748 788/392/748 957/34/748 937/33/748
f 937/33/749 957/34/749 958/611/749 938/615/749
f 938/615/750 958/611/750 959/392/750 939/33/750
f 939/33/751 959/392/751 960/35/751 940/36/751
f 940/36/752 960/35/752 36/35/752 31/36/752
f 773/314/753 774/320/753 888/616/753 917/617/753
f 917/617/754 888/616/754 887/75/754 918/77/754
f 918/77/755 887/75/755 886/75/755 919/77/755
f 919/77/756 886/75/756 885/75/756 920/77/756
f 920/77/757 885/75/757 18/75/757 26/77/757
f 780/352/758 781/55/758 953/55/758 929/618/758
f 929/618/759 953/55/759 954/55/759 930/352/759
f 930/352/760 954/55/760 955/55/760 931/352/760
f 931/352/761 955/55/761 956/56/761 932/619/761
f 932/619/762 956/56/762 35/56/762 29/42/762
f 783/367/763 784/372/763 949/372/763 921/620/763
f 921/620/764 949/372/764 950/372/764 922/620/764
f 922/620/765 950/372/765 951/614/765 923/620/765
f 923/620/766 951/614/766 952/19/766 924/95/766
f 924/95/767 952/19/767 34/19/767 27/20/767
f 769/52/768 770/54/768 864/621/768 948/52/768
f 948/52/769 864/621/769 863/53/769 947/52/769
f 947/52/770 863/53/770 862/54/770 946/52/770
f 946/52/771 862/54/771 861/54/771 945/52/771
f 945/52/772 861/54/772 12/54/772 33/52/772
f 786/59/773 787/33/773 937/33/773 944/609/773
f 944/609/774 937/33/774 938/615/774 943/138/774
f 943/138/775 938/615/775 939/33/775 942/59/775
f 942/59/776 939/33/776 940/36/776 941/59/776
f 941/59/777 940/36/777 31/36/777 32/59/777
f 776/330/778 777/336/778 933/336/778 913/154/778
f 913/154/779 933/336/779 934/613/779 914/74/779
f 914/74/780 934/613/780 935/613/780 915/74/780
f 915/74/781 935/613/781 936/44/781 916/74/781
f 916/74/782 936/44/782 30/44/782 25/74/782
f 779/346/783 780/352/783 929/618/783 901/622/783
f 901/622/784 929/618/784 930/352/784 902/622/784
f 902/622/785 930/352/785 931/352/785 903/622/785
f 903/622/786 931/352/786 932/619/786 904/13/786
f 904/13/787 932/619/787 29/42/787 22/13/787
f 809/26/788 810/28/788 832/623/788 897/26/788
f 897/26/789 832/623/789 831/27/789 898/29/789
f 898/29/790 831/27/790 830/27/790 899/29/790
f 899/29/791 830/27/791 829/28/791 900/29/791
f 900/29/792 829/28/792 4/28/792 21/29/792
f 782/30/793 783/367/793 921/620/793 928/106/793
f 928/106/794 921/620/794 922/620/794 927/106/794
f 927/106/795 922/620/795 923/620/795 926/30/795
f 926/30/796 923/620/796 924/95/796 925/104/796
f 925/104/797 924/95/797 27/20/797 28/30/797
f 772/69/798 773/314/798 917/617/798 893/624/798
f 893/624/799 917/617/799 918/77/799 894/625/799
f 894/625/800 918/77/800 919/77/800 895/625/800
f 895/625/801 919/77/801 920/77/801 896/69/801
f 896/69/802 920/77/802 26/77/802 20/69/802
f 775/76/803 776/330/803 913/154/803 881/626/803
f 881/626/804 913/154/804 914/74/804 882/627/804
f 882/627/805 914/74/805 915/74/805 883/627/805
f 883/627/806 915/74/806 916/74/806 884/76/806
f 884/76/807 916/74/807 25/74/807 17/76/807
f 805/61/808 806/519/808 909/595/808 877/60/808
f 877/60/809 909/595/809 910/595/809 878/60/809
f 878/60/810 910/595/810 911/595/810 879/60/810
f 879/60/811 911/595/811 912/14/811 880/61/811
f 880/61/812 912/14/812 24/14/812 16/61/812
f 778/12/813 779/346/813 901/622/813 908/612/813
f 908/612/814 901/622/814 902/622/814 907/12/814
f 907/12/815 902/622/815 903/622/815 906/12/815
f 906/12/816 903/622/816 904/13/816 905/12/816
f 905/12/817 904/13/817 22/13/817 23/12/817
f 808/103/818 809/26/818 897/26/818 869/103/818
f 869/103/819 897/26/819 898/29/819 870/103/819
f 870/103/820 898/29/820 899/29/820 871/103/820
f 871/103/821 899/29/821 900/29/821 872/32/821
f 872/32/822 900/29/822 21/29/822 14/32/822
f 771/304/823 772/69/823 893/624/823 857/628/823
f 857/628/824 893/624/824 894/625/824 858/629/824
f 858/629/825 894/625/825 895/625/825 859/629/825
f 859/629/826 895/625/826 896/69/826 860/70/826
f 860/70/827 896/69/827 20/69/827 11/70/827
f 801/483/828 802/38/828 889/38/828 849/630/828
f 849/630/829 889/38/829 890/38/829 850/631/829
f 850/631/830 890/38/830 891/38/830 851/631/830
f 851/631/831 891/38/831 892/39/831 852/22/831
f 852/22/832 892/39/832 19/39/832 9/22/832
f 774/320/833 775/76/833 881/626/833 888/616/833
f 888/616/834 881/626/834 882/627/834 887/75/834
f 887/75/835 882/627/835 883/627/835 886/75/835
f 886/75/836 883/627/836 884/76/836 885/75/836
f 885/75/837 884/76/837 17/76/837 18/75/837
f 804/504/838 805/61/838 877/60/838 841/632/838
f 841/632/839 877/60/839 878/60/839 842/504/839
f 842/504/840 878/60/840 879/60/840 843/633/840
f 843/633/841 879/60/841 880/61/841 844/634/841
f 844/634/842 880/61/842 16/61/842 7/7/842
f 807/16/843 808/103/843 869/103/843 876/16/843
f 876/16/844 869/103/844 870/103/844 875/16/844
f 875/16/845 870/103/845 871/103/845 874/16/845
f 874/16/846 871/103/846 872/32/846 873/16/846
f 873/16/847 872/32/847 14/32/847 15/16/847
f 797/117/848 798/462/848 865/462/848 817/635/848
f 817/635/849 865/462/849 866/147/849 818/41/849
f 818/41/850 866/147/850 867/462/850 819/41/850
f 819/41/851 867/462/851 868/63/851 820/41/851
f 820/41/852 868/63/852 13/63/852 1/41/852
f 770/54/853 771/304/853 857/628/853 864/621/853
f 864/621/854 857/628/854 858/629/854 863/53/854
f 863/53/855 858/629/855 859/629/855 862/54/855
f 862/54/856 859/629/856 860/70/856 861/54/856
f 861/54/857 860/70/857 11/70/857 12/54/857
f 800/94/858 801/483/858 849/630/858 856/94/858
f 856/94/859 849/630/859 850/631/859 855/94/859
f 855/94/860 850/631/860 851/631/860 854/94/860
f 854/94/861 851/631/861 852/22/861 853/94/861
f 853/94/862 852/22/862 9/22/862 10/23/862
f 803/78/863 804/504/863 841/632/863 848/78/863
f 848/78/864 841/632/864 842/504/864 847/78/864
f 847/78/865 842/504/865 843/633/865 846/78/865
f 846/78/866 843/633/866 844/634/866 845/8/866
f 845/8/867 844/634/867 7/7/867 8/8/867
f 793/432/868 794/431/868 833/57/868 840/596/868
f 840/596/869 833/57/869 834/57/869 839/432/869
f 839/432/870 834/57/870 835/57/870 838/432/870
f 838/432/871 835/57/871 836/57/871 837/432/871
f 837/432/872 836/57/872 5/57/872 6/3/872
f 810/28/873 811/553/873 825/553/873 832/623/873
f 832/623/874 825/553/874 826/553/874 831/27/874
f 831/27/875 826/553/875 827/553/875 830/27/875
f 830/27/876 827/553/876 828/72/876 829/28/876
f 829/28/877 828/72/877 3/72/877 4/28/877
f 796/40/878 797/117/878 817/635/878 824/598/878
f 824/598/879 817/635/879 818/41/879 823/40/879
f 823/40/880 818/41/880 819/41/880 822/40/880
f 822/40/881 819/41/881 820/41/881 821/40/881
f 821/40/882 820/41/882 1/41/882 2/40/882
f 1009/636/883 1014/637/883 1015/638/883 1010/639/883
f 1010/639/884 1015/638/884 1016/640/884 1011/641/884
f 1012/642/885 1017/643/885 1018/644/885 1013/645/885
f 1013/645/886 1018/644/886 1014/637/886 1009/636/886
f 1014/637/887 1019/646/887 1020/647/887 1015/638/887
f 1015/638/888 1020/647/888 1021/648/888 1016/640/888
f 1017/643/889 1022/649/889 1023/650/889 1018/644/889
f 1018/644/890 1023/650/890 1019/646/890 1014/637/890
f 1019/646/891 1024/651/891 1025/652/891 1020/647/891
f 1020/647/892 1025/652/892 1026/653/892 1021/648/892
f 1022/649/893 1027/654/893 1028/655/893 1023/650/893
f 1023/650/894 1028/655/894 1024/651/894 1019/646/894
f 1024/651/895 1029/656/895 1030/657/895 1025/652/895
f 1025/652/896 1030/657/896 1031/658/896 1026/653/896
f 1027/654/897 1032/659/897 1033/660/897 1028/655/897
f 1028/655/898 1033/660/898 1029/656/898 1024/651/898
f 1029/656/899 1034/661/899 1035/662/899 1030/657/899
f 1030/657/900 1035/662/900 1036/663/900 1031/658/900
f 1032/659/901 1037/664/901 1038/665/901 1033/660/901
f 1033/660/902 1038/665/902 1034/661/902 1029/656/902
f 1034/661/903 1039/666/903 1040/667/903 1035/662/903
f 1035/662/904 1040/667/904 1041/668/904 1036/663/904
f 1037/664/905 1042/669/905 1043/670/905 1038/665/905
f 1038/665/906 1043/670/906 1039/666/906 1034/661/906
f 1039/666/907 1044/671/907 1045/672/907 1040/667/907
f 1040/667/908 1045/672/908 1046/673/908 1041/668/908
f 1042/669/909 1047/674/909 1048/675/909 1043/670/909
f 1043/670/910 1048/675/910 1044/671/910 1039/666/910
f 1044/671/911 1049/676/911 1050/677/911 1045/672/911
f 1045/672/912 1050/677/912 1051/678/912 1046/673/912
f 1047/674/913 1052/679/913 1053/680/913 1048/675/913
f 1048/675/914 1053/680/914 1049/676/914 1044/671/914
f 1049/676/915 1054/681/915 1055/682/915 1050/677/915
f 1050/677/916 1055/682/916 1056/683/916 1051/678/916
f 1052/679/917 1057/684/917 1058/685/917 1053/680/917
f 1053/680/918 1058/685/918 1054/681/918 1049/676/918
f 1054/681/919 1059/686/919 1060/687/919 1055/682/919
f 1055/682/920 1060/687/920 1061/688/920 1056/683/920
f 1057/684/921 1062/689/921 1063/690/921 1058/685/921
f 1058/685/922 1063/690/922 1059/686/922 1054/681/922
f 1059/686/923 1064/691/923 1065/692/923 1060/687/923
f 1060/687/924 1065/692/924 1066/693/924 1061/688/924
f 1062/689/925 1067/694/925 1068/695/925 1063/690/925
f 1063/690/926 1068/695/926 1064/691/926 1059/686/926
f 1064/691/927 1069/696/927 1070/697/927 1065/692/927
f 1065/692/928 1070/697/928 1071/698/928 1066/693/928
f 1067/694/929 1072/699/929 1073/700/929 1068/695/929
f 1068/695/930 1073/700/930 1069/696/930 1064/691/930
f 1069/696/931 1074/701/931 1075/702/931 1070/697/931
f 1070/697/932 1075/702/932 1076/703/932 1071/698/932
f 1072/699/933 1077/704/933 1078/705/933 1073/700/933
f 1073/700/934 1078/705/934 1074/701/934 1069/696/934
f 1074/701/935 1079/706/935 1080/707/935 1075/702/935
f 1075/702/936 1080/707/936 1081/708/936 1076/703/936
f 1077/704/937 1082/709/937 1083/710/937 1078/705/937
f 1078/705/938 1083/710/938 1079/706/938 1074/701/938
f 1079/706/939 1084/711/939 1085/712/939 1080/707/939
f 1080/707/940 1085/712/940 1086/713/940 1081/708/940
f 1082/709/941 1087/714/941 1088/715/941 1083/710/941
f 1083/710/942 1088/715/942 1084/711/942 1079/706/942
f 1084/711/943 1089/716/943 1090/717/943 1085/712/943
f 1085/712/944 1090/717/944 1091/718/944 1086/713/944
f 1087/714/945 1092/719/945 1093/720/945 1088/715/945
f 1088/715/946 1093/720/946 1089/716/946 1084/711/946
f 1089/716/947 1094/721/947 1095/722/947 1090/717/947
f 1090/717/948 1095/722/948 1096/723/948 1091/718/948
f 1092/719/949 1097/724/949 1098/725/949 1093/720/949
f 1093/720/950 1098/725/950 1094/721/950 1089/716/950
f 1094/721/951 1099/726/951 1100/727/951 1095/722/951
f 1095/722/952 1100/727/952 1101/728/952 1096/723/952
f 1097/724/953 1102/729/953 1103/730/953 1098/725/953
f 1098/725/954 1103/730/954 1099/726/954 1094/721/954
f 1099/726/955 1104/731/955 1105/732/955 1100/727/955
f 1100/727/956 1105/732/956 1106/733/956 1101/728/956
f 1102/729/957 1107/734/957 1108/735/957 1103/730/957
f 1103/730/958 1108/735/958 1104/731/958 1099/726/958
f 1104/731/959 1109/736/959 1110/737/959 1105/732/959
f 1105/732/960 1110/737/960 1111/738/960 1106/733/960
f 1107/734/961 1112/739/961 1113/740/961 1108/735/961
f 1108/735/962 1113/740/962 1109/736/962 1104/731/962
f 1109/736/963 1114/741/963 1115/742/963 1110/737/963
f 1110/737/964 1115/742/964 1116/743/964 1111/738/964
f 1112/739/965 1117/744/965 1118/745/965 1113/740/965
f 1113/740/966 1118/745/966 1114/741/966 1109/736/966
f 1114/741/967 1119/746/967 1120/747/967 1115/742/967
f 1115/742/968 1120/747/968 1121/748/968 1116/743/968
f 1117/744/969 1122/749/969 1123/750/969 1118/745/969
f 1118/745/970 1123/750/970 1119/746/970 1114/741/970
f 1119/746/971 1124/751/971 1125/752/971 1120/747/971
f 1120/747/972 1125/752/972 1126/753/972 1121/748/972
f 1122/749/973 1127/754/973 1128/755/973 1123/750/973
f 1123/750/974 1128/755/974 1124/751/974 1119/746/974
f 1124/751/975 1129/756/975 1130/757/975 1125/752/975
f 1125/752/976 1130/757/976 1131/758/976 1126/753/976
f 1127/754/977 1132/759/977 1133/760/977 1128/755/977
f 1128/755/978 1133/760/978 1129/756/978 1124/751/978
f 1129/761/979 1134/762/979 1135/763/979 1130/764/979
f 1130/764/980 1135/763/980 1136/765/980 1131/766/980
f 1132/767/981 1137/768/981 1138/769/981 1133/770/981
f 1133/770/982 1138/769/982 1134/762/982 1129/761/982
f 1134/762/983 1139/771/983 1140/772/983 1135/763/983
f 1135/763/984 1140/772/984 1141/773/984 1136/765/984
f 1137/768/985 1142/774/985 1143/775/985 1138/769/985
f 1138/769/986 1143/775/986 1139/771/986 1134/762/986
f 1139/771/987 1144/776/987 1145/777/987 1140/772/987
f 1140/772/988 1145/777/988 1146/778/988 1141/773/988
f 1142/774/989 1147/779/989 1148/780/989 1143/775/989
f 1143/775/990 1148/780/990 1144/776/990 1139/771/990
f 1144/776/991 1149/781/991 1150/782/991 1145/777/991
f 1145/777/992 1150/782/992 1151/783/992 1146/778/992
f 1147/779/993 1152/784/993 1153/785/993 1148/780/993
f 1148/780/994 1153/785/994 1149/781/994 1144/776/994
f 1149/781/995 1154/786/995 1155/787/995 1150/782/995
f 1150/782/996 1155/787/996 1156/788/996 1151/783/996
f 1152/784/997 1157/789/997 1158/790/997 1153/785/997
f 1153/785/998 1158/790/998 1154/786/998 1149/781/998
f 1154/786/999 1159/791/999 1160/792/999 1155/787/999
f 1155/787/1000 1160/792/1000 1161/793/1000 1156/788/1000
f 1157/789/1001 1162/794/1001 1163/795/1001 1158/790/1001
f 1158/790/1002 1163/795/1002 1159/791/1002 1154/786/1002
f 1159/791/1003 1164/796/1003 1165/797/1003 1160/792/1003
f 1160/792/1004 1165/797/1004 1166/798/1004 1161/793/1004
f 1162/794/1005 1167/799/1005 1168/800/1005 1163/795/1005
f 1163/795/1006 1168/800/1006 1164/796/1006 1159/791/1006
f 1164/796/1007 1169/801/1007 1170/802/1007 1165/797/1007
f 1165/797/1008 1170/802/1008 1171/803/1008 1166/798/1008
f 1167/799/1009 1172/804/1009 1173/805/1009 1168/800/1009
f 1168/800/1010 1173/805/1010 1169/801/1010 1164/796/1010
f 1169/801/1011 1174/806/1011 1175/807/1011 1170/802/1011
f 1170/802/1012 1175/807/1012 1176/808/1012 1171/803/1012
f 1172/804/1013 1177/809/1013 1178/810/1013 1173/805/1013
f 1173/805/1014 1178/810/1014 1174/806/1014 1169/801/1014
f 1174/806/1015 1179/811/1015 1180/812/1015 1175/807/1015
f 1175/807/1016 1180/812/1016 1181/813/1016 1176/808/1016
f 1177/809/1017 1182/814/1017 1183/815/1017 1178/810/1017
f 1178/810/1018 1183/815/1018 1179/811/1018 1174/806/1018
f 1179/811/1019 1184/816/1019 1185/817/1019 1180/812/1019
f 1180/812/1020 1185/817/1020 1186/818/1020 1181/813/1020
f 1182/814/1021 1187/819/1021 1188/820/1021 1183/815/1021
f 1183/815/1022 1188/820/1022 1184/816/1022 1179/811/1022
f 1184/816/1023 1189/821/1023 1190/822/1023 1185/817/1023
f 1185/817/1024 1190/822/1024 1191/823/1024 1186/818/1024
f 1187/819/1025 1192/824/1025 1193/825/1025 1188/820/1025
f 1188/820/1026 1193/825/1026 1189/821/1026 1184/816/1026
f 1189/821/1027 1194/826/1027 1195/827/1027 1190/822/1027
f 1190/822/1028 1195/827/1028 1196/828/1028 1191/823/1028
f 1192/824/1029 1197/829/1029 1198/830/1029 1193/825/1029
f 1193/825/1030 1198/830/1030 1194/826/1030 1189/821/1030
f 1194/826/1031 1199/831/1031 1200/832/1031 1195/827/1031
f 1195/827/1032 1200/832/1032 1201/833/1032 1196/828/1032
f 1197/829/1033 1202/834/1033 1203/835/1033 1198/830/1033
f 1198/830/1034 1203/835/1034 1199/831/1034 1194/826/1034
f 1199/831/1035 1204/836/1035 1205/837/1035 1200/832/1035
f 1200/832/1036 1205/837/1036 1206/838/1036 1201/833/1036
f 1202/834/1037 1207/839/1037 1208/840/1037 1203/835/1037
f 1203/835/1038 1208/840/1038 1204/836/1038 1199/831/1038
f 1204/836/1039 1209/841/1039 1210/842/1039 1205/837/1039
f 1205/837/1040 1210/842/1040 1211/843/1040 1206/838/1040
f 1207/839/1041 1212/844/1041 1213/845/1041 1208/840/1041
f 1208/840/1042 1213/845/1042 1209/841/1042 1204/836/1042
f 1209/841/1043 1214/846/1043 1215/847/1043 1210/842/1043
f 1210/842/1044 1215/847/1044 1216/848/1044 1211/843/1044
f 1212/844/1045 1217/849/1045 1218/850/1045 1213/845/1045
f 1213/845/1046 1218/850/1046 1214/846/1046 1209/841/1046
f 1214/846/1047 1219/851/1047 1220/852/1047 1215/847/1047
f 1215/847/1048 1220/852/1048 1221/853/1048 1216/848/1048
f 1217/849/1049 1222/854/1049 1223/855/1049 1218/850/1049
f 1218/850/1050 1223/855/1050 1219/851/1050 1214/846/1050
f 1219/851/1051 1224/856/1051 1225/857/1051 1220/852/1051
f 1220/852/1052 1225/857/1052 1226/858/1052 1221/853/1052
f 1222/854/1053 1227/859/1053 1228/860/1053 1223/855/1053
f 1223/855/1054 1228/860/1054 1224/856/1054 1219/851/1054
f 1224/856/1055 1229/861/1055 1230/862/1055 1225/857/1055
f 1225/857/1056 1230/862/1056 1231/863/1056 1226/858/1056
f 1227/859/1057 1232/864/1057 1233/865/1057 1228/860/1057
f 1228/860/1058 1233/865/1058 1229/861/1058 1224/856/1058
f 1229/861/1059 1234/866/1059 1235/867/1059 1230/862/1059
f 1230/862/1060 1235/867/1060 1236/868/1060 1231/863/1060
f 1232/864/1061 1237/869/1061 1238/870/1061 1233/865/1061
f 1233/865/1062 1238/870/1062 1234/866/1062 1229/861/1062
f 1234/866/1063 1239/871/1063 1240/872/1063 1235/867/1063
f 1235/867/1064 1240/872/1064 1241/873/1064 1236/868/1064
f 1237/869/1065 1242/874/1065 1243/875/1065 1238/870/1065
f 1238/870/1066 1243/875/1066 1239/871/1066 1234/866/1066
f 1239/871/1067 1244/876/1067 1245/877/1067 1240/872/1067
f 1240/872/1068 1245/877/1068 1246/878/1068 1241/873/1068
f 1242/874/1069 1247/879/1069 1248/880/1069 1243/875/1069
f 1243/875/1070 1248/880/1070 1244/876/1070 1239/871/1070
f 1244/876/1071 1009/636/1071 1010/639/1071 1245/877/1071
f 1245/877/1072 1010/639/1072 1011/641/1072 1246/878/1072
f 1247/879/1073 1012/642/1073 1013/645/1073 1248/880/1073
f 1248/880/1074 1013/645/1074 1009/636/1074 1244/876/1074
f 1147/779/1075 1142/774/1075 46/67/1075 95/40/1075
f 1142/774/1076 1137/768/1076 92/57/1076 46/67/1076
f 1137/768/1077 1132/767/1077 91/3/1077 92/57/1077
f 1132/759/1078 1127/754/1078 43/4/1078 91/3/1078
f 1127/754/1079 1122/749/1079 51/10/1079 43/4/1079
f 1122/749/1080 1117/744/1080 50/11/1080 51/10/1080
f 1117/744/1081 1112/739/1081 52/37/1081 50/11/1081
f 1112/739/1082 1107/734/1082 56/35/1082 52/37/1082
f 1107/734/1083 1102/729/1083 62/36/1083 56/35/1083
f 1102/729/1084 1097/724/1084 61/59/1084 62/36/1084
f 1097/724/1085 1092/719/1085 55/25/1085 61/59/1085
f 1092/719/1086 1087/714/1086 59/19/1086 55/25/1086
f 1087/714/1087 1082/709/1087 67/20/1087 59/19/1087
f 1082/709/1088 1077/704/1088 66/30/1088 67/20/1088
f 1077/704/1089 1072/699/1089 58/56/1089 66/30/1089
f 1072/699/1090 1067/694/1090 64/42/1090 58/56/1090
f 1067/694/1091 1062/689/1091 72/13/1091 64/42/1091
f 1062/689/1092 1057/684/1092 71/12/1092 72/13/1092
f 1057/684/1093 1052/679/1093 63/44/1093 71/12/1093
f 1052/679/1094 1047/674/1094 69/74/1094 63/44/1094
f 1047/674/1095 1042/669/1095 78/76/1095 69/74/1095
f 1042/669/1096 1037/664/1096 77/75/1096 78/76/1096
f 1037/664/1097 1032/659/1097 68/77/1097 77/75/1097
f 1032/659/1098 1027/654/1098 75/69/1098 68/77/1098
f 1027/654/1099 1022/649/1099 85/70/1099 75/69/1099
f 1022/649/1100 1017/643/1100 84/54/1100 85/70/1100
f 1017/643/1101 1012/642/1101 60/52/1101 84/54/1101
f 1012/642/1102 1247/879/1102 45/47/1102 60/52/1102
f 1247/879/1103 1242/874/1103 54/48/1103 45/47/1103
f 1242/874/1104 1237/869/1104 53/62/1104 54/48/1104
f 1237/869/1105 1232/864/1105 42/50/1105 53/62/1105
f 1232/864/1106 1227/859/1106 47/51/1106 42/50/1106
f 1227/859/1107 1222/854/1107 94/72/1107 47/51/1107
f 1222/854/1108 1217/849/1108 93/28/1108 94/72/1108
f 1217/849/1109 1212/844/1109 74/29/1109 93/28/1109
f 1212/844/1110 1207/839/1110 82/32/1110 74/29/1110
f 1207/839/1111 1202/834/1111 80/16/1111 82/32/1111
f 1202/834/1112 1197/829/1112 70/14/1112 80/16/1112
f 1197/829/1113 1192/824/1113 79/61/1113 70/14/1113
f 1192/824/1114 1187/819/1114 90/7/1114 79/61/1114
f 1187/819/1115 1182/814/1115 88/8/1115 90/7/1115
f 1182/814/1116 1177/809/1116 76/39/1116 88/8/1116
f 1177/809/1117 1172/804/1117 87/22/1117 76/39/1117
f 1172/804/1118 1167/799/1118 86/23/1118 87/22/1118
f 1167/799/1119 1162/794/1119 44/65/1119 86/23/1119
f 1162/794/1120 1157/789/1120 83/63/1120 44/65/1120
f 1157/789/1121 1152/784/1121 96/41/1121 83/63/1121
f 1152/784/1122 1147/779/1122 95/40/1122 96/41/1122
f 1548/881/1123 1523/882/1123 1241/873/1123
f 1523/882/1124 1522/883/1124 1231/863/1124
f 1523/882/1125 1231/863/1125 1236/868/1125
f 1523/882/1126 1236/868/1126 1241/873/1126
f 1548/881/1127 1241/873/1127 1246/878/1127
f 1548/881/1128 1011/641/1128 1549/884/1128
f 1549/884/1129 1011/641/1129 1016/640/1129
f 1574/885/1130 1016/640/1130 1021/648/1130
f 1574/885/1131 1026/653/1131 1575/886/1131
f 1575/886/1132 1026/653/1132 1031/658/1132
f 1600/887/1133 1031/658/1133 1036/663/1133
f 1600/887/1134 1041/668/1134 1601/888/1134
f 1601/888/1135 1041/668/1135 1046/673/1135
f 1626/889/1136 1046/673/1136 1051/678/1136
f 1626/889/1137 1056/683/1137 1627/890/1137
f 1627/890/1138 1056/683/1138 1061/688/1138
f 1652/891/1139 1061/688/1139 1066/693/1139
f 1653/892/1140 1066/693/1140 1071/698/1140
f 1653/892/1141 1071/698/1141 1076/703/1141
f 1261/893/1142 1076/703/1142 1081/708/1142
f 1262/894/1143 1081/708/1143 1086/713/1143
f 1262/894/1144 1086/713/1144 1091/718/1144
f 1287/895/1145 1091/718/1145 1096/723/1145
f 1288/896/1146 1096/723/1146 1101/728/1146
f 1106/733/1147 1313/897/1147 1101/728/1147
f 1313/897/1148 1106/733/1148 1111/738/1148
f 1314/898/1149 1111/738/1149 1116/743/1149
f 1121/748/1150 1339/899/1150 1116/743/1150
f 1339/899/1151 1121/748/1151 1126/753/1151
f 1340/900/1152 1126/753/1152 1131/758/1152
f 1136/765/1153 1365/901/1153 1131/766/1153
f 1365/901/1154 1136/765/1154 1141/773/1154
f 1366/902/1155 1141/773/1155 1146/778/1155
f 1366/902/1156 1146/778/1156 1151/783/1156
f 1391/903/1157 1151/783/1157 1156/788/1157
f 1392/904/1158 1156/788/1158 1161/793/1158
f 1392/904/1159 1161/793/1159 1166/798/1159
f 1417/905/1160 1166/798/1160 1171/803/1160
f 1418/906/1161 1171/803/1161 1176/808/1161
f 1418/906/1162 1176/808/1162 1181/813/1162
f 1443/907/1163 1181/813/1163 1186/818/1163
f 1444/908/1164 1186/818/1164 1191/823/1164
f 1444/908/1165 1191/823/1165 1196/828/1165
f 1470/909/1166 1196/828/1166 1201/833/1166
f 1471/910/1167 1201/833/1167 1206/838/1167
f 1471/910/1168 1206/838/1168 1211/843/1168
f 1496/911/1169 1211/843/1169 1216/848/1169
f 1497/912/1170 1216/848/1170 1221/853/1170
f 1252/913/1171 1251/914/1171 1663/915/1171 1662/916/1171
f 1251/914/1172 1250/917/1172 1664/918/1172 1663/915/1172
f 1259/919/1173 1258/920/1173 1656/921/1173 1655/922/1173
f 1250/917/1174 1249/923/1174 1665/924/1174 1664/918/1174
f 1257/925/1175 1256/926/1175 1658/240/1175 1657/927/1175
f 1255/928/1176 1254/929/1176 1660/930/1176 1659/931/1176
f 1253/932/1177 1252/913/1177 1662/916/1177 1661/933/1177
f 1266/934/1178 1267/935/1178 1256/926/1178 1257/925/1178
f 1260/936/1179 1259/919/1179 1655/922/1179 1654/937/1179
f 1265/938/1180 1266/934/1180 1257/925/1180 1258/920/1180
f 1264/939/1181 1265/938/1181 1258/920/1181 1259/919/1181
f 1272/940/1182 1273/941/1182 1250/917/1182 1251/914/1182
f 1270/942/1183 1271/943/1183 1252/913/1183 1253/932/1183
f 1269/944/1184 1270/942/1184 1253/932/1184 1254/929/1184
f 1262/894/1185 1263/945/1185 1260/936/1185 1261/893/1185
f 1274/946/1186 1457/947/1186 1249/923/1186
f 1267/935/1187 1268/948/1187 1255/928/1187 1256/926/1187
f 1286/949/1188 1285/950/1188 1264/939/1188 1263/945/1188
f 1285/950/1189 1284/951/1189 1265/938/1189 1264/939/1189
f 1278/952/1190 1277/953/1190 1272/940/1190 1271/943/1190
f 1276/954/1191 1275/955/1191 1274/946/1191 1273/941/1191
f 1283/956/1192 1282/957/1192 1267/935/1192 1266/934/1192
f 1281/958/1193 1280/959/1193 1269/944/1193 1268/948/1193
f 1287/895/1194 1286/949/1194 1263/945/1194 1262/894/1194
f 1279/960/1195 1278/952/1195 1271/943/1195 1270/942/1195
f 1294/961/1196 1295/962/1196 1280/959/1196 1281/958/1196
f 1293/963/1197 1294/961/1197 1281/958/1197 1282/957/1197
f 1290/964/1198 1291/965/1198 1284/951/1198 1285/950/1198
f 1292/966/1199 1293/963/1199 1282/957/1199 1283/956/1199
f 1288/896/1200 1289/967/1200 1286/949/1200 1287/895/1200
f 1299/968/1201 1300/969/1201 1275/955/1201 1276/954/1201
f 1297/970/1202 1298/971/1202 1277/953/1202 1278/952/1202
f 1308/972/1203 1307/973/1203 1294/961/1203 1293/963/1203
f 1307/973/1204 1306/974/1204 1295/962/1204 1294/961/1204
f 1313/897/1205 1312/975/1205 1289/967/1205 1288/896/1205
f 1312/975/1206 1311/976/1206 1290/964/1206 1289/967/1206
f 1305/977/1207 1304/978/1207 1297/970/1207 1296/979/1207
f 1311/976/1208 1310/980/1208 1291/965/1208 1290/964/1208
f 1310/980/1209 1309/981/1209 1292/966/1209 1291/965/1209
f 1303/982/1210 1302/983/1210 1299/968/1210 1298/971/1210
f 1322/984/1211 1323/985/1211 1304/978/1211 1305/977/1211
f 1315/986/1212 1316/987/1212 1311/976/1212 1312/975/1212
f 1320/988/1213 1321/989/1213 1306/974/1213 1307/973/1213
f 1326/990/1214 1457/991/1214 1301/992/1214
f 1318/993/1215 1319/994/1215 1308/972/1215 1309/981/1215
f 1324/995/1216 1325/996/1216 1302/983/1216 1303/982/1216
f 1323/985/1217 1324/995/1217 1303/982/1217 1304/978/1217
f 1316/987/1218 1317/997/1218 1310/980/1218 1311/976/1218
f 1327/998/1219 1457/999/1219 1326/990/1219
f 1334/1000/1220 1333/1001/1220 1320/988/1220 1319/994/1220
f 1339/899/1221 1338/1002/1221 1315/986/1221 1314/898/1221
f 1332/1003/1222 1331/1004/1222 1322/984/1222 1321/989/1222
f 1330/1005/1223 1329/1006/1223 1324/995/1223 1323/985/1223
f 1329/1006/1224 1328/1007/1224 1325/996/1224 1324/995/1224
f 1337/1008/1225 1336/1009/1225 1317/997/1225 1316/987/1225
f 1349/1010/1226 1350/1011/1226 1329/1006/1226 1330/1005/1226
f 1348/1012/1227 1349/1010/1227 1330/1005/1227 1331/1004/1227
f 1341/1013/1228 1342/1014/1228 1337/1008/1228 1338/1002/1228
f 1347/1015/1229 1348/1012/1229 1331/1004/1229 1332/1003/1229
f 1346/1016/1230 1347/1015/1230 1332/1003/1230 1333/1001/1230
f 1352/1017/1231 1457/1018/1231 1327/998/1231
f 1344/1019/1232 1345/256/1232 1334/1000/1232 1335/1020/1232
f 1350/1011/1233 1351/1021/1233 1328/1007/1233 1329/1006/1233
f 1354/1022/1234 1353/1023/1234 1352/1024/1234 1351/1025/1234
f 1342/1014/1235 1343/1026/1235 1336/1009/1235 1337/1008/1235
f 1360/1027/1236 1359/1028/1236 1346/1029/1236 1345/195/1236
f 1353/1023/1237 1457/1030/1237 1352/1024/1237
f 1365/901/1238 1364/1031/1238 1341/1032/1238 1340/1033/1238
f 1358/1034/1239 1357/1035/1239 1348/1036/1239 1347/1037/1239
f 1356/1038/1240 1355/1039/1240 1350/1040/1240 1349/1041/1240
f 1355/1039/1241 1354/1022/1241 1351/1025/1241 1350/1040/1241
f 1363/1042/1242 1362/1043/1242 1343/1044/1242 1342/1045/1242
f 1368/1046/1243 1369/1047/1243 1362/1043/1243 1363/1042/1243
f 1367/1048/1244 1368/1046/1244 1363/1042/1244 1364/1031/1244
f 1375/1049/1245 1376/1050/1245 1355/1039/1245 1356/1038/1245
f 1373/1051/1246 1374/1052/1246 1357/1035/1246 1358/1034/1246
f 1372/1053/1247 1373/1051/1247 1358/1034/1247 1359/1028/1247
f 1378/1054/1248 1457/1055/1248 1353/1023/1248
f 1370/1056/1249 1371/1057/1249 1360/1027/1249 1361/1058/1249
f 1369/1047/1250 1370/1056/1250 1361/1058/1250 1362/1043/1250
f 1388/1059/1251 1387/1060/1251 1370/1056/1251 1369/1047/1251
f 1376/1050/1252 1377/1061/1252 1354/1022/1252 1355/1039/1252
f 1386/1062/1253 1385/1063/1253 1372/1053/1253 1371/1057/1253
f 1379/1064/1254 1457/1065/1254 1378/1054/1254
f 1391/903/1255 1390/1066/1255 1367/1048/1255 1366/902/1255
f 1384/1067/1256 1383/1068/1256 1374/1052/1256 1373/1051/1256
f 1390/1066/1257 1389/1069/1257 1368/1046/1257 1367/1048/1257
f 1389/1069/1258 1388/1059/1258 1369/1047/1258 1368/1046/1258
f 1382/1070/1259 1381/1071/1259 1376/1050/1259 1375/1049/1259
f 1394/1072/1260 1395/1073/1260 1388/1059/1260 1389/1069/1260
f 1393/1074/1261 1394/1072/1261 1389/1069/1261 1390/1066/1261
f 1401/1075/1262 1402/1076/1262 1381/1071/1262 1382/1070/1262
f 1399/1077/1263 1400/1078/1263 1383/1068/1263 1384/1067/1263
f 1404/1079/1264 1457/1080/1264 1379/1064/1264
f 1397/1081/1265 1398/1082/1265 1385/1063/1265 1386/1062/1265
f 1398/1082/1266 1399/1077/1266 1384/1067/1266 1385/1063/1266
f 1507/1083/1267 1508/1084/1267 1485/1085/1267 1486/1086/1267
f 1415/1087/1268 1414/1088/1268 1395/1073/1268 1394/1072/1268
f 1416/1089/1269 1415/1087/1269 1394/1072/1269 1393/1074/1269
f 1419/1090/1270 1420/1091/1270 1415/1087/1270 1416/1089/1270
f 1407/1092/1271 1406/1093/1271 1403/1094/1271 1402/1076/1271
f 1403/1094/1272 1404/1079/1272 1379/1064/1272 1380/1095/1272
f 1413/1096/1273 1412/1097/1273 1397/1081/1273 1396/1098/1273
f 1414/1088/1274 1413/1096/1274 1396/1098/1274 1395/1073/1274
f 1410/1099/1275 1409/1100/1275 1400/1078/1275 1399/1077/1275
f 1412/1097/1276 1411/1101/1276 1398/1082/1276 1397/1081/1276
f 1425/1102/1277 1426/1103/1277 1409/1100/1277 1410/1099/1277
f 1424/1104/1278 1425/1102/1278 1410/1099/1278 1411/1101/1278
f 1417/905/1279 1416/1089/1279 1393/1074/1279 1392/904/1279
f 1421/1105/1280 1422/1106/1280 1413/1096/1280 1414/1088/1280
f 1420/1091/1281 1421/1105/1281 1414/1088/1281 1415/1087/1281
f 1427/1107/1282 1428/1108/1282 1407/1092/1282 1408/1109/1282
f 1426/1103/1283 1427/1107/1283 1408/1109/1283 1409/1100/1283
f 1418/906/1284 1419/1090/1284 1416/1089/1284 1417/905/1284
f 1429/1110/1285 1430/1111/1285 1405/1112/1285 1406/1093/1285
f 1434/1113/1286 1433/1114/1286 1428/1108/1286 1427/1107/1286
f 1441/1115/1287 1440/1116/1287 1421/1105/1287 1420/1091/1287
f 1433/1114/1288 1432/1117/1288 1429/1110/1288 1428/1108/1288
f 1440/1116/1289 1439/1118/1289 1422/1106/1289 1421/1105/1289
f 1432/1117/1290 1431/1119/1290 1430/1111/1290 1429/1110/1290
f 1430/1111/1291 1457/1120/1291 1405/1112/1291
f 1439/1118/1292 1438/1121/1292 1423/1122/1292 1422/1106/1292
f 1422/1106/1293 1423/1122/1293 1412/1097/1293 1413/1096/1293
f 1443/907/1294 1442/1123/1294 1419/1090/1294 1418/906/1294
f 1431/1119/1295 1457/1124/1295 1430/1111/1295
f 1435/1125/1296 1434/1113/1296 1427/1107/1296 1426/1103/1296
f 1442/1123/1297 1441/1115/1297 1420/1091/1297 1419/1090/1297
f 1438/1121/1298 1437/1126/1298 1424/1104/1298 1423/1122/1298
f 1437/1126/1299 1436/1127/1299 1425/1102/1299 1424/1104/1299
f 1436/1127/1300 1435/1125/1300 1426/1103/1300 1425/1102/1300
f 1446/1128/1301 1447/1129/1301 1440/1116/1301 1441/1115/1301
f 1453/60/1302 1454/1130/1302 1433/1114/1302 1434/1113/1302
f 1445/1131/1303 1446/1128/1303 1441/1115/1303 1442/1123/1303
f 1452/1132/1304 1453/60/1304 1434/1113/1304 1435/1125/1304
f 1455/1133/1305 1456/1134/1305 1431/1119/1305 1432/1117/1305
f 1444/908/1306 1445/1131/1306 1442/1123/1306 1443/907/1306
f 1448/1135/1307 1449/1136/1307 1438/1121/1307 1439/1118/1307
f 1451/1137/1308 1452/1132/1308 1435/1125/1308 1436/1127/1308
f 1447/1129/1309 1448/1135/1309 1439/1118/1309 1440/1116/1309
f 1454/1130/1310 1455/1133/1310 1432/1117/1310 1433/1114/1310
f 1450/1138/1311 1451/1137/1311 1436/1127/1311 1437/1126/1311
f 1468/1139/1312 1467/1140/1312 1447/1129/1312 1446/1128/1312
f 1460/1141/1313 1459/1142/1313 1455/1133/1313 1454/1130/1313
f 1449/1136/1314 1450/1138/1314 1437/1126/1314 1438/1121/1314
f 1456/1134/1315 1457/1143/1315 1431/1119/1315
f 1469/1144/1316 1468/1139/1316 1446/1128/1316 1445/1131/1316
f 1461/1145/1317 1460/1141/1317 1454/1130/1317 1453/60/1317
f 1495/1146/1318 1494/1147/1318 1473/1148/1318 1472/1149/1318
f 1487/1150/1319 1486/1086/1319 1481/1151/1319 1480/1152/1319
f 1494/1147/1320 1493/1153/1320 1474/1154/1320 1473/1148/1320
f 1486/1086/1321 1485/1085/1321 1482/1155/1321 1481/1151/1321
f 1467/1140/1322 1466/1156/1322 1448/1135/1322 1447/1129/1322
f 1493/1153/1323 1492/1157/1323 1475/1158/1323 1474/1154/1323
f 1485/1085/1324 1484/1159/1324 1483/1160/1324 1482/1155/1324
f 1476/1161/1325 1477/1162/1325 1464/1163/1325 1465/1164/1325
f 1488/1165/1326 1487/1150/1326 1480/1152/1326 1479/1166/1326
f 1489/1167/1327 1488/1165/1327 1479/1166/1327 1478/1168/1327
f 1492/1157/1328 1491/1169/1328 1476/1161/1328 1475/1158/1328
f 1496/911/1329 1495/1146/1329 1472/1149/1329 1471/910/1329
f 1484/1159/1330 1457/1170/1330 1483/1160/1330
f 1491/1169/1331 1490/1171/1331 1477/1162/1331 1476/1161/1331
f 1490/1171/1332 1489/1167/1332 1478/1168/1332 1477/1162/1332
f 1466/1156/1333 1465/1164/1333 1449/1136/1333 1448/1135/1333
f 1508/1084/1334 1509/1172/1334 1484/1159/1334 1485/1085/1334
f 1500/1173/1335 1501/1174/1335 1492/1157/1335 1493/1153/1335
f 1499/1175/1336 1500/1173/1336 1493/1153/1336 1494/1147/1336
f 1502/1176/1337 1503/1177/1337 1490/1171/1337 1491/1169/1337
f 1506/1178/1338 1507/1083/1338 1486/1086/1338 1487/1150/1338
f 1509/1172/1339 1457/1179/1339 1484/1159/1339
f 1501/1174/1340 1502/1176/1340 1491/1169/1340 1492/1157/1340
f 1514/1180/1341 1513/1181/1341 1506/1178/1341 1505/1182/1341
f 1505/1182/1342 1506/1178/1342 1487/1150/1342 1488/1165/1342
f 1497/912/1343 1498/1183/1343 1495/1146/1343 1496/911/1343
f 1504/1184/1344 1505/1182/1344 1488/1165/1344 1489/1167/1344
f 1503/1177/1345 1504/1184/1345 1489/1167/1345 1490/1171/1345
f 1522/883/1346 1521/1185/1346 1498/1183/1346 1497/912/1346
f 1458/1186/1347 1457/1187/1347 1456/1134/1347
f 1518/1188/1348 1517/1189/1348 1502/1176/1348 1501/1174/1348
f 1498/1183/1349 1499/1175/1349 1494/1147/1349 1495/1146/1349
f 1511/1190/1350 1510/1191/1350 1509/1172/1350 1508/1084/1350
f 1465/1164/1351 1464/1163/1351 1450/1138/1351 1449/1136/1351
f 1528/1192/1352 1529/1193/1352 1516/1194/1352 1517/1189/1352
f 1521/1185/1353 1520/1195/1353 1499/1175/1353 1498/1183/1353
f 1510/1191/1354 1457/1196/1354 1509/1172/1354
f 1513/1181/1355 1512/1197/1355 1507/1083/1355 1506/1178/1355
f 1520/1195/1356 1519/1198/1356 1500/1173/1356 1499/1175/1356
f 1512/1197/1357 1511/1190/1357 1508/1084/1357 1507/1083/1357
f 1519/1198/1358 1518/1188/1358 1501/1174/1358 1500/1173/1358
f 1313/897/1359 1288/896/1359 1101/728/1359
f 1516/1194/1360 1515/1199/1360 1504/1184/1360 1503/1177/1360
f 1515/1199/1361 1514/1180/1361 1505/1182/1361 1504/1184/1361
f 1535/1200/1362 1457/1201/1362 1510/1191/1362
f 1524/1202/1363 1525/1203/1363 1520/1195/1363 1521/1185/1363
f 1517/1189/1364 1516/1194/1364 1503/1177/1364 1502/1176/1364
f 1522/883/1365 1497/912/1365 1226/858/1365
f 1532/1204/1366 1533/1205/1366 1512/1197/1366 1513/1181/1366
f 1531/1206/1367 1532/1204/1367 1513/1181/1367 1514/1180/1367
f 1464/1163/1368 1463/1207/1368 1451/1137/1368 1450/1138/1368
f 1547/1208/1369 1546/1209/1369 1525/1203/1369 1524/1202/1369
f 1527/1210/1370 1528/1192/1370 1517/1189/1370 1518/1188/1370
f 1523/882/1371 1524/1202/1371 1521/1185/1371 1522/883/1371
f 1534/1211/1372 1535/1200/1372 1510/1191/1372 1511/1190/1372
f 1526/1212/1373 1527/1210/1373 1518/1188/1373 1519/1198/1373
f 1533/1205/1374 1534/1211/1374 1511/1190/1374 1512/1197/1374
f 1525/1203/1375 1526/1212/1375 1519/1198/1375 1520/1195/1375
f 1529/1193/1376 1530/1213/1376 1515/1199/1376 1516/1194/1376
f 1541/1214/1377 1540/1215/1377 1531/1206/1377 1530/1213/1377
f 1548/881/1378 1547/1208/1378 1524/1202/1378 1523/882/1378
f 1540/1215/1379 1539/1216/1379 1532/1204/1379 1531/1206/1379
f 1539/1216/1380 1538/1217/1380 1533/1205/1380 1532/1204/1380
f 1543/1218/1381 1542/1219/1381 1529/1193/1381 1528/1192/1381
f 1530/1213/1382 1531/1206/1382 1514/1180/1382 1515/1199/1382
f 1546/1209/1383 1545/1220/1383 1526/1212/1383 1525/1203/1383
f 1365/901/1384 1340/900/1384 1131/766/1384
f 1463/1207/1385 1462/1221/1385 1452/1132/1385 1451/1137/1385
f 1443/907/1386 1418/906/1386 1181/813/1386
f 1538/1217/1387 1537/1222/1387 1534/1211/1387 1533/1205/1387
f 1542/1219/1388 1541/1214/1388 1530/1213/1388 1529/1193/1388
f 1545/1220/1389 1544/1223/1389 1527/1210/1389 1526/1212/1389
f 1537/1222/1390 1536/1224/1390 1535/1200/1390 1534/1211/1390
f 1544/1223/1391 1543/1218/1391 1528/1192/1391 1527/1210/1391
f 1497/912/1392 1496/911/1392 1216/848/1392
f 1536/1224/1393 1457/1225/1393 1535/1200/1393
f 1555/1226/1394 1556/1227/1394 1541/1214/1394 1542/1219/1394
f 1470/909/1395 1444/908/1395 1196/828/1395
f 1554/1228/1396 1555/1226/1396 1542/1219/1396 1543/1218/1396
f 1561/1229/1397 1457/1230/1397 1536/1224/1397
f 1553/1231/1398 1554/1228/1398 1543/1218/1398 1544/1223/1398
f 1470/909/1399 1469/1144/1399 1445/1131/1399 1444/908/1399
f 1549/884/1400 1550/1232/1400 1547/1208/1400 1548/881/1400
f 1471/910/1401 1470/909/1401 1201/833/1401
f 1560/1233/1402 1561/1229/1402 1536/1224/1402 1537/1222/1402
f 1496/911/1403 1471/910/1403 1211/843/1403
f 1556/1227/1404 1557/1234/1404 1540/1215/1404 1541/1214/1404
f 1462/1221/1405 1461/1145/1405 1453/60/1405 1452/1132/1405
f 1572/1235/1406 1571/1236/1406 1552/1237/1406 1551/1238/1406
f 1552/1237/1407 1553/1231/1407 1544/1223/1407 1545/1220/1407
f 1568/1239/1408 1567/1240/1408 1556/1227/1408 1555/1226/1408
f 1559/1241/1409 1560/1233/1409 1537/1222/1409 1538/1217/1409
f 1551/1238/1410 1552/1237/1410 1545/1220/1410 1546/1209/1410
f 1558/1242/1411 1559/1241/1411 1538/1217/1411 1539/1216/1411
f 1550/1232/1412 1551/1238/1412 1546/1209/1412 1547/1208/1412
f 1557/1234/1413 1558/1242/1413 1539/1216/1413 1540/1215/1413
f 1566/1243/1414 1565/1244/1414 1558/1242/1414 1557/1234/1414
f 1573/1245/1415 1572/1235/1415 1551/1238/1415 1550/1232/1415
f 1565/1244/1416 1564/1246/1416 1559/1241/1416 1558/1242/1416
f 1564/1246/1417 1563/1247/1417 1560/1233/1417 1559/1241/1417
f 1483/1160/1418 1457/1248/1418 1458/1186/1418
f 1582/1249/1419 1583/1250/1419 1566/1243/1419 1567/1240/1419
f 1339/899/1420 1314/898/1420 1116/743/1420
f 1571/1236/1421 1570/1251/1421 1553/1231/1421 1552/1237/1421
f 1567/1240/1422 1566/1243/1422 1557/1234/1422 1556/1227/1422
f 1574/885/1423 1573/1245/1423 1550/1232/1423 1549/884/1423
f 1578/1252/1424 1579/1253/1424 1570/1251/1424 1571/1236/1424
f 1563/1247/1425 1562/1254/1425 1561/1229/1425 1560/1233/1425
f 1581/1255/1426 1582/1249/1426 1567/1240/1426 1568/1239/1426
f 1570/1251/1427 1569/226/1427 1554/1228/1427 1553/1231/1427
f 1340/900/1428 1339/899/1428 1126/753/1428
f 1562/1254/1429 1457/1256/1429 1561/1229/1429
f 1569/226/1430 1568/1239/1430 1555/1226/1430 1554/1228/1430
f 1287/895/1431 1262/894/1431 1091/718/1431
f 1288/896/1432 1287/895/1432 1096/723/1432
f 1579/1253/1433 1580/228/1433 1569/226/1433 1570/1251/1433
f 1586/1257/1434 1587/1258/1434 1562/1254/1434 1563/1247/1434
f 1585/1259/1435 1586/1257/1435 1563/1247/1435 1564/1246/1435
f 1475/1158/1436 1476/1161/1436 1465/1164/1436 1466/1156/1436
f 1261/893/1437 1653/892/1437 1076/703/1437
f 1314/898/1438 1313/897/1438 1111/738/1438
f 1577/1260/1439 1578/1252/1439 1571/1236/1439 1572/1235/1439
f 1580/228/1440 1581/1255/1440 1568/1239/1440 1569/226/1440
f 1587/1258/1441 1457/1261/1441 1562/1254/1441
f 1584/625/1442 1585/1259/1442 1564/1246/1442 1565/1244/1442
f 1600/887/1443 1599/1262/1443 1576/1263/1443 1575/886/1443
f 1576/1263/1444 1577/1260/1444 1572/1235/1444 1573/1245/1444
f 1583/1250/1445 1584/625/1445 1565/1244/1445 1566/1243/1445
f 1575/886/1446 1576/1263/1446 1573/1245/1446 1574/885/1446
f 1652/891/1447 1627/890/1447 1061/688/1447
f 1594/1264/1448 1593/1265/1448 1582/1249/1448 1581/1255/1448
f 1593/1265/1449 1592/1266/1449 1583/1250/1449 1582/1249/1449
f 1482/1155/1450 1483/1160/1450 1458/1186/1450 1459/1142/1450
f 1589/1267/1451 1588/1268/1451 1587/1258/1451 1586/1257/1451
f 1590/1269/1452 1589/1267/1452 1586/1257/1452 1585/1259/1452
f 1597/1270/1453 1596/1271/1453 1579/1253/1453 1578/1252/1453
f 1596/1271/1454 1595/230/1454 1580/228/1454 1579/1253/1454
f 1474/1154/1455 1475/1158/1455 1466/1156/1455 1467/1140/1455
f 1653/892/1456 1652/891/1456 1066/693/1456
f 1592/1266/1457 1591/1272/1457 1584/625/1457 1583/1250/1457
f 1366/902/1458 1365/901/1458 1141/773/1458
f 1599/1262/1459 1598/1273/1459 1577/1260/1459 1576/1263/1459
f 1591/1272/1460 1590/1269/1460 1585/1259/1460 1584/625/1460
f 1598/1273/1461 1597/1270/1461 1578/1252/1461 1577/1260/1461
f 1613/1274/1462 1457/1275/1462 1588/1268/1462
f 1595/230/1463 1594/1264/1463 1581/1255/1463 1580/228/1463
f 1601/888/1464 1602/1276/1464 1599/1262/1464 1600/887/1464
f 1608/1277/1465 1609/1278/1465 1592/1266/1465 1593/1265/1465
f 1262/894/1466 1261/893/1466 1081/708/1466
f 1607/1279/1467 1608/1277/1467 1593/1265/1467 1594/1264/1467
f 1606/232/1468 1607/1279/1468 1594/1264/1468 1595/230/1468
f 1481/1151/1469 1482/1155/1469 1459/1142/1469 1460/1141/1469
f 1610/76/1470 1611/1280/1470 1590/1269/1470 1591/1272/1470
f 1588/1268/1471 1457/1281/1471 1587/1258/1471
f 1603/1282/1472 1604/1283/1472 1597/1270/1472 1598/1273/1472
f 1602/1276/1473 1603/1282/1473 1598/1273/1473 1599/1262/1473
f 1473/1148/1474 1474/1154/1474 1467/1140/1474 1468/1139/1474
f 1618/1284/1475 1617/1285/1475 1610/76/1475 1609/1278/1475
f 1391/903/1476 1366/902/1476 1151/783/1476
f 1609/1278/1477 1610/76/1477 1591/1272/1477 1592/1266/1477
f 1605/1286/1478 1606/232/1478 1595/230/1478 1596/1271/1478
f 1612/1287/1479 1613/1274/1479 1588/1268/1479 1589/1267/1479
f 1604/1283/1480 1605/1286/1480 1596/1271/1480 1597/1270/1480
f 1611/1280/1481 1612/1287/1481 1589/1267/1481 1590/1269/1481
f 1600/887/1482 1575/886/1482 1031/658/1482
f 1620/1288/1483 1619/1289/1483 1608/1277/1483 1607/1279/1483
f 1626/889/1484 1601/888/1484 1046/673/1484
f 1619/1289/1485 1618/1284/1485 1609/1278/1485 1608/1277/1485
f 1626/889/1486 1625/1290/1486 1602/1276/1486 1601/888/1486
f 1625/1290/1487 1624/1291/1487 1603/1282/1487 1602/1276/1487
f 1480/1152/1488 1481/1151/1488 1460/1141/1488 1461/1145/1488
f 1614/1292/1489 1457/1293/1489 1613/1274/1489
f 1621/234/1490 1620/1288/1490 1607/1279/1490 1606/232/1490
f 1617/1285/1491 1616/1294/1491 1611/1280/1491 1610/76/1491
f 1392/904/1492 1391/903/1492 1156/788/1492
f 1635/1295/1493 1636/612/1493 1617/1285/1493 1618/1284/1493
f 1472/1149/1494 1473/1148/1494 1468/1139/1494 1469/1144/1494
f 1417/905/1495 1392/904/1495 1166/798/1495
f 1624/1291/1496 1623/1296/1496 1604/1283/1496 1603/1282/1496
f 1627/890/1497 1628/1297/1497 1625/1290/1497 1626/889/1497
f 1616/1294/1498 1615/1298/1498 1612/1287/1498 1611/1280/1498
f 1623/1296/1499 1622/1299/1499 1605/1286/1499 1604/1283/1499
f 1615/1298/1500 1614/1292/1500 1613/1274/1500 1612/1287/1500
f 1622/1299/1501 1621/234/1501 1606/232/1501 1605/1286/1501
f 1633/1300/1502 1634/1301/1502 1619/1289/1502 1620/1288/1502
f 1600/887/1503 1036/663/1503 1041/668/1503
f 1632/236/1504 1633/1300/1504 1620/1288/1504 1621/234/1504
f 1639/1302/1505 1457/1303/1505 1614/1292/1505
f 1631/1304/1506 1632/236/1506 1621/234/1506 1622/1299/1506
f 1479/1166/1507 1480/1152/1507 1461/1145/1507 1462/1221/1507
f 1640/1305/1508 1457/1306/1508 1639/1302/1508
f 1634/1301/1509 1635/1295/1509 1618/1284/1509 1619/1289/1509
f 1638/1307/1510 1639/1302/1510 1614/1292/1510 1615/1298/1510
f 1626/889/1511 1051/678/1511 1056/683/1511
f 1647/238/1512 1646/1308/1512 1633/1300/1512 1632/236/1512
f 1471/910/1513 1472/1149/1513 1469/1144/1513 1470/909/1513
f 1643/1309/1514 1642/1310/1514 1637/1311/1514 1636/612/1514
f 1630/1312/1515 1631/1304/1515 1622/1299/1515 1623/1296/1515
f 1548/881/1516 1246/878/1516 1011/641/1516
f 1637/1311/1517 1638/1307/1517 1615/1298/1517 1616/1294/1517
f 1629/1313/1518 1630/1312/1518 1623/1296/1518 1624/1291/1518
f 1636/612/1519 1637/1311/1519 1616/1294/1519 1617/1285/1519
f 1628/1297/1520 1629/1313/1520 1624/1291/1520 1625/1290/1520
f 1418/906/1521 1417/905/1521 1171/803/1521
f 1652/891/1522 1651/1314/1522 1628/1297/1522 1627/890/1522
f 1644/1315/1523 1643/1309/1523 1636/612/1523 1635/1295/1523
f 1651/1314/1524 1650/1316/1524 1629/1313/1524 1628/1297/1524
f 1650/1316/1525 1649/1317/1525 1630/1312/1525 1629/1313/1525
f 1478/1168/1526 1479/1166/1526 1462/1221/1526 1463/1207/1526
f 1655/922/1527 1656/921/1527 1649/1317/1527 1650/1316/1527
f 1646/1308/1528 1645/1318/1528 1634/1301/1528 1633/1300/1528
f 1642/1310/1529 1641/1319/1529 1638/1307/1529 1637/1311/1529
f 1574/885/1530 1549/884/1530 1016/640/1530
f 1645/1318/1531 1644/1315/1531 1635/1295/1531 1634/1301/1531
f 1497/912/1532 1221/853/1532 1226/858/1532
f 1649/1317/1533 1648/1320/1533 1631/1304/1533 1630/1312/1533
f 1654/937/1534 1655/922/1534 1650/1316/1534 1651/1314/1534
f 1641/1319/1535 1640/1305/1535 1639/1302/1535 1638/1307/1535
f 1648/1320/1536 1647/238/1536 1632/236/1536 1631/1304/1536
f 1664/918/1537 1665/924/1537 1640/1305/1537 1641/1319/1537
f 1656/921/1538 1657/927/1538 1648/1320/1538 1649/1317/1538
f 1663/915/1539 1664/918/1539 1641/1319/1539 1642/1310/1539
f 1657/927/1540 1658/240/1540 1647/238/1540 1648/1320/1540
f 1660/930/1541 1661/933/1541 1644/1315/1541 1645/1318/1541
f 1574/885/1542 1021/648/1542 1026/653/1542
f 1659/931/1543 1660/930/1543 1645/1318/1543 1646/1308/1543
f 1444/908/1544 1443/907/1544 1186/818/1544
f 1477/1162/1545 1478/1168/1545 1463/1207/1545 1464/1163/1545
f 1658/240/1546 1659/931/1546 1646/1308/1546 1647/238/1546
f 1661/933/1547 1662/916/1547 1643/1309/1547 1644/1315/1547
f 1665/924/1548 1457/1321/1548 1640/1305/1548
f 1662/916/1549 1663/915/1549 1642/1310/1549 1643/1309/1549
f 1653/892/1550 1654/937/1550 1651/1314/1550 1652/891/1550
f 1522/883/1551 1226/858/1551 1231/863/1551
f 1409/1100/1552 1408/1109/1552 1401/1075/1552 1400/1078/1552
f 1408/1109/1553 1407/1092/1553 1402/1076/1553 1401/1075/1553
f 1406/1093/1554 1405/1112/1554 1404/1079/1554 1403/1094/1554
f 1428/1108/1555 1429/1110/1555 1406/1093/1555 1407/1092/1555
f 1405/1112/1556 1457/1322/1556 1404/1079/1556
f 1411/1101/1557 1410/1099/1557 1399/1077/1557 1398/1082/1557
f 1459/1142/1558 1458/1186/1558 1456/1134/1558 1455/1133/1558
f 1381/1071/1559 1380/1095/1559 1377/1061/1559 1376/1050/1559
f 1383/1068/1560 1382/1070/1560 1375/1049/1560 1374/1052/1560
f 1380/1095/1561 1379/1064/1561 1378/1054/1561 1377/1061/1561
f 1377/1061/1562 1378/1054/1562 1353/1023/1562 1354/1022/1562
f 1374/1052/1563 1375/1049/1563 1356/1038/1563 1357/1035/1563
f 1362/1043/1564 1361/1058/1564 1344/1323/1564 1343/1044/1564
f 1357/1035/1565 1356/1038/1565 1349/1041/1565 1348/1036/1565
f 1361/1058/1566 1360/1027/1566 1345/195/1566 1344/1323/1566
f 1351/1021/1567 1352/1017/1567 1327/998/1567 1328/1007/1567
f 1340/900/1568 1341/1013/1568 1338/1002/1568 1339/899/1568
f 1336/1009/1569 1335/1020/1569 1318/993/1569 1317/997/1569
f 1331/1004/1570 1330/1005/1570 1323/985/1570 1322/984/1570
f 1333/1001/1571 1332/1003/1571 1321/989/1571 1320/988/1571
f 1335/1020/1572 1334/1000/1572 1319/994/1572 1318/993/1572
f 1325/996/1573 1326/990/1573 1301/992/1573 1302/983/1573
f 1319/994/1574 1320/988/1574 1307/973/1574 1308/972/1574
f 1314/898/1575 1315/986/1575 1312/975/1575 1313/897/1575
f 1302/983/1576 1301/992/1576 1300/969/1576 1299/968/1576
f 1304/978/1577 1303/982/1577 1298/971/1577 1297/970/1577
f 1296/979/1578 1297/970/1578 1278/952/1578 1279/960/1578
f 1298/971/1579 1299/968/1579 1276/954/1579 1277/953/1579
f 1300/969/1580 1457/1324/1580 1275/955/1580
f 1295/962/1581 1296/979/1581 1279/960/1581 1280/959/1581
f 1280/959/1582 1279/960/1582 1270/942/1582 1269/944/1582
f 1275/955/1583 1457/1325/1583 1274/946/1583
f 1277/953/1584 1276/954/1584 1273/941/1584 1272/940/1584
f 1271/943/1585 1272/940/1585 1251/914/1585 1252/913/1585
f 1273/941/1586 1274/946/1586 1249/923/1586 1250/917/1586
f 1254/929/1587 1253/932/1587 1661/933/1587 1660/930/1587
f 1249/923/1588 1457/1326/1588 1665/924/1588
f 1258/920/1589 1257/925/1589 1657/927/1589 1656/921/1589
f 1423/1122/1590 1424/1104/1590 1411/1101/1590 1412/1097/1590
f 1400/1078/1591 1401/1075/1591 1382/1070/1591 1383/1068/1591
f 1402/1076/1592 1403/1094/1592 1380/1095/1592 1381/1071/1592
f 1385/1063/1593 1384/1067/1593 1373/1051/1593 1372/1053/1593
f 1387/1060/1594 1386/1062/1594 1371/1057/1594 1370/1056/1594
f 1371/1057/1595 1372/1053/1595 1359/1028/1595 1360/1027/1595
f 1366/902/1596 1367/1048/1596 1364/1031/1596 1365/901/1596
f 1364/1031/1597 1363/1042/1597 1342/1045/1597 1341/1032/1597
f 1359/1028/1598 1358/1034/1598 1347/1037/1598 1346/1029/1598
f 1343/1026/1599 1344/1019/1599 1335/1020/1599 1336/1009/1599
f 1345/256/1600 1346/1016/1600 1333/1001/1600 1334/1000/1600
f 1328/1007/1601 1327/998/1601 1326/990/1601 1325/996/1601
f 1338/1002/1602 1337/1008/1602 1316/987/1602 1315/986/1602
f 1317/997/1603 1318/993/1603 1309/981/1603 1310/980/1603
f 1321/989/1604 1322/984/1604 1305/977/1604 1306/974/1604
f 1309/981/1605 1308/972/1605 1293/963/1605 1292/966/1605
f 1306/974/1606 1305/977/1606 1296/979/1606 1295/962/1606
f 1301/992/1607 1457/1327/1607 1300/969/1607
f 1289/967/1608 1290/964/1608 1285/950/1608 1286/949/1608
f 1291/965/1609 1292/966/1609 1283/956/1609 1284/951/1609
f 1282/957/1610 1281/958/1610 1268/948/1610 1267/935/1610
f 1284/951/1611 1283/956/1611 1266/934/1611 1265/938/1611
f 1268/948/1612 1269/944/1612 1254/929/1612 1255/928/1612
f 1263/945/1613 1264/939/1613 1259/919/1613 1260/936/1613
f 1261/893/1614 1260/936/1614 1654/937/1614 1653/892/1614
f 1256/926/1615 1255/928/1615 1659/931/1615 1658/240/1615
f 1395/1073/1616 1396/1098/1616 1387/1060/1616 1388/1059/1616
f 1396/1098/1617 1397/1081/1617 1386/1062/1617 1387/1060/1617
f 1392/904/1618 1393/1074/1618 1390/1066/1618 1391/903/1618
