# Blender 4.1.1
# www.blender.org
mtllib pawn.mtl
o Cylinder.001
v -1.308874 0.237145 0.041605
v -1.313343 0.237145 0.031843
v -1.187364 0.237145 0.058839
v -1.194960 0.237145 0.066016
v -1.318562 0.237145 0.010861
v -1.319223 0.237145 -0.000000
v -1.252064 0.237145 0.082499
v -1.261973 0.237145 0.080376
v -1.280602 0.237145 0.072063
v -1.289003 0.237145 0.066016
v -1.167372 0.237145 -0.021537
v -1.165401 0.237145 -0.010861
v -1.303261 0.237145 0.050656
v -1.212422 0.237145 0.076877
v -1.221990 0.237145 0.080376
v -1.241981 0.237145 0.083211
v -1.187364 0.237145 -0.058839
v -1.180702 0.237145 -0.050656
v -1.271540 0.237145 0.076877
v -1.170620 0.237145 -0.031843
v -1.203361 0.237145 0.072063
v -1.221990 0.237145 -0.080376
v -1.212422 0.237145 -0.076877
v -1.231899 0.237145 0.082499
v -1.194960 0.237145 -0.066016
v -1.175088 0.237145 -0.041605
v -1.261973 0.237145 -0.080376
v -1.252063 0.237145 -0.082499
v -1.231899 0.237145 -0.082499
v -1.203361 0.237145 -0.072063
v -1.296599 0.237145 -0.058839
v -1.289003 0.237145 -0.066016
v -1.164740 0.237145 -0.000000
v -1.271540 0.237145 -0.076877
v -1.241981 0.237145 -0.083211
v -1.303261 0.237145 -0.050656
v -1.280602 0.237145 -0.072063
v -1.167372 0.237145 0.021537
v -1.170620 0.237145 0.031843
v -1.308874 0.237145 -0.041605
v -1.316591 0.237145 -0.021537
v -1.171008 0.418695 0.038831
v -1.323238 0.418695 -0.010135
v -1.299935 0.418695 0.054915
v -1.160730 0.418695 0.010138
v -1.321146 0.418695 0.020101
v -1.176964 0.418695 0.047277
v -1.313343 0.237145 -0.031843
v -1.180702 0.237145 0.050656
v -1.317700 0.418695 -0.029717
v -1.321146 0.418695 -0.020098
v -1.312959 0.418695 -0.038828
v -1.166267 0.418695 0.029720
v -1.162821 0.418695 0.020101
v -1.282961 0.418695 -0.067253
v -1.307003 0.418695 -0.047275
v -1.316591 0.237145 0.021537
v -1.241984 0.418695 -0.077658
v -1.273346 0.418695 -0.071746
v -1.160029 0.418695 0.000001
v -1.291875 0.418695 -0.061610
v -1.299935 0.418695 -0.054912
v -1.201006 0.418695 -0.067253
v -1.231286 0.418695 -0.076993
v -1.165401 0.237145 0.010861
v -1.252681 0.418695 -0.076993
v -1.263195 0.418695 -0.075012
v -1.171008 0.418695 -0.038828
v -1.192093 0.418695 -0.061610
v -1.231286 0.418695 0.076996
v -1.210621 0.418695 -0.071746
v -1.220772 0.418695 -0.075012
v -1.296599 0.237145 0.058839
v -1.201006 0.418695 0.067256
v -1.166267 0.418695 -0.029717
v -1.273346 0.418695 0.071749
v -1.176964 0.418695 -0.047274
v -1.184033 0.418695 -0.054912
v -1.241984 0.418695 0.077661
v -1.220772 0.418695 0.075014
v -1.318562 0.237145 -0.010861
v -1.210621 0.418695 0.071749
v -1.307003 0.418695 0.047277
v -1.160730 0.418695 -0.010135
v -1.162821 0.418695 -0.020098
v -1.291875 0.418695 0.061613
v -1.282961 0.418695 0.067256
v -1.263195 0.418695 0.075014
v -1.175088 0.237145 0.041605
v -1.252681 0.418695 0.076996
v -1.323939 0.418695 0.000001
v -1.323238 0.418695 0.010138
v -1.192093 0.418695 0.061613
v -1.184033 0.418695 0.054915
v -1.317700 0.418695 0.029720
v -1.312959 0.418695 0.038831
v -1.300678 0.390360 -0.043742
v -1.295038 0.360552 -0.040495
v -1.290734 0.323233 -0.038041
v -1.293046 0.295003 -0.040666
v -1.297137 0.266772 -0.044761
v -1.291141 0.266772 -0.051992
v -1.287495 0.295003 -0.047235
v -1.285434 0.323233 -0.044187
v -1.289271 0.360552 -0.047037
v -1.294297 0.390360 -0.050808
v -1.213672 0.390360 0.066388
v -1.216392 0.360552 0.061460
v -1.218465 0.323233 0.057733
v -1.217350 0.295003 0.061716
v -1.215376 0.266772 0.067931
v -1.223988 0.266772 0.071023
v -1.225322 0.295003 0.064524
v -1.226077 0.323233 0.060361
v -1.224675 0.360552 0.064257
v -1.222836 0.390360 0.069409
v -1.168634 0.390360 0.009380
v -1.175682 0.360552 0.008684
v -1.181056 0.323233 0.008157
v -1.178166 0.295003 0.008719
v -1.173054 0.266772 0.009597
v -1.174828 0.266772 0.019030
v -1.179809 0.295003 0.017289
v -1.182624 0.323233 0.016174
v -1.177389 0.360552 0.017219
v -1.170522 0.390360 0.018599
v -1.261132 0.390360 -0.069406
v -1.259292 0.360552 -0.064254
v -1.257886 0.323233 -0.060361
v -1.258641 0.295003 -0.064524
v -1.259975 0.266772 -0.071023
v -1.251056 0.266772 -0.072899
v -1.250383 0.295003 -0.066229
v -1.250003 0.323233 -0.061955
v -1.250712 0.360552 -0.065952
v -1.251640 0.390360 -0.071240
v -1.315333 0.390360 -0.009378
v -1.308285 0.360552 -0.008682
v -1.302907 0.323233 -0.008157
v -1.305797 0.295003 -0.008719
v -1.310909 0.266772 -0.009597
v -1.309135 0.266772 -0.019030
v -1.304154 0.295003 -0.017289
v -1.301339 0.323233 -0.016174
v -1.306579 0.360552 -0.017216
v -1.313445 0.390360 -0.018596
v -1.278975 0.390360 -0.062228
v -1.275421 0.360552 -0.057609
v -1.272707 0.323233 -0.054118
v -1.274164 0.295003 -0.057851
v -1.276743 0.266772 -0.063677
v -1.268586 0.266772 -0.067931
v -1.266613 0.295003 -0.061716
v -1.265498 0.323233 -0.057733
v -1.267575 0.360552 -0.061457
v -1.270295 0.390360 -0.066385
v -1.241984 0.390360 0.071857
v -1.241984 0.360552 0.066524
v -1.241981 0.323233 0.062490
v -1.241981 0.295003 0.066800
v -1.241981 0.266772 0.073528
v -1.251056 0.266772 0.072899
v -1.250383 0.295003 0.066229
v -1.250003 0.323233 0.061955
v -1.250712 0.360552 0.065955
v -1.251640 0.390360 0.071243
v -1.196946 0.390360 0.057009
v -1.201273 0.360552 0.052777
v -1.204572 0.323233 0.049577
v -1.202798 0.295003 0.052996
v -1.199659 0.266772 0.058334
v -1.207220 0.266772 0.063677
v -1.209798 0.295003 0.057851
v -1.211256 0.323233 0.054118
v -1.208547 0.360552 0.057612
v -1.204993 0.390360 0.062231
v -1.177913 0.390360 0.035929
v -1.184069 0.360552 0.033263
v -1.188763 0.323233 0.031245
v -1.186239 0.295003 0.033400
v -1.181773 0.266772 0.036764
v -1.186826 0.266772 0.044761
v -1.190917 0.295003 0.040665
v -1.193229 0.323233 0.038041
v -1.188929 0.360552 0.040498
v -1.183290 0.390360 0.043745
v -1.213672 0.390360 -0.066385
v -1.216392 0.360552 -0.061457
v -1.218465 0.323233 -0.057733
v -1.217350 0.295003 -0.061716
v -1.215376 0.266772 -0.067931
v -1.207220 0.266772 -0.063677
v -1.209798 0.295003 -0.057851
v -1.211256 0.323233 -0.054118
v -1.208547 0.360552 -0.057609
v -1.204993 0.390360 -0.062228
v -1.189670 0.390360 -0.050808
v -1.194697 0.360552 -0.047037
v -1.198529 0.323233 -0.044187
v -1.196468 0.295003 -0.047235
v -1.192822 0.266772 -0.051992
v -1.186826 0.266772 -0.044761
v -1.190917 0.295003 -0.040666
v -1.193229 0.323233 -0.038041
v -1.188929 0.360552 -0.040495
v -1.183290 0.390360 -0.043742
v -1.232327 0.390360 -0.071240
v -1.233255 0.360552 -0.065952
v -1.233960 0.323233 -0.061955
v -1.233580 0.295003 -0.066229
v -1.232907 0.266772 -0.072899
v -1.223988 0.266772 -0.071023
v -1.225322 0.295003 -0.064524
v -1.226077 0.323233 -0.060361
v -1.224675 0.360552 -0.064254
v -1.222836 0.390360 -0.069406
v -1.261132 0.390360 0.069409
v -1.259292 0.360552 0.064257
v -1.257886 0.323233 0.060361
v -1.258641 0.295003 0.064524
v -1.259975 0.266772 0.071023
v -1.268586 0.266772 0.067931
v -1.266613 0.295003 0.061716
v -1.265498 0.323233 0.057733
v -1.267575 0.360552 0.061460
v -1.270295 0.390360 0.066388
v -1.306054 0.390360 0.035929
v -1.299898 0.360552 0.033263
v -1.295200 0.323233 0.031245
v -1.297724 0.295003 0.033400
v -1.302189 0.266772 0.036764
v -1.306212 0.266772 0.028138
v -1.301448 0.295003 0.025563
v -1.298755 0.323233 0.023914
v -1.303767 0.360552 0.025458
v -1.310334 0.390360 0.027499
v -1.177751 0.266772 0.028138
v -1.182515 0.295003 0.025563
v -1.185208 0.323233 0.023914
v -1.180200 0.360552 0.025458
v -1.173633 0.390360 0.027500
v -1.276743 0.266772 0.063677
v -1.274164 0.295003 0.057851
v -1.272707 0.323233 0.054118
v -1.275421 0.360552 0.057612
v -1.278975 0.390360 0.062231
v -1.199659 0.266772 -0.058334
v -1.202798 0.295003 -0.052996
v -1.204572 0.323233 -0.049577
v -1.201273 0.360552 -0.052774
v -1.196946 0.390360 -0.057006
v -1.189670 0.390360 0.050811
v -1.194697 0.360552 0.047040
v -1.198529 0.323233 0.044187
v -1.196468 0.295003 0.047235
v -1.192822 0.266772 0.051992
v -1.306054 0.390360 -0.035927
v -1.299898 0.360552 -0.033260
v -1.295200 0.323233 -0.031245
v -1.297724 0.295003 -0.033400
v -1.302189 0.266772 -0.036764
v -1.173633 0.390360 -0.027497
v -1.180200 0.360552 -0.025456
v -1.185208 0.323233 -0.023914
v -1.182515 0.295003 -0.025563
v -1.177751 0.266772 -0.028138
v -1.174828 0.266772 -0.019031
v -1.179809 0.295003 -0.017289
v -1.182624 0.323233 -0.016174
v -1.177389 0.360552 -0.017216
v -1.170522 0.390360 -0.018596
v -1.309135 0.266772 0.019030
v -1.304154 0.295003 0.017289
v -1.301339 0.323233 0.016174
v -1.306579 0.360552 0.017219
v -1.313445 0.390360 0.018599
v -1.284304 0.266772 -0.058334
v -1.281165 0.295003 -0.052996
v -1.279391 0.323233 -0.049577
v -1.282694 0.360552 -0.052774
v -1.287021 0.390360 -0.057006
v -1.315333 0.390360 0.009380
v -1.308285 0.360552 0.008684
v -1.302907 0.323233 0.008157
v -1.305797 0.295003 0.008719
v -1.310909 0.266772 0.009597
v -1.311504 0.266772 -0.000000
v -1.306347 0.295003 -0.000000
v -1.303433 0.323233 -0.000000
v -1.308857 0.360552 0.000001
v -1.315966 0.390360 0.000001
v -1.241981 0.266772 -0.073528
v -1.241981 0.295003 -0.066800
v -1.241981 0.323233 -0.062490
v -1.241984 0.360552 -0.066521
v -1.241984 0.390360 -0.071855
v -1.168634 0.390360 -0.009378
v -1.175682 0.360552 -0.008682
v -1.181056 0.323233 -0.008157
v -1.178166 0.295003 -0.008719
v -1.173054 0.266772 -0.009597
v -1.172459 0.266772 -0.000000
v -1.177616 0.295003 -0.000000
v -1.180530 0.323233 -0.000000
v -1.175110 0.360552 0.000001
v -1.168001 0.390360 0.000001
v -1.306212 0.266772 -0.028138
v -1.301448 0.295003 -0.025563
v -1.298755 0.323233 -0.023914
v -1.303767 0.360552 -0.025456
v -1.310334 0.390360 -0.027497
v -1.232907 0.266772 0.072899
v -1.233580 0.295003 0.066229
v -1.233960 0.323233 0.061955
v -1.233255 0.360552 0.065955
v -1.232327 0.390360 0.071243
v -1.284304 0.266772 0.058334
v -1.281165 0.295003 0.052996
v -1.279391 0.323233 0.049576
v -1.282694 0.360552 0.052777
v -1.287021 0.390360 0.057009
v -1.181773 0.266772 -0.036764
v -1.186239 0.295003 -0.033400
v -1.188763 0.323233 -0.031245
v -1.184069 0.360552 -0.033260
v -1.177913 0.390360 -0.035927
v -1.291141 0.266772 0.051992
v -1.287495 0.295003 0.047235
v -1.285434 0.323233 0.044187
v -1.289271 0.360552 0.047040
v -1.294297 0.390360 0.050811
v -1.300678 0.390360 0.043745
v -1.295038 0.360552 0.040498
v -1.290734 0.323233 0.038041
v -1.293046 0.295003 0.040665
v -1.297137 0.266772 0.044761
v -1.241981 -0.000173 -0.193479
v -1.206944 -0.000173 -0.189761
v -1.173252 -0.000173 -0.178751
v -1.142202 -0.000173 -0.160872
v -1.114986 -0.000173 -0.136810
v -1.092651 -0.000173 -0.107491
v -1.076054 -0.000173 -0.074041
v -1.065834 -0.000173 -0.037746
v -1.062383 -0.000173 -0.000000
v -1.065834 -0.000173 0.037746
v -1.076054 -0.000173 0.074041
v -1.092651 -0.000173 0.107491
v -1.114986 -0.000173 0.136810
v -1.142202 -0.000173 0.160872
v -1.173252 -0.000173 0.178751
v -1.206944 -0.000173 0.189761
v -1.241981 -0.000173 0.193479
v -1.277019 -0.000173 0.189761
v -1.310711 -0.000173 0.178751
v -1.341761 -0.000173 0.160872
v -1.368977 -0.000173 0.136810
v -1.391312 -0.000173 0.107491
v -1.407909 -0.000173 0.074041
v -1.418129 -0.000173 0.037746
v -1.421580 -0.000173 -0.000000
v -1.418129 -0.000173 -0.037746
v -1.407909 -0.000173 -0.074041
v -1.391312 -0.000173 -0.107491
v -1.368977 -0.000173 -0.136810
v -1.341761 -0.000173 -0.160872
v -1.310711 -0.000173 -0.178751
v -1.277019 -0.000173 -0.189761
v -1.241981 0.028193 -0.193479
v -1.206944 0.028193 -0.189761
v -1.173252 0.028193 -0.178751
v -1.142202 0.028193 -0.160872
v -1.114986 0.028193 -0.136810
v -1.092651 0.028193 -0.107491
v -1.076054 0.028193 -0.074041
v -1.065834 0.028193 -0.037746
v -1.062383 0.028193 -0.000000
v -1.065834 0.028193 0.037746
v -1.076054 0.028193 0.074041
v -1.092651 0.028193 0.107491
v -1.114986 0.028193 0.136810
v -1.142202 0.028193 0.160872
v -1.173252 0.028193 0.178751
v -1.206944 0.028193 0.189761
v -1.241981 0.028193 0.193479
v -1.277019 0.028193 0.189761
v -1.310711 0.028193 0.178751
v -1.341761 0.028193 0.160872
v -1.368977 0.028193 0.136810
v -1.391312 0.028193 0.107491
v -1.407909 0.028193 0.074041
v -1.418129 0.028193 0.037746
v -1.421580 0.028193 -0.000000
v -1.418129 0.028193 -0.037746
v -1.407909 0.028193 -0.074041
v -1.391312 0.028193 -0.107491
v -1.368977 0.028193 -0.136810
v -1.341761 0.028193 -0.160872
v -1.310711 0.028193 -0.178751
v -1.277019 0.028193 -0.189761
v -1.241981 0.044091 -0.173752
v -1.210516 0.044091 -0.170414
v -1.180259 0.044091 -0.160526
v -1.152375 0.044091 -0.144470
v -1.127934 0.044091 -0.122861
v -1.107876 0.044091 -0.096532
v -1.092971 0.044091 -0.066492
v -1.083793 0.044091 -0.033897
v -1.080694 0.044091 -0.000000
v -1.083793 0.044091 0.033897
v -1.092971 0.044091 0.066492
v -1.107876 0.044091 0.096532
v -1.127934 0.044091 0.122861
v -1.152375 0.044091 0.144470
v -1.180259 0.044091 0.160526
v -1.210516 0.044091 0.170414
v -1.241981 0.044091 0.173752
v -1.273447 0.044091 0.170414
v -1.303703 0.044091 0.160526
v -1.331588 0.044091 0.144470
v -1.356029 0.044091 0.122861
v -1.376087 0.044091 0.096532
v -1.390991 0.044091 0.066492
v -1.400170 0.044091 0.033897
v -1.403269 0.044091 -0.000000
v -1.400170 0.044091 -0.033897
v -1.390991 0.044091 -0.066492
v -1.376087 0.044091 -0.096532
v -1.356029 0.044091 -0.122861
v -1.331588 0.044091 -0.144470
v -1.303703 0.044091 -0.160526
v -1.273447 0.044091 -0.170414
v -1.075182 0.069067 -0.000000
v -1.079651 0.094167 -0.000000
v -1.099845 0.113728 -0.000000
v -1.118152 0.158430 -0.000000
v -1.079651 0.043966 -0.000000
v -1.076609 0.069067 -0.023454
v -1.081040 0.094167 -0.022826
v -1.101061 0.113728 -0.019986
v -1.119212 0.158430 -0.017412
v -1.081040 0.043966 -0.022826
v -1.080865 0.069067 -0.046507
v -1.085182 0.094167 -0.045261
v -1.104688 0.113728 -0.039631
v -1.122372 0.158430 -0.034526
v -1.085182 0.043966 -0.045261
v -1.087879 0.069067 -0.068765
v -1.092008 0.094167 -0.066922
v -1.110664 0.113728 -0.058597
v -1.127578 0.158430 -0.051050
v -1.092008 0.043966 -0.066922
v -1.097529 0.069067 -0.089845
v -1.101399 0.094167 -0.087438
v -1.118887 0.113728 -0.076561
v -1.134742 0.158430 -0.066700
v -1.101399 0.043966 -0.087438
v -1.109650 0.069067 -0.109389
v -1.113196 0.094167 -0.106458
v -1.129217 0.113728 -0.093215
v -1.143741 0.158430 -0.081208
v -1.113196 0.043966 -0.106458
v -1.124036 0.069067 -0.127061
v -1.127197 0.094167 -0.123656
v -1.141475 0.113728 -0.108274
v -1.154421 0.158430 -0.094328
v -1.127197 0.043966 -0.123656
v -1.140440 0.069067 -0.142558
v -1.143161 0.094167 -0.138738
v -1.155454 0.113728 -0.121480
v -1.166599 0.158430 -0.105833
v -1.143161 0.043966 -0.138738
v -1.158582 0.069067 -0.155617
v -1.160816 0.094167 -0.151447
v -1.170913 0.113728 -0.132607
v -1.180067 0.158430 -0.115527
v -1.160816 0.043966 -0.151447
v -1.178150 0.069067 -0.166012
v -1.179860 0.094167 -0.161564
v -1.187588 0.113728 -0.141466
v -1.194594 0.158430 -0.123245
v -1.179860 0.043966 -0.161564
v -1.198810 0.069067 -0.173568
v -1.199967 0.094167 -0.168917
v -1.205194 0.113728 -0.147904
v -1.209932 0.158430 -0.128854
v -1.199967 0.043966 -0.168917
v -1.220210 0.069067 -0.178153
v -1.220793 0.094167 -0.173380
v -1.223429 0.113728 -0.151812
v -1.225819 0.158430 -0.132258
v -1.220793 0.043966 -0.173380
v -1.241981 0.069067 -0.179691
v -1.241981 0.094167 -0.174876
v -1.241981 0.113728 -0.153122
v -1.241981 0.158430 -0.133399
v -1.241981 0.043966 -0.174876
v -1.263753 0.069067 -0.178153
v -1.263170 0.094167 -0.173380
v -1.260534 0.113728 -0.151812
v -1.258144 0.158430 -0.132258
v -1.263170 0.043966 -0.173380
v -1.285152 0.069067 -0.173568
v -1.283996 0.094167 -0.168917
v -1.278769 0.113728 -0.147904
v -1.274031 0.158430 -0.128854
v -1.283996 0.043966 -0.168917
v -1.305813 0.069067 -0.166013
v -1.304103 0.094167 -0.161564
v -1.296375 0.113728 -0.141466
v -1.289369 0.158430 -0.123245
v -1.304103 0.043966 -0.161564
v -1.325381 0.069067 -0.155617
v -1.323146 0.094167 -0.151447
v -1.313050 0.113728 -0.132607
v -1.303896 0.158430 -0.115527
v -1.323146 0.043966 -0.151447
v -1.343523 0.069067 -0.142558
v -1.340802 0.094167 -0.138738
v -1.328509 0.113728 -0.121480
v -1.317364 0.158430 -0.105833
v -1.340802 0.043966 -0.138738
v -1.359927 0.069067 -0.127060
v -1.356766 0.094167 -0.123656
v -1.342487 0.113728 -0.108273
v -1.329542 0.158430 -0.094327
v -1.356766 0.043966 -0.123656
v -1.374312 0.069067 -0.109389
v -1.370767 0.094167 -0.106458
v -1.354746 0.113728 -0.093215
v -1.340222 0.158430 -0.081208
v -1.370767 0.043966 -0.106458
v -1.386434 0.069067 -0.089845
v -1.382563 0.094167 -0.087438
v -1.365076 0.113728 -0.076561
v -1.349221 0.158430 -0.066700
v -1.382563 0.043966 -0.087438
v -1.396084 0.069067 -0.068765
v -1.391955 0.094167 -0.066922
v -1.373299 0.113728 -0.058597
v -1.356385 0.158430 -0.051050
v -1.391955 0.043966 -0.066922
v -1.403098 0.069067 -0.046507
v -1.398780 0.094167 -0.045261
v -1.379275 0.113728 -0.039631
v -1.361591 0.158430 -0.034526
v -1.398780 0.043966 -0.045261
v -1.407354 0.069067 -0.023454
v -1.402923 0.094167 -0.022826
v -1.382902 0.113728 -0.019986
v -1.364751 0.158430 -0.017412
v -1.402923 0.043966 -0.022826
v -1.408781 0.069067 -0.000000
v -1.404312 0.094167 -0.000000
v -1.384118 0.113728 -0.000000
v -1.365811 0.158430 -0.000000
v -1.164012 0.139779 0.109464
v -1.160872 0.127449 0.113874
v -1.225264 0.139779 0.136796
v -1.224590 0.127449 0.142307
v -1.404312 0.043966 -0.000000
v -1.407354 0.069067 0.023454
v -1.402923 0.094167 0.022826
v -1.382902 0.113728 0.019986
v -1.364751 0.158430 0.017412
v -1.290995 0.139779 0.127474
v -1.292969 0.127449 0.132609
v -1.343593 0.139779 0.083995
v -1.347686 0.127449 0.087379
v -1.402923 0.043966 0.022826
v -1.403098 0.069067 0.046507
v -1.398780 0.094167 0.045261
v -1.379275 0.113728 0.039631
v -1.361591 0.158430 0.034526
v -1.368964 0.139779 0.018010
v -1.374079 0.127449 0.018735
v -1.360310 0.139779 -0.052801
v -1.365077 0.127449 -0.054928
v -1.398780 0.043966 0.045261
v -1.396084 0.069067 0.068765
v -1.391955 0.094167 0.066922
v -1.373299 0.113728 0.058597
v -1.356385 0.158430 0.051050
v -1.319950 0.139779 -0.109464
v -1.323091 0.127449 -0.113874
v -1.258699 0.139779 -0.136796
v -1.259372 0.127449 -0.142307
v -1.391955 0.043966 0.066922
v -1.386434 0.069067 0.089845
v -1.382564 0.094167 0.087438
v -1.365076 0.113728 0.076561
v -1.349221 0.158430 0.066700
v -1.192968 0.139779 -0.127474
v -1.190994 0.127449 -0.132609
v -1.140370 0.139779 -0.083995
v -1.136277 0.127449 -0.087379
v -1.382564 0.043966 0.087438
v -1.374312 0.069067 0.109389
v -1.370767 0.094167 0.106458
v -1.354746 0.113728 0.093215
v -1.340222 0.158430 0.081208
v -1.114999 0.139779 -0.018010
v -1.109884 0.127449 -0.018735
v -1.123653 0.139779 0.052801
v -1.118886 0.127449 0.054928
v -1.370767 0.043966 0.106458
v -1.359927 0.069067 0.127060
v -1.356766 0.094167 0.123656
v -1.342487 0.113728 0.108273
v -1.329542 0.158430 0.094327
v -1.151417 0.139779 0.097564
v -1.147768 0.127449 0.101495
v -1.208832 0.139779 0.133275
v -1.207497 0.127449 0.138644
v -1.356766 0.043966 0.123656
v -1.343523 0.069067 0.142558
v -1.340802 0.094167 0.138738
v -1.328509 0.113728 0.121480
v -1.317364 0.158430 0.105833
v -1.275131 0.139779 0.133275
v -1.276466 0.127449 0.138644
v -1.332546 0.139779 0.097564
v -1.336195 0.127449 0.101494
v -1.340802 0.043966 0.138738
v -1.325381 0.069067 0.155617
v -1.323146 0.094167 0.151447
v -1.313050 0.113728 0.132607
v -1.303896 0.158430 0.115527
v -1.365695 0.139779 0.035711
v -1.370679 0.127449 0.037150
v -1.365695 0.139779 -0.035711
v -1.370679 0.127449 -0.037150
v -1.323146 0.043966 0.151447
v -1.305813 0.069067 0.166012
v -1.304103 0.094167 0.161564
v -1.296375 0.113728 0.141466
v -1.289369 0.158430 0.123245
v -1.332546 0.139779 -0.097564
v -1.336195 0.127449 -0.101495
v -1.275131 0.139779 -0.133275
v -1.276466 0.127449 -0.138644
v -1.304103 0.043966 0.161564
v -1.285152 0.069067 0.173568
v -1.283996 0.094167 0.168917
v -1.278769 0.113728 0.147904
v -1.274031 0.158430 0.128854
v -1.208832 0.139779 -0.133275
v -1.207497 0.127449 -0.138644
v -1.151417 0.139779 -0.097564
v -1.147768 0.127449 -0.101495
v -1.283996 0.043966 0.168917
v -1.263753 0.069067 0.178153
v -1.263170 0.094167 0.173380
v -1.260534 0.113728 0.151812
v -1.258144 0.158430 0.132258
v -1.118267 0.139779 -0.035711
v -1.113284 0.127449 -0.037150
v -1.118267 0.139779 0.035711
v -1.113284 0.127449 0.037150
v -1.263170 0.043966 0.173380
v -1.241981 0.069067 0.179691
v -1.241981 0.094167 0.174876
v -1.241981 0.113728 0.153122
v -1.241981 0.158430 0.133399
v -1.192968 0.139779 0.127474
v -1.190994 0.127449 0.132609
v -1.258699 0.139779 0.136796
v -1.259372 0.127449 0.142307
v -1.241981 0.043966 0.174876
v -1.220210 0.069067 0.178153
v -1.220793 0.094167 0.173380
v -1.223429 0.113728 0.151812
v -1.225819 0.158430 0.132258
v -1.319950 0.139779 0.109464
v -1.323092 0.127449 0.113874
v -1.360310 0.139779 0.052801
v -1.365077 0.127449 0.054928
v -1.220793 0.043966 0.173380
v -1.198811 0.069067 0.173568
v -1.199967 0.094167 0.168917
v -1.205194 0.113728 0.147904
v -1.209932 0.158430 0.128854
v -1.368964 0.139779 -0.018010
v -1.374079 0.127449 -0.018735
v -1.343593 0.139779 -0.083995
v -1.347686 0.127449 -0.087379
v -1.199967 0.043966 0.168917
v -1.178150 0.069067 0.166012
v -1.179860 0.094167 0.161564
v -1.187588 0.113728 0.141466
v -1.194594 0.158430 0.123245
v -1.290995 0.139779 -0.127474
v -1.292969 0.127449 -0.132609
v -1.225264 0.139779 -0.136796
v -1.224590 0.127449 -0.142307
v -1.179860 0.043966 0.161564
v -1.158582 0.069067 0.155617
v -1.160816 0.094167 0.151447
v -1.170913 0.113728 0.132607
v -1.180067 0.158430 0.115527
v -1.164012 0.139779 -0.109464
v -1.160871 0.127449 -0.113874
v -1.123653 0.139779 -0.052801
v -1.118886 0.127449 -0.054928
v -1.160816 0.043966 0.151447
v -1.140440 0.069067 0.142558
v -1.143161 0.094167 0.138738
v -1.155454 0.113728 0.121480
v -1.166599 0.158430 0.105833
v -1.114999 0.139779 0.018010
v -1.109884 0.127449 0.018735
v -1.140370 0.139779 0.083995
v -1.136277 0.127449 0.087379
v -1.143161 0.043966 0.138738
v -1.124036 0.069067 0.127061
v -1.127197 0.094167 0.123656
v -1.141476 0.113728 0.108274
v -1.154421 0.158430 0.094328
v -1.177942 0.139779 0.119491
v -1.175363 0.127449 0.124305
v -1.241981 0.139779 0.137977
v -1.241981 0.127449 0.143535
v -1.127197 0.043966 0.123656
v -1.109650 0.069067 0.109389
v -1.113196 0.094167 0.106458
v -1.129217 0.113728 0.093215
v -1.143741 0.158430 0.081208
v -1.306020 0.139779 0.119491
v -1.308600 0.127449 0.124305
v -1.352900 0.139779 0.068988
v -1.357369 0.127449 0.071767
v -1.113196 0.043966 0.106458
v -1.097529 0.069067 0.089845
v -1.101399 0.094167 0.087438
v -1.118887 0.113728 0.076561
v -1.134742 0.158430 0.066700
v -1.370060 0.139779 -0.000000
v -1.375219 0.127449 -0.000000
v -1.352900 0.139779 -0.068988
v -1.357369 0.127449 -0.071767
v -1.101399 0.043966 0.087438
v -1.087879 0.069067 0.068765
v -1.092008 0.094167 0.066922
v -1.110664 0.113728 0.058597
v -1.127578 0.158430 0.051050
v -1.306020 0.139779 -0.119491
v -1.308600 0.127449 -0.124305
v -1.241981 0.139779 -0.137977
v -1.241981 0.127449 -0.143535
v -1.092008 0.043966 0.066922
v -1.080865 0.069067 0.046507
v -1.085182 0.094167 0.045261
v -1.104688 0.113728 0.039631
v -1.122372 0.158430 0.034526
v -1.177942 0.139779 -0.119491
v -1.175363 0.127449 -0.124305
v -1.131063 0.139779 -0.068988
v -1.126594 0.127449 -0.071767
v -1.085182 0.043966 0.045261
v -1.076609 0.069067 0.023454
v -1.081040 0.094167 0.022826
v -1.101061 0.113728 0.019986
v -1.119212 0.158430 0.017412
v -1.113903 0.139779 -0.000000
v -1.108744 0.127449 -0.000000
v -1.131063 0.139779 0.068988
v -1.126594 0.127449 0.071767
v -1.081040 0.043966 0.022826
v -1.126467 0.158430 -0.000000
v -1.127455 0.158430 -0.016243
v -1.130403 0.158430 -0.032208
v -1.135260 0.158430 -0.047622
v -1.141943 0.158430 -0.062221
v -1.150337 0.158430 -0.075756
v -1.160300 0.158430 -0.087994
v -1.171661 0.158430 -0.098727
v -1.184224 0.158430 -0.107770
v -1.197776 0.158430 -0.114970
v -1.212084 0.158430 -0.120202
v -1.226904 0.158430 -0.123378
v -1.241981 0.158430 -0.124442
v -1.257059 0.158430 -0.123378
v -1.271879 0.158430 -0.120202
v -1.286187 0.158430 -0.114970
v -1.299739 0.158430 -0.107770
v -1.312302 0.158430 -0.098727
v -1.323663 0.158430 -0.087994
v -1.333625 0.158430 -0.075756
v -1.342020 0.158430 -0.062221
v -1.348703 0.158430 -0.047622
v -1.353560 0.158430 -0.032208
v -1.356508 0.158430 -0.016243
v -1.357496 0.158430 -0.000000
v -1.356508 0.158430 0.016243
v -1.353560 0.158430 0.032208
v -1.348703 0.158430 0.047622
v -1.342020 0.158430 0.062221
v -1.333625 0.158430 0.075756
v -1.323663 0.158430 0.087994
v -1.312302 0.158430 0.098727
v -1.299739 0.158430 0.107770
v -1.286187 0.158430 0.114970
v -1.271879 0.158430 0.120202
v -1.257059 0.158430 0.123378
v -1.241981 0.158430 0.124442
v -1.226904 0.158430 0.123378
v -1.212084 0.158430 0.120202
v -1.197776 0.158430 0.114970
v -1.184224 0.158430 0.107770
v -1.171661 0.158430 0.098727
v -1.160300 0.158430 0.087994
v -1.150337 0.158430 0.075756
v -1.141943 0.158430 0.062221
v -1.135260 0.158430 0.047622
v -1.130403 0.158430 0.032208
v -1.127455 0.158430 0.016243
v -1.331404 0.177889 0.055618
v -1.322787 0.194322 0.050259
v -1.314834 0.210262 0.045312
v -1.310347 0.224639 0.042521
v -1.314914 0.224639 0.032544
v -1.319701 0.210262 0.034680
v -1.328185 0.194322 0.038466
v -1.337378 0.177889 0.042568
v -1.168968 0.177889 0.078656
v -1.176004 0.194322 0.071077
v -1.182497 0.210262 0.064081
v -1.186161 0.224639 0.060134
v -1.193925 0.224639 0.067469
v -1.190771 0.210262 0.071897
v -1.185180 0.194322 0.079746
v -1.179123 0.177889 0.088250
v -1.344355 0.177889 0.014519
v -1.334490 0.194322 0.013120
v -1.325385 0.210262 0.011829
v -1.320248 0.224639 0.011100
v -1.320923 0.224639 -0.000000
v -1.326105 0.210262 -0.000000
v -1.335288 0.194322 -0.000000
v -1.345238 0.177889 -0.000000
v -1.255459 0.177889 0.110285
v -1.254160 0.194322 0.099658
v -1.252962 0.210262 0.089849
v -1.252285 0.224639 0.084315
v -1.262413 0.224639 0.082145
v -1.263754 0.210262 0.087537
v -1.266131 0.194322 0.097092
v -1.268706 0.177889 0.107447
v -1.293610 0.177889 0.096334
v -1.288635 0.194322 0.087051
v -1.284043 0.210262 0.078483
v -1.281452 0.224639 0.073649
v -1.290038 0.224639 0.067469
v -1.293192 0.210262 0.071897
v -1.298783 0.194322 0.079746
v -1.304840 0.177889 0.088250
v -1.142243 0.177889 -0.028790
v -1.151854 0.194322 -0.026016
v -1.160725 0.210262 -0.023455
v -1.165729 0.224639 -0.022011
v -1.163715 0.224639 -0.011100
v -1.158578 0.210262 -0.011829
v -1.149473 0.194322 -0.013120
v -1.139608 0.177889 -0.014519
v -1.323900 0.177889 0.067717
v -1.316006 0.194322 0.061191
v -1.308721 0.210262 0.055169
v -1.304610 0.224639 0.051771
v -1.202467 0.177889 0.102769
v -1.206275 0.194322 0.092866
v -1.209789 0.210262 0.083726
v -1.211772 0.224639 0.078569
v -1.221550 0.224639 0.082145
v -1.220209 0.210262 0.087537
v -1.217832 0.194322 0.097092
v -1.215257 0.177889 0.107447
v -1.241981 0.177889 0.111237
v -1.241981 0.194322 0.100518
v -1.241981 0.210262 0.090625
v -1.241981 0.224639 0.085043
v -1.168968 0.177889 -0.078656
v -1.176004 0.194322 -0.071077
v -1.182497 0.210262 -0.064081
v -1.186161 0.224639 -0.060134
v -1.179353 0.224639 -0.051771
v -1.175242 0.210262 -0.055169
v -1.167956 0.194322 -0.061191
v -1.160062 0.177889 -0.067717
v -1.281496 0.177889 0.102769
v -1.277688 0.194322 0.092866
v -1.274174 0.210262 0.083726
v -1.272191 0.224639 0.078569
v -1.146585 0.177889 -0.042569
v -1.155778 0.194322 -0.038466
v -1.164262 0.210262 -0.034681
v -1.169049 0.224639 -0.032545
v -1.190353 0.177889 0.096334
v -1.195328 0.194322 0.087051
v -1.199920 0.210262 0.078483
v -1.202510 0.224639 0.073649
v -1.215257 0.177889 -0.107447
v -1.217832 0.194322 -0.097093
v -1.220209 0.210262 -0.087537
v -1.221550 0.224639 -0.082145
v -1.211772 0.224639 -0.078569
v -1.209789 0.210262 -0.083726
v -1.206275 0.194322 -0.092866
v -1.202467 0.177889 -0.102770
v -1.228504 0.177889 0.110285
v -1.229802 0.194322 0.099658
v -1.231001 0.210262 0.089849
v -1.231677 0.224639 0.084315
v -1.179123 0.177889 -0.088250
v -1.185180 0.194322 -0.079746
v -1.190771 0.210262 -0.071897
v -1.193925 0.224639 -0.067469
v -1.152558 0.177889 -0.055618
v -1.161176 0.194322 -0.050259
v -1.169129 0.210262 -0.045312
v -1.173616 0.224639 -0.042522
v -1.268706 0.177889 -0.107447
v -1.266131 0.194322 -0.097093
v -1.263754 0.210262 -0.087537
v -1.262413 0.224639 -0.082145
v -1.252285 0.224639 -0.084315
v -1.252962 0.210262 -0.089849
v -1.254160 0.194322 -0.099658
v -1.255459 0.177889 -0.110285
v -1.228504 0.177889 -0.110285
v -1.229802 0.194322 -0.099658
v -1.231001 0.210262 -0.089849
v -1.231677 0.224639 -0.084315
v -1.190353 0.177889 -0.096334
v -1.195328 0.194322 -0.087051
v -1.199920 0.210262 -0.078483
v -1.202510 0.224639 -0.073649
v -1.314995 0.177889 -0.078656
v -1.307959 0.194322 -0.071077
v -1.301466 0.210262 -0.064081
v -1.297802 0.224639 -0.060134
v -1.290038 0.224639 -0.067469
v -1.293192 0.210262 -0.071897
v -1.298783 0.194322 -0.079746
v -1.304840 0.177889 -0.088250
v -1.163039 0.224639 -0.000000
v -1.157858 0.210262 -0.000000
v -1.148675 0.194322 -0.000000
v -1.138725 0.177889 -0.000000
v -1.281496 0.177889 -0.102770
v -1.277688 0.194322 -0.092866
v -1.274174 0.210262 -0.083726
v -1.272191 0.224639 -0.078569
v -1.241981 0.177889 -0.111237
v -1.241981 0.194322 -0.100518
v -1.241981 0.210262 -0.090625
v -1.241981 0.224639 -0.085043
v -1.323900 0.177889 -0.067717
v -1.316006 0.194322 -0.061191
v -1.308721 0.210262 -0.055169
v -1.304610 0.224639 -0.051771
v -1.293610 0.177889 -0.096334
v -1.288635 0.194322 -0.087051
v -1.284043 0.210262 -0.078483
v -1.281452 0.224639 -0.073649
v -1.142243 0.177889 0.028790
v -1.151854 0.194322 0.026016
v -1.160725 0.210262 0.023455
v -1.165729 0.224639 0.022011
v -1.169049 0.224639 0.032545
v -1.164262 0.210262 0.034681
v -1.155778 0.194322 0.038466
v -1.146585 0.177889 0.042569
v -1.331404 0.177889 -0.055618
v -1.322787 0.194322 -0.050259
v -1.314834 0.210262 -0.045312
v -1.310347 0.224639 -0.042522
v -1.341720 0.177889 -0.028790
v -1.332108 0.194322 -0.026016
v -1.323238 0.210262 -0.023455
v -1.318233 0.224639 -0.022011
v -1.314914 0.224639 -0.032545
v -1.319701 0.210262 -0.034681
v -1.328185 0.194322 -0.038466
v -1.337378 0.177889 -0.042569
v -1.160062 0.177889 0.067717
v -1.167956 0.194322 0.061191
v -1.175242 0.210262 0.055169
v -1.179353 0.224639 0.051771
v -1.341720 0.177889 0.028790
v -1.332108 0.194322 0.026016
v -1.323238 0.210262 0.023455
v -1.318233 0.224639 0.022011
v -1.139608 0.177889 0.014519
v -1.149473 0.194322 0.013120
v -1.158578 0.210262 0.011829
v -1.163715 0.224639 0.011100
v -1.314995 0.177889 0.078656
v -1.307959 0.194322 0.071077
v -1.301466 0.210262 0.064081
v -1.297802 0.224639 0.060134
v -1.344355 0.177889 -0.014519
v -1.334490 0.194322 -0.013120
v -1.325385 0.210262 -0.011829
v -1.320248 0.224639 -0.011100
v -1.152558 0.177889 0.055618
v -1.161176 0.194322 0.050259
v -1.169129 0.210262 0.045312
v -1.173616 0.224639 0.042521
v -1.143707 0.436569 0.000117
v -1.146307 0.445789 0.000001
v -1.153530 0.452692 0.000105
v -1.173077 0.452716 0.000001
v -1.153530 0.420446 0.000105
v -1.146307 0.427349 0.000001
v -1.144532 0.436569 -0.012033
v -1.147142 0.445878 -0.011711
v -1.154272 0.452692 -0.010830
v -1.173775 0.452692 -0.008583
v -1.154211 0.420511 -0.010942
v -1.147217 0.427196 -0.011815
v -1.147071 0.436658 -0.024085
v -1.149565 0.445789 -0.023452
v -1.156469 0.452627 -0.021699
v -1.175496 0.452692 -0.016784
v -1.156469 0.420511 -0.021699
v -1.149655 0.427196 -0.023429
v -1.151200 0.436658 -0.035612
v -1.153586 0.445789 -0.034676
v -1.160190 0.452627 -0.032084
v -1.178318 0.452716 -0.024968
v -1.160218 0.420446 -0.031960
v -1.153571 0.427261 -0.034560
v -1.156882 0.436658 -0.046530
v -1.159118 0.445789 -0.045306
v -1.165309 0.452627 -0.041920
v -1.182302 0.452716 -0.032623
v -1.165309 0.420511 -0.041920
v -1.159118 0.427349 -0.045306
v -1.163931 0.436569 -0.056569
v -1.166022 0.445878 -0.055054
v -1.171732 0.452692 -0.050912
v -1.187436 0.452692 -0.039727
v -1.171739 0.420511 -0.051039
v -1.166142 0.427196 -0.055108
v -1.172490 0.436658 -0.065804
v -1.174315 0.445789 -0.064073
v -1.179370 0.452627 -0.059284
v -1.193254 0.452692 -0.046013
v -1.179370 0.420511 -0.059284
v -1.174381 0.427196 -0.064011
v -1.182148 0.436658 -0.073830
v -1.183720 0.445789 -0.071889
v -1.188071 0.452627 -0.066515
v -1.200016 0.452716 -0.051764
v -1.188030 0.420446 -0.066395
v -1.183646 0.427261 -0.071796
v -1.192830 0.436658 -0.080593
v -1.194121 0.445789 -0.078474
v -1.197695 0.452627 -0.072608
v -1.207506 0.452716 -0.056506
v -1.197695 0.420511 -0.072608
v -1.194121 0.427349 -0.078474
v -1.204232 0.436569 -0.085948
v -1.205242 0.445878 -0.083645
v -1.208002 0.452692 -0.077353
v -1.215701 0.452692 -0.060225
v -1.208075 0.420511 -0.077459
v -1.205375 0.427196 -0.083635
v -1.216516 0.436658 -0.089890
v -1.217184 0.445789 -0.087526
v -1.219034 0.452627 -0.080984
v -1.224056 0.452692 -0.062912
v -1.219034 0.420511 -0.080984
v -1.217209 0.427196 -0.087441
v -1.229116 0.436658 -0.092265
v -1.229453 0.445789 -0.089839
v -1.230386 0.452627 -0.083124
v -1.232947 0.452716 -0.064689
v -1.230287 0.420446 -0.083039
v -1.229339 0.427261 -0.089793
v -1.241935 0.436658 -0.093061
v -1.241935 0.445789 -0.090614
v -1.241935 0.452627 -0.083841
v -1.241935 0.452716 -0.065247
v -1.241935 0.420511 -0.083841
v -1.241935 0.427349 -0.090614
v -1.254635 0.436569 -0.092296
v -1.254295 0.445878 -0.089823
v -1.253365 0.452692 -0.083066
v -1.250994 0.452692 -0.064586
v -1.253484 0.420511 -0.083124
v -1.254404 0.427196 -0.089751
v -1.267353 0.436658 -0.089890
v -1.266685 0.445789 -0.087526
v -1.264835 0.452627 -0.080984
v -1.259648 0.452692 -0.062954
v -1.264835 0.420511 -0.080984
v -1.266661 0.427196 -0.087441
v -1.279518 0.436658 -0.085977
v -1.278530 0.445789 -0.083716
v -1.275795 0.452627 -0.077459
v -1.268286 0.452716 -0.060281
v -1.275664 0.420446 -0.077432
v -1.278408 0.427261 -0.083731
v -1.291040 0.436658 -0.080593
v -1.289749 0.445789 -0.078474
v -1.286175 0.452627 -0.072608
v -1.276364 0.452716 -0.056506
v -1.286175 0.420511 -0.072608
v -1.289749 0.427349 -0.078474
v -1.301635 0.436569 -0.073913
v -1.300035 0.445878 -0.071933
v -1.295665 0.452692 -0.066522
v -1.283860 0.452692 -0.051640
v -1.295798 0.420511 -0.066515
v -1.300092 0.427196 -0.071818
v -1.311380 0.436658 -0.065804
v -1.309554 0.445789 -0.064073
v -1.304500 0.452627 -0.059284
v -1.290494 0.452692 -0.046127
v -1.304500 0.420511 -0.059284
v -1.309488 0.427196 -0.064011
v -1.319850 0.436658 -0.056651
v -1.317801 0.445789 -0.055162
v -1.312131 0.452627 -0.051039
v -1.296564 0.452716 -0.039720
v -1.312004 0.420446 -0.051077
v -1.317703 0.427261 -0.055232
v -1.326987 0.436658 -0.046530
v -1.324751 0.445789 -0.045306
v -1.318561 0.452627 -0.041920
v -1.301568 0.452716 -0.032623
v -1.318561 0.420511 -0.041920
v -1.324751 0.427349 -0.045306
v -1.332638 0.436569 -0.035725
v -1.330208 0.445878 -0.034768
v -1.323568 0.452692 -0.032152
v -1.305492 0.452692 -0.024858
v -1.323680 0.420511 -0.032084
v -1.330299 0.427261 -0.034560
v -1.336798 0.436658 -0.024085
v -1.334214 0.445943 -0.023429
v -1.327400 0.452627 -0.021699
v -1.308329 0.452692 -0.016940
v -1.327400 0.420511 -0.021699
v -1.334303 0.427261 -0.023335
v -1.339305 0.436658 -0.012146
v -1.336652 0.445943 -0.011815
v -1.329658 0.452627 -0.010942
v -1.310204 0.452716 -0.008515
v -1.329569 0.420446 -0.011036
v -1.336697 0.427261 -0.011934
v -1.340145 0.436658 0.000001
v -1.337469 0.445943 0.000001
v -1.330415 0.452627 0.000001
v -1.310793 0.452716 0.000001
v -1.330415 0.420511 0.000001
v -1.337563 0.427349 0.000001
v -1.339337 0.436569 0.012036
v -1.336728 0.445878 0.011713
v -1.329597 0.452692 0.010832
v -1.310094 0.452692 0.008586
v -1.329658 0.420511 0.010945
v -1.336697 0.427261 0.011937
v -1.336798 0.436658 0.024088
v -1.334214 0.445943 0.023431
v -1.327400 0.452627 0.021701
v -1.308373 0.452692 0.016787
v -1.327400 0.420511 0.021701
v -1.334242 0.427261 0.023555
v -1.332669 0.436658 0.035615
v -1.330197 0.445943 0.034645
v -1.323680 0.452627 0.032086
v -1.305551 0.452716 0.024971
v -1.323652 0.420446 0.031963
v -1.330299 0.427261 0.034563
v -1.326987 0.436658 0.046533
v -1.324670 0.445943 0.045265
v -1.318561 0.452627 0.041922
v -1.301568 0.452716 0.032626
v -1.318561 0.420511 0.041922
v -1.324751 0.427349 0.045309
v -1.319938 0.436569 0.056572
v -1.317848 0.445878 0.055056
v -1.312137 0.452692 0.050915
v -1.296433 0.452692 0.039729
v -1.312131 0.420511 0.051041
v -1.317703 0.427261 0.055235
v -1.311380 0.436658 0.065806
v -1.309488 0.445943 0.064014
v -1.304500 0.452627 0.059287
v -1.290615 0.452692 0.046016
v -1.304500 0.420511 0.059287
v -1.309447 0.427261 0.064134
v -1.301721 0.436658 0.073833
v -1.300092 0.445943 0.071821
v -1.295798 0.452627 0.066518
v -1.283853 0.452716 0.051767
v -1.295839 0.420446 0.066398
v -1.300224 0.427261 0.071798
v -1.291040 0.436658 0.080596
v -1.289702 0.445943 0.078400
v -1.286175 0.452627 0.072611
v -1.276364 0.452716 0.056508
v -1.286175 0.420511 0.072611
v -1.289749 0.427349 0.078477
v -1.279637 0.436569 0.085950
v -1.278627 0.445878 0.083647
v -1.275867 0.452692 0.077355
v -1.268169 0.452692 0.060228
v -1.275795 0.420511 0.077462
v -1.278408 0.427261 0.083733
v -1.267353 0.436658 0.089893
v -1.266661 0.445943 0.087444
v -1.264835 0.452627 0.080987
v -1.259813 0.452692 0.062915
v -1.264835 0.420511 0.080987
v -1.266562 0.427261 0.087528
v -1.254754 0.436658 0.092267
v -1.254405 0.445943 0.089754
v -1.253484 0.452627 0.083126
v -1.250922 0.452716 0.064692
v -1.253583 0.420446 0.083042
v -1.254530 0.427261 0.089796
v -1.241935 0.436658 0.093064
v -1.241935 0.445943 0.090528
v -1.241935 0.452627 0.083844
v -1.241935 0.452716 0.065250
v -1.241935 0.420511 0.083844
v -1.241935 0.427349 0.090617
v -1.229234 0.436569 0.092299
v -1.229575 0.445878 0.089826
v -1.230504 0.452692 0.083069
v -1.232875 0.452692 0.064588
v -1.230386 0.420511 0.083126
v -1.229339 0.427261 0.089796
v -1.216516 0.436658 0.089893
v -1.217209 0.445943 0.087444
v -1.219034 0.452627 0.080987
v -1.224221 0.452692 0.062957
v -1.219034 0.420511 0.080987
v -1.217078 0.427261 0.087470
v -1.204351 0.436658 0.085980
v -1.205375 0.445943 0.083637
v -1.208075 0.452627 0.077461
v -1.215584 0.452716 0.060283
v -1.208205 0.420446 0.077435
v -1.205462 0.427261 0.083733
v -1.192830 0.436658 0.080596
v -1.194167 0.445943 0.078400
v -1.197695 0.452627 0.072611
v -1.207506 0.452716 0.056508
v -1.197695 0.420511 0.072611
v -1.194121 0.427349 0.078477
v -1.182235 0.436569 0.073916
v -1.183834 0.445878 0.071935
v -1.188205 0.452692 0.066524
v -1.200009 0.452692 0.051643
v -1.188030 0.420446 0.066398
v -1.183646 0.427261 0.071798
v -1.172490 0.436658 0.065806
v -1.174381 0.445943 0.064014
v -1.179346 0.452692 0.059163
v -1.193375 0.452692 0.046130
v -1.179370 0.420511 0.059287
v -1.174381 0.427196 0.064014
v -1.164019 0.436658 0.056654
v -1.166068 0.445789 0.055165
v -1.171867 0.452716 0.050948
v -1.187306 0.452716 0.039722
v -1.171865 0.420446 0.051080
v -1.166166 0.427261 0.055235
v -1.156882 0.436658 0.046533
v -1.159118 0.445789 0.045309
v -1.165449 0.452716 0.041846
v -1.182302 0.452716 0.032626
v -1.165309 0.420511 0.041923
v -1.159118 0.427349 0.045309
v -1.151231 0.436569 0.035728
v -1.153662 0.445878 0.034771
v -1.160302 0.452692 0.032155
v -1.178377 0.452692 0.024860
v -1.160190 0.420511 0.032086
v -1.153672 0.427196 0.034645
v -1.147071 0.436658 0.024088
v -1.149565 0.445789 0.023454
v -1.156626 0.452716 0.021662
v -1.175541 0.452692 0.016943
v -1.156469 0.420511 0.021701
v -1.149655 0.427196 0.023431
v -1.144565 0.436658 0.012148
v -1.147142 0.445878 0.011713
v -1.154272 0.452692 0.010832
v -1.173666 0.452716 0.008518
v -1.154301 0.420446 0.011039
v -1.147173 0.427261 0.011937
v -1.158685 0.466706 0.000099
v -1.160888 0.474519 0.000001
v -1.167008 0.480368 0.000089
v -1.167008 0.453045 0.000089
v -1.160888 0.458894 0.000001
v -1.159384 0.466706 -0.010196
v -1.161595 0.474594 -0.009923
v -1.167637 0.480368 -0.009176
v -1.167586 0.453100 -0.009271
v -1.161659 0.458764 -0.010011
v -1.161535 0.466781 -0.020407
v -1.163649 0.474519 -0.019871
v -1.169499 0.480313 -0.018385
v -1.169499 0.453100 -0.018385
v -1.163725 0.458764 -0.019851
v -1.165034 0.466781 -0.030174
v -1.167055 0.474519 -0.029381
v -1.172651 0.480313 -0.027185
v -1.172675 0.453045 -0.027080
v -1.167043 0.458819 -0.029283
v -1.169849 0.466781 -0.039425
v -1.171743 0.474519 -0.038389
v -1.176988 0.480313 -0.035519
v -1.176988 0.453100 -0.035519
v -1.171743 0.458894 -0.038389
v -1.175822 0.466706 -0.047932
v -1.177593 0.474594 -0.046648
v -1.182431 0.480368 -0.043139
v -1.182437 0.453100 -0.043245
v -1.177694 0.458764 -0.046693
v -1.183073 0.466781 -0.055756
v -1.184620 0.474519 -0.054290
v -1.188903 0.480313 -0.050232
v -1.188903 0.453100 -0.050232
v -1.184676 0.458764 -0.054237
v -1.191257 0.466781 -0.062557
v -1.192589 0.474519 -0.060912
v -1.196275 0.480313 -0.056359
v -1.196241 0.453045 -0.056257
v -1.192526 0.458819 -0.060833
v -1.200307 0.466781 -0.068287
v -1.201401 0.474519 -0.066492
v -1.204429 0.480313 -0.061522
v -1.204429 0.453100 -0.061522
v -1.201401 0.458894 -0.066492
v -1.209969 0.466706 -0.072824
v -1.210825 0.474594 -0.070873
v -1.213163 0.480368 -0.065542
v -1.213225 0.453100 -0.065632
v -1.210937 0.458764 -0.070864
v -1.220377 0.466781 -0.076165
v -1.220943 0.474519 -0.074162
v -1.222511 0.480313 -0.068619
v -1.222511 0.453100 -0.068619
v -1.220964 0.458764 -0.074090
v -1.231053 0.466781 -0.078177
v -1.231338 0.474519 -0.076121
v -1.232129 0.480313 -0.070431
v -1.232045 0.453045 -0.070360
v -1.231242 0.458819 -0.076083
v -1.241915 0.466781 -0.078851
v -1.241915 0.474519 -0.076778
v -1.241915 0.480313 -0.071039
v -1.241915 0.453100 -0.071039
v -1.241915 0.458894 -0.076778
v -1.252676 0.466706 -0.078203
v -1.252387 0.474594 -0.076108
v -1.251599 0.480368 -0.070383
v -1.251700 0.453100 -0.070431
v -1.252480 0.458764 -0.076047
v -1.263452 0.466781 -0.076165
v -1.262886 0.474519 -0.074162
v -1.261318 0.480313 -0.068619
v -1.261318 0.453100 -0.068619
v -1.262865 0.458764 -0.074090
v -1.273759 0.466781 -0.072849
v -1.272922 0.474519 -0.070934
v -1.270604 0.480313 -0.065632
v -1.270494 0.453045 -0.065609
v -1.272819 0.458819 -0.070946
v -1.283522 0.466781 -0.068287
v -1.282428 0.474519 -0.066492
v -1.279400 0.480313 -0.061522
v -1.279400 0.453100 -0.061522
v -1.282428 0.458894 -0.066492
v -1.292499 0.466706 -0.062627
v -1.291144 0.474594 -0.060949
v -1.287441 0.480368 -0.056364
v -1.287554 0.453100 -0.056359
v -1.291192 0.458764 -0.060853
v -1.300756 0.466781 -0.055756
v -1.299209 0.474519 -0.054290
v -1.294927 0.480313 -0.050232
v -1.294927 0.453100 -0.050232
v -1.299153 0.458764 -0.054237
v -1.307933 0.466781 -0.048001
v -1.306197 0.474519 -0.046739
v -1.301392 0.480313 -0.043245
v -1.301285 0.453045 -0.043278
v -1.306114 0.458819 -0.046799
v -1.313981 0.466781 -0.039425
v -1.312086 0.474519 -0.038389
v -1.306841 0.480313 -0.035519
v -1.306841 0.453100 -0.035519
v -1.312086 0.458894 -0.038389
v -1.318769 0.466706 -0.030270
v -1.316709 0.474594 -0.029459
v -1.311083 0.480368 -0.027243
v -1.311178 0.453100 -0.027185
v -1.316786 0.458819 -0.029283
v -1.322294 0.466781 -0.020407
v -1.320104 0.474649 -0.019851
v -1.314330 0.480313 -0.018385
v -1.314330 0.453100 -0.018385
v -1.320180 0.458819 -0.019772
v -1.324417 0.466781 -0.010291
v -1.322170 0.474649 -0.010011
v -1.316243 0.480313 -0.009271
v -1.316168 0.453045 -0.009351
v -1.322207 0.458819 -0.010112
v -1.325129 0.466781 0.000001
v -1.322862 0.474649 0.000001
v -1.316885 0.480313 0.000001
v -1.316885 0.453100 0.000001
v -1.322941 0.458894 0.000001
v -1.324445 0.466706 0.010198
v -1.322234 0.474594 0.009925
v -1.316192 0.480368 0.009179
v -1.316243 0.453100 0.009274
v -1.322207 0.458819 0.010114
v -1.322294 0.466781 0.020410
v -1.320104 0.474649 0.019854
v -1.314330 0.480313 0.018388
v -1.314330 0.453100 0.018388
v -1.320127 0.458819 0.019958
v -1.318795 0.466781 0.030177
v -1.316700 0.474649 0.029355
v -1.311178 0.480313 0.027187
v -1.311154 0.453045 0.027083
v -1.316786 0.458819 0.029285
v -1.313981 0.466781 0.039428
v -1.312017 0.474649 0.038353
v -1.306841 0.480313 0.035521
v -1.306841 0.453100 0.035521
v -1.312086 0.458894 0.038391
v -1.308007 0.466706 0.047934
v -1.306237 0.474594 0.046650
v -1.301398 0.480368 0.043141
v -1.301392 0.453100 0.043248
v -1.306114 0.458819 0.046801
v -1.300756 0.466781 0.055758
v -1.299153 0.474649 0.054239
v -1.294927 0.480313 0.050234
v -1.294927 0.453100 0.050234
v -1.299118 0.458819 0.054341
v -1.292572 0.466781 0.062559
v -1.291192 0.474649 0.060855
v -1.287554 0.480313 0.056361
v -1.287588 0.453045 0.056260
v -1.291303 0.458819 0.060836
v -1.283522 0.466781 0.068290
v -1.282388 0.474649 0.066429
v -1.279400 0.480313 0.061524
v -1.279400 0.453100 0.061524
v -1.282428 0.458894 0.066494
v -1.273860 0.466706 0.072827
v -1.273004 0.474594 0.070875
v -1.270666 0.480368 0.065544
v -1.270604 0.453100 0.065634
v -1.272819 0.458819 0.070948
v -1.263452 0.466781 0.076167
v -1.262865 0.474649 0.074092
v -1.261318 0.480313 0.068621
v -1.261318 0.453100 0.068621
v -1.262782 0.458819 0.074164
v -1.252776 0.466781 0.078179
v -1.252480 0.474649 0.076049
v -1.251700 0.480313 0.070434
v -1.251784 0.453045 0.070362
v -1.252587 0.458819 0.076085
v -1.241915 0.466781 0.078854
v -1.241915 0.474649 0.076706
v -1.241915 0.480313 0.071042
v -1.241915 0.453100 0.071042
v -1.241915 0.458894 0.076781
v -1.231153 0.466706 0.078206
v -1.231442 0.474594 0.076110
v -1.232230 0.480368 0.070385
v -1.232129 0.453100 0.070434
v -1.231242 0.458819 0.076085
v -1.220377 0.466781 0.076167
v -1.220964 0.474649 0.074092
v -1.222511 0.480313 0.068621
v -1.222511 0.453100 0.068621
v -1.220853 0.458819 0.074114
v -1.210070 0.466781 0.072852
v -1.210937 0.474649 0.070867
v -1.213225 0.480313 0.065634
v -1.213335 0.453045 0.065612
v -1.211010 0.458819 0.070948
v -1.200307 0.466781 0.068290
v -1.201441 0.474649 0.066429
v -1.204429 0.480313 0.061524
v -1.204429 0.453100 0.061524
v -1.201401 0.458894 0.066494
v -1.191330 0.466706 0.062630
v -1.192685 0.474594 0.060952
v -1.196388 0.480368 0.056367
v -1.196241 0.453045 0.056260
v -1.192526 0.458819 0.060836
v -1.183073 0.466781 0.055759
v -1.184676 0.474649 0.054240
v -1.188882 0.480368 0.050129
v -1.188903 0.453100 0.050234
v -1.184676 0.458764 0.054240
v -1.175896 0.466781 0.048004
v -1.177632 0.474519 0.046742
v -1.182545 0.480388 0.043169
v -1.182544 0.453045 0.043281
v -1.177715 0.458819 0.046801
v -1.169849 0.466781 0.039428
v -1.171743 0.474519 0.038391
v -1.177107 0.480388 0.035456
v -1.176988 0.453100 0.035521
v -1.171743 0.458894 0.038391
v -1.165061 0.466706 0.030273
v -1.167120 0.474594 0.029462
v -1.172746 0.480368 0.027245
v -1.172651 0.453100 0.027187
v -1.167129 0.458764 0.029355
v -1.161535 0.466781 0.020410
v -1.163649 0.474519 0.019873
v -1.169631 0.480388 0.018354
v -1.169499 0.453100 0.018388
v -1.163725 0.458764 0.019854
v -1.159412 0.466781 0.010294
v -1.161595 0.474594 0.009925
v -1.167637 0.480368 0.009179
v -1.167661 0.453045 0.009353
v -1.161622 0.458819 0.010114
v -1.177117 0.489133 0.035452
v -1.172756 0.489113 0.027241
v -1.167019 0.489113 0.000085
v -1.167647 0.489113 0.009174
v -1.167647 0.489113 -0.009180
v -1.176998 0.489058 -0.035523
v -1.182441 0.489113 -0.043143
v -1.204440 0.489058 -0.061526
v -1.213173 0.489113 -0.065546
v -1.241925 0.489058 -0.071043
v -1.251610 0.489113 -0.070387
v -1.279410 0.489058 -0.061526
v -1.287451 0.489113 -0.056369
v -1.306851 0.489058 -0.035523
v -1.311093 0.489113 -0.027247
v -1.316895 0.489058 -0.000003
v -1.316202 0.489113 0.009174
v -1.306851 0.489058 0.035517
v -1.301408 0.489113 0.043137
v -1.279410 0.489058 0.061520
v -1.270676 0.489113 0.065540
v -1.241925 0.489058 0.071038
v -1.232240 0.489113 0.070381
v -1.204440 0.489058 0.061520
v -1.196398 0.489113 0.056363
v -1.182556 0.489133 0.043165
v -1.172661 0.489058 -0.027189
v -1.196286 0.489058 -0.056363
v -1.232139 0.489058 -0.070436
v -1.270615 0.489058 -0.065636
v -1.301403 0.489058 -0.043250
v -1.316254 0.489058 -0.009276
v -1.311188 0.489058 0.027183
v -1.287564 0.489058 0.056357
v -1.251710 0.489058 0.070430
v -1.213235 0.489058 0.065630
v -1.188892 0.489113 0.050125
v -1.169641 0.489133 0.018350
v -1.169509 0.489058 -0.018390
v -1.188913 0.489058 -0.050236
v -1.222521 0.489058 -0.068623
v -1.261328 0.489058 -0.068623
v -1.294937 0.489058 -0.050236
v -1.314340 0.489058 -0.018390
v -1.314340 0.489058 0.018384
v -1.294937 0.489058 0.050230
v -1.261328 0.489058 0.068617
v -1.222521 0.489058 0.068617
v -1.163886 0.491264 0.000093
v -1.165946 0.492329 0.000001
v -1.171672 0.493127 0.000084
v -1.165946 0.490199 0.000001
v -1.164539 0.491264 -0.009538
v -1.166608 0.492340 -0.009282
v -1.172260 0.493127 -0.008584
v -1.166668 0.490181 -0.009365
v -1.166552 0.491274 -0.019091
v -1.168529 0.492329 -0.018589
v -1.174001 0.493119 -0.017199
v -1.168600 0.490181 -0.018570
v -1.169825 0.491274 -0.028227
v -1.171716 0.492329 -0.027485
v -1.176950 0.493119 -0.025431
v -1.171704 0.490189 -0.027393
v -1.174329 0.491274 -0.036881
v -1.176101 0.492329 -0.035912
v -1.181008 0.493119 -0.033227
v -1.176101 0.490199 -0.035912
v -1.179916 0.491264 -0.044839
v -1.181573 0.492340 -0.043638
v -1.186099 0.493127 -0.040355
v -1.181668 0.490181 -0.043681
v -1.186700 0.491274 -0.052159
v -1.188147 0.492329 -0.050787
v -1.192153 0.493119 -0.046991
v -1.188199 0.490181 -0.050738
v -1.194355 0.491274 -0.058520
v -1.195601 0.492329 -0.056982
v -1.199050 0.493119 -0.052723
v -1.195542 0.490189 -0.056908
v -1.202822 0.491274 -0.063881
v -1.203845 0.492329 -0.062202
v -1.206678 0.493119 -0.057552
v -1.203845 0.490199 -0.062202
v -1.211860 0.491264 -0.068126
v -1.212661 0.492340 -0.066300
v -1.214848 0.493127 -0.061313
v -1.212766 0.490181 -0.066292
v -1.221597 0.491274 -0.071250
v -1.222126 0.492329 -0.069377
v -1.223593 0.493119 -0.064191
v -1.222146 0.490181 -0.069309
v -1.231584 0.491274 -0.073133
v -1.231851 0.492329 -0.071210
v -1.232590 0.493119 -0.065887
v -1.231761 0.490189 -0.071174
v -1.241745 0.491274 -0.073764
v -1.241745 0.492329 -0.071824
v -1.241745 0.493119 -0.066456
v -1.241745 0.490199 -0.071824
v -1.251812 0.491264 -0.073157
v -1.251542 0.492340 -0.071197
v -1.250805 0.493127 -0.065842
v -1.251629 0.490181 -0.071140
v -1.261893 0.491274 -0.071250
v -1.261363 0.492329 -0.069377
v -1.259896 0.493119 -0.064191
v -1.261344 0.490181 -0.069309
v -1.271535 0.491274 -0.068149
v -1.270752 0.492329 -0.066357
v -1.268583 0.493119 -0.061397
v -1.270655 0.490189 -0.066368
v -1.280667 0.491274 -0.063881
v -1.279644 0.492329 -0.062202
v -1.276811 0.493119 -0.057552
v -1.279644 0.490199 -0.062202
v -1.289065 0.491264 -0.058586
v -1.287797 0.492340 -0.057017
v -1.284333 0.493127 -0.052728
v -1.287843 0.490181 -0.056926
v -1.296790 0.491274 -0.052159
v -1.295342 0.492329 -0.050787
v -1.291336 0.493119 -0.046991
v -1.295290 0.490181 -0.050738
v -1.303504 0.491274 -0.044904
v -1.301880 0.492329 -0.043723
v -1.297385 0.493119 -0.040455
v -1.301802 0.490189 -0.043779
v -1.309161 0.491274 -0.036881
v -1.307388 0.492329 -0.035912
v -1.302482 0.493119 -0.033227
v -1.307388 0.490199 -0.035912
v -1.313640 0.491264 -0.028317
v -1.311714 0.492340 -0.027558
v -1.306450 0.493127 -0.025485
v -1.311786 0.490189 -0.027393
v -1.316938 0.491274 -0.019091
v -1.314889 0.492347 -0.018570
v -1.309488 0.493119 -0.017199
v -1.314960 0.490189 -0.018496
v -1.318924 0.491274 -0.009627
v -1.316821 0.492347 -0.009365
v -1.311278 0.493119 -0.008673
v -1.316857 0.490189 -0.009459
v -1.319590 0.491274 0.000001
v -1.317469 0.492347 0.000001
v -1.311878 0.493119 0.000001
v -1.317543 0.490199 0.000001
v -1.318950 0.491264 0.009540
v -1.316881 0.492340 0.009285
v -1.311230 0.493127 0.008586
v -1.316857 0.490189 0.009462
v -1.316938 0.491274 0.019093
v -1.314889 0.492347 0.018573
v -1.309488 0.493119 0.017201
v -1.314911 0.490189 0.018671
v -1.313664 0.491274 0.028230
v -1.311705 0.492347 0.027461
v -1.306539 0.493119 0.025433
v -1.311786 0.490189 0.027396
v -1.309161 0.491274 0.036884
v -1.307324 0.492347 0.035879
v -1.302482 0.493119 0.033230
v -1.307388 0.490199 0.035914
v -1.303573 0.491264 0.044842
v -1.301916 0.492340 0.043640
v -1.297390 0.493127 0.040357
v -1.301802 0.490189 0.043782
v -1.296790 0.491274 0.052161
v -1.295290 0.492347 0.050740
v -1.291336 0.493119 0.046993
v -1.295258 0.490189 0.050835
v -1.289134 0.491274 0.058523
v -1.287843 0.492347 0.056928
v -1.284439 0.493119 0.052725
v -1.287947 0.490189 0.056910
v -1.280667 0.491274 0.063884
v -1.279607 0.492347 0.062143
v -1.276811 0.493119 0.057554
v -1.279644 0.490199 0.062204
v -1.271629 0.491264 0.068128
v -1.270829 0.492340 0.066302
v -1.268641 0.493127 0.061315
v -1.270655 0.490189 0.066371
v -1.261893 0.491274 0.071253
v -1.261344 0.492347 0.069311
v -1.259896 0.493119 0.064193
v -1.261265 0.490189 0.069379
v -1.251906 0.491274 0.073135
v -1.251629 0.492347 0.071143
v -1.250899 0.493119 0.065889
v -1.251728 0.490189 0.071176
v -1.241745 0.491274 0.073766
v -1.241745 0.492347 0.071757
v -1.241745 0.493119 0.066458
v -1.241745 0.490199 0.071827
v -1.231678 0.491264 0.073160
v -1.231948 0.492340 0.071199
v -1.232685 0.493127 0.065844
v -1.231761 0.490189 0.071176
v -1.221597 0.491274 0.071253
v -1.222146 0.492347 0.069312
v -1.223593 0.493119 0.064194
v -1.222042 0.490189 0.069332
v -1.211954 0.491274 0.068151
v -1.212766 0.492347 0.066294
v -1.214906 0.493119 0.061399
v -1.212835 0.490189 0.066371
v -1.202822 0.491274 0.063883
v -1.203882 0.492347 0.062143
v -1.206678 0.493119 0.057554
v -1.203845 0.490199 0.062204
v -1.194424 0.491264 0.058589
v -1.195692 0.492340 0.057019
v -1.199156 0.493127 0.052730
v -1.195542 0.490189 0.056910
v -1.186700 0.491274 0.052161
v -1.188199 0.492347 0.050740
v -1.192134 0.493127 0.046895
v -1.188199 0.490181 0.050740
v -1.179986 0.491274 0.044906
v -1.181610 0.492329 0.043726
v -1.186206 0.493130 0.040383
v -1.181687 0.490189 0.043782
v -1.174329 0.491274 0.036884
v -1.176101 0.492329 0.035914
v -1.181119 0.493130 0.033169
v -1.176101 0.490199 0.035914
v -1.169849 0.491264 0.028319
v -1.171776 0.492340 0.027561
v -1.177039 0.493127 0.025488
v -1.171784 0.490181 0.027461
v -1.166552 0.491274 0.019093
v -1.168529 0.492329 0.018591
v -1.174125 0.493130 0.017170
v -1.168600 0.490181 0.018573
v -1.164565 0.491274 0.009629
v -1.166608 0.492340 0.009285
v -1.172260 0.493127 0.008586
v -1.166633 0.490189 0.009461
v -1.241961 0.672140 -0.030900
v -1.241961 0.630462 -0.064677
v -1.241961 0.547397 -0.084104
v -1.241961 0.520440 -0.078371
v -1.241216 0.691864 -0.003506
v -1.239056 0.686414 -0.013793
v -1.235590 0.672140 -0.030306
v -1.231841 0.655292 -0.048166
v -1.228636 0.630462 -0.063433
v -1.224637 0.547397 -0.082487
v -1.225817 0.520440 -0.076864
v -1.228862 0.494520 -0.062357
v -1.240500 0.691864 -0.003300
v -1.236264 0.686414 -0.012991
v -1.229465 0.672140 -0.028545
v -1.222111 0.655292 -0.045369
v -1.215824 0.630462 -0.059750
v -1.207228 0.574354 -0.079416
v -1.207978 0.547397 -0.077699
v -1.210294 0.520440 -0.072402
v -1.216267 0.494520 -0.058736
v -1.239840 0.691864 -0.002966
v -1.233690 0.686414 -0.011687
v -1.223819 0.672140 -0.025686
v -1.213143 0.655292 -0.040827
v -1.195609 0.600275 -0.065692
v -1.191536 0.574354 -0.071468
v -1.192626 0.547397 -0.069923
v -1.195987 0.520440 -0.065156
v -1.204660 0.494520 -0.052857
v -1.239262 0.691864 -0.002516
v -1.231434 0.686414 -0.009933
v -1.218871 0.672140 -0.021838
v -1.205283 0.655292 -0.034714
v -1.182967 0.600275 -0.055860
v -1.177783 0.574354 -0.060773
v -1.179170 0.547397 -0.059458
v -1.183448 0.520440 -0.055404
v -1.194486 0.494520 -0.044945
v -1.238787 0.691864 -0.001968
v -1.229583 0.686414 -0.007795
v -1.214810 0.672140 -0.017149
v -1.198832 0.655292 -0.027266
v -1.172591 0.600275 -0.043880
v -1.166495 0.574354 -0.047740
v -1.168126 0.547397 -0.046707
v -1.173156 0.520440 -0.043522
v -1.186136 0.494520 -0.035304
v -1.241961 0.692426 0.000041
v -1.238434 0.691864 -0.001343
v -1.228208 0.686414 -0.005357
v -1.211793 0.672140 -0.011800
v -1.194039 0.655292 -0.018768
v -1.178861 0.630462 -0.024725
v -1.164881 0.600275 -0.030212
v -1.158108 0.574354 -0.032871
v -1.159920 0.547397 -0.032160
v -1.165510 0.520440 -0.029966
v -1.179932 0.494520 -0.024305
v -1.238217 0.691864 -0.000664
v -1.227360 0.686414 -0.002710
v -1.209934 0.672140 -0.005995
v -1.174975 0.630462 -0.012584
v -1.160134 0.600275 -0.015382
v -1.152943 0.574354 -0.016737
v -1.154867 0.547397 -0.016374
v -1.160801 0.520440 -0.015256
v -1.176111 0.494520 -0.012370
v -1.238144 0.691864 0.000041
v -1.227074 0.686414 0.000041
v -1.209307 0.672140 0.000041
v -1.173662 0.630462 0.000041
v -1.158531 0.600275 0.000041
v -1.151199 0.574354 0.000041
v -1.153161 0.547397 0.000041
v -1.159211 0.520440 0.000041
v -1.174821 0.494520 0.000041
v -1.238217 0.691864 0.000747
v -1.227360 0.686414 0.002793
v -1.209934 0.672140 0.006078
v -1.174975 0.630462 0.012667
v -1.160134 0.600275 0.015465
v -1.152943 0.574354 0.016820
v -1.154867 0.547397 0.016457
v -1.160801 0.520440 0.015339
v -1.176111 0.494520 0.012453
v -1.238434 0.691864 0.001426
v -1.228208 0.686414 0.005440
v -1.211793 0.672140 0.011882
v -1.194039 0.655292 0.018851
v -1.178861 0.630462 0.024808
v -1.164881 0.600275 0.030295
v -1.158108 0.574354 0.032954
v -1.159920 0.547397 0.032242
v -1.165510 0.520440 0.030049
v -1.179932 0.494520 0.024388
v -1.238787 0.691864 0.002051
v -1.229583 0.686414 0.007878
v -1.214810 0.672140 0.017232
v -1.198832 0.655292 0.027349
v -1.172591 0.600275 0.043963
v -1.166495 0.574354 0.047823
v -1.168126 0.547397 0.046790
v -1.173156 0.520440 0.043605
v -1.186136 0.494520 0.035387
v -1.239262 0.691864 0.002599
v -1.231434 0.686414 0.010016
v -1.218871 0.672140 0.021921
v -1.205283 0.655292 0.034797
v -1.182967 0.600275 0.055943
v -1.177783 0.574354 0.060856
v -1.179170 0.547397 0.059541
v -1.183448 0.520440 0.055487
v -1.194486 0.494520 0.045028
v -1.239840 0.691864 0.003049
v -1.233690 0.686414 0.011770
v -1.223819 0.672140 0.025769
v -1.213143 0.655292 0.040910
v -1.195609 0.600275 0.065775
v -1.191536 0.574354 0.071551
v -1.192626 0.547397 0.070006
v -1.195987 0.520440 0.065239
v -1.204660 0.494520 0.052940
v -1.240500 0.691864 0.003383
v -1.236264 0.686414 0.013074
v -1.229465 0.672140 0.028628
v -1.222111 0.655292 0.045452
v -1.215824 0.630462 0.059833
v -1.207228 0.574354 0.079499
v -1.207978 0.547397 0.077782
v -1.210294 0.520440 0.072485
v -1.216267 0.494520 0.058819
v -1.241216 0.691864 0.003589
v -1.239056 0.686414 0.013876
v -1.235590 0.672140 0.030389
v -1.231841 0.655292 0.048249
v -1.228636 0.630462 0.063516
v -1.224637 0.547397 0.082570
v -1.225817 0.520440 0.076947
v -1.228862 0.494520 0.062439
v -1.241961 0.691864 0.003659
v -1.241961 0.686414 0.014147
v -1.241961 0.672140 0.030983
v -1.241961 0.655292 0.049193
v -1.241961 0.630462 0.064760
v -1.241961 0.600275 0.079098
v -1.241961 0.547397 0.084187
v -1.241961 0.520440 0.078454
v -1.241961 0.494520 0.063662
v -1.242705 0.691864 0.003589
v -1.244865 0.686414 0.013876
v -1.248331 0.672140 0.030389
v -1.252080 0.655292 0.048249
v -1.255285 0.630462 0.063516
v -1.258237 0.600275 0.077579
v -1.259667 0.574354 0.084393
v -1.259285 0.547397 0.082570
v -1.258104 0.520440 0.076947
v -1.255059 0.494520 0.062439
v -1.243421 0.691864 0.003383
v -1.247657 0.686414 0.013074
v -1.254457 0.672140 0.028628
v -1.261811 0.655292 0.045452
v -1.268097 0.630462 0.059833
v -1.273888 0.600275 0.073080
v -1.276694 0.574354 0.079499
v -1.275943 0.547397 0.077782
v -1.273628 0.520440 0.072485
v -1.267654 0.494520 0.058819
v -1.244081 0.691864 0.003049
v -1.250231 0.686414 0.011770
v -1.260102 0.672140 0.025769
v -1.270778 0.655292 0.040910
v -1.279905 0.630462 0.053853
v -1.288312 0.600275 0.065775
v -1.292385 0.574354 0.071551
v -1.291295 0.547397 0.070006
v -1.287934 0.520440 0.065239
v -1.279261 0.494520 0.052940
v -1.244660 0.691864 0.002599
v -1.252487 0.686414 0.010016
v -1.265050 0.672140 0.021921
v -1.278639 0.655292 0.034797
v -1.290255 0.630462 0.045804
v -1.300955 0.600275 0.055943
v -1.306139 0.574354 0.060856
v -1.304752 0.547397 0.059541
v -1.300474 0.520440 0.055487
v -1.289436 0.494520 0.045028
v -1.245135 0.691864 0.002051
v -1.254338 0.686414 0.007878
v -1.269111 0.672140 0.017232
v -1.285089 0.655292 0.027349
v -1.298749 0.630462 0.035997
v -1.311330 0.600275 0.043963
v -1.317426 0.574354 0.047823
v -1.315795 0.547397 0.046790
v -1.310765 0.520440 0.043605
v -1.297785 0.494520 0.035387
v -1.245487 0.691864 0.001426
v -1.255714 0.686414 0.005440
v -1.272129 0.672140 0.011882
v -1.289883 0.655292 0.018851
v -1.305060 0.630462 0.024808
v -1.319040 0.600275 0.030295
v -1.325813 0.574354 0.032954
v -1.324001 0.547397 0.032242
v -1.318412 0.520440 0.030049
v -1.303990 0.494520 0.024388
v -1.245705 0.691864 0.000747
v -1.256561 0.686414 0.002793
v -1.273987 0.672140 0.006078
v -1.292835 0.655292 0.009630
v -1.308947 0.630462 0.012667
v -1.323788 0.600275 0.015465
v -1.330978 0.574354 0.016820
v -1.329054 0.547397 0.016457
v -1.323121 0.520440 0.015339
v -1.307810 0.494520 0.012453
v -1.245778 0.691864 0.000041
v -1.256847 0.686414 0.000041
v -1.274614 0.672140 0.000041
v -1.293831 0.655292 0.000041
v -1.310259 0.630462 0.000041
v -1.325391 0.600275 0.000041
v -1.332722 0.574354 0.000041
v -1.330761 0.547397 0.000041
v -1.324711 0.520440 0.000041
v -1.309100 0.494520 0.000041
v -1.245705 0.691864 -0.000664
v -1.256561 0.686414 -0.002710
v -1.273987 0.672140 -0.005995
v -1.292835 0.655292 -0.009548
v -1.308947 0.630462 -0.012584
v -1.323788 0.600275 -0.015382
v -1.330978 0.574354 -0.016737
v -1.329054 0.547397 -0.016375
v -1.323121 0.520440 -0.015256
v -1.307810 0.494520 -0.012370
v -1.245487 0.691864 -0.001343
v -1.255714 0.686414 -0.005357
v -1.272129 0.672140 -0.011800
v -1.289883 0.655292 -0.018768
v -1.305060 0.630462 -0.024725
v -1.319040 0.600275 -0.030212
v -1.325813 0.574354 -0.032871
v -1.324001 0.547397 -0.032160
v -1.318412 0.520440 -0.029966
v -1.303990 0.494520 -0.024305
v -1.245135 0.691864 -0.001968
v -1.254338 0.686414 -0.007795
v -1.269111 0.672140 -0.017149
v -1.285089 0.655292 -0.027266
v -1.298749 0.630462 -0.035914
v -1.311330 0.600275 -0.043880
v -1.317426 0.574354 -0.047740
v -1.315795 0.547397 -0.046707
v -1.310765 0.520440 -0.043522
v -1.297785 0.494520 -0.035304
v -1.244660 0.691864 -0.002516
v -1.252487 0.686414 -0.009933
v -1.265050 0.672140 -0.021838
v -1.278639 0.655292 -0.034714
v -1.290255 0.630462 -0.045721
v -1.300955 0.600275 -0.055860
v -1.306139 0.574354 -0.060773
v -1.304752 0.547397 -0.059458
v -1.300474 0.520440 -0.055404
v -1.289436 0.494520 -0.044945
v -1.244081 0.691864 -0.002966
v -1.250231 0.686414 -0.011687
v -1.260102 0.672140 -0.025686
v -1.270778 0.655292 -0.040827
v -1.279905 0.630462 -0.053770
v -1.288312 0.600275 -0.065692
v -1.292385 0.574354 -0.071468
v -1.291295 0.547397 -0.069923
v -1.287934 0.520440 -0.065156
v -1.279261 0.494520 -0.052857
v -1.243421 0.691864 -0.003300
v -1.247657 0.686414 -0.012991
v -1.254457 0.672140 -0.028545
v -1.261811 0.655292 -0.045369
v -1.268097 0.630462 -0.059750
v -1.273888 0.600275 -0.072997
v -1.276694 0.574354 -0.079416
v -1.275943 0.547397 -0.077699
v -1.273628 0.520440 -0.072402
v -1.267654 0.494520 -0.058736
v -1.242705 0.691864 -0.003506
v -1.244865 0.686414 -0.013793
v -1.248331 0.672140 -0.030306
v -1.252080 0.655292 -0.048166
v -1.255285 0.630462 -0.063433
v -1.258237 0.600275 -0.077496
v -1.259667 0.574354 -0.084310
v -1.259285 0.547397 -0.082487
v -1.258104 0.520440 -0.076864
v -1.255059 0.494520 -0.062356
v -1.241961 0.691864 -0.003576
v -1.241961 0.686414 -0.014065
v -1.241961 0.655292 -0.049110
v -1.241961 0.600275 -0.079015
v -1.241961 0.494520 -0.063579
v -1.225852 0.601992 -0.076696
v -1.226889 0.600275 -0.077609
v -1.241961 0.574649 -0.085884
v -1.241390 0.576028 -0.085461
v -1.240155 0.578298 -0.084737
v -1.241961 0.571508 -0.085766
v -1.224593 0.561024 -0.083423
v -1.224443 0.561051 -0.083410
v -1.223826 0.561161 -0.083241
v -1.222645 0.562156 -0.082973
v -1.219796 0.566008 -0.082430
v -1.214758 0.574354 -0.081580
v -1.221230 0.563858 -0.082688
v -1.214098 0.621464 -0.063699
v -1.208373 0.584932 -0.076797
v -1.205776 0.635250 -0.051274
v -1.208667 0.630462 -0.056125
v -1.196715 0.604244 -0.064124
v -1.199110 0.600275 -0.067465
v -1.200216 0.644461 -0.039515
v -1.188939 0.617125 -0.050201
v -1.196375 0.650825 -0.028822
v -1.183423 0.626263 -0.037022
v -1.179881 0.632130 -0.024325
v -1.193857 0.654995 -0.018839
v -1.180888 0.630462 -0.028319
v -1.193678 0.655292 -0.017642
v -1.178038 0.635183 -0.012007
v -1.192770 0.656796 -0.009230
v -1.192436 0.657349 0.000041
v -1.177441 0.636173 0.000041
v -1.192770 0.656796 0.009313
v -1.178038 0.635183 0.012090
v -1.193678 0.655292 0.017725
v -1.179881 0.632130 0.024408
v -1.193857 0.654995 0.018922
v -1.196375 0.650825 0.028905
v -1.180888 0.630462 0.028402
v -1.183423 0.626263 0.037105
v -1.200216 0.644461 0.039598
v -1.188939 0.617125 0.050284
v -1.205776 0.635250 0.051357
v -1.196715 0.604244 0.064207
v -1.208667 0.630462 0.056208
v -1.214098 0.621464 0.063782
v -1.199110 0.600275 0.067548
v -1.208373 0.584932 0.076880
v -1.214758 0.574354 0.081663
v -1.223826 0.561161 0.083324
v -1.224443 0.561051 0.083493
v -1.222645 0.562156 0.083056
v -1.219796 0.566008 0.082513
v -1.221230 0.563858 0.082771
v -1.225852 0.601992 0.076779
v -1.226889 0.600275 0.077692
v -1.241390 0.576028 0.085544
v -1.241961 0.574649 0.085966
v -1.240155 0.578298 0.084820
v -1.224593 0.561024 0.083505
v -1.241961 0.571508 0.085849
v -1.242567 0.572474 0.085859
v -1.242331 0.571731 0.085830
v -1.242237 0.573983 0.085994
v -1.242083 0.574354 0.086034
v -1.242083 0.574354 -0.085951
v -1.242237 0.573983 -0.085911
v -1.242331 0.571731 -0.085747
v -1.242567 0.572474 -0.085776
vn -0.9606 -0.2700 -0.0657
vn -0.1834 -0.2028 0.9619
vn -0.9095 -0.2630 -0.3220
vn 0.3028 -0.2073 -0.9302
vn 0.1834 -0.2028 0.9619
vn -0.3028 -0.2073 -0.9302
vn -0.5260 -0.2216 0.8211
vn -0.4176 -0.2137 -0.8831
vn 0.5260 -0.2216 0.8211
vn -0.9434 -0.2676 -0.1957
vn -0.1834 -0.2028 -0.9619
vn 0.3028 -0.2073 0.9302
vn -0.7164 -0.2395 -0.6553
vn -0.7947 -0.2484 -0.5538
vn -0.4176 -0.2137 0.8831
vn -0.8595 -0.2564 0.4421
vn 0.1834 -0.2028 -0.9619
vn 0.4176 -0.2137 -0.8831
vn 0.9434 -0.2676 0.1957
vn 0.7947 -0.2484 0.5538
vn 0.9606 -0.2700 -0.0657
vn 0.4176 -0.2137 0.8831
vn -0.0614 -0.2005 -0.9778
vn -0.9606 -0.2700 0.0657
vn -0.6263 -0.2304 -0.7448
vn -0.0614 -0.2005 0.9778
vn 0.8595 -0.2564 0.4421
vn -0.7164 -0.2395 0.6553
vn -0.6263 -0.2304 0.7448
vn -0.8595 -0.2564 -0.4421
vn -0.5260 -0.2216 -0.8211
vn 0.0614 -0.2005 -0.9778
vn 0.0614 -0.2005 0.9778
vn 0.9606 -0.2700 0.0657
vn -0.9095 -0.2630 0.3220
vn 0.9095 -0.2630 -0.3220
vn 0.6263 -0.2304 0.7448
vn 0.5260 -0.2216 -0.8211
vn 0.9095 -0.2630 0.3220
vn -0.3028 -0.2073 0.9302
vn 0.7164 -0.2395 -0.6553
vn 0.7164 -0.2395 0.6553
vn -0.9434 -0.2676 0.1957
vn 0.8595 -0.2564 -0.4421
vn -0.7947 -0.2484 0.5538
vn 0.7947 -0.2484 -0.5538
vn 0.6263 -0.2304 -0.7448
vn 0.9434 -0.2676 -0.1957
vn -0.1949 -0.1087 0.9748
vn -0.1980 0.1488 0.9688
vn -0.9707 -0.2313 -0.0648
vn -0.1987 0.2293 0.9529
vn -0.9876 -0.1434 -0.0644
vn -0.1977 0.3077 0.9307
vn -0.9927 0.1027 -0.0633
vn -0.9818 0.1795 -0.0614
vn -0.9659 0.2519 -0.0593
vn -0.1887 -0.1779 0.9658
vn 0.3111 -0.1815 -0.9329
vn 0.3210 -0.1109 -0.9406
vn 0.3259 0.1456 -0.9341
vn -0.9208 -0.2257 -0.3182
vn 0.3265 0.2258 -0.9178
vn -0.9381 -0.1398 -0.3168
vn 0.3247 0.3038 -0.8957
vn -0.9440 0.1074 -0.3119
vn 0.1887 -0.1779 0.9658
vn -0.9350 0.1845 -0.3028
vn 0.1949 -0.1086 0.9748
vn -0.9209 0.2574 -0.2927
vn 0.1987 0.2293 0.9529
vn -0.5537 -0.1186 0.8242
vn 0.1977 0.3077 0.9307
vn -0.5608 0.1356 0.8168
vn -0.3111 -0.1815 -0.9329
vn -0.5602 0.2149 0.8000
vn -0.3210 -0.1110 -0.9406
vn -0.3259 0.1456 -0.9341
vn -0.3265 0.2258 -0.9178
vn -0.3247 0.3038 -0.8957
vn 0.1980 0.1488 0.9688
vn -0.5384 -0.1930 0.8203
vn -0.4448 0.2982 -0.8445
vn 0.5384 -0.1930 0.8203
vn 0.5537 -0.1185 0.8242
vn -0.5557 0.2914 0.7787
vn 0.5608 0.1356 0.8168
vn -0.4283 -0.1867 -0.8841
vn 0.5602 0.2149 0.8000
vn -0.4413 -0.1144 -0.8901
vn 0.5557 0.2914 0.7787
vn -0.4475 0.1411 -0.8831
vn -0.9540 -0.2294 -0.1932
vn -0.4478 0.2209 -0.8664
vn 0.3111 -0.1815 0.9329
vn -0.9662 0.1812 -0.1834
vn 0.3210 -0.1110 0.9406
vn -0.9509 0.2537 -0.1771
vn 0.3259 0.1456 0.9341
vn -0.1887 -0.1779 -0.9658
vn -0.1949 -0.1086 -0.9748
vn -0.1980 0.1488 -0.9688
vn -0.1987 0.2293 -0.9529
vn -0.9710 -0.1422 -0.1921
vn -0.1977 0.3077 -0.9307
vn -0.9764 0.1043 -0.1890
vn -0.7427 0.2763 -0.6099
vn -0.8077 -0.2143 -0.5493
vn 0.3265 0.2258 0.9178
vn -0.8255 -0.1324 -0.5486
vn 0.3247 0.3037 0.8957
vn -0.8326 0.1171 -0.5414
vn -0.7298 -0.2073 -0.6515
vn -0.8270 0.1950 -0.5272
vn -0.7474 -0.1278 -0.6520
vn -0.8165 0.2691 -0.5108
vn -0.7549 0.1232 -0.6442
vn -0.7512 0.2015 -0.6286
vn -0.4475 0.1411 0.8831
vn 0.1887 -0.1779 -0.9658
vn -0.4478 0.2209 0.8664
vn 0.1949 -0.1086 -0.9748
vn -0.4448 0.2982 0.8445
vn -0.8717 -0.2206 0.4376
vn -0.8894 -0.1365 0.4363
vn -0.8959 0.1117 0.4299
vn -0.4283 -0.1867 0.8841
vn -0.8885 0.1892 0.4180
vn -0.4413 -0.1144 0.8900
vn -0.8760 0.2626 0.4045
vn 0.4478 0.2209 -0.8664
vn 0.4448 0.2982 -0.8445
vn 0.1980 0.1488 -0.9688
vn 0.9540 -0.2294 0.1932
vn 0.1987 0.2293 -0.9529
vn 0.9710 -0.1421 0.1921
vn 0.1977 0.3077 -0.9307
vn 0.9764 0.1043 0.1890
vn 0.4283 -0.1867 -0.8841
vn 0.9662 0.1812 0.1834
vn 0.4413 -0.1143 -0.8901
vn 0.4475 0.1411 -0.8831
vn 0.9659 0.2519 -0.0593
vn 0.8326 0.1171 0.5414
vn 0.4283 -0.1867 0.8841
vn 0.8270 0.1950 0.5272
vn 0.8165 0.2691 0.5108
vn 0.9707 -0.2313 -0.0648
vn 0.9876 -0.1433 -0.0644
vn 0.9509 0.2537 0.1771
vn 0.9927 0.1027 -0.0633
vn 0.8077 -0.2143 0.5493
vn 0.9818 0.1795 -0.0614
vn 0.8255 -0.1324 0.5487
vn -0.0667 0.2311 -0.9706
vn 0.4413 -0.1144 0.8901
vn -0.0664 0.3098 -0.9485
vn 0.4475 0.1411 0.8831
vn -0.9707 -0.2313 0.0648
vn 0.4478 0.2209 0.8664
vn -0.9876 -0.1434 0.0644
vn 0.4448 0.2982 0.8445
vn -0.9927 0.1027 0.0633
vn -0.0633 -0.1760 -0.9824
vn -0.0654 -0.1073 -0.9921
vn -0.0664 0.1504 -0.9864
vn -0.0664 0.3098 0.9485
vn -0.6638 0.1295 -0.7366
vn -0.6619 0.2083 -0.7201
vn -0.6554 0.2840 -0.6998
vn -0.0633 -0.1760 0.9824
vn -0.9818 0.1795 0.0614
vn -0.0654 -0.1074 0.9921
vn -0.9659 0.2519 0.0593
vn -0.0664 0.1504 0.9864
vn -0.6395 -0.2000 -0.7423
vn -0.0667 0.2311 0.9706
vn -0.6563 -0.1231 -0.7444
vn 0.8717 -0.2206 0.4376
vn -0.7512 0.2015 0.6286
vn 0.8894 -0.1364 0.4363
vn -0.7427 0.2763 0.6099
vn 0.8959 0.1117 0.4299
vn -0.6395 -0.2000 0.7423
vn 0.8885 0.1892 0.4181
vn -0.6563 -0.1232 0.7444
vn 0.8760 0.2626 0.4045
vn -0.7298 -0.2073 0.6515
vn -0.7474 -0.1279 0.6520
vn -0.7549 0.1232 0.6442
vn -0.8894 -0.1365 -0.4363
vn -0.8959 0.1117 -0.4299
vn -0.8885 0.1892 -0.4180
vn -0.8760 0.2626 -0.4045
vn -0.6638 0.1295 0.7366
vn -0.5384 -0.1930 -0.8203
vn -0.6619 0.2083 0.7201
vn -0.5537 -0.1185 -0.8242
vn -0.6554 0.2840 0.6998
vn -0.5608 0.1356 -0.8168
vn -0.8717 -0.2206 -0.4376
vn -0.5602 0.2149 -0.8000
vn 0.0664 0.1504 0.9864
vn 0.0633 -0.1760 -0.9824
vn 0.0667 0.2311 0.9706
vn 0.0654 -0.1073 -0.9921
vn 0.0664 0.3098 0.9485
vn 0.0664 0.1504 -0.9864
vn 0.9707 -0.2313 0.0648
vn 0.0667 0.2311 -0.9706
vn 0.0664 0.3098 -0.9485
vn 0.0633 -0.1760 0.9824
vn 0.0654 -0.1074 0.9921
vn -0.5557 0.2914 -0.7787
vn -0.9381 -0.1398 0.3168
vn -0.9440 0.1074 0.3119
vn -0.9350 0.1845 0.3028
vn 0.9876 -0.1433 0.0644
vn -0.9209 0.2574 0.2927
vn 0.9927 0.1027 0.0633
vn 0.9208 -0.2257 -0.3182
vn 0.9818 0.1795 0.0614
vn 0.9382 -0.1397 -0.3168
vn 0.9659 0.2519 0.0593
vn 0.9440 0.1074 -0.3119
vn -0.9208 -0.2257 0.3182
vn 0.9209 0.2574 -0.2927
vn 0.5608 0.1356 -0.8168
vn 0.6395 -0.2000 0.7423
vn 0.5602 0.2149 -0.8000
vn 0.6563 -0.1231 0.7444
vn 0.5557 0.2914 -0.7787
vn 0.6638 0.1295 0.7366
vn 0.6619 0.2083 0.7201
vn 0.6554 0.2840 0.6998
vn 0.5384 -0.1930 -0.8203
vn 0.9350 0.1845 -0.3028
vn 0.5537 -0.1184 -0.8243
vn -0.3111 -0.1815 0.9329
vn -0.3210 -0.1110 0.9406
vn -0.3259 0.1456 0.9341
vn 0.9208 -0.2257 0.3182
vn -0.3265 0.2258 0.9178
vn 0.9382 -0.1397 0.3168
vn -0.3247 0.3037 0.8957
vn 0.9440 0.1074 0.3118
vn 0.7298 -0.2073 -0.6515
vn 0.9350 0.1845 0.3028
vn 0.7474 -0.1278 -0.6520
vn 0.9209 0.2574 0.2927
vn -0.9710 -0.1422 0.1921
vn 0.7427 0.2763 -0.6099
vn -0.9764 0.1043 0.1890
vn 0.7298 -0.2073 0.6515
vn -0.9662 0.1812 0.1834
vn 0.7474 -0.1278 0.6520
vn 0.7549 0.1232 0.6442
vn 0.7512 0.2015 0.6286
vn 0.7427 0.2763 0.6099
vn 0.7549 0.1232 -0.6442
vn -0.9540 -0.2294 0.1932
vn 0.7512 0.2015 -0.6286
vn -0.8077 -0.2143 0.5493
vn -0.8255 -0.1325 0.5486
vn -0.9509 0.2537 0.1771
vn -0.8326 0.1171 0.5414
vn 0.8717 -0.2206 -0.4376
vn -0.8270 0.1950 0.5272
vn 0.8894 -0.1364 -0.4363
vn -0.8165 0.2691 0.5108
vn 0.8959 0.1117 -0.4299
vn 0.8077 -0.2143 -0.5493
vn 0.8885 0.1892 -0.4181
vn 0.8760 0.2626 -0.4045
vn 0.9710 -0.1421 -0.1921
vn 0.8165 0.2691 -0.5108
vn 0.9764 0.1043 -0.1890
vn 0.6395 -0.2000 -0.7423
vn 0.6563 -0.1230 -0.7444
vn 0.6638 0.1295 -0.7366
vn 0.6619 0.2083 -0.7201
vn 0.8255 -0.1323 -0.5487
vn 0.6554 0.2840 -0.6998
vn 0.8326 0.1171 -0.5414
vn 0.9540 -0.2294 -0.1932
vn 0.8270 0.1950 -0.5272
vn 0.9662 0.1812 -0.1834
vn 0.9509 0.2537 -0.1771
vn -0.0000 -1.0000 -0.0000
vn -0.1055 -0.0000 -0.9944
vn -0.3106 -0.0000 -0.9505
vn -0.4990 -0.0000 -0.8666
vn -0.6624 -0.0000 -0.7492
vn -0.7955 -0.0000 -0.6060
vn -0.8958 -0.0000 -0.4445
vn -0.9626 -0.0000 -0.2710
vn -0.9958 -0.0000 -0.0910
vn -0.9958 -0.0000 0.0910
vn -0.9626 -0.0000 0.2710
vn -0.8958 -0.0000 0.4445
vn -0.7955 -0.0000 0.6060
vn -0.6624 -0.0000 0.7492
vn -0.4990 -0.0000 0.8666
vn -0.3106 -0.0000 0.9505
vn -0.1055 -0.0000 0.9944
vn 0.1055 -0.0000 0.9944
vn 0.3106 -0.0000 0.9505
vn 0.4990 -0.0000 0.8666
vn 0.6624 -0.0000 0.7492
vn 0.7955 -0.0000 0.6060
vn 0.8958 -0.0000 0.4445
vn 0.9626 -0.0000 0.2710
vn 0.9958 -0.0000 0.0910
vn 0.9958 -0.0000 -0.0910
vn 0.9626 -0.0000 -0.2710
vn 0.8958 -0.0000 -0.4445
vn 0.7955 -0.0000 -0.6060
vn 0.6624 -0.0000 -0.7492
vn 0.4990 -0.0000 -0.8666
vn 0.3106 -0.0000 -0.9505
vn 0.1055 -0.0000 -0.9944
vn -0.0664 0.7769 -0.6261
vn -0.1963 0.7751 -0.6006
vn -0.3174 0.7717 -0.5511
vn -0.4247 0.7674 -0.4804
vn -0.5144 0.7628 -0.3919
vn -0.5837 0.7586 -0.2896
vn -0.6307 0.7554 -0.1776
vn -0.6544 0.7538 -0.0598
vn -0.6544 0.7538 0.0598
vn -0.6307 0.7554 0.1776
vn -0.5837 0.7586 0.2896
vn -0.5144 0.7628 0.3919
vn -0.4247 0.7674 0.4804
vn -0.3174 0.7717 0.5511
vn -0.1963 0.7751 0.6006
vn -0.0664 0.7769 0.6261
vn 0.0664 0.7769 0.6261
vn 0.1963 0.7751 0.6006
vn 0.3174 0.7717 0.5511
vn 0.4247 0.7674 0.4804
vn 0.5144 0.7628 0.3919
vn 0.5837 0.7586 0.2896
vn 0.6307 0.7554 0.1776
vn 0.6544 0.7538 0.0598
vn 0.6544 0.7538 -0.0598
vn 0.6307 0.7554 -0.1776
vn 0.5837 0.7586 -0.2896
vn 0.5144 0.7628 -0.3919
vn 0.4247 0.7674 -0.4804
vn 0.3174 0.7717 -0.5511
vn 0.1963 0.7751 -0.6006
vn 0.0664 0.7769 -0.6261
vn 0.9828 0.1750 -0.0598
vn 0.6951 0.7176 -0.0423
vn 0.9733 0.2217 -0.0592
vn 0.9828 -0.1750 -0.0598
vn 0.9681 0.1754 -0.1788
vn 0.6840 0.7184 -0.1263
vn 0.9588 0.2222 -0.1770
vn 0.9681 -0.1754 -0.1788
vn 0.9389 0.1762 -0.2958
vn 0.6619 0.7200 -0.2086
vn 0.9297 0.2232 -0.2930
vn 0.9389 -0.1762 -0.2958
vn 0.8949 0.1773 -0.4096
vn 0.6289 0.7223 -0.2879
vn 0.8860 0.2246 -0.4056
vn 0.8949 -0.1773 -0.4096
vn 0.8361 0.1787 -0.5186
vn 0.5852 0.7251 -0.3630
vn 0.8278 0.2263 -0.5134
vn 0.8361 -0.1787 -0.5186
vn 0.7628 0.1803 -0.6210
vn 0.5315 0.7282 -0.4327
vn 0.7550 0.2283 -0.6147
vn 0.7628 -0.1803 -0.6210
vn 0.6753 0.1820 -0.7148
vn 0.4682 0.7315 -0.4956
vn 0.6683 0.2304 -0.7073
vn 0.6753 -0.1820 -0.7148
vn 0.5743 0.1837 -0.7978
vn 0.3963 0.7348 -0.5505
vn 0.5682 0.2325 -0.7894
vn 0.5743 -0.1837 -0.7978
vn 0.4610 0.1852 -0.8678
vn 0.3167 0.7377 -0.5962
vn 0.4561 0.2344 -0.8585
vn 0.4610 -0.1852 -0.8678
vn 0.3374 0.1865 -0.9227
vn 0.2310 0.7401 -0.6316
vn 0.3337 0.2360 -0.9126
vn 0.3374 -0.1865 -0.9227
vn 0.2058 0.1874 -0.9605
vn 0.1405 0.7419 -0.6557
vn 0.2035 0.2372 -0.9499
vn 0.2058 -0.1874 -0.9605
vn 0.0692 0.1879 -0.9797
vn 0.0472 0.7428 -0.6679
vn 0.0684 0.2378 -0.9689
vn 0.0692 -0.1879 -0.9797
vn -0.0692 0.1879 -0.9797
vn -0.0472 0.7428 -0.6679
vn -0.0684 0.2378 -0.9689
vn -0.0692 -0.1879 -0.9797
vn -0.2058 0.1874 -0.9605
vn -0.1405 0.7419 -0.6557
vn -0.2035 0.2372 -0.9499
vn -0.2058 -0.1874 -0.9605
vn -0.3374 0.1865 -0.9227
vn -0.2310 0.7401 -0.6316
vn -0.3337 0.2360 -0.9126
vn -0.3374 -0.1865 -0.9227
vn -0.4610 0.1852 -0.8678
vn -0.3167 0.7377 -0.5962
vn -0.4561 0.2344 -0.8585
vn -0.4610 -0.1852 -0.8678
vn -0.5743 0.1837 -0.7978
vn -0.3963 0.7348 -0.5505
vn -0.5682 0.2325 -0.7894
vn -0.5743 -0.1837 -0.7978
vn -0.6753 0.1820 -0.7148
vn -0.4682 0.7315 -0.4956
vn -0.6683 0.2304 -0.7073
vn -0.6753 -0.1820 -0.7148
vn -0.7628 0.1803 -0.6210
vn -0.5315 0.7282 -0.4327
vn -0.7550 0.2283 -0.6147
vn -0.7628 -0.1803 -0.6210
vn -0.8361 0.1787 -0.5186
vn -0.5852 0.7251 -0.3630
vn -0.8278 0.2263 -0.5134
vn -0.8361 -0.1787 -0.5186
vn -0.8949 0.1773 -0.4096
vn -0.6289 0.7223 -0.2879
vn -0.8860 0.2246 -0.4056
vn -0.8949 -0.1773 -0.4096
vn -0.9389 0.1762 -0.2958
vn -0.6619 0.7200 -0.2086
vn -0.9297 0.2232 -0.2930
vn -0.9389 -0.1762 -0.2958
vn -0.9681 0.1754 -0.1788
vn -0.6840 0.7184 -0.1263
vn -0.9588 0.2222 -0.1770
vn 0.9210 0.3854 -0.0560
vn -0.9681 -0.1754 -0.1788
vn -0.9828 0.1750 -0.0598
vn -0.6951 0.7176 -0.0423
vn -0.9733 0.2217 -0.0592
vn 0.8379 0.5435 -0.0510
vn 0.9071 0.3862 -0.1675
vn 0.8249 0.5444 -0.1523
vn 0.8792 0.3877 -0.2770
vn -0.9828 -0.1750 -0.0598
vn -0.9828 0.1750 0.0598
vn -0.6951 0.7176 0.0423
vn -0.9733 0.2217 0.0592
vn 0.7990 0.5461 -0.2518
vn 0.8373 0.3898 -0.3833
vn 0.7602 0.5486 -0.3480
vn 0.7816 0.3925 -0.4848
vn -0.9828 -0.1750 0.0598
vn -0.9681 0.1754 0.1788
vn -0.6840 0.7184 0.1263
vn -0.9588 0.2222 0.1770
vn 0.7123 0.3956 -0.5798
vn 0.7088 0.5517 -0.4396
vn 0.6450 0.5552 -0.5251
vn 0.6298 0.3988 -0.6666
vn -0.9681 -0.1754 0.1788
vn -0.9389 0.1762 0.2958
vn -0.6619 0.7200 0.2086
vn -0.9297 0.2232 0.2930
vn 0.5694 0.5590 -0.6027
vn 0.5349 0.4020 -0.7431
vn 0.4830 0.5626 -0.6710
vn 0.4290 0.4050 -0.8075
vn -0.9389 -0.1762 0.2958
vn -0.8949 0.1773 0.4096
vn -0.6289 0.7223 0.2879
vn -0.8860 0.2246 0.4056
vn 0.3868 0.5660 -0.7280
vn 0.3136 0.4074 -0.8577
vn 0.2825 0.5688 -0.7725
vn 0.1912 0.4092 -0.8922
vn -0.8949 -0.1773 0.4096
vn -0.8361 0.1787 0.5186
vn -0.5852 0.7251 0.3630
vn -0.8278 0.2263 0.5134
vn 0.1720 0.5708 -0.8029
vn 0.0642 0.4101 -0.9098
vn 0.0578 0.5718 -0.8184
vn -0.0642 0.4101 -0.9098
vn -0.8361 -0.1787 0.5186
vn -0.7628 0.1803 0.6210
vn -0.5315 0.7282 0.4327
vn -0.7550 0.2283 0.6147
vn -0.1912 0.4092 -0.8922
vn -0.0578 0.5718 -0.8184
vn -0.1720 0.5708 -0.8029
vn -0.3136 0.4074 -0.8577
vn -0.7628 -0.1803 0.6210
vn -0.6753 0.1820 0.7148
vn -0.4682 0.7315 0.4956
vn -0.6683 0.2304 0.7073
vn -0.2825 0.5688 -0.7725
vn -0.4290 0.4050 -0.8075
vn -0.3868 0.5660 -0.7280
vn -0.5349 0.4020 -0.7431
vn -0.6753 -0.1820 0.7148
vn -0.5743 0.1837 0.7978
vn -0.3963 0.7348 0.5505
vn -0.5682 0.2325 0.7894
vn -0.4830 0.5626 -0.6710
vn -0.6298 0.3988 -0.6666
vn -0.5694 0.5590 -0.6027
vn -0.7123 0.3956 -0.5798
vn -0.5743 -0.1837 0.7978
vn -0.4610 0.1852 0.8678
vn -0.3167 0.7377 0.5962
vn -0.4561 0.2344 0.8585
vn -0.6450 0.5552 -0.5251
vn -0.7816 0.3925 -0.4848
vn -0.7088 0.5517 -0.4396
vn -0.8373 0.3898 -0.3833
vn -0.4610 -0.1852 0.8678
vn -0.3374 0.1865 0.9227
vn -0.2310 0.7401 0.6316
vn -0.3337 0.2360 0.9126
vn -0.8792 0.3877 -0.2770
vn -0.7602 0.5486 -0.3480
vn -0.7990 0.5461 -0.2518
vn -0.9071 0.3862 -0.1675
vn -0.3374 -0.1865 0.9227
vn -0.2058 0.1874 0.9605
vn -0.1405 0.7419 0.6557
vn -0.2035 0.2372 0.9499
vn -0.8249 0.5444 -0.1523
vn -0.9210 0.3854 -0.0560
vn -0.8379 0.5435 -0.0510
vn -0.9210 0.3854 0.0560
vn -0.2058 -0.1874 0.9605
vn -0.0692 0.1879 0.9797
vn -0.0472 0.7428 0.6679
vn -0.0684 0.2378 0.9689
vn -0.8379 0.5435 0.0510
vn -0.9071 0.3862 0.1675
vn -0.8249 0.5444 0.1523
vn -0.8792 0.3877 0.2770
vn -0.0692 -0.1879 0.9797
vn 0.0692 0.1879 0.9797
vn 0.0472 0.7428 0.6679
vn 0.0684 0.2378 0.9689
vn -0.7990 0.5461 0.2518
vn -0.8373 0.3898 0.3833
vn -0.7602 0.5486 0.3480
vn -0.7816 0.3925 0.4848
vn 0.0692 -0.1879 0.9797
vn 0.2058 0.1874 0.9605
vn 0.1405 0.7419 0.6557
vn 0.2035 0.2372 0.9499
vn -0.7123 0.3956 0.5798
vn -0.7088 0.5517 0.4396
vn -0.6450 0.5552 0.5251
vn -0.6298 0.3988 0.6666
vn 0.2058 -0.1874 0.9605
vn 0.3374 0.1865 0.9227
vn 0.2310 0.7401 0.6316
vn 0.3337 0.2360 0.9126
vn -0.5694 0.5590 0.6027
vn -0.5349 0.4020 0.7431
vn -0.4830 0.5626 0.6710
vn -0.4290 0.4050 0.8075
vn 0.3374 -0.1865 0.9227
vn 0.4610 0.1852 0.8678
vn 0.3167 0.7377 0.5962
vn 0.4561 0.2344 0.8585
vn -0.3868 0.5660 0.7281
vn -0.3136 0.4074 0.8577
vn -0.2825 0.5688 0.7725
vn -0.1912 0.4092 0.8922
vn 0.4610 -0.1852 0.8678
vn 0.5743 0.1837 0.7978
vn 0.3963 0.7348 0.5505
vn 0.5682 0.2325 0.7894
vn -0.1720 0.5708 0.8029
vn -0.0642 0.4101 0.9098
vn -0.0578 0.5718 0.8184
vn 0.0642 0.4101 0.9098
vn 0.5743 -0.1837 0.7978
vn 0.6753 0.1820 0.7148
vn 0.4682 0.7315 0.4956
vn 0.6683 0.2304 0.7073
vn 0.1912 0.4092 0.8922
vn 0.0578 0.5718 0.8184
vn 0.1720 0.5708 0.8029
vn 0.3136 0.4074 0.8577
vn 0.6753 -0.1820 0.7148
vn 0.7628 0.1803 0.6210
vn 0.5315 0.7282 0.4327
vn 0.7550 0.2283 0.6146
vn 0.2825 0.5688 0.7725
vn 0.4290 0.4050 0.8075
vn 0.3868 0.5660 0.7280
vn 0.5349 0.4020 0.7431
vn 0.7628 -0.1803 0.6210
vn 0.8361 0.1787 0.5186
vn 0.5852 0.7251 0.3630
vn 0.8278 0.2263 0.5134
vn 0.4830 0.5626 0.6710
vn 0.6298 0.3988 0.6666
vn 0.5694 0.5590 0.6027
vn 0.7123 0.3956 0.5798
vn 0.8361 -0.1787 0.5186
vn 0.8949 0.1773 0.4096
vn 0.6289 0.7223 0.2879
vn 0.8860 0.2246 0.4056
vn 0.6450 0.5552 0.5251
vn 0.7816 0.3925 0.4848
vn 0.7088 0.5517 0.4396
vn 0.8373 0.3898 0.3833
vn 0.8949 -0.1773 0.4096
vn 0.9389 0.1762 0.2958
vn 0.6619 0.7200 0.2086
vn 0.9297 0.2232 0.2930
vn 0.8792 0.3877 0.2770
vn 0.7602 0.5486 0.3480
vn 0.9071 0.3862 0.1675
vn 0.9389 -0.1762 0.2958
vn 0.9681 0.1754 0.1788
vn 0.6840 0.7184 0.1263
vn 0.9588 0.2222 0.1770
vn 0.8249 0.5444 0.1523
vn 0.7990 0.5461 0.2518
vn 0.9210 0.3854 0.0560
vn 0.8379 0.5435 0.0510
vn 0.9681 -0.1754 0.1788
vn 0.9828 0.1750 0.0598
vn 0.6951 0.7176 0.0423
vn 0.9733 0.2217 0.0592
vn 0.9828 -0.1750 0.0598
vn -0.0000 1.0000 -0.0000
vn -0.5746 0.5478 0.6081
vn -0.5812 0.5326 0.6152
vn -0.5892 0.5137 0.6236
vn -0.6431 0.3507 0.6807
vn -0.6800 0.1399 0.7197
vn 0.8450 0.5323 0.0514
vn 0.8543 0.5172 0.0520
vn 0.8653 0.4985 0.0526
vn 0.9392 0.3385 0.0571
vn 0.9891 0.1345 0.0602
vn 0.1737 0.5595 0.8104
vn 0.1758 0.5443 0.8202
vn 0.1783 0.5254 0.8320
vn 0.1955 0.3603 0.9121
vn 0.2073 0.1442 0.9676
vn -0.8450 0.5323 -0.0514
vn -0.8543 0.5172 -0.0520
vn -0.8653 0.4985 -0.0526
vn -0.9392 0.3385 -0.0571
vn -0.9891 0.1345 -0.0602
vn -0.8058 0.5349 0.2539
vn -0.8148 0.5199 0.2567
vn -0.8254 0.5011 0.2601
vn -0.8968 0.3405 0.2826
vn -0.9450 0.1354 0.2978
vn 0.7668 0.5374 0.3510
vn 0.7754 0.5223 0.3549
vn 0.7856 0.5036 0.3596
vn 0.8543 0.3425 0.3911
vn 0.9008 0.1363 0.4123
vn -0.2851 0.5576 0.7796
vn -0.2885 0.5424 0.7890
vn -0.2926 0.5234 0.8003
vn -0.3206 0.3587 0.8767
vn -0.3399 0.1435 0.9295
vn 0.7150 0.5405 0.4435
vn 0.7231 0.5254 0.4485
vn 0.7327 0.5066 0.4544
vn 0.7976 0.3450 0.4947
vn 0.8418 0.1374 0.5221
vn -0.8319 0.5332 -0.1536
vn -0.8411 0.5181 -0.1553
vn -0.8520 0.4994 -0.1573
vn -0.9251 0.3392 -0.1708
vn -0.9744 0.1348 -0.1799
vn -0.6507 0.5440 0.5297
vn -0.6582 0.5289 0.5358
vn -0.6670 0.5101 0.5430
vn -0.7271 0.3478 0.5919
vn -0.7680 0.1386 0.6252
vn -0.7668 0.5374 -0.3510
vn -0.7754 0.5223 -0.3549
vn -0.7856 0.5036 -0.3596
vn -0.8543 0.3425 -0.3911
vn -0.9008 0.1363 -0.4123
vn 0.8319 0.5332 0.1536
vn 0.8411 0.5181 0.1553
vn 0.8520 0.4994 0.1573
vn 0.9251 0.3392 0.1708
vn 0.9744 0.1348 0.1799
vn -0.8319 0.5332 0.1536
vn -0.8411 0.5181 0.1553
vn -0.8520 0.4994 0.1573
vn -0.9251 0.3392 0.1708
vn -0.9744 0.1348 0.1799
vn -0.4874 0.5514 -0.6771
vn -0.4931 0.5363 -0.6850
vn -0.4999 0.5174 -0.6945
vn -0.5464 0.3537 -0.7591
vn -0.5784 0.1413 -0.8035
vn 0.6507 0.5440 0.5297
vn 0.6582 0.5289 0.5358
vn 0.6670 0.5101 0.5430
vn 0.7271 0.3478 0.5919
vn 0.7680 0.1386 0.6252
vn -0.8058 0.5349 -0.2539
vn -0.8148 0.5199 -0.2567
vn -0.8254 0.5011 -0.2601
vn -0.8968 0.3405 -0.2826
vn -0.9450 0.1354 -0.2978
vn -0.0583 0.5606 -0.8260
vn -0.0590 0.5454 -0.8361
vn -0.0599 0.5264 -0.8481
vn -0.0657 0.3611 -0.9302
vn -0.0697 0.1446 -0.9870
vn -0.7150 0.5405 -0.4435
vn -0.7231 0.5254 -0.4485
vn -0.7327 0.5066 -0.4544
vn -0.7976 0.3450 -0.4947
vn -0.8418 0.1374 -0.5221
vn 0.8058 0.5349 0.2539
vn 0.8148 0.5199 0.2567
vn 0.8254 0.5011 0.2601
vn 0.8968 0.3405 0.2826
vn 0.9450 0.1354 0.2978
vn 0.3903 0.5548 -0.7347
vn 0.3950 0.5396 -0.7435
vn 0.4006 0.5207 -0.7540
vn 0.4384 0.3564 -0.8251
vn 0.4644 0.1425 -0.8741
vn -0.3903 0.5548 -0.7347
vn -0.3950 0.5396 -0.7435
vn -0.4006 0.5207 -0.7540
vn -0.4384 0.3564 -0.8251
vn -0.4644 0.1425 -0.8741
vn -0.6507 0.5440 -0.5297
vn -0.6582 0.5289 -0.5358
vn -0.6670 0.5101 -0.5430
vn -0.7271 0.3478 -0.5919
vn -0.7680 0.1386 -0.6252
vn 0.7150 0.5405 -0.4435
vn 0.7231 0.5254 -0.4485
vn 0.7327 0.5066 -0.4544
vn 0.7976 0.3450 -0.4947
vn 0.8418 0.1374 -0.5221
vn 0.0583 0.5606 -0.8260
vn 0.0590 0.5454 -0.8361
vn 0.0599 0.5264 -0.8481
vn 0.0657 0.3611 -0.9302
vn 0.0697 0.1446 -0.9870
vn -0.2851 0.5576 -0.7796
vn -0.2885 0.5424 -0.7890
vn -0.2926 0.5234 -0.8003
vn -0.3206 0.3587 -0.8767
vn -0.3399 0.1435 -0.9295
vn 0.8450 0.5323 -0.0514
vn 0.8543 0.5172 -0.0520
vn 0.8653 0.4985 -0.0526
vn 0.9392 0.3385 -0.0571
vn 0.9891 0.1345 -0.0602
vn -0.5746 0.5478 -0.6081
vn -0.5812 0.5326 -0.6152
vn -0.5892 0.5137 -0.6236
vn -0.6431 0.3507 -0.6807
vn -0.6800 0.1399 -0.7197
vn 0.4874 0.5514 -0.6771
vn 0.4931 0.5363 -0.6850
vn 0.4999 0.5174 -0.6945
vn 0.5464 0.3537 -0.7591
vn 0.5784 0.1413 -0.8035
vn 0.1737 0.5595 -0.8104
vn 0.1758 0.5443 -0.8202
vn 0.1783 0.5254 -0.8320
vn 0.1955 0.3603 -0.9121
vn 0.2073 0.1442 -0.9676
vn 0.4874 0.5514 0.6771
vn 0.4931 0.5363 0.6850
vn 0.4999 0.5174 0.6945
vn 0.5464 0.3537 0.7591
vn 0.5783 0.1413 0.8035
vn -0.1737 0.5595 -0.8104
vn -0.1758 0.5443 -0.8202
vn -0.1783 0.5254 -0.8320
vn -0.1955 0.3603 -0.9121
vn -0.2073 0.1442 -0.9676
vn 0.7668 0.5374 -0.3510
vn 0.7754 0.5223 -0.3549
vn 0.7856 0.5036 -0.3596
vn 0.8543 0.3425 -0.3911
vn 0.9008 0.1363 -0.4123
vn 0.5746 0.5478 -0.6081
vn 0.5812 0.5326 -0.6152
vn 0.5892 0.5137 -0.6236
vn 0.6431 0.3507 -0.6807
vn 0.6800 0.1399 -0.7197
vn 0.0583 0.5606 0.8260
vn 0.0590 0.5454 0.8361
vn 0.0599 0.5264 0.8481
vn 0.0657 0.3611 0.9302
vn 0.0697 0.1446 0.9870
vn 0.2851 0.5576 -0.7796
vn 0.2885 0.5424 -0.7890
vn 0.2926 0.5234 -0.8003
vn 0.3206 0.3587 -0.8767
vn 0.3399 0.1435 -0.9295
vn 0.3903 0.5548 0.7348
vn 0.3950 0.5396 0.7435
vn 0.4006 0.5207 0.7540
vn 0.4384 0.3564 0.8251
vn 0.4644 0.1425 0.8741
vn 0.8058 0.5349 -0.2539
vn 0.8148 0.5199 -0.2567
vn 0.8254 0.5011 -0.2601
vn 0.8968 0.3405 -0.2826
vn 0.9450 0.1354 -0.2978
vn -0.3903 0.5548 0.7347
vn -0.3950 0.5396 0.7435
vn -0.4006 0.5207 0.7540
vn -0.4384 0.3564 0.8251
vn -0.4644 0.1425 0.8741
vn 0.6507 0.5440 -0.5297
vn 0.6582 0.5289 -0.5358
vn 0.6670 0.5101 -0.5430
vn 0.7271 0.3478 -0.5919
vn 0.7680 0.1386 -0.6252
vn -0.0583 0.5606 0.8260
vn -0.0590 0.5454 0.8361
vn -0.0599 0.5264 0.8481
vn -0.0657 0.3611 0.9302
vn -0.0697 0.1446 0.9870
vn 0.2851 0.5576 0.7796
vn 0.2885 0.5424 0.7890
vn 0.2926 0.5234 0.8003
vn 0.3206 0.3587 0.8767
vn 0.3399 0.1435 0.9295
vn -0.7150 0.5405 0.4435
vn -0.7231 0.5254 0.4485
vn -0.7327 0.5066 0.4544
vn -0.7976 0.3450 0.4947
vn -0.8418 0.1374 0.5221
vn 0.8319 0.5332 -0.1536
vn 0.8411 0.5181 -0.1553
vn 0.8520 0.4994 -0.1573
vn 0.9251 0.3392 -0.1708
vn 0.9744 0.1348 -0.1799
vn -0.4874 0.5514 0.6771
vn -0.4931 0.5363 0.6850
vn -0.4999 0.5174 0.6945
vn -0.5464 0.3537 0.7591
vn -0.5783 0.1413 0.8035
vn -0.1737 0.5595 0.8104
vn -0.1758 0.5443 0.8202
vn -0.1783 0.5254 0.8320
vn -0.1955 0.3603 0.9121
vn -0.2073 0.1442 0.9676
vn -0.8450 0.5323 0.0514
vn -0.8543 0.5172 0.0520
vn -0.8653 0.4985 0.0526
vn -0.9392 0.3385 0.0571
vn -0.9891 0.1345 0.0602
vn 0.5746 0.5478 0.6081
vn 0.5812 0.5326 0.6152
vn 0.5892 0.5137 0.6236
vn 0.6431 0.3507 0.6807
vn 0.6800 0.1399 0.7197
vn -0.7668 0.5374 0.3510
vn -0.7754 0.5223 0.3549
vn -0.7856 0.5036 0.3596
vn -0.8543 0.3425 0.3911
vn -0.9008 0.1363 0.4123
vn 0.9604 0.2707 -0.0658
vn 0.6886 0.7238 -0.0451
vn 0.0439 -0.9981 0.0432
vn 0.6886 -0.7238 -0.0451
vn 0.9596 -0.2731 -0.0677
vn 0.9423 0.2710 -0.1965
vn 0.6762 0.7227 -0.1431
vn 0.0426 -0.9980 0.0468
vn 0.6747 -0.7244 -0.1416
vn 0.9413 -0.2726 -0.1990
vn 0.9064 0.2701 -0.3247
vn 0.6535 0.7198 -0.2341
vn 0.0304 -0.9980 0.0548
vn 0.6502 -0.7231 -0.2329
vn 0.9077 -0.2677 -0.3231
vn 0.8544 0.2688 -0.4447
vn 0.6174 0.7180 -0.3213
vn 0.0284 -0.9981 0.0543
vn 0.6154 -0.7196 -0.3215
vn 0.8557 -0.2648 -0.4446
vn 0.7875 0.2673 -0.5553
vn 0.5704 0.7176 -0.3997
vn 0.0176 -0.9980 0.0606
vn 0.5704 -0.7176 -0.3997
vn 0.7875 -0.2673 -0.5553
vn 0.7084 0.2655 -0.6540
vn 0.5123 0.7151 -0.4756
vn 0.0128 -0.9976 0.0680
vn 0.5118 -0.7168 -0.4736
vn 0.7064 -0.2671 -0.6555
vn 0.6165 0.2638 -0.7419
vn 0.4494 0.7110 -0.5408
vn 0.0033 -0.9977 0.0677
vn 0.4473 -0.7143 -0.5382
vn 0.6183 -0.2615 -0.7411
vn 0.5162 0.2622 -0.8153
vn 0.3774 0.7086 -0.5961
vn -0.0012 -0.9981 0.0621
vn 0.3757 -0.7103 -0.5953
vn 0.5173 -0.2583 -0.8159
vn 0.4087 0.2607 -0.8746
vn 0.3006 0.7083 -0.6387
vn -0.0135 -0.9980 0.0619
vn 0.3006 -0.7083 -0.6388
vn 0.4087 -0.2607 -0.8746
vn 0.2968 0.2596 -0.9190
vn 0.2157 0.7065 -0.6740
vn -0.0212 -0.9976 0.0658
vn 0.2162 -0.7082 -0.6721
vn 0.2944 -0.2611 -0.9193
vn 0.1789 0.2588 -0.9492
vn 0.1316 0.7037 -0.6982
vn -0.0293 -0.9977 0.0605
vn 0.1310 -0.7070 -0.6949
vn 0.1808 -0.2565 -0.9495
vn 0.0599 0.2584 -0.9642
vn 0.0441 0.7030 -0.7098
vn -0.0305 -0.9981 0.0532
vn 0.0429 -0.7047 -0.7082
vn 0.0605 -0.2545 -0.9652
vn -0.0599 0.2584 -0.9642
vn -0.0421 0.7047 -0.7082
vn -0.0411 -0.9981 0.0465
vn -0.0421 -0.7047 -0.7082
vn -0.0599 -0.2584 -0.9642
vn -0.1778 0.2587 -0.9494
vn -0.1323 0.7053 -0.6964
vn -0.0496 -0.9977 0.0459
vn -0.1310 -0.7070 -0.6949
vn -0.1800 -0.2603 -0.9486
vn -0.2957 0.2596 -0.9193
vn -0.2172 0.7049 -0.6753
vn -0.0541 -0.9979 0.0370
vn -0.2162 -0.7082 -0.6721
vn -0.2942 -0.2573 -0.9205
vn -0.4087 0.2607 -0.8746
vn -0.2996 0.7065 -0.6411
vn -0.0517 -0.9982 0.0300
vn -0.2998 -0.7082 -0.6392
vn -0.4086 -0.2568 -0.8758
vn -0.5162 0.2622 -0.8153
vn -0.3749 0.7103 -0.5958
vn -0.0577 -0.9982 0.0187
vn -0.3749 -0.7103 -0.5958
vn -0.5162 -0.2622 -0.8153
vn -0.6156 0.2638 -0.7426
vn -0.4492 0.7127 -0.5388
vn -0.4473 -0.7143 -0.5382
vn -0.6172 -0.2654 -0.7407
vn -0.7076 0.2656 -0.6548
vn -0.5143 0.7135 -0.4759
vn -0.0647 -0.9978 0.0136
vn -0.5118 -0.7168 -0.4736
vn -0.7067 -0.2632 -0.6567
vn -0.7875 0.2673 -0.5553
vn -0.5706 0.7159 -0.4024
vn -0.0644 -0.9979 0.0035
vn -0.5699 -0.7175 -0.4005
vn -0.7881 -0.2633 -0.5565
vn -0.8544 0.2688 -0.4447
vn -0.6150 0.7197 -0.3223
vn -0.0590 -0.9983 -0.0012
vn -0.6156 -0.7193 -0.3221
vn -0.8542 -0.2672 -0.4461
vn -0.9060 0.2725 -0.3238
vn -0.6500 0.7231 -0.2338
vn -0.0588 -0.9982 -0.0143
vn -0.6508 -0.7228 -0.2326
vn -0.9077 -0.2677 -0.3231
vn -0.9407 0.2758 -0.1975
vn -0.6747 0.7244 -0.1416
vn -0.0625 -0.9978 -0.0224
vn -0.6747 -0.7244 -0.1416
vn -0.9433 -0.2663 -0.1980
vn -0.9588 0.2763 -0.0663
vn -0.6870 0.7251 -0.0475
vn -0.0574 -0.9979 -0.0309
vn -0.6889 -0.7234 -0.0465
vn -0.9612 -0.2675 -0.0671
vn -0.9596 0.2739 0.0644
vn -0.6870 0.7251 0.0475
vn -0.0505 -0.9982 -0.0322
vn -0.6893 -0.7230 0.0461
vn -0.9607 -0.2699 0.0651
vn -0.9412 0.2734 0.1983
vn -0.6749 0.7244 0.1408
vn -0.0441 -0.9981 -0.0434
vn -0.6750 -0.7240 0.1422
vn -0.9423 -0.2686 0.1998
vn -0.9052 0.2749 0.3243
vn -0.6503 0.7231 0.2329
vn -0.0434 -0.9977 -0.0523
vn -0.6503 -0.7231 0.2329
vn -0.9077 -0.2654 0.3252
vn -0.8532 0.2736 0.4440
vn -0.6144 0.7213 0.3197
vn -0.0350 -0.9978 -0.0570
vn -0.6154 -0.7196 0.3215
vn -0.8557 -0.2648 0.4446
vn -0.7881 0.2696 0.5533
vn -0.5678 0.7192 0.4004
vn -0.0284 -0.9981 -0.0545
vn -0.5704 -0.7172 0.4004
vn -0.7886 -0.2657 0.5545
vn -0.7066 0.2679 0.6549
vn -0.5123 0.7168 0.4730
vn -0.0176 -0.9980 -0.0607
vn -0.5117 -0.7164 0.4742
vn -0.7068 -0.2631 0.6567
vn -0.6157 0.2685 0.7409
vn -0.4473 0.7143 0.5382
vn -0.0128 -0.9976 -0.0681
vn -0.4473 -0.7143 0.5382
vn -0.6173 -0.2592 0.7428
vn -0.5155 0.2668 0.8143
vn -0.3756 0.7120 0.5933
vn -0.0033 -0.9977 -0.0677
vn -0.3757 -0.7103 0.5953
vn -0.5173 -0.2583 0.8159
vn -0.4101 0.2631 0.8733
vn -0.2982 0.7099 0.6381
vn 0.0012 -0.9981 -0.0621
vn -0.3004 -0.7079 0.6393
vn -0.4100 -0.2592 0.8745
vn -0.2949 0.2619 0.9189
vn -0.2170 0.7082 0.6718
vn 0.0135 -0.9980 -0.0618
vn -0.2159 -0.7078 0.6726
vn -0.2942 -0.2572 0.9205
vn -0.1787 0.2634 0.9480
vn -0.1310 0.7070 0.6949
vn 0.0211 -0.9976 -0.0656
vn -0.1310 -0.7070 0.6949
vn -0.1791 -0.2542 0.9504
vn -0.0598 0.2629 0.9630
vn -0.0439 0.7064 0.7064
vn 0.0292 -0.9978 -0.0603
vn -0.0429 -0.7047 0.7082
vn -0.0605 -0.2545 0.9652
vn 0.0580 0.2606 0.9637
vn 0.0439 0.7064 0.7064
vn 0.0304 -0.9981 -0.0530
vn 0.0426 -0.7043 0.7086
vn 0.0587 -0.2568 0.9647
vn 0.1794 0.2611 0.9485
vn 0.1302 0.7070 0.6951
vn 0.0409 -0.9981 -0.0463
vn 0.1315 -0.7067 0.6952
vn 0.1808 -0.2564 0.9495
vn 0.2953 0.2642 0.9181
vn 0.2162 0.7082 0.6721
vn 0.0493 -0.9977 -0.0456
vn 0.2162 -0.7082 0.6721
vn 0.2961 -0.2550 0.9205
vn 0.4082 0.2654 0.8735
vn 0.2982 0.7099 0.6381
vn 0.0538 -0.9979 -0.0368
vn 0.2998 -0.7082 0.6392
vn 0.4086 -0.2568 0.8758
vn 0.5143 0.2645 0.8158
vn 0.3756 0.7120 0.5933
vn 0.0514 -0.9982 -0.0299
vn 0.3757 -0.7103 0.5953
vn 0.5154 -0.2606 0.8164
vn 0.6166 0.2661 0.7409
vn 0.4467 0.7146 0.5383
vn 0.0573 -0.9982 -0.0185
vn 0.4473 -0.7143 0.5382
vn 0.6190 -0.2631 0.7400
vn 0.7058 0.2679 0.6558
vn 0.5144 0.7169 0.4706
vn 0.0643 -0.9978 -0.0135
vn 0.5118 -0.7168 0.4736
vn 0.7067 -0.2632 0.6567
vn 0.7875 0.2673 0.5553
vn 0.5678 0.7192 0.4004
vn 0.0598 -0.9982 -0.0060
vn 0.5699 -0.7175 0.4005
vn 0.7881 -0.2633 0.5565
vn 0.8544 0.2688 0.4447
vn 0.6125 0.7213 0.3234
vn 0.0542 -0.9985 0.0038
vn 0.6150 -0.7196 0.3223
vn 0.8544 -0.2688 0.4447
vn 0.9060 0.2701 0.3259
vn 0.6513 0.7231 0.2300
vn 0.0584 -0.9982 0.0142
vn 0.6503 -0.7231 0.2329
vn 0.9065 -0.2717 0.3233
vn 0.9420 0.2718 0.1971
vn 0.6741 0.7243 0.1448
vn 0.0621 -0.9978 0.0222
vn 0.6747 -0.7244 0.1416
vn 0.9423 -0.2686 0.1999
vn 0.9601 0.2715 0.0664
vn 0.6889 0.7234 0.0456
vn 0.0571 -0.9979 0.0308
vn 0.6889 -0.7234 0.0465
vn 0.9604 -0.2698 0.0691
vn -0.2536 -0.9632 0.0886
vn -0.2653 -0.9626 0.0557
vn -0.2700 -0.9627 0.0187
vn -0.2672 -0.9635 -0.0166
vn -0.2618 -0.9634 -0.0571
vn -0.2560 -0.9623 -0.0917
vn -0.2423 -0.9620 -0.1261
vn -0.2230 -0.9624 -0.1550
vn -0.1990 -0.9620 -0.1870
vn -0.1775 -0.9606 -0.2137
vn -0.1494 -0.9602 -0.2360
vn -0.1192 -0.9607 -0.2507
vn -0.0833 -0.9605 -0.2656
vn -0.0523 -0.9593 -0.2774
vn -0.0175 -0.9593 -0.2819
vn 0.0155 -0.9602 -0.2788
vn 0.0535 -0.9605 -0.2729
vn 0.0859 -0.9599 -0.2669
vn 0.1181 -0.9603 -0.2527
vn 0.1452 -0.9616 -0.2327
vn 0.1754 -0.9623 -0.2078
vn 0.2006 -0.9619 -0.1856
vn 0.2218 -0.9625 -0.1564
vn 0.2359 -0.9637 -0.1249
vn 0.2503 -0.9642 -0.0874
vn 0.2617 -0.9636 -0.0549
vn 0.2632 -0.9645 -0.0201
vn 0.2601 -0.9654 0.0182
vn 0.2582 -0.9645 0.0564
vn 0.2526 -0.9633 0.0905
vn 0.2393 -0.9629 0.1245
vn 0.2204 -0.9633 0.1531
vn 0.1969 -0.9628 0.1850
vn 0.1754 -0.9623 0.2078
vn 0.1452 -0.9616 0.2327
vn 0.1184 -0.9612 0.2491
vn 0.0830 -0.9608 0.2644
vn 0.0521 -0.9596 0.2766
vn 0.0175 -0.9594 0.2816
vn -0.0155 -0.9602 0.2790
vn -0.0536 -0.9603 0.2737
vn -0.0862 -0.9595 0.2681
vn -0.1188 -0.9598 0.2542
vn -0.1463 -0.9610 0.2345
vn -0.1770 -0.9616 0.2098
vn -0.2027 -0.9611 0.1876
vn -0.2244 -0.9616 0.1582
vn -0.2389 -0.9628 0.1264
vn 0.0502 -0.9982 0.0320
vn 0.6391 0.0004 -0.7691
vn -0.9414 -0.0009 0.3372
vn 0.6503 -0.7231 -0.2329
vn 0.7387 0.0005 -0.6740
vn -0.8871 -0.0008 0.4617
vn 0.8832 0.0012 0.4691
vn 0.8173 0.0012 0.5763
vn 0.8137 0.0007 -0.5812
vn -0.9802 -0.0010 0.1982
vn 0.7395 0.0012 0.6732
vn 0.6391 0.0011 0.7691
vn -0.9972 -0.0011 0.0753
vn 0.8871 0.0008 -0.4616
vn 0.9414 0.0009 -0.3372
vn 0.5399 0.0010 0.8418
vn -0.9976 -0.0012 -0.0690
vn -0.9787 -0.0012 -0.2054
vn 0.4234 0.0009 0.9060
vn 0.3062 0.0008 0.9520
vn 0.9802 0.0010 -0.1982
vn -0.9389 -0.0013 -0.3442
vn 0.9977 0.0011 -0.0677
vn 0.1786 0.0007 0.9839
vn 0.0010 1.0000 -0.0022
vn -0.0010 1.0000 0.0010
vn 0.0012 1.0000 0.0001
vn 0.0005 1.0000 -0.0013
vn 0.0010 1.0000 -0.0036
vn 0.0041 1.0000 -0.0002
vn 0.0041 1.0000 -0.0021
vn 0.0030 1.0000 0.0004
vn -0.0008 1.0000 -0.0037
vn 0.0035 1.0000 -0.0023
vn 0.0025 1.0000 -0.0040
vn 0.0028 1.0000 -0.0012
vn -0.0025 1.0000 -0.0027
vn 0.0019 1.0000 -0.0038
vn 0.0003 1.0000 -0.0048
vn 0.0018 1.0000 -0.0025
vn -0.0034 1.0000 -0.0011
vn -0.0002 1.0000 -0.0043
vn -0.0020 1.0000 -0.0043
vn 0.0004 1.0000 -0.0031
vn -0.0035 1.0000 0.0009
vn -0.0022 1.0000 -0.0036
vn -0.0038 1.0000 -0.0027
vn -0.0011 1.0000 -0.0029
vn -0.0026 1.0000 0.0026
vn -0.0036 1.0000 -0.0020
vn -0.0045 1.0000 -0.0003
vn -0.0024 1.0000 -0.0019
vn -0.0010 1.0000 0.0036
vn -0.0041 1.0000 0.0002
vn -0.0041 1.0000 0.0021
vn -0.0030 1.0000 -0.0004
vn 0.0008 1.0000 0.0037
vn -0.0035 1.0000 0.0023
vn -0.0025 1.0000 0.0040
vn -0.0028 1.0000 0.0012
vn 0.0025 1.0000 0.0027
vn -0.0019 1.0000 0.0038
vn -0.0003 1.0000 0.0048
vn -0.0018 1.0000 0.0025
vn 0.0034 1.0000 0.0011
vn 0.0001 1.0000 0.0043
vn 0.0020 1.0000 0.0043
vn -0.0004 1.0000 0.0031
vn -0.0015 1.0000 0.0018
vn 0.5349 0.0002 -0.8449
vn -0.8137 -0.0007 0.5812
vn 0.4181 0.0001 -0.9084
vn -0.7387 -0.0005 0.6740
vn 0.3127 -0.0001 -0.9499
vn 0.9976 0.0012 0.0690
vn 0.1852 -0.0002 -0.9827
vn 0.0620 -0.0004 -0.9981
vn 0.9438 0.0013 0.3306
vn 0.9772 0.0012 0.2124
vn -0.0676 -0.0006 -0.9977
vn -0.6391 -0.0004 0.7691
vn -0.5349 -0.0002 0.8449
vn -0.4181 -0.0001 0.9084
vn -0.1786 -0.0007 -0.9839
vn -0.3062 -0.0008 -0.9520
vn -0.4234 -0.0009 -0.9060
vn -0.3127 0.0001 0.9499
vn -0.5399 -0.0010 -0.8417
vn -0.6337 -0.0011 -0.7736
vn -0.1852 0.0003 0.9827
vn -0.0620 0.0004 0.9981
vn -0.7339 -0.0012 -0.6792
vn -0.8173 -0.0012 -0.5763
vn 0.0676 0.0006 0.9977
vn -0.8899 -0.0013 -0.4562
vn 0.4590 0.8879 -0.0314
vn 0.1373 0.9905 -0.0090
vn 0.4556 -0.8896 -0.0322
vn 0.4500 0.8881 -0.0939
vn 0.1351 0.9904 -0.0286
vn 0.4475 -0.8893 -0.0946
vn 0.4340 0.8874 -0.1555
vn 0.1310 0.9903 -0.0469
vn 0.4376 -0.8856 -0.1557
vn 0.4106 0.8864 -0.2137
vn 0.1241 0.9902 -0.0646
vn 0.4160 -0.8833 -0.2162
vn 0.3802 0.8852 -0.2681
vn 0.1147 0.9901 -0.0804
vn 0.3802 -0.8852 -0.2681
vn 0.3437 0.8839 -0.3173
vn 0.1034 0.9900 -0.0960
vn 0.3411 -0.8851 -0.3166
vn 0.3006 0.8825 -0.3617
vn 0.0912 0.9898 -0.1097
vn 0.3035 -0.8807 -0.3637
vn 0.2529 0.8812 -0.3994
vn 0.0768 0.9896 -0.1213
vn 0.2563 -0.8780 -0.4043
vn 0.2011 0.8800 -0.4302
vn 0.0612 0.9896 -0.1301
vn 0.2011 -0.8800 -0.4302
vn 0.1465 0.8791 -0.4536
vn 0.0440 0.9895 -0.1376
vn 0.1447 -0.8803 -0.4517
vn 0.0885 0.8784 -0.4696
vn 0.0270 0.9893 -0.1431
vn 0.0901 -0.8765 -0.4729
vn 0.0297 0.8781 -0.4776
vn 0.0090 0.9893 -0.1456
vn 0.0303 -0.8748 -0.4836
vn -0.0297 0.8781 -0.4776
vn -0.0086 0.9894 -0.1449
vn -0.0297 -0.8781 -0.4776
vn -0.0880 0.8784 -0.4698
vn -0.0271 0.9894 -0.1424
vn -0.0887 -0.8797 -0.4672
vn -0.1460 0.8791 -0.4538
vn -0.0444 0.9894 -0.1382
vn -0.1462 -0.8772 -0.4574
vn -0.2011 0.8800 -0.4302
vn -0.0612 0.9895 -0.1309
vn -0.2033 -0.8768 -0.4358
vn -0.2529 0.8812 -0.3994
vn -0.0761 0.9897 -0.1210
vn -0.2529 -0.8812 -0.3994
vn -0.3002 0.8825 -0.3621
vn -0.0909 0.9899 -0.1091
vn -0.2995 -0.8838 -0.3595
vn -0.3433 0.8839 -0.3177
vn -0.1040 0.9899 -0.0962
vn -0.3452 -0.8820 -0.3208
vn -0.3802 0.8852 -0.2681
vn -0.1150 0.9900 -0.0811
vn -0.3848 -0.8821 -0.2717
vn -0.4106 0.8864 -0.2137
vn -0.1233 0.9903 -0.0646
vn -0.4125 -0.8851 -0.2154
vn -0.4309 0.8891 -0.1540
vn -0.1298 0.9904 -0.0467
vn -0.4377 -0.8855 -0.1558
vn -0.4432 0.8916 -0.0930
vn -0.1345 0.9905 -0.0282
vn -0.4567 -0.8844 -0.0959
vn -0.4511 0.8919 -0.0312
vn -0.1368 0.9906 -0.0095
vn -0.4638 -0.8854 -0.0324
vn -0.4546 0.8902 0.0305
vn -0.1368 0.9906 0.0095
vn -0.4603 -0.8872 0.0312
vn -0.4465 0.8898 0.0941
vn -0.1345 0.9905 0.0281
vn -0.4532 -0.8862 0.0961
vn -0.4276 0.8909 0.1532
vn -0.1298 0.9904 0.0465
vn -0.4406 -0.8837 0.1578
vn -0.4046 0.8899 0.2105
vn -0.1229 0.9904 0.0640
vn -0.4160 -0.8833 0.2162
vn -0.3779 0.8870 0.2653
vn -0.1140 0.9902 0.0804
vn -0.3825 -0.8840 0.2689
vn -0.3405 0.8857 0.3156
vn -0.1031 0.9901 0.0952
vn -0.3453 -0.8820 0.3208
vn -0.2962 0.8862 0.3564
vn -0.0903 0.9900 0.1087
vn -0.3050 -0.8788 0.3671
vn -0.2492 0.8849 0.3936
vn -0.0761 0.9898 0.1202
vn -0.2563 -0.8780 0.4043
vn -0.2004 0.8819 0.4267
vn -0.0606 0.9897 0.1297
vn -0.2026 -0.8788 0.4321
vn -0.1446 0.8809 0.4506
vn -0.0442 0.9896 0.1368
vn -0.1462 -0.8771 0.4575
vn -0.0872 0.8822 0.4628
vn -0.0267 0.9895 0.1418
vn -0.0898 -0.8745 0.4765
vn -0.0292 0.8818 0.4707
vn -0.0090 0.9895 0.1442
vn -0.0303 -0.8748 0.4836
vn 0.0286 0.8800 0.4742
vn 0.0090 0.9895 0.1442
vn 0.0292 -0.8767 0.4801
vn 0.0882 0.8803 0.4662
vn 0.0266 0.9895 0.1418
vn 0.0901 -0.8765 0.4730
vn 0.1438 0.8828 0.4472
vn 0.0440 0.9896 0.1369
vn 0.1481 -0.8752 0.4605
vn 0.1981 0.8837 0.4240
vn 0.0606 0.9897 0.1297
vn 0.2033 -0.8768 0.4358
vn 0.2503 0.8830 0.3970
vn 0.0761 0.9898 0.1202
vn 0.2537 -0.8799 0.4018
vn 0.2986 0.8843 0.3588
vn 0.0902 0.9900 0.1087
vn 0.3025 -0.8819 0.3615
vn 0.3401 0.8857 0.3160
vn 0.1035 0.9901 0.0947
vn 0.3452 -0.8820 0.3208
vn 0.3802 0.8852 0.2681
vn 0.1140 0.9902 0.0804
vn 0.3848 -0.8821 0.2717
vn 0.4106 0.8864 0.2137
vn 0.1226 0.9903 0.0647
vn 0.4106 -0.8864 0.2137
vn 0.4339 0.8874 0.1561
vn 0.1300 0.9904 0.0459
vn 0.4321 -0.8886 0.1541
vn 0.4489 0.8886 0.0939
vn 0.1344 0.9905 0.0289
vn 0.4531 -0.8863 0.0961
vn 0.4579 0.8884 0.0317
vn 0.1375 0.9905 0.0091
vn 0.4602 -0.8872 0.0331
vn 0.5720 -0.7137 0.4043
vn 0.5378 -0.6824 0.4951
vn 0.4814 -0.6603 0.5765
vn 0.4176 -0.6345 0.6504
vn 0.3373 -0.6017 0.7240
vn 0.2471 -0.5907 0.7682
vn 0.1442 -0.6008 0.7862
vn 0.0548 -0.5913 0.8046
vn -0.0525 -0.5567 0.8291
vn -0.1552 -0.5459 0.8233
vn -0.2576 -0.5589 0.7882
vn -0.3487 -0.5513 0.7579
vn -0.4585 -0.5179 0.7222
vn -0.5498 -0.5099 0.6616
vn -0.6261 -0.5277 0.5740
vn -0.6932 -0.5237 0.4952
vn -0.7722 -0.4932 0.4005
vn -0.8211 -0.4891 0.2941
vn -0.8414 -0.5122 0.1724
vn -0.8565 -0.5120 0.0646
vn -0.8721 -0.4854 -0.0616
vn -0.8555 -0.4856 -0.1796
vn -0.8066 -0.5131 -0.2933
vn -0.7618 -0.5168 -0.3906
vn -0.7093 -0.4952 -0.5016
vn -0.6399 -0.4860 -0.5953
vn -0.5472 -0.5077 -0.6655
vn -0.4596 -0.5287 -0.7136
vn -0.3600 -0.5226 -0.7729
vn -0.2598 -0.5190 -0.8143
vn -0.1511 -0.5444 -0.8251
vn -0.0574 -0.5667 -0.8220
vn 0.0522 -0.5639 -0.8242
vn 0.1548 -0.5643 -0.8109
vn 0.2512 -0.5909 -0.7667
vn 0.3291 -0.6120 -0.7191
vn 0.4248 -0.6097 -0.6692
vn 0.5077 -0.6104 -0.6080
vn 0.5705 -0.6343 -0.5217
vn 0.6163 -0.6515 -0.4425
vn 0.6780 -0.6454 -0.3518
vn 0.7224 -0.6420 -0.2567
vn 0.7366 -0.6596 -0.1498
vn 0.7199 -0.6921 -0.0515
vn 0.7161 -0.6962 0.0504
vn 0.6921 -0.7060 0.1504
vn 0.6781 -0.6949 0.2394
vn 0.6349 -0.6975 0.3322
vn 0.0143 0.9881 -0.1533
vn 0.0909 -0.2072 -0.9741
vn 0.0430 0.8865 -0.4607
vn 0.0808 -0.4940 -0.8657
vn 0.0602 0.7614 -0.6455
vn 0.0633 0.7325 -0.6778
vn 0.0788 0.5295 -0.8446
vn 0.0840 0.4275 -0.9001
vn 0.0898 0.2578 -0.9620
vn 0.0927 -0.0685 -0.9933
vn 0.2756 -0.0688 -0.9588
vn 0.0424 0.9882 -0.1475
vn 0.2702 -0.2079 -0.9401
vn 0.1274 0.8872 -0.4433
vn 0.2400 -0.4954 -0.8348
vn 0.1787 0.7626 -0.6217
vn 0.1877 0.7338 -0.6529
vn 0.2341 0.5310 -0.8144
vn 0.2496 0.4289 -0.8682
vn 0.2669 0.2588 -0.9284
vn 0.3058 0.7363 -0.6037
vn 0.3821 0.5337 -0.7544
vn 0.4076 0.4314 -0.8048
vn 0.4362 0.2605 -0.8613
vn 0.4508 -0.0692 -0.8900
vn 0.0689 0.9883 -0.1359
vn 0.4418 -0.2093 -0.8723
vn 0.2073 0.8886 -0.4092
vn 0.3918 -0.4981 -0.7735
vn 0.2911 0.7649 -0.5747
vn 0.6124 -0.0699 -0.7875
vn 0.0926 0.9885 -0.1192
vn 0.6000 -0.2113 -0.7716
vn 0.2795 0.8904 -0.3594
vn 0.5310 -0.5017 -0.6829
vn 0.3932 0.7679 -0.5057
vn 0.4133 0.7395 -0.5314
vn 0.5177 0.5373 -0.6658
vn 0.5528 0.4347 -0.7109
vn 0.5923 0.2628 -0.7616
vn 0.6356 0.5414 -0.5504
vn 0.6794 0.4384 -0.5884
vn 0.7288 0.2654 -0.6312
vn 0.7540 -0.0706 -0.6530
vn 0.1130 0.9888 -0.0978
vn 0.7385 -0.2134 -0.6396
vn 0.3413 0.8923 -0.2956
vn 0.6522 -0.5056 -0.5648
vn 0.4812 0.7712 -0.4168
vn 0.5060 0.7430 -0.4382
vn 0.1289 0.9890 -0.0727
vn 0.8505 -0.2154 -0.4798
vn 0.3901 0.8941 -0.2201
vn 0.7495 -0.5094 -0.4228
vn 0.5512 0.7743 -0.3109
vn 0.5798 0.7462 -0.3271
vn 0.7302 0.5452 -0.4119
vn 0.7302 0.5451 -0.4119
vn 0.7813 0.4419 -0.4407
vn 0.8392 0.2678 -0.4734
vn 0.8688 -0.0713 -0.4901
vn 0.7966 0.5481 -0.2550
vn 0.8530 0.4447 -0.2731
vn 0.9171 0.2698 -0.2936
vn 0.9499 -0.0719 -0.3041
vn 0.1399 0.9892 -0.0448
vn 0.9297 -0.2170 -0.2976
vn 0.4240 0.8954 -0.1357
vn 0.8179 -0.5123 -0.2618
vn 0.5999 0.7766 -0.1921
vn 0.6313 0.7488 -0.2021
vn 0.9707 -0.2179 -0.1009
vn 0.4413 0.8962 -0.0459
vn 0.8533 -0.5139 -0.0887
vn 0.6250 0.7779 -0.0650
vn 0.6577 0.7502 -0.0684
vn 0.8309 0.5497 -0.0864
vn 0.8901 0.4462 -0.0925
vn 0.9575 0.2708 -0.0995
vn 0.9920 -0.0722 -0.1031
vn 0.1455 0.9892 -0.0151
vn 0.8901 0.4462 0.0925
vn 0.9575 0.2708 0.0995
vn 0.9920 -0.0722 0.1031
vn 0.1455 0.9892 0.0151
vn 0.9707 -0.2179 0.1009
vn 0.4413 0.8962 0.0459
vn 0.8533 -0.5139 0.0887
vn 0.6250 0.7779 0.0650
vn 0.6577 0.7502 0.0684
vn 0.8309 0.5497 0.0864
vn 0.8179 -0.5123 0.2618
vn 0.5999 0.7766 0.1921
vn 0.6313 0.7488 0.2021
vn 0.7966 0.5481 0.2550
vn 0.8530 0.4447 0.2731
vn 0.9171 0.2698 0.2936
vn 0.9499 -0.0719 0.3041
vn 0.1399 0.9892 0.0448
vn 0.9297 -0.2170 0.2976
vn 0.4240 0.8954 0.1357
vn 0.8392 0.2678 0.4734
vn 0.8688 -0.0713 0.4901
vn 0.1289 0.9890 0.0727
vn 0.8505 -0.2154 0.4798
vn 0.3901 0.8941 0.2201
vn 0.7495 -0.5094 0.4228
vn 0.5512 0.7743 0.3109
vn 0.5798 0.7462 0.3271
vn 0.7302 0.5451 0.4119
vn 0.7813 0.4419 0.4407
vn 0.4812 0.7712 0.4168
vn 0.5060 0.7430 0.4382
vn 0.6356 0.5414 0.5504
vn 0.6794 0.4384 0.5884
vn 0.7288 0.2654 0.6312
vn 0.7540 -0.0706 0.6530
vn 0.1129 0.9888 0.0978
vn 0.7385 -0.2134 0.6396
vn 0.3413 0.8923 0.2956
vn 0.6522 -0.5056 0.5648
vn 0.5923 0.2628 0.7616
vn 0.6124 -0.0699 0.7875
vn 0.0927 0.9885 0.1192
vn 0.6000 -0.2113 0.7716
vn 0.2795 0.8904 0.3594
vn 0.5310 -0.5017 0.6829
vn 0.3932 0.7679 0.5057
vn 0.4133 0.7395 0.5314
vn 0.5177 0.5373 0.6657
vn 0.5528 0.4347 0.7109
vn 0.3058 0.7363 0.6037
vn 0.3821 0.5337 0.7544
vn 0.4076 0.4314 0.8048
vn 0.4362 0.2605 0.8613
vn 0.4508 -0.0692 0.8900
vn 0.0688 0.9883 0.1359
vn 0.4418 -0.2093 0.8723
vn 0.2073 0.8886 0.4092
vn 0.3918 -0.4981 0.7735
vn 0.2911 0.7649 0.5747
vn 0.2756 -0.0688 0.9588
vn 0.0424 0.9882 0.1475
vn 0.2702 -0.2079 0.9401
vn 0.1274 0.8872 0.4433
vn 0.2400 -0.4954 0.8348
vn 0.1787 0.7626 0.6217
vn 0.1877 0.7338 0.6529
vn 0.2341 0.5310 0.8144
vn 0.2496 0.4289 0.8682
vn 0.2669 0.2588 0.9284
vn 0.0633 0.7325 0.6778
vn 0.0788 0.5295 0.8446
vn 0.0840 0.4275 0.9001
vn 0.0898 0.2578 0.9620
vn 0.0927 -0.0685 0.9933
vn 0.0143 0.9881 0.1533
vn 0.0909 -0.2072 0.9741
vn 0.0430 0.8865 0.4607
vn 0.0808 -0.4940 0.8657
vn 0.0602 0.7614 0.6455
vn -0.0927 -0.0685 0.9933
vn -0.0143 0.9881 0.1533
vn -0.0909 -0.2072 0.9741
vn -0.0430 0.8865 0.4607
vn -0.0808 -0.4940 0.8657
vn -0.0602 0.7614 0.6455
vn -0.0633 0.7325 0.6778
vn -0.0788 0.5295 0.8446
vn -0.0840 0.4275 0.9001
vn -0.0898 0.2578 0.9620
vn -0.2341 0.5310 0.8144
vn -0.2496 0.4289 0.8682
vn -0.2669 0.2588 0.9284
vn -0.2756 -0.0688 0.9588
vn -0.0424 0.9882 0.1475
vn -0.2702 -0.2079 0.9401
vn -0.1275 0.8872 0.4433
vn -0.2400 -0.4954 0.8348
vn -0.1787 0.7626 0.6217
vn -0.1877 0.7338 0.6529
vn -0.4418 -0.2093 0.8723
vn -0.2073 0.8886 0.4092
vn -0.3918 -0.4981 0.7735
vn -0.2911 0.7649 0.5747
vn -0.3058 0.7363 0.6037
vn -0.3821 0.5337 0.7544
vn -0.4076 0.4314 0.8048
vn -0.4362 0.2605 0.8613
vn -0.4508 -0.0692 0.8900
vn -0.0688 0.9883 0.1359
vn -0.5528 0.4347 0.7109
vn -0.5923 0.2628 0.7616
vn -0.6124 -0.0699 0.7875
vn -0.0927 0.9885 0.1192
vn -0.6000 -0.2113 0.7716
vn -0.2795 0.8904 0.3594
vn -0.5310 -0.5017 0.6829
vn -0.3932 0.7679 0.5057
vn -0.4133 0.7395 0.5314
vn -0.5177 0.5373 0.6658
vn -0.3413 0.8923 0.2956
vn -0.6522 -0.5056 0.5648
vn -0.4812 0.7712 0.4168
vn -0.5060 0.7430 0.4382
vn -0.6356 0.5414 0.5504
vn -0.6794 0.4384 0.5884
vn -0.7288 0.2654 0.6312
vn -0.7540 -0.0706 0.6530
vn -0.1130 0.9888 0.0978
vn -0.7385 -0.2134 0.6396
vn -0.7813 0.4419 0.4407
vn -0.8392 0.2678 0.4734
vn -0.8688 -0.0713 0.4901
vn -0.1289 0.9890 0.0727
vn -0.8505 -0.2154 0.4798
vn -0.3902 0.8941 0.2201
vn -0.7495 -0.5094 0.4228
vn -0.5512 0.7743 0.3109
vn -0.5798 0.7462 0.3271
vn -0.7302 0.5451 0.4119
vn -0.8179 -0.5123 0.2618
vn -0.5999 0.7766 0.1921
vn -0.6313 0.7488 0.2021
vn -0.7966 0.5481 0.2550
vn -0.8530 0.4447 0.2731
vn -0.9171 0.2698 0.2936
vn -0.9499 -0.0719 0.3041
vn -0.1399 0.9892 0.0448
vn -0.9297 -0.2170 0.2976
vn -0.4240 0.8954 0.1357
vn -0.9575 0.2708 0.0995
vn -0.9920 -0.0722 0.1031
vn -0.1455 0.9892 0.0151
vn -0.9707 -0.2179 0.1009
vn -0.4413 0.8962 0.0459
vn -0.8533 -0.5139 0.0887
vn -0.6250 0.7779 0.0650
vn -0.6577 0.7502 0.0684
vn -0.8309 0.5497 0.0864
vn -0.8901 0.4462 0.0925
vn -0.6250 0.7779 -0.0650
vn -0.6577 0.7502 -0.0684
vn -0.8309 0.5497 -0.0864
vn -0.8901 0.4462 -0.0925
vn -0.9575 0.2708 -0.0995
vn -0.9920 -0.0722 -0.1031
vn -0.1455 0.9892 -0.0151
vn -0.9707 -0.2179 -0.1009
vn -0.4413 0.8962 -0.0459
vn -0.8533 -0.5139 -0.0887
vn -0.9171 0.2698 -0.2936
vn -0.9499 -0.0719 -0.3041
vn -0.1399 0.9892 -0.0448
vn -0.9297 -0.2170 -0.2976
vn -0.4240 0.8954 -0.1357
vn -0.8179 -0.5123 -0.2618
vn -0.5999 0.7766 -0.1921
vn -0.6313 0.7488 -0.2021
vn -0.7966 0.5481 -0.2550
vn -0.8530 0.4447 -0.2731
vn -0.5798 0.7462 -0.3271
vn -0.7302 0.5451 -0.4119
vn -0.7813 0.4419 -0.4407
vn -0.8392 0.2678 -0.4734
vn -0.8688 -0.0713 -0.4901
vn -0.1289 0.9890 -0.0727
vn -0.8505 -0.2154 -0.4798
vn -0.3902 0.8941 -0.2201
vn -0.7495 -0.5094 -0.4228
vn -0.5512 0.7743 -0.3109
vn -0.7540 -0.0706 -0.6530
vn -0.1130 0.9888 -0.0978
vn -0.7385 -0.2134 -0.6396
vn -0.3413 0.8923 -0.2956
vn -0.6522 -0.5056 -0.5648
vn -0.4812 0.7712 -0.4168
vn -0.5060 0.7430 -0.4382
vn -0.6356 0.5414 -0.5504
vn -0.6794 0.4384 -0.5884
vn -0.7288 0.2654 -0.6312
vn -0.5177 0.5373 -0.6658
vn -0.5528 0.4347 -0.7109
vn -0.5923 0.2628 -0.7616
vn -0.6124 -0.0699 -0.7875
vn -0.0926 0.9885 -0.1192
vn -0.6000 -0.2113 -0.7716
vn -0.2795 0.8903 -0.3594
vn -0.5310 -0.5017 -0.6829
vn -0.3932 0.7679 -0.5057
vn -0.4133 0.7395 -0.5314
vn -0.0689 0.9883 -0.1359
vn -0.4418 -0.2093 -0.8723
vn -0.2073 0.8886 -0.4092
vn -0.3918 -0.4981 -0.7735
vn -0.2911 0.7649 -0.5747
vn -0.3058 0.7363 -0.6037
vn -0.3821 0.5337 -0.7544
vn -0.4076 0.4314 -0.8048
vn -0.4362 0.2605 -0.8613
vn -0.4508 -0.0692 -0.8900
vn -0.2341 0.5310 -0.8144
vn -0.2496 0.4289 -0.8682
vn -0.2669 0.2588 -0.9284
vn -0.2756 -0.0688 -0.9588
vn -0.0424 0.9882 -0.1475
vn -0.2702 -0.2079 -0.9401
vn -0.1274 0.8872 -0.4433
vn -0.2400 -0.4954 -0.8348
vn -0.1787 0.7626 -0.6217
vn -0.1877 0.7338 -0.6529
vn -0.0909 -0.2072 -0.9741
vn -0.0430 0.8865 -0.4607
vn -0.0808 -0.4940 -0.8657
vn -0.0602 0.7614 -0.6455
vn -0.0633 0.7325 -0.6778
vn -0.0788 0.5295 -0.8446
vn -0.0840 0.4275 -0.9001
vn -0.0898 0.2578 -0.9620
vn -0.0927 -0.0685 -0.9933
vn -0.0143 0.9881 -0.1533
vn 0.3611 0.8971 0.2546
vn 0.3115 0.9068 0.2840
vn 0.2737 0.9037 0.3294
vn 0.2407 0.8945 0.3767
vn 0.1834 0.9013 0.3924
vn 0.1341 0.8989 0.4170
vn 0.0835 0.8859 0.4562
vn 0.0295 0.8947 0.4457
vn -0.0279 0.8929 0.4493
vn -0.0873 0.8819 0.4632
vn -0.1435 0.8873 0.4383
vn -0.1935 0.8873 0.4186
vn -0.2546 0.8795 0.4020
vn -0.2920 0.8895 0.3514
vn -0.3367 0.8897 0.3082
vn -0.3892 0.8785 0.2771
vn -0.4032 0.8907 0.2098
vn -0.4268 0.8913 0.1529
vn -0.4657 0.8798 0.0949
vn -0.4503 0.8923 0.0332
vn -0.4496 0.8927 -0.0311
vn -0.4594 0.8830 -0.0964
vn -0.4287 0.8898 -0.1563
vn -0.4043 0.8906 -0.2081
vn -0.3828 0.8835 -0.2699
vn -0.3297 0.8934 -0.3051
vn -0.2850 0.8936 -0.3468
vn -0.2526 0.8832 -0.3952
vn -0.1891 0.8947 -0.4047
vn -0.1363 0.8955 -0.4237
vn -0.0835 0.8860 -0.4560
vn -0.0290 0.8979 -0.4392
vn 0.0271 0.8996 -0.4358
vn 0.0833 0.8930 -0.4422
vn 0.1350 0.9009 -0.4126
vn 0.1800 0.9034 -0.3892
vn 0.2334 0.8998 -0.3687
vn 0.2656 0.9095 -0.3196
vn 0.3034 0.9114 -0.2779
vn 0.3470 0.9048 -0.2469
vn 0.3589 0.9145 -0.1868
vn 0.3787 0.9155 -0.1357
vn 0.4107 0.9079 -0.0838
vn 0.4046 0.9141 -0.0275
vn 0.4040 0.9143 0.0279
vn 0.4178 0.9040 0.0905
vn 0.3873 0.9119 0.1360
vn 0.3649 0.9107 0.1935
vn 0.2997 0.9180 0.2596
vn 0.2441 0.9175 0.3139
vn 0.1809 0.9164 0.3572
vn 0.1125 0.9134 0.3913
vn 0.0388 0.9089 0.4153
vn -0.0388 0.9087 0.4156
vn -0.1161 0.9073 0.4040
vn -0.1906 0.9067 0.3763
vn -0.2590 0.9066 0.3331
vn -0.3222 0.9046 0.2791
vn -0.3653 0.9078 0.2061
vn -0.3978 0.9086 0.1274
vn -0.4187 0.9071 0.0435
vn -0.4131 0.9097 -0.0429
vn -0.3952 0.9098 -0.1265
vn -0.3614 0.9098 -0.2039
vn -0.3137 0.9098 -0.2717
vn -0.2577 0.9076 -0.3314
vn -0.1869 0.9104 -0.3691
vn -0.1137 0.9113 -0.3957
vn -0.0383 0.9109 -0.4108
vn 0.0376 0.9147 -0.4024
vn 0.1102 0.9170 -0.3834
vn 0.1776 0.9196 -0.3506
vn 0.2375 0.9221 -0.3054
vn 0.2913 0.9228 -0.2523
vn 0.3278 0.9265 -0.1849
vn 0.3554 0.9278 -0.1138
vn 0.3733 0.9269 -0.0388
vn 0.3741 0.9266 0.0389
vn 0.3669 0.9228 0.1175
vn 0.3398 0.9207 0.1917
vn 0.8561 -0.5168 -0.0000
vn 0.5168 0.8561 -0.0000
vn -0.8561 0.5168 -0.0000
vn 0.9529 0.3033 -0.0000
vn 0.9768 -0.2139 -0.0000
vn 0.9239 -0.3826 -0.0000
vn 0.8785 -0.4777 -0.0000
vn -0.8320 0.5548 -0.0000
vn -0.7689 0.6393 -0.0000
vn -0.6444 0.7647 -0.0000
vn -0.1756 0.9845 -0.0000
vt 0.979167 0.750000
vt 0.000000 0.750000
vt 0.000000 0.750000
vt 0.979167 0.750000
vt 0.208333 0.750000
vt 0.229167 0.750000
vt 0.229167 0.750000
vt 0.208333 0.750000
vt 0.937500 0.750000
vt 0.958333 0.750000
vt 0.937500 0.750000
vt 0.687500 0.750000
vt 0.708333 0.750000
vt 0.270833 0.750000
vt 0.291667 0.750000
vt 0.291667 0.750000
vt 0.791667 0.750000
vt 0.812500 0.750000
vt 0.812500 0.750000
vt 0.791667 0.750000
vt 0.145833 0.750000
vt 0.166667 0.750000
vt 0.145833 0.750000
vt 0.833333 0.750000
vt 0.833333 0.750000
vt 0.333333 0.750000
vt 0.354167 0.750000
vt 0.354167 0.750000
vt 0.333333 0.750000
vt 0.770833 0.750000
vt 0.312500 0.750000
vt 0.312500 0.750000
vt 0.875000 0.750000
vt 0.895833 0.750000
vt 0.895833 0.750000
vt 0.875000 0.750000
vt 0.916667 0.750000
vt 0.187500 0.750000
vt 0.187500 0.750000
vt 0.062500 0.750000
vt 0.083333 0.750000
vt 0.729167 0.750000
vt 0.666667 0.750000
vt 0.666667 0.750000
vt 0.458333 0.750000
vt 0.479167 0.750000
vt 0.479167 0.750000
vt 0.458333 0.750000
vt 0.395833 0.750000
vt 0.416667 0.750000
vt 0.395833 0.750000
vt 0.500000 0.750000
vt 0.520833 0.750000
vt 0.520833 0.750000
vt 0.750000 0.750000
vt 0.750000 0.750000
vt 0.020833 0.750000
vt 0.854167 0.750000
vt 0.854167 0.750000
vt 0.250000 0.750000
vt 0.250000 0.750000
vt 0.437500 0.750000
vt 0.104167 0.750000
vt 0.125000 0.750000
vt 0.125000 0.750000
vt 0.041667 0.750000
vt 0.041667 0.750000
vt 0.541667 0.750000
vt 0.562500 0.750000
vt 0.541667 0.750000
vt 0.375000 0.750000
vt 0.375000 0.750000
vt 0.645833 0.750000
vt 0.645833 0.750000
vt 0.604167 0.750000
vt 0.625000 0.750000
vt 0.583333 0.750000
vt 0.208333 0.750000
vt 0.208333 0.750000
vt 0.229167 0.750000
vt 0.979167 0.750000
vt 0.708333 0.750000
vt 0.687500 0.750000
vt 0.687500 0.750000
vt 0.937500 0.750000
vt 0.958333 0.750000
vt 0.958333 0.750000
vt 0.937500 0.750000
vt 0.958333 0.750000
vt 0.291667 0.750000
vt 0.937500 0.750000
vt 0.291667 0.750000
vt 0.270833 0.750000
vt 0.145833 0.750000
vt 0.791667 0.750000
vt 0.812500 0.750000
vt 0.145833 0.750000
vt 0.166667 0.750000
vt 0.833333 0.750000
vt 0.354167 0.750000
vt 0.833333 0.750000
vt 0.312500 0.750000
vt 0.312500 0.750000
vt 0.770833 0.750000
vt 0.770833 0.750000
vt 0.770833 0.750000
vt 0.875000 0.750000
vt 0.916667 0.750000
vt 0.895833 0.750000
vt 0.916667 0.750000
vt 0.875000 0.750000
vt 0.875000 0.750000
vt 0.729167 0.750000
vt 0.187500 0.750000
vt 0.062500 0.750000
vt 0.062500 0.750000
vt 0.083333 0.750000
vt 0.666667 0.750000
vt 0.729167 0.750000
vt 0.479167 0.750000
vt 0.729167 0.750000
vt 0.458333 0.750000
vt 0.479167 0.750000
vt 0.479167 0.750000
vt 0.666667 0.750000
vt 0.395833 0.750000
vt 0.416667 0.750000
vt 0.395833 0.750000
vt 0.395833 0.750000
vt 0.520833 0.750000
vt 0.500000 0.750000
vt 0.395833 0.750000
vt 0.416667 0.750000
vt 0.020833 0.750000
vt 0.750000 0.750000
vt 0.854167 0.750000
vt 0.854167 0.750000
vt 0.854167 0.750000
vt 0.250000 0.750000
vt 0.020833 0.750000
vt 0.250000 0.750000
vt 0.104167 0.750000
vt 0.104167 0.750000
vt 0.437500 0.750000
vt 0.125000 0.750000
vt 0.437500 0.750000
vt 0.104167 0.750000
vt 0.041667 0.750000
vt 0.041667 0.750000
vt 0.041667 0.750000
vt 0.541667 0.750000
vt 0.645833 0.750000
vt 0.645833 0.750000
vt 0.645833 0.750000
vt 0.604167 0.750000
vt 0.604167 0.750000
vt 0.604167 0.750000
vt 0.604167 0.750000
vt 0.625000 0.750000
vt 0.703178 0.485388
vt 0.750000 0.490000
vt 0.796822 0.485388
vt 0.841844 0.471731
vt 0.883337 0.449553
vt 0.919706 0.419706
vt 0.949553 0.383337
vt 0.971731 0.341844
vt 0.985388 0.296822
vt 0.990000 0.250000
vt 0.985388 0.203178
vt 0.971731 0.158156
vt 0.949553 0.116663
vt 0.919706 0.080294
vt 0.883337 0.050447
vt 0.841844 0.028269
vt 0.796822 0.014612
vt 0.750000 0.010000
vt 0.703178 0.014612
vt 0.658156 0.028269
vt 0.616663 0.050447
vt 0.580294 0.080294
vt 0.550447 0.116663
vt 0.528269 0.158156
vt 0.514612 0.203178
vt 0.510000 0.250000
vt 0.514612 0.296822
vt 0.528269 0.341844
vt 0.550447 0.383337
vt 0.580294 0.419706
vt 0.616663 0.449553
vt 0.658156 0.471731
vt 0.031250 0.500000
vt 0.031250 0.533333
vt 0.000000 0.533333
vt 0.000000 0.500000
vt 0.062500 0.500000
vt 0.062500 0.533333
vt 0.093750 0.500000
vt 0.093750 0.533333
vt 0.125000 0.500000
vt 0.125000 0.533333
vt 0.156250 0.500000
vt 0.156250 0.533333
vt 0.187500 0.500000
vt 0.187500 0.533333
vt 0.218750 0.500000
vt 0.218750 0.533333
vt 0.250000 0.500000
vt 0.250000 0.533333
vt 0.281250 0.500000
vt 0.281250 0.533333
vt 0.312500 0.500000
vt 0.312500 0.533333
vt 0.343750 0.500000
vt 0.343750 0.533333
vt 0.375000 0.500000
vt 0.375000 0.533333
vt 0.406250 0.500000
vt 0.406250 0.533333
vt 0.437500 0.500000
vt 0.437500 0.533333
vt 0.468750 0.500000
vt 0.468750 0.533333
vt 0.500000 0.500000
vt 0.500000 0.533333
vt 0.531250 0.500000
vt 0.531250 0.533333
vt 0.562500 0.500000
vt 0.562500 0.533333
vt 0.593750 0.500000
vt 0.593750 0.533333
vt 0.625000 0.500000
vt 0.625000 0.533333
vt 0.656250 0.500000
vt 0.656250 0.533333
vt 0.687500 0.500000
vt 0.687500 0.533333
vt 0.718750 0.500000
vt 0.718750 0.533333
vt 0.750000 0.500000
vt 0.750000 0.533333
vt 0.781250 0.500000
vt 0.781250 0.533333
vt 0.812500 0.500000
vt 0.812500 0.533333
vt 0.843750 0.500000
vt 0.843750 0.533333
vt 0.875000 0.500000
vt 0.875000 0.533333
vt 0.906250 0.500000
vt 0.906250 0.533333
vt 0.937500 0.500000
vt 0.937500 0.533333
vt 0.968750 0.500000
vt 0.968750 0.533333
vt 1.000000 0.500000
vt 1.000000 0.533333
vt 0.031250 0.556962
vt 0.000000 0.556962
vt 0.062500 0.556962
vt 0.093750 0.556962
vt 0.125000 0.556962
vt 0.156250 0.556962
vt 0.187500 0.556962
vt 0.218750 0.556962
vt 0.250000 0.556962
vt 0.281250 0.556962
vt 0.312500 0.556962
vt 0.343750 0.556962
vt 0.375000 0.556962
vt 0.406250 0.556962
vt 0.437500 0.556962
vt 0.468750 0.556962
vt 0.500000 0.556962
vt 0.531250 0.556962
vt 0.562500 0.556962
vt 0.593750 0.556962
vt 0.625000 0.556962
vt 0.656250 0.556962
vt 0.687500 0.556962
vt 0.718750 0.556962
vt 0.750000 0.556962
vt 0.781250 0.556962
vt 0.812500 0.556962
vt 0.843750 0.556962
vt 0.875000 0.556962
vt 0.906250 0.556962
vt 0.937500 0.556962
vt 0.968750 0.556962
vt 1.000000 0.556962
vt 0.520833 0.500000
vt 0.520833 0.583333
vt 0.500000 0.583333
vt 0.520833 0.666667
vt 0.500000 0.666667
vt 0.500000 0.727124
vt 0.520833 0.727124
vt 0.500000 0.416667
vt 0.520833 0.416667
vt 0.541667 0.500000
vt 0.541667 0.583333
vt 0.541667 0.666667
vt 0.541667 0.727124
vt 0.541667 0.750000
vt 0.541667 0.416667
vt 0.562500 0.583333
vt 0.562500 0.666667
vt 0.562500 0.727124
vt 0.562500 0.416667
vt 0.583333 0.500000
vt 0.583333 0.583333
vt 0.583333 0.666667
vt 0.583333 0.727124
vt 0.583333 0.750000
vt 0.583333 0.416667
vt 0.604167 0.500000
vt 0.604167 0.583333
vt 0.604167 0.666667
vt 0.604167 0.727124
vt 0.604167 0.750000
vt 0.604167 0.416667
vt 0.625000 0.583333
vt 0.625000 0.666667
vt 0.625000 0.727124
vt 0.625000 0.416667
vt 0.645833 0.500000
vt 0.645833 0.583333
vt 0.645833 0.666667
vt 0.645833 0.727124
vt 0.645833 0.750000
vt 0.645833 0.416667
vt 0.666667 0.500000
vt 0.666667 0.583333
vt 0.666667 0.666667
vt 0.666667 0.727124
vt 0.666667 0.750000
vt 0.666667 0.416667
vt 0.687500 0.583333
vt 0.687500 0.666667
vt 0.687500 0.727124
vt 0.687500 0.416667
vt 0.708333 0.500000
vt 0.708333 0.583333
vt 0.708333 0.666667
vt 0.708333 0.727124
vt 0.708333 0.750000
vt 0.708333 0.416667
vt 0.729167 0.500000
vt 0.729167 0.583333
vt 0.729167 0.666667
vt 0.729167 0.727124
vt 0.729167 0.750000
vt 0.729167 0.416667
vt 0.750000 0.583333
vt 0.750000 0.666667
vt 0.750000 0.727124
vt 0.750000 0.416667
vt 0.770833 0.500000
vt 0.770833 0.583333
vt 0.770833 0.666667
vt 0.770833 0.727124
vt 0.770833 0.416667
vt 0.791667 0.500000
vt 0.791667 0.583333
vt 0.791667 0.666667
vt 0.791667 0.727124
vt 0.791667 0.750000
vt 0.791667 0.416667
vt 0.812500 0.583333
vt 0.812500 0.666667
vt 0.812500 0.727124
vt 0.812500 0.750000
vt 0.812500 0.416667
vt 0.833333 0.500000
vt 0.833333 0.583333
vt 0.833333 0.666667
vt 0.833333 0.727124
vt 0.833333 0.416667
vt 0.854167 0.500000
vt 0.854167 0.583333
vt 0.854167 0.666667
vt 0.854167 0.727124
vt 0.854167 0.416667
vt 0.875000 0.583333
vt 0.875000 0.666667
vt 0.875000 0.727124
vt 0.875000 0.416667
vt 0.895833 0.500000
vt 0.895833 0.583333
vt 0.895833 0.666667
vt 0.895833 0.727124
vt 0.895833 0.750000
vt 0.895833 0.416667
vt 0.916667 0.500000
vt 0.916667 0.583333
vt 0.916667 0.666667
vt 0.916667 0.727124
vt 0.916667 0.416667
vt 0.937500 0.583333
vt 0.937500 0.666667
vt 0.937500 0.727124
vt 0.937500 0.416667
vt 0.958333 0.500000
vt 0.958333 0.583333
vt 0.958333 0.666667
vt 0.958333 0.727124
vt 0.958333 0.416667
vt 0.979167 0.500000
vt 0.979167 0.583333
vt 0.979167 0.666667
vt 0.979167 0.727124
vt 0.979167 0.750000
vt 0.500000 0.699346
vt 0.520833 0.699347
vt 0.979167 0.416667
vt 1.000000 0.583333
vt 1.000000 0.666667
vt 1.000000 0.727124
vt 1.000000 0.750000
vt 0.541667 0.699346
vt 0.562500 0.699346
vt 1.000000 0.416667
vt 0.000000 0.500000
vt 0.020833 0.500000
vt 0.020833 0.583333
vt 0.000000 0.583333
vt 0.020833 0.666667
vt 0.000000 0.666667
vt 0.000000 0.727124
vt 0.020833 0.727124
vt 0.020833 0.750000
vt 0.000000 0.750000
vt 0.583333 0.699346
vt 0.604167 0.699346
vt 0.000000 0.416667
vt 0.020833 0.416667
vt 0.041667 0.500000
vt 0.041667 0.583333
vt 0.041667 0.666667
vt 0.041667 0.727124
vt 0.041667 0.750000
vt 0.625000 0.699346
vt 0.645833 0.699346
vt 0.041667 0.416667
vt 0.062500 0.583333
vt 0.062500 0.666667
vt 0.062500 0.727124
vt 0.666667 0.699346
vt 0.687500 0.699346
vt 0.062500 0.416667
vt 0.083333 0.500000
vt 0.083333 0.583333
vt 0.083333 0.666667
vt 0.083333 0.727124
vt 0.708333 0.699346
vt 0.729167 0.699346
vt 0.083333 0.416667
vt 0.104167 0.500000
vt 0.104167 0.583333
vt 0.104167 0.666667
vt 0.104167 0.727124
vt 0.104167 0.750000
vt 0.750000 0.699346
vt 0.770833 0.699346
vt 0.104167 0.416667
vt 0.125000 0.583333
vt 0.125000 0.666667
vt 0.125000 0.727124
vt 0.791667 0.699346
vt 0.812500 0.699346
vt 0.125000 0.416667
vt 0.145833 0.500000
vt 0.145833 0.583333
vt 0.145833 0.666667
vt 0.145833 0.727124
vt 0.833333 0.699346
vt 0.854167 0.699346
vt 0.145833 0.416667
vt 0.166667 0.500000
vt 0.166667 0.583333
vt 0.166667 0.666667
vt 0.166667 0.727124
vt 0.166667 0.750000
vt 0.875000 0.699346
vt 0.895833 0.699346
vt 0.166667 0.416667
vt 0.187500 0.583333
vt 0.187500 0.666667
vt 0.187500 0.727124
vt 0.916667 0.699346
vt 0.937500 0.699346
vt 0.187500 0.416667
vt 0.208333 0.500000
vt 0.208333 0.583333
vt 0.208333 0.666667
vt 0.208333 0.727124
vt 0.958333 0.699346
vt 0.979167 0.699346
vt 0.208333 0.416667
vt 0.229167 0.500000
vt 0.229167 0.583333
vt 0.229167 0.666667
vt 0.229167 0.727124
vt 0.229167 0.750000
vt 1.000000 0.699346
vt 0.000000 0.699346
vt 0.020833 0.699346
vt 0.229167 0.416667
vt 0.250000 0.583333
vt 0.250000 0.666667
vt 0.250000 0.727124
vt 0.041667 0.699346
vt 0.062500 0.699346
vt 0.250000 0.416667
vt 0.270833 0.500000
vt 0.270833 0.583333
vt 0.270833 0.666667
vt 0.270833 0.727124
vt 0.270833 0.750000
vt 0.083333 0.699346
vt 0.104167 0.699346
vt 0.270833 0.416667
vt 0.291667 0.500000
vt 0.291667 0.583333
vt 0.291667 0.666667
vt 0.291667 0.727124
vt 0.125000 0.699346
vt 0.145833 0.699346
vt 0.291667 0.416667
vt 0.312500 0.583333
vt 0.312500 0.666667
vt 0.312500 0.727124
vt 0.166667 0.699346
vt 0.187500 0.699346
vt 0.312500 0.416667
vt 0.333333 0.500000
vt 0.333333 0.583333
vt 0.333333 0.666667
vt 0.333333 0.727124
vt 0.208333 0.699346
vt 0.229167 0.699347
vt 0.333333 0.416667
vt 0.354167 0.500000
vt 0.354167 0.583333
vt 0.354167 0.666667
vt 0.354167 0.727124
vt 0.250000 0.699346
vt 0.270833 0.699346
vt 0.354167 0.416667
vt 0.375000 0.583333
vt 0.375000 0.666667
vt 0.375000 0.727124
vt 0.375000 0.750000
vt 0.291667 0.699346
vt 0.312500 0.699346
vt 0.375000 0.416667
vt 0.395833 0.500000
vt 0.395833 0.583333
vt 0.395833 0.666667
vt 0.395833 0.727124
vt 0.395833 0.750000
vt 0.333333 0.699346
vt 0.354167 0.699346
vt 0.395833 0.416667
vt 0.416667 0.500000
vt 0.416667 0.583333
vt 0.416667 0.666667
vt 0.416667 0.727124
vt 0.416667 0.750000
vt 0.375000 0.699346
vt 0.395833 0.699346
vt 0.416667 0.416667
vt 0.437500 0.583333
vt 0.437500 0.666667
vt 0.437500 0.727124
vt 0.416667 0.699346
vt 0.437500 0.699346
vt 0.437500 0.416667
vt 0.458333 0.500000
vt 0.458333 0.583333
vt 0.458333 0.666667
vt 0.458333 0.727124
vt 0.458333 0.750000
vt 0.458333 0.699346
vt 0.479167 0.699346
vt 0.479167 0.727124
vt 0.458333 0.416667
vt 0.479167 0.500000
vt 0.479167 0.583333
vt 0.479167 0.666667
vt 0.479167 0.750000
vt 0.479167 0.416667
vt 0.125000 0.750000
vt 0.479167 0.750000
vt 0.270833 0.750000
vt 0.000000 0.750000
vt 0.979167 0.750000
vt 0.062500 0.750000
vt 0.041667 0.750000
vt 0.437500 0.750000
vt 0.416667 0.750000
vt 0.416667 0.750000
vt 0.958333 0.750000
vt 0.937500 0.750000
vt 0.916667 0.750000
vt 0.916667 0.750000
vt 0.458333 0.750000
vt 0.458333 0.750000
vt 0.854167 0.750000
vt 0.833333 0.750000
vt 0.895833 0.750000
vt 0.687500 0.750000
vt 0.666667 0.750000
vt 0.812500 0.750000
vt 0.875000 0.750000
vt 0.604167 0.750000
vt 0.583333 0.750000
vt 0.729167 0.750000
vt 0.729167 0.750000
vt 0.791667 0.750000
vt 0.520833 0.750000
vt 0.708333 0.750000
vt 0.354167 0.750000
vt 0.562500 0.750000
vt 0.562500 0.750000
vt 0.625000 0.750000
vt 0.625000 0.750000
vt 0.541667 0.750000
vt 0.541667 0.750000
vt 0.166667 0.750000
vt 0.166667 0.750000
vt 0.229167 0.750000
vt 0.229167 0.750000
vt 0.229167 0.750000
vt 0.083333 0.750000
vt 0.499801 0.500000
vt 0.520634 0.500000
vt 0.520634 0.583364
vt 0.500000 0.582592
vt 0.520635 0.666716
vt 0.499801 0.666716
vt 0.000000 0.000000
vt 0.395641 0.333292
vt 0.375000 0.334126
vt 0.499807 0.333292
vt 0.520833 0.334126
vt 0.520833 0.415928
vt 0.500000 0.417408
vt 0.541667 0.500740
vt 0.541667 0.582592
vt 0.541667 0.665925
vt 0.354359 0.333292
vt 0.541667 0.334126
vt 0.541667 0.415928
vt 0.562500 0.500740
vt 0.562500 0.582592
vt 0.562500 0.665925
vt 0.333333 0.334126
vt 0.562307 0.333292
vt 0.562301 0.416636
vt 0.583333 0.500740
vt 0.583333 0.582592
vt 0.583333 0.665925
vt 0.312307 0.333292
vt 0.583333 0.334126
vt 0.583333 0.417408
vt 0.603968 0.500000
vt 0.603968 0.583364
vt 0.603968 0.666716
vt 0.291667 0.334126
vt 0.604167 0.334126
vt 0.604167 0.415928
vt 0.625000 0.500740
vt 0.625000 0.582592
vt 0.625000 0.665925
vt 0.270833 0.334126
vt 0.625000 0.334126
vt 0.625000 0.415928
vt 0.645833 0.500740
vt 0.645833 0.582592
vt 0.645833 0.665925
vt 0.250000 0.334126
vt 0.645641 0.333292
vt 0.645634 0.416636
vt 0.666667 0.500740
vt 0.666667 0.582592
vt 0.666667 0.665925
vt 0.228974 0.333292
vt 0.666667 0.334126
vt 0.666667 0.417408
vt 0.687301 0.500000
vt 0.687301 0.583364
vt 0.687301 0.666716
vt 0.208333 0.334126
vt 0.687500 0.334126
vt 0.687500 0.415928
vt 0.708333 0.500740
vt 0.708333 0.582592
vt 0.708333 0.665925
vt 0.187500 0.334126
vt 0.708333 0.334126
vt 0.708333 0.415928
vt 0.729167 0.500740
vt 0.729167 0.582592
vt 0.729167 0.665925
vt 0.166667 0.334126
vt 0.728974 0.333292
vt 0.728968 0.416636
vt 0.750000 0.500740
vt 0.750000 0.582592
vt 0.750000 0.665925
vt 0.145641 0.333292
vt 0.750000 0.334126
vt 0.750000 0.417408
vt 0.770634 0.500000
vt 0.770634 0.583364
vt 0.770635 0.666716
vt 0.125000 0.334126
vt 0.770833 0.334126
vt 0.770833 0.415928
vt 0.791667 0.500740
vt 0.791667 0.582592
vt 0.791667 0.665925
vt 0.104167 0.334126
vt 0.791667 0.334126
vt 0.791667 0.415928
vt 0.812500 0.500740
vt 0.812500 0.582592
vt 0.812500 0.665925
vt 0.083333 0.334126
vt 0.812307 0.333292
vt 0.812301 0.416636
vt 0.833333 0.500740
vt 0.833333 0.582592
vt 0.833333 0.665925
vt 0.062307 0.333292
vt 0.833333 0.334126
vt 0.833333 0.417408
vt 0.853968 0.500000
vt 0.853968 0.583364
vt 0.853968 0.666716
vt 0.041667 0.334126
vt 0.854167 0.334126
vt 0.854167 0.415928
vt 0.875000 0.500740
vt 0.875000 0.582592
vt 0.875000 0.665925
vt 0.875000 0.334126
vt 0.875000 0.415928
vt 0.895833 0.500740
vt 0.895833 0.582592
vt 0.895833 0.665925
vt 0.020833 0.334126
vt 0.895641 0.333292
vt 0.895634 0.416636
vt 0.916667 0.500740
vt 0.916667 0.582592
vt 0.916667 0.665925
vt 0.000000 0.334126
vt 0.916667 0.334126
vt 0.916667 0.417408
vt 0.937301 0.500000
vt 0.937301 0.583364
vt 0.937301 0.666716
vt 1.000000 0.334126
vt 0.978974 0.333292
vt 0.937500 0.334126
vt 0.937699 0.416636
vt 0.958333 0.500740
vt 0.958333 0.584072
vt 0.958333 0.665925
vt 0.958333 0.334126
vt 0.958532 0.416636
vt 0.979167 0.500740
vt 0.979167 0.584072
vt 0.979167 0.665925
vt 0.978968 0.416636
vt 0.999999 0.500740
vt 0.999996 0.584072
vt 1.000005 0.665925
vt 1.000002 0.417408
vt 0.000001 0.500740
vt 0.020634 0.500000
vt 0.020634 0.583364
vt 0.000004 0.584072
vt 0.020635 0.666716
vt -0.000005 0.665925
vt 0.021032 0.416636
vt -0.000002 0.417408
vt 0.041667 0.500740
vt 0.041667 0.584072
vt 0.041667 0.665925
vt 0.041866 0.416636
vt 0.062500 0.500740
vt 0.062500 0.584072
vt 0.062500 0.665925
vt 0.062301 0.416636
vt 0.083333 0.500740
vt 0.083333 0.584072
vt 0.083333 0.665925
vt 0.083333 0.417408
vt 0.103968 0.500000
vt 0.103968 0.583364
vt 0.103968 0.666716
vt 0.104366 0.416636
vt 0.125000 0.500740
vt 0.125000 0.584072
vt 0.125000 0.665925
vt 0.125199 0.416636
vt 0.145833 0.500740
vt 0.145833 0.584072
vt 0.145833 0.665925
vt 0.145634 0.416636
vt 0.166667 0.500740
vt 0.166667 0.584072
vt 0.166667 0.665925
vt 0.166667 0.417408
vt 0.187301 0.500000
vt 0.187301 0.583364
vt 0.187301 0.666716
vt 0.187699 0.416636
vt 0.208333 0.500740
vt 0.208333 0.584072
vt 0.208333 0.665925
vt 0.208532 0.416636
vt 0.229167 0.500740
vt 0.229167 0.584072
vt 0.229167 0.665925
vt 0.228968 0.416636
vt 0.250000 0.500740
vt 0.250000 0.584072
vt 0.250000 0.665925
vt 0.250000 0.417408
vt 0.270634 0.500000
vt 0.270634 0.583364
vt 0.270635 0.666716
vt 0.271032 0.416636
vt 0.291667 0.500740
vt 0.291667 0.584072
vt 0.291667 0.665925
vt 0.291866 0.416636
vt 0.312500 0.500740
vt 0.312500 0.584072
vt 0.312500 0.665925
vt 0.312301 0.416636
vt 0.333333 0.500740
vt 0.333333 0.584072
vt 0.333333 0.665925
vt 0.333333 0.417408
vt 0.353967 0.500000
vt 0.353968 0.583364
vt 0.353968 0.666716
vt 0.354366 0.416636
vt 0.375000 0.500740
vt 0.375000 0.584072
vt 0.375199 0.666716
vt 0.375000 0.415928
vt 0.395833 0.500740
vt 0.395833 0.582592
vt 0.395833 0.667404
vt 0.395634 0.416636
vt 0.416667 0.500740
vt 0.416667 0.582592
vt 0.416667 0.667404
vt 0.416667 0.334126
vt 0.416667 0.417408
vt 0.437301 0.500000
vt 0.437301 0.583364
vt 0.437301 0.666716
vt 0.478974 0.333292
vt 0.437500 0.334126
vt 0.437500 0.415928
vt 0.458333 0.500740
vt 0.458333 0.582592
vt 0.458333 0.667404
vt 0.458333 0.334126
vt 0.458333 0.415928
vt 0.479167 0.500740
vt 0.479366 0.583364
vt 0.479365 0.666716
vt 0.478968 0.416636
vt 0.750000 0.937500
vt 0.734375 1.000000
vt 0.718750 0.937500
vt 0.750000 0.437500
vt 0.718750 0.437500
vt 0.750000 0.875000
vt 0.718750 0.875000
vt 0.750000 0.375000
vt 0.718750 0.375000
vt 0.750000 0.812500
vt 0.718750 0.812500
vt 0.750000 0.750000
vt 0.718750 0.750000
vt 0.750000 0.687500
vt 0.718750 0.687500
vt 0.721063 0.625000
vt 0.750000 0.625000
vt 0.718750 0.628556
vt 0.748975 0.566535
vt 0.750000 0.563211
vt 0.721063 0.625000
vt 0.746750 0.572009
vt 0.718750 0.531655
vt 0.750000 0.555901
vt 0.719017 0.531593
vt 0.687500 0.562500
vt 0.717608 0.531910
vt 0.715446 0.534218
vt 0.712873 0.538164
vt 0.710289 0.543149
vt 0.701320 0.562500
vt 0.703125 1.000000
vt 0.687500 0.937500
vt 0.687500 0.437500
vt 0.687500 0.875000
vt 0.687500 0.375000
vt 0.687500 0.812500
vt 0.687500 0.687500
vt 0.687500 0.668871
vt 0.718750 0.628556
vt 0.687500 0.588004
vt 0.656250 0.812500
vt 0.656250 0.750000
vt 0.668558 0.687500
vt 0.656250 0.699553
vt 0.656250 0.633217
vt 0.656250 0.625000
vt 0.663835 0.625000
vt 0.656250 0.562500
vt 0.663835 0.625000
vt 0.671875 1.000000
vt 0.656250 0.937500
vt 0.656250 0.437500
vt 0.656250 0.875000
vt 0.656250 0.375000
vt 0.625000 0.562500
vt 0.640625 1.000000
vt 0.625000 0.937500
vt 0.625000 0.437500
vt 0.625000 0.875000
vt 0.625000 0.375000
vt 0.625000 0.812500
vt 0.625000 0.722738
vt 0.625000 0.625000
vt 0.625000 0.659886
vt 0.593750 0.750000
vt 0.593750 0.738756
vt 0.593750 0.625000
vt 0.593750 0.678807
vt 0.593750 0.562500
vt 0.609375 1.000000
vt 0.593750 0.937500
vt 0.593750 0.437500
vt 0.593750 0.875000
vt 0.593750 0.375000
vt 0.593750 0.812500
vt 0.578125 1.000000
vt 0.562500 0.937500
vt 0.562500 0.437500
vt 0.562500 0.875000
vt 0.562500 0.375000
vt 0.562500 0.812500
vt 0.562500 0.687500
vt 0.572536 0.687500
vt 0.562500 0.691700
vt 0.593750 0.738756
vt 0.562500 0.749253
vt 0.562500 0.625000
vt 0.562500 0.562500
vt 0.531250 0.687500
vt 0.531250 0.699384
vt 0.558683 0.750000
vt 0.562500 0.749253
vt 0.531250 0.625000
vt 0.531250 0.562500
vt 0.546875 1.000000
vt 0.531250 0.937500
vt 0.531250 0.437500
vt 0.531250 0.875000
vt 0.531250 0.375000
vt 0.531250 0.812500
vt 0.531250 0.755581
vt 0.558683 0.750000
vt 0.500000 0.500000
vt 0.500000 0.437500
vt 0.500000 0.937500
vt 0.500000 0.875000
vt 0.500000 0.375000
vt 0.500000 0.812500
vt 0.500000 0.757631
vt 0.500000 0.701875
vt 0.500000 0.687500
vt 0.500000 0.625000
vt 0.500000 0.562500
vt 0.515625 1.000000
vt 0.468750 0.687500
vt 0.468750 0.625000
vt 0.468750 0.562500
vt 0.468750 0.500000
vt 0.484375 1.000000
vt 0.468750 0.937500
vt 0.468750 0.437500
vt 0.468750 0.875000
vt 0.468750 0.375000
vt 0.468750 0.812500
vt 0.468750 0.755581
vt 0.468750 0.699384
vt 0.500000 0.701875
vt 0.437500 0.437500
vt 0.437500 0.375000
vt 0.437500 0.875000
vt 0.437500 0.812500
vt 0.437500 0.750000
vt 0.441317 0.750000
vt 0.437500 0.691700
vt 0.437500 0.687500
vt 0.437500 0.749253
vt 0.441317 0.750000
vt 0.437500 0.625000
vt 0.437500 0.562500
vt 0.437500 0.500000
vt 0.453125 1.000000
vt 0.437500 0.937500
vt 0.406250 0.625000
vt 0.406250 0.562500
vt 0.406250 0.500000
vt 0.421875 1.000000
vt 0.406250 0.937500
vt 0.406250 0.437500
vt 0.406250 0.875000
vt 0.406250 0.375000
vt 0.406250 0.812500
vt 0.406250 0.750000
vt 0.427464 0.687500
vt 0.437500 0.749253
vt 0.406250 0.738756
vt 0.406250 0.678807
vt 0.427464 0.687500
vt 0.375000 0.875000
vt 0.375000 0.812500
vt 0.375000 0.750000
vt 0.375000 0.722738
vt 0.375000 0.659886
vt 0.375000 0.625000
vt 0.406250 0.678807
vt 0.375000 0.562500
vt 0.375000 0.500000
vt 0.390625 1.000000
vt 0.375000 0.937500
vt 0.375000 0.437500
vt 0.375000 0.375000
vt 0.343750 0.625000
vt 0.343750 0.562500
vt 0.343750 0.500000
vt 0.359375 1.000000
vt 0.343750 0.937500
vt 0.343750 0.437500
vt 0.343750 0.875000
vt 0.343750 0.375000
vt 0.343750 0.812500
vt 0.343750 0.750000
vt 0.343750 0.699553
vt 0.343750 0.633217
vt 0.312500 0.812500
vt 0.312500 0.750000
vt 0.312500 0.687500
vt 0.331442 0.687500
vt 0.343750 0.699553
vt 0.343750 0.633217
vt 0.336165 0.625000
vt 0.312500 0.668871
vt 0.312500 0.562500
vt 0.312500 0.588004
vt 0.312500 0.500000
vt 0.328125 1.000000
vt 0.312500 0.937500
vt 0.312500 0.437500
vt 0.312500 0.875000
vt 0.312500 0.375000
vt 0.281250 0.531655
vt 0.281250 0.500000
vt 0.298680 0.562500
vt 0.289711 0.543149
vt 0.287127 0.538164
vt 0.284555 0.534218
vt 0.282392 0.531910
vt 0.296875 1.000000
vt 0.281250 0.937500
vt 0.281250 0.437500
vt 0.281250 0.875000
vt 0.281250 0.375000
vt 0.281250 0.812500
vt 0.281250 0.750000
vt 0.281250 0.687500
vt 0.312500 0.668871
vt 0.281250 0.628556
vt 0.298680 0.562500
vt 0.312500 0.588004
vt 0.250000 0.812500
vt 0.250000 0.687500
vt 0.250000 0.625000
vt 0.278937 0.625000
vt 0.250000 0.563211
vt 0.251025 0.566535
vt 0.253250 0.572009
vt 0.250000 0.500000
vt 0.281250 0.531655
vt 0.280983 0.531593
vt 0.250000 0.555901
vt 0.265625 1.000000
vt 0.250000 0.937500
vt 0.250000 0.437500
vt 0.250000 0.875000
vt 0.250000 0.375000
vt 0.249511 0.561638
vt 0.249784 0.562500
vt 0.218750 0.562500
vt 0.218750 0.500000
vt 0.249343 0.556419
vt 0.248925 0.558140
vt 0.234375 1.000000
vt 0.218750 0.937500
vt 0.218750 0.437500
vt 0.218750 0.875000
vt 0.218750 0.375000
vt 0.218750 0.812500
vt 0.218750 0.750000
vt 0.218750 0.687500
vt 0.218750 0.625000
vt 0.249784 0.562500
vt 0.187500 0.750000
vt 0.187500 0.687500
vt 0.187500 0.625000
vt 0.187500 0.562500
vt 0.187500 0.500000
vt 0.203125 1.000000
vt 0.187500 0.937500
vt 0.187500 0.437500
vt 0.187500 0.875000
vt 0.187500 0.375000
vt 0.187500 0.812500
vt 0.156250 0.500000
vt 0.156250 0.437500
vt 0.156250 0.937500
vt 0.156250 0.875000
vt 0.156250 0.375000
vt 0.156250 0.812500
vt 0.156250 0.750000
vt 0.156250 0.687500
vt 0.156250 0.625000
vt 0.156250 0.562500
vt 0.171875 1.000000
vt 0.125000 0.687500
vt 0.125000 0.625000
vt 0.125000 0.562500
vt 0.125000 0.500000
vt 0.140625 1.000000
vt 0.125000 0.937500
vt 0.125000 0.437500
vt 0.125000 0.875000
vt 0.125000 0.375000
vt 0.125000 0.812500
vt 0.125000 0.750000
vt 0.093750 0.937500
vt 0.093750 0.875000
vt 0.093750 0.437500
vt 0.093750 0.375000
vt 0.093750 0.812500
vt 0.093750 0.750000
vt 0.093750 0.687500
vt 0.093750 0.625000
vt 0.093750 0.562500
vt 0.093750 0.500000
vt 0.109375 1.000000
vt 0.062500 0.687500
vt 0.062500 0.625000
vt 0.062500 0.562500
vt 0.062500 0.500000
vt 0.078125 1.000000
vt 0.062500 0.937500
vt 0.062500 0.437500
vt 0.062500 0.875000
vt 0.062500 0.375000
vt 0.062500 0.812500
vt 0.062500 0.750000
vt 0.031250 0.437500
vt 0.031250 0.375000
vt 0.031250 0.875000
vt 0.031250 0.812500
vt 0.031250 0.750000
vt 0.031250 0.687500
vt 0.031250 0.625000
vt 0.031250 0.562500
vt 0.031250 0.500000
vt 0.046875 1.000000
vt 0.031250 0.937500
vt 0.000000 0.625000
vt 0.000000 0.562500
vt 0.015625 1.000000
vt 0.000000 0.937500
vt 0.000000 0.437500
vt 0.000000 0.875000
vt 0.000000 0.375000
vt 0.000000 0.812500
vt 0.000000 0.750000
vt 0.000000 0.687500
vt 1.000000 0.812500
vt 1.000000 0.875000
vt 0.968750 0.875000
vt 0.968750 0.812500
vt 1.000000 0.750000
vt 0.968750 0.750000
vt 1.000000 0.687500
vt 0.968750 0.687500
vt 1.000000 0.625000
vt 0.968750 0.625000
vt 1.000000 0.562500
vt 0.968750 0.562500
vt 0.968750 0.500000
vt 1.000000 0.937500
vt 0.984375 1.000000
vt 0.968750 0.937500
vt 1.000000 0.437500
vt 0.968750 0.437500
vt 1.000000 0.375000
vt 0.968750 0.375000
vt 0.937500 0.625000
vt 0.937500 0.562500
vt 0.937500 0.500000
vt 0.953125 1.000000
vt 0.937500 0.937500
vt 0.937500 0.437500
vt 0.937500 0.875000
vt 0.937500 0.375000
vt 0.937500 0.812500
vt 0.937500 0.750000
vt 0.937500 0.687500
vt 0.906250 0.812500
vt 0.906250 0.750000
vt 0.906250 0.687500
vt 0.906250 0.625000
vt 0.906250 0.562500
vt 0.906250 0.500000
vt 0.921875 1.000000
vt 0.906250 0.937500
vt 0.906250 0.437500
vt 0.906250 0.875000
vt 0.906250 0.375000
vt 0.875000 0.562500
vt 0.875000 0.500000
vt 0.890625 1.000000
vt 0.875000 0.937500
vt 0.875000 0.437500
vt 0.875000 0.875000
vt 0.875000 0.375000
vt 0.875000 0.812500
vt 0.875000 0.750000
vt 0.875000 0.687500
vt 0.875000 0.625000
vt 0.843750 0.750000
vt 0.843750 0.687500
vt 0.843750 0.625000
vt 0.843750 0.562500
vt 0.843750 0.500000
vt 0.859375 1.000000
vt 0.843750 0.937500
vt 0.843750 0.437500
vt 0.843750 0.875000
vt 0.843750 0.375000
vt 0.843750 0.812500
vt 0.828125 1.000000
vt 0.812500 0.937500
vt 0.812500 0.500000
vt 0.812500 0.437500
vt 0.812500 0.875000
vt 0.812500 0.375000
vt 0.812500 0.812500
vt 0.812500 0.750000
vt 0.812500 0.687500
vt 0.812500 0.625000
vt 0.812500 0.562500
vt 0.781250 0.750000
vt 0.781250 0.687500
vt 0.781250 0.625000
vt 0.781250 0.562500
vt 0.781250 0.500000
vt 0.796875 1.000000
vt 0.781250 0.937500
vt 0.781250 0.437500
vt 0.781250 0.875000
vt 0.781250 0.375000
vt 0.781250 0.812500
vt 0.750216 0.562500
vt 0.750489 0.561638
vt 0.751075 0.558140
vt 0.750657 0.556419
vt 0.765625 1.000000
vt 0.631973 0.536773
vt 0.631973 0.712025
vt 0.658506 0.704657
vt 0.660579 0.703714
vt 0.684088 0.690280
vt 0.694950 0.682452
vt 0.700731 0.677438
vt 0.711852 0.665284
vt 0.719535 0.654231
vt 0.724570 0.643914
vt 0.724928 0.642676
vt 0.726744 0.633982
vt 0.727411 0.624399
vt 0.726744 0.614816
vt 0.724928 0.606121
vt 0.724569 0.604884
vt 0.719535 0.594566
vt 0.711852 0.583513
vt 0.700731 0.571360
vt 0.694950 0.566345
vt 0.684088 0.558517
vt 0.660579 0.545083
vt 0.658506 0.544140
vt 0.395641 0.464291
vt 0.608905 0.461869
vt 0.608905 0.289334
vt 0.395641 0.286911
vt 0.391095 0.286931
vt 0.391095 0.464272
vt 0.211803 0.600417
vt 0.209788 0.596289
vt 0.204719 0.587293
vt 0.193686 0.573671
vt 0.178135 0.559280
vt 0.173344 0.555827
vt 0.154819 0.546182
vt 0.142049 0.541238
vt 0.131973 0.540360
vt 0.131973 0.710843
vt 0.142049 0.709965
vt 0.154819 0.705020
vt 0.173344 0.695375
vt 0.178135 0.691922
vt 0.193686 0.677531
vt 0.204719 0.663910
vt 0.209788 0.654914
vt 0.211803 0.650786
vt 0.215488 0.638054
vt 0.216683 0.625601
vt 0.215488 0.613148
vt 0.384935 0.464302
vt 0.391095 0.464271
vt 0.384935 0.286901
vt 0.375000 0.464441
vt 0.375000 0.286762
vt 0.625782 0.535518
vt 0.625000 0.535559
vt 0.625000 0.713238
vt 0.625782 0.713280
vt 0.626403 0.713210
vt 0.629304 0.712773
vt 0.629304 0.536025
vt 0.626403 0.535588
vt 0.629304 0.712773
vt 0.631973 0.712025
vt 0.631972 0.536773
vt 0.629304 0.536025
vt 0.129304 0.540093
vt 0.129304 0.711110
vt 0.125000 0.539799
vt 0.125000 0.711404
vt 0.129304 0.711110
vt 0.625000 0.461404
vt 0.625000 0.289799
vt 0.615065 0.289522
vt 0.615065 0.461681
vt 0.610110 0.289346
vt 0.608905 0.289334
vt 0.608905 0.461869
vt 0.610110 0.461856
s 0
f 137/1/1 291/2/1 91/3/1 43/4/1
f 217/5/2 166/6/2 90/7/2 88/8/2
f 311/9/3 146/10/3 51/10/3 50/11/3
f 187/12/4 216/13/4 72/13/4 71/12/4
f 316/14/5 116/15/5 80/16/5 70/14/5
f 127/17/6 156/18/6 59/19/6 67/20/6
f 321/21/7 246/22/7 87/22/7 86/23/7
f 156/18/8 147/24/8 55/25/8 59/19/8
f 176/26/9 167/27/9 93/28/9 74/29/9
f 146/10/10 137/1/10 43/4/10 51/10/10
f 136/30/11 127/17/11 67/20/11 66/30/11
f 116/15/12 107/31/12 82/32/12 80/16/12
f 106/33/13 97/34/13 56/35/13 62/36/13
f 97/34/14 257/37/14 52/37/14 56/35/14
f 246/22/15 226/38/15 76/39/15 87/22/15
f 236/40/16 227/41/16 96/41/16 95/40/16
f 216/13/17 207/42/17 64/42/17 72/13/17
f 196/43/18 187/12/18 71/12/18 63/44/18
f 126/45/19 117/46/19 45/47/19 54/48/19
f 186/49/20 177/50/20 42/50/20 47/51/20
f 306/52/21 297/53/21 84/54/21 60/52/21
f 107/31/22 176/26/22 74/29/22 82/32/22
f 296/55/23 136/30/23 66/30/23 58/56/23
f 291/2/24 282/57/24 92/57/24 91/3/24
f 281/58/25 106/33/25 62/36/25 61/59/25
f 166/6/26 157/60/26 79/61/26 90/7/26
f 177/50/27 241/62/27 53/62/27 42/50/27
f 332/63/28 331/64/28 44/65/28 83/63/28
f 331/64/29 321/21/29 86/23/29 44/65/29
f 257/37/30 311/9/30 50/11/30 52/37/30
f 147/24/31 281/58/31 61/59/31 55/25/31
f 207/42/32 296/55/32 58/56/32 64/42/32
f 157/60/33 316/14/33 70/14/33 79/61/33
f 117/46/34 306/52/34 60/52/34 45/47/34
f 276/66/35 236/40/35 95/40/35 46/67/35
f 271/68/36 262/69/36 75/69/36 85/70/36
f 167/27/37 252/71/37 94/72/37 93/28/37
f 251/73/38 196/43/38 63/44/38 69/74/38
f 241/62/39 126/45/39 54/48/39 53/62/39
f 226/38/40 217/5/40 88/8/40 76/39/40
f 206/75/41 197/76/41 78/76/41 77/75/41
f 252/71/42 186/49/42 47/51/42 94/72/42
f 282/57/43 276/66/43 46/67/43 92/57/43
f 262/69/44 326/77/44 68/77/44 75/69/44
f 227/41/45 332/63/45 83/63/45 96/41/45
f 326/77/46 206/75/46 77/75/46 68/77/46
f 197/76/47 251/73/47 69/74/47 78/76/47
f 297/53/48 271/68/48 85/70/48 84/54/48
f 219/8/49 164/7/49 165/6/49 218/78/49
f 220/79/50 163/80/50 164/7/50 219/8/50
f 138/1/51 290/3/51 291/2/51 137/1/51
f 221/8/52 162/7/52 163/80/52 220/79/52
f 139/81/53 289/3/53 290/3/53 138/1/53
f 8/8/54 7/7/54 162/7/54 221/8/54
f 140/81/55 288/3/55 289/3/55 139/81/55
f 141/1/56 287/3/56 288/3/56 140/81/56
f 81/4/57 6/3/57 287/3/57 141/1/57
f 218/78/58 165/6/58 166/6/58 217/5/58
f 188/12/59 215/82/59 216/13/59 187/12/59
f 189/83/60 214/13/60 215/82/60 188/12/60
f 190/84/61 213/82/61 214/13/61 189/83/61
f 310/85/62 145/86/62 146/10/62 311/9/62
f 191/84/63 212/13/63 213/82/63 190/84/63
f 309/11/64 144/87/64 145/86/64 310/85/64
f 23/12/65 22/13/65 212/13/65 191/84/65
f 308/88/66 143/89/66 144/87/66 309/11/66
f 315/14/67 115/90/67 116/15/67 316/14/67
f 307/91/68 142/10/68 143/89/68 308/88/68
f 314/14/69 114/16/69 115/90/69 315/14/69
f 48/11/70 41/10/70 142/10/70 307/91/70
f 312/14/71 112/15/71 113/92/71 313/93/71
f 319/23/72 244/22/72 245/22/72 320/23/72
f 24/14/73 15/16/73 112/15/73 312/14/73
f 318/94/74 243/22/74 244/22/74 319/23/74
f 128/95/75 155/96/75 156/18/75 127/17/75
f 317/97/76 242/98/76 243/22/76 318/94/76
f 129/20/77 154/18/77 155/96/77 128/95/77
f 130/20/78 153/96/78 154/18/78 129/20/78
f 131/20/79 152/96/79 153/96/79 130/20/79
f 27/20/80 34/19/80 152/96/80 131/20/80
f 313/93/81 113/92/81 114/16/81 314/14/81
f 320/23/82 245/22/82 246/22/82 321/21/82
f 34/19/83 37/25/83 151/99/83 152/96/83
f 175/29/84 168/27/84 167/27/84 176/26/84
f 174/26/85 169/27/85 168/27/85 175/29/85
f 10/23/86 9/22/86 242/98/86 317/97/86
f 173/29/87 170/100/87 169/27/87 174/26/87
f 155/96/88 148/25/88 147/24/88 156/18/88
f 172/29/89 171/27/89 170/100/89 173/29/89
f 154/18/90 149/101/90 148/25/90 155/96/90
f 21/29/91 4/28/91 171/27/91 172/29/91
f 153/96/92 150/25/92 149/101/92 154/18/92
f 145/86/93 138/1/93 137/1/93 146/10/93
f 152/96/94 151/99/94 150/25/94 153/96/94
f 115/90/95 108/32/95 107/31/95 116/15/95
f 142/10/96 141/1/96 140/81/96 143/89/96
f 114/16/97 109/102/97 108/32/97 115/90/97
f 41/10/98 81/4/98 141/1/98 142/10/98
f 113/92/99 110/103/99 109/102/99 114/16/99
f 135/104/100 128/95/100 127/17/100 136/30/100
f 134/104/101 129/20/101 128/95/101 135/104/101
f 133/105/102 130/20/102 129/20/102 134/104/102
f 132/106/103 131/20/103 130/20/103 133/105/103
f 144/87/104 139/81/104 138/1/104 145/86/104
f 28/30/105 27/20/105 131/20/105 132/106/105
f 143/89/106 140/81/106 139/81/106 144/87/106
f 31/36/107 36/35/107 101/34/107 102/107/107
f 98/34/108 258/108/108 257/37/108 97/34/108
f 112/15/109 111/103/109 110/103/109 113/92/109
f 99/109/110 259/110/110 258/108/110 98/34/110
f 15/16/111 14/32/111 111/103/111 112/15/111
f 100/35/112 260/37/112 259/110/112 99/109/112
f 105/33/113 98/34/113 97/34/113 106/33/113
f 101/34/114 261/37/114 260/37/114 100/35/114
f 104/111/115 99/109/115 98/34/115 105/33/115
f 36/35/116 40/37/116 261/37/116 101/34/116
f 103/112/117 100/35/117 99/109/117 104/111/117
f 102/107/118 101/34/118 100/35/118 103/112/118
f 243/22/119 223/39/119 224/39/119 244/22/119
f 215/82/120 208/113/120 207/42/120 216/13/120
f 242/98/121 222/114/121 223/39/121 243/22/121
f 214/13/122 209/113/122 208/113/122 215/82/122
f 9/22/123 19/39/123 222/114/123 242/98/123
f 235/115/124 228/41/124 227/41/124 236/40/124
f 234/116/125 229/41/125 228/41/125 235/115/125
f 233/40/126 230/41/126 229/41/126 234/116/126
f 245/22/127 225/39/127 226/38/127 246/22/127
f 232/40/128 231/117/128 230/41/128 233/40/128
f 244/22/129 224/39/129 225/39/129 245/22/129
f 2/40/130 1/41/130 231/117/130 232/40/130
f 192/118/131 191/84/131 190/84/131 193/43/131
f 30/44/132 23/12/132 191/84/132 192/118/132
f 213/82/133 210/119/133 209/113/133 214/13/133
f 125/48/134 118/120/134 117/46/134 126/45/134
f 212/13/135 211/121/135 210/119/135 213/82/135
f 124/122/136 119/123/136 118/120/136 125/48/136
f 22/13/137 29/42/137 211/121/137 212/13/137
f 123/48/138 120/124/138 119/123/138 124/122/138
f 195/125/139 188/12/139 187/12/139 196/43/139
f 122/48/140 121/124/140 120/124/140 123/48/140
f 194/43/141 189/83/141 188/12/141 195/125/141
f 193/43/142 190/84/142 189/83/142 194/43/142
f 33/52/143 12/54/143 301/54/143 302/52/143
f 183/126/144 180/127/144 179/50/144 184/128/144
f 108/32/145 175/29/145 176/26/145 107/31/145
f 182/129/146 181/50/146 180/127/146 183/126/146
f 49/51/147 89/50/147 181/50/147 182/129/147
f 305/52/148 298/130/148 297/53/148 306/52/148
f 304/131/149 299/53/149 298/130/149 305/52/149
f 38/48/150 65/47/150 121/124/150 122/48/150
f 303/52/151 300/54/151 299/53/151 304/131/151
f 185/132/152 178/133/152 177/50/152 186/49/152
f 302/52/153 301/54/153 300/54/153 303/52/153
f 184/128/154 179/50/154 178/133/154 185/132/154
f 292/55/155 132/106/155 133/105/155 293/56/155
f 109/102/156 174/26/156 175/29/156 108/32/156
f 35/56/157 28/30/157 132/106/157 292/55/157
f 110/103/158 173/29/158 174/26/158 109/102/158
f 290/3/159 283/57/159 282/57/159 291/2/159
f 111/103/160 172/29/160 173/29/160 110/103/160
f 289/3/161 284/57/161 283/57/161 290/3/161
f 14/32/162 21/29/162 172/29/162 111/103/162
f 288/3/163 285/134/163 284/57/163 289/3/163
f 295/135/164 135/104/164 136/30/164 296/55/164
f 294/55/165 134/104/165 135/104/165 295/135/165
f 293/56/166 133/105/166 134/104/166 294/55/166
f 7/7/167 16/61/167 161/61/167 162/7/167
f 278/136/168 103/112/168 104/111/168 279/137/168
f 277/138/169 102/107/169 103/112/169 278/136/169
f 32/59/170 31/36/170 102/107/170 277/138/170
f 165/6/171 158/139/171 157/60/171 166/6/171
f 287/3/172 286/140/172 285/134/172 288/3/172
f 164/7/173 159/141/173 158/139/173 165/6/173
f 6/3/174 5/57/174 286/140/174 287/3/174
f 163/80/175 160/61/175 159/141/175 164/7/175
f 280/138/176 105/33/176 106/33/176 281/58/176
f 162/7/177 161/61/177 160/61/177 163/80/177
f 279/137/178 104/111/178 105/33/178 280/138/178
f 178/133/179 240/62/179 241/62/179 177/50/179
f 336/142/180 327/65/180 328/65/180 335/143/180
f 179/50/181 239/144/181 240/62/181 178/133/181
f 13/63/182 73/65/182 327/65/182 336/142/182
f 180/127/183 238/62/183 239/144/183 179/50/183
f 330/145/184 320/23/184 321/21/184 331/64/184
f 181/50/185 237/146/185 238/62/185 180/127/185
f 329/145/186 319/23/186 320/23/186 330/145/186
f 89/50/187 39/62/187 237/146/187 181/50/187
f 333/147/188 330/145/188 331/64/188 332/63/188
f 334/143/189 329/145/189 330/145/189 333/147/189
f 335/143/190 328/65/190 329/145/190 334/143/190
f 259/110/191 309/11/191 310/85/191 258/108/191
f 260/37/192 308/88/192 309/11/192 259/110/192
f 261/37/193 307/91/193 308/88/193 260/37/193
f 40/37/194 48/11/194 307/91/194 261/37/194
f 328/65/195 318/94/195 319/23/195 329/145/195
f 148/25/196 280/138/196 281/58/196 147/24/196
f 327/65/197 317/97/197 318/94/197 328/65/197
f 149/101/198 279/137/198 280/138/198 148/25/198
f 73/65/199 10/23/199 317/97/199 327/65/199
f 150/25/200 278/136/200 279/137/200 149/101/200
f 258/108/201 310/85/201 311/9/201 257/37/201
f 151/99/202 277/138/202 278/136/202 150/25/202
f 160/61/203 313/93/203 314/14/203 159/141/203
f 208/113/204 295/135/204 296/55/204 207/42/204
f 161/61/205 312/14/205 313/93/205 160/61/205
f 209/113/206 294/55/206 295/135/206 208/113/206
f 16/61/207 24/14/207 312/14/207 161/61/207
f 210/119/208 293/56/208 294/55/208 209/113/208
f 118/120/209 305/52/209 306/52/209 117/46/209
f 211/121/210 292/55/210 293/56/210 210/119/210
f 29/42/211 35/56/211 292/55/211 211/121/211
f 158/139/212 315/14/212 316/14/212 157/60/212
f 159/141/213 314/14/213 315/14/213 158/139/213
f 37/25/214 32/59/214 277/138/214 151/99/214
f 274/148/215 234/116/215 235/115/215 275/149/215
f 273/150/216 233/40/216 234/116/216 274/148/216
f 272/149/217 232/40/217 233/40/217 273/150/217
f 119/123/218 304/131/218 305/52/218 118/120/218
f 57/67/219 2/40/219 232/40/219 272/149/219
f 120/124/220 303/52/220 304/131/220 119/123/220
f 270/151/221 263/69/221 262/69/221 271/68/221
f 121/124/222 302/52/222 303/52/222 120/124/222
f 269/70/223 264/69/223 263/69/223 270/151/223
f 65/47/224 33/52/224 302/52/224 121/124/224
f 268/70/225 265/69/225 264/69/225 269/70/225
f 275/149/226 235/115/226 236/40/226 276/66/226
f 11/70/227 20/69/227 266/69/227 267/70/227
f 248/152/228 193/43/228 194/43/228 249/74/228
f 168/27/229 253/72/229 252/71/229 167/27/229
f 247/153/230 192/118/230 193/43/230 248/152/230
f 169/27/231 254/71/231 253/72/231 168/27/231
f 25/74/232 30/44/232 192/118/232 247/153/232
f 170/100/233 255/71/233 254/71/233 169/27/233
f 171/27/234 256/72/234 255/71/234 170/100/234
f 4/28/235 3/72/235 256/72/235 171/27/235
f 250/154/236 195/125/236 196/43/236 251/73/236
f 267/70/237 266/69/237 265/69/237 268/70/237
f 249/74/238 194/43/238 195/125/238 250/154/238
f 225/39/239 218/78/239 217/5/239 226/38/239
f 224/39/240 219/8/240 218/78/240 225/39/240
f 223/39/241 220/79/241 219/8/241 224/39/241
f 240/62/242 125/48/242 126/45/242 241/62/242
f 222/114/243 221/8/243 220/79/243 223/39/243
f 239/144/244 124/122/244 125/48/244 240/62/244
f 19/39/245 8/8/245 221/8/245 222/114/245
f 238/62/246 123/48/246 124/122/246 239/144/246
f 205/155/247 198/76/247 197/76/247 206/75/247
f 237/146/248 122/48/248 123/48/248 238/62/248
f 204/156/249 199/76/249 198/76/249 205/155/249
f 39/62/250 38/48/250 122/48/250 237/146/250
f 284/57/251 274/148/251 275/149/251 283/57/251
f 18/75/252 17/76/252 201/76/252 202/157/252
f 285/134/253 273/150/253 274/148/253 284/57/253
f 253/72/254 185/132/254 186/49/254 252/71/254
f 286/140/255 272/149/255 273/150/255 285/134/255
f 254/71/256 184/128/256 185/132/256 253/72/256
f 255/71/257 183/126/257 184/128/257 254/71/257
f 256/72/258 182/129/258 183/126/258 255/71/258
f 3/72/259 49/51/259 182/129/259 256/72/259
f 203/158/260 200/159/260 199/76/260 204/156/260
f 283/57/261 275/149/261 276/66/261 282/57/261
f 202/157/262 201/76/262 200/159/262 203/158/262
f 228/41/263 333/147/263 332/63/263 227/41/263
f 229/41/264 334/143/264 333/147/264 228/41/264
f 5/57/265 57/67/265 272/149/265 286/140/265
f 230/41/266 335/143/266 334/143/266 229/41/266
f 263/69/267 325/77/267 326/77/267 262/69/267
f 231/117/268 336/142/268 335/143/268 230/41/268
f 264/69/269 324/77/269 325/77/269 263/69/269
f 1/41/270 13/63/270 336/142/270 231/117/270
f 265/69/271 323/77/271 324/77/271 264/69/271
f 325/77/272 205/155/272 206/75/272 326/77/272
f 266/69/273 322/77/273 323/77/273 265/69/273
f 20/69/274 26/77/274 322/77/274 266/69/274
f 299/53/275 269/70/275 270/151/275 298/130/275
f 26/77/276 18/75/276 202/157/276 322/77/276
f 300/54/277 268/70/277 269/70/277 299/53/277
f 198/76/278 250/154/278 251/73/278 197/76/278
f 199/76/279 249/74/279 250/154/279 198/76/279
f 200/159/280 248/152/280 249/74/280 199/76/280
f 201/76/281 247/153/281 248/152/281 200/159/281
f 324/77/282 204/156/282 205/155/282 325/77/282
f 17/76/283 25/74/283 247/153/283 201/76/283
f 323/77/284 203/158/284 204/156/284 324/77/284
f 298/130/285 270/151/285 271/68/285 297/53/285
f 322/77/286 202/157/286 203/158/286 323/77/286
f 301/54/287 267/70/287 268/70/287 300/54/287
f 12/54/288 11/70/288 267/70/288 301/54/288
f 368/160/289 337/161/289 338/162/289 339/163/289 340/164/289 341/165/289 342/166/289 343/167/289 344/168/289 345/169/289 346/170/289 347/171/289 348/172/289 349/173/289 350/174/289 351/175/289 352/176/289 353/177/289 354/178/289 355/179/289 356/180/289 357/181/289 358/182/289 359/183/289 360/184/289 361/185/289 362/186/289 363/187/289 364/188/289 365/189/289 366/190/289 367/191/289
f 368/192/290 400/193/290 369/194/290 337/195/290
f 367/196/291 399/197/291 400/193/291 368/192/291
f 366/198/292 398/199/292 399/197/292 367/196/292
f 365/200/293 397/201/293 398/199/293 366/198/293
f 364/202/294 396/203/294 397/201/294 365/200/294
f 363/204/295 395/205/295 396/203/295 364/202/295
f 362/206/296 394/207/296 395/205/296 363/204/296
f 361/208/297 393/209/297 394/207/297 362/206/297
f 360/210/298 392/211/298 393/209/298 361/208/298
f 359/212/299 391/213/299 392/211/299 360/210/299
f 358/214/300 390/215/300 391/213/300 359/212/300
f 357/216/301 389/217/301 390/215/301 358/214/301
f 356/218/302 388/219/302 389/217/302 357/216/302
f 355/220/303 387/221/303 388/219/303 356/218/303
f 354/222/304 386/223/304 387/221/304 355/220/304
f 353/224/305 385/225/305 386/223/305 354/222/305
f 352/226/306 384/227/306 385/225/306 353/224/306
f 351/228/307 383/229/307 384/227/307 352/226/307
f 350/230/308 382/231/308 383/229/308 351/228/308
f 349/232/309 381/233/309 382/231/309 350/230/309
f 348/234/310 380/235/310 381/233/310 349/232/310
f 347/236/311 379/237/311 380/235/311 348/234/311
f 346/238/312 378/239/312 379/237/312 347/236/312
f 345/240/313 377/241/313 378/239/313 346/238/313
f 344/242/314 376/243/314 377/241/314 345/240/314
f 343/244/315 375/245/315 376/243/315 344/242/315
f 342/246/316 374/247/316 375/245/316 343/244/316
f 341/248/317 373/249/317 374/247/317 342/246/317
f 340/250/318 372/251/318 373/249/318 341/248/318
f 339/252/319 371/253/319 372/251/319 340/250/319
f 338/254/320 370/255/320 371/253/320 339/252/320
f 337/256/321 369/257/321 370/255/321 338/254/321
f 400/193/322 432/258/322 401/259/322 369/194/322
f 399/197/323 431/260/323 432/258/323 400/193/323
f 398/199/324 430/261/324 431/260/324 399/197/324
f 397/201/325 429/262/325 430/261/325 398/199/325
f 396/203/326 428/263/326 429/262/326 397/201/326
f 395/205/327 427/264/327 428/263/327 396/203/327
f 394/207/328 426/265/328 427/264/328 395/205/328
f 393/209/329 425/266/329 426/265/329 394/207/329
f 392/211/330 424/267/330 425/266/330 393/209/330
f 391/213/331 423/268/331 424/267/331 392/211/331
f 390/215/332 422/269/332 423/268/332 391/213/332
f 389/217/333 421/270/333 422/269/333 390/215/333
f 388/219/334 420/271/334 421/270/334 389/217/334
f 387/221/335 419/272/335 420/271/335 388/219/335
f 386/223/336 418/273/336 419/272/336 387/221/336
f 385/225/337 417/274/337 418/273/337 386/223/337
f 384/227/338 416/275/338 417/274/338 385/225/338
f 383/229/339 415/276/339 416/275/339 384/227/339
f 382/231/340 414/277/340 415/276/340 383/229/340
f 381/233/341 413/278/341 414/277/341 382/231/341
f 380/235/342 412/279/342 413/278/342 381/233/342
f 379/237/343 411/280/343 412/279/343 380/235/343
f 378/239/344 410/281/344 411/280/344 379/237/344
f 377/241/345 409/282/345 410/281/345 378/239/345
f 376/243/346 408/283/346 409/282/346 377/241/346
f 375/245/347 407/284/347 408/283/347 376/243/347
f 374/247/348 406/285/348 407/284/348 375/245/348
f 373/249/349 405/286/349 406/285/349 374/247/349
f 372/251/350 404/287/350 405/286/350 373/249/350
f 371/253/351 403/288/351 404/287/351 372/251/351
f 370/255/352 402/289/352 403/288/352 371/253/352
f 369/257/353 401/290/353 402/289/353 370/255/353
f 433/224/354 438/291/354 439/292/354 434/293/354
f 434/293/355 439/292/355 440/294/355 435/295/355
f 764/296/356 602/297/356 441/54/356 436/52/356
f 437/298/357 442/299/357 438/291/357 433/224/357
f 438/291/358 443/300/358 444/301/358 439/292/358
f 439/292/359 444/301/359 445/302/359 440/294/359
f 602/297/360 656/303/360 446/304/360 441/54/360
f 442/299/361 447/305/361 443/300/361 438/291/361
f 443/300/362 448/228/362 449/306/362 444/301/362
f 444/301/363 449/306/363 450/307/363 445/302/363
f 656/303/364 703/308/364 451/69/364 446/304/364
f 447/305/365 452/309/365 448/228/365 443/300/365
f 448/228/366 453/310/366 454/311/366 449/306/366
f 449/306/367 454/311/367 455/312/367 450/307/367
f 703/308/368 757/313/368 456/314/368 451/69/368
f 452/309/369 457/315/369 453/310/369 448/228/369
f 453/310/370 458/316/370 459/317/370 454/311/370
f 454/311/371 459/317/371 460/318/371 455/312/371
f 757/313/372 595/319/372 461/320/372 456/314/372
f 457/315/373 462/321/373 458/316/373 453/310/373
f 458/316/374 463/232/374 464/322/374 459/317/374
f 459/317/375 464/322/375 465/323/375 460/318/375
f 595/319/376 649/324/376 466/76/376 461/320/376
f 462/321/377 467/325/377 463/232/377 458/316/377
f 463/232/378 468/326/378 469/327/378 464/322/378
f 464/322/379 469/327/379 470/328/379 465/323/379
f 649/324/380 701/329/380 471/330/380 466/76/380
f 467/325/381 472/331/381 468/326/381 463/232/381
f 468/326/382 473/332/382 474/333/382 469/327/382
f 469/327/383 474/333/383 475/334/383 470/328/383
f 701/329/384 755/335/384 476/336/384 471/330/384
f 472/331/385 477/337/385 473/332/385 468/326/385
f 473/332/386 478/236/386 479/338/386 474/333/386
f 474/333/387 479/338/387 480/339/387 475/334/387
f 755/335/388 593/340/388 481/12/388 476/336/388
f 477/337/389 482/341/389 478/236/389 473/332/389
f 478/236/390 483/342/390 484/343/390 479/338/390
f 479/338/391 484/343/391 485/344/391 480/339/391
f 593/340/392 647/345/392 486/346/392 481/12/392
f 482/341/393 487/347/393 483/342/393 478/236/393
f 483/342/394 488/348/394 489/349/394 484/343/394
f 484/343/395 489/349/395 490/350/395 485/344/395
f 647/345/396 694/351/396 491/352/396 486/346/396
f 487/347/397 492/353/397 488/348/397 483/342/397
f 488/348/398 493/240/398 494/354/398 489/349/398
f 489/349/399 494/354/399 495/355/399 490/350/399
f 694/351/400 748/356/400 496/55/400 491/352/400
f 492/353/401 497/357/401 493/240/401 488/348/401
f 493/240/402 498/358/402 499/359/402 494/354/402
f 494/354/403 499/359/403 500/360/403 495/355/403
f 748/356/404 586/361/404 501/30/404 496/55/404
f 497/357/405 502/362/405 498/358/405 493/240/405
f 498/358/406 503/363/406 504/364/406 499/359/406
f 499/359/407 504/364/407 505/365/407 500/360/407
f 586/361/408 640/366/408 506/367/408 501/30/408
f 502/362/409 507/368/409 503/363/409 498/358/409
f 503/363/410 508/244/410 509/369/410 504/364/410
f 504/364/411 509/369/411 510/370/411 505/365/411
f 640/366/412 692/371/412 511/372/412 506/367/412
f 507/368/413 512/373/413 508/244/413 503/363/413
f 508/244/414 513/374/414 514/375/414 509/369/414
f 509/369/415 514/375/415 515/376/415 510/370/415
f 692/371/416 746/377/416 516/24/416 511/372/416
f 512/373/417 517/378/417 513/374/417 508/244/417
f 513/374/418 518/379/418 519/380/418 514/375/418
f 514/375/419 519/380/419 520/381/419 515/376/419
f 746/377/420 584/382/420 521/59/420 516/24/420
f 517/378/421 522/383/421 518/379/421 513/374/421
f 518/379/422 523/248/422 524/384/422 519/380/422
f 519/380/423 524/384/423 525/385/423 520/381/423
f 584/382/424 638/386/424 526/33/424 521/59/424
f 522/383/425 527/387/425 523/248/425 518/379/425
f 523/248/426 528/388/426 529/389/426 524/384/426
f 524/384/427 529/389/427 530/390/427 525/385/427
f 638/386/428 685/391/428 531/392/428 526/33/428
f 527/387/429 532/393/429 528/388/429 523/248/429
f 528/388/430 533/394/430 534/395/430 529/389/430
f 529/389/431 534/395/431 535/396/431 530/390/431
f 685/391/432 739/397/432 536/108/432 531/392/432
f 532/393/433 537/398/433 533/394/433 528/388/433
f 533/394/434 538/252/434 539/399/434 534/395/434
f 534/395/435 539/399/435 540/400/435 535/396/435
f 739/397/436 577/401/436 541/88/436 536/108/436
f 537/398/437 542/402/437 538/252/437 533/394/437
f 538/252/438 543/403/438 544/404/438 539/399/438
f 539/399/439 544/404/439 545/405/439 540/400/439
f 577/401/440 631/406/440 546/87/440 541/88/440
f 542/402/441 547/407/441 543/403/441 538/252/441
f 543/403/442 548/408/442 549/409/442 544/404/442
f 544/404/443 549/409/443 550/410/443 545/405/443
f 631/406/444 683/411/444 551/412/444 546/87/444
f 765/413/445 603/414/445 602/297/445 764/296/445
f 547/407/446 552/415/446 548/408/446 543/403/446
f 548/408/447 553/256/447 554/416/447 549/409/447
f 549/409/448 554/416/448 555/417/448 550/410/448
f 683/411/449 737/418/449 556/419/449 551/412/449
f 435/295/450 440/294/450 603/414/450 765/413/450
f 603/414/451 657/420/451 656/303/451 602/297/451
f 440/294/452 445/302/452 657/420/452 603/414/452
f 657/420/453 704/421/453 703/308/453 656/303/453
f 552/415/454 561/422/454 553/256/454 548/408/454
f 553/423/455 562/424/455 563/425/455 554/426/455
f 554/426/456 563/425/456 564/427/456 555/428/456
f 737/429/457 575/430/457 565/431/457 556/432/457
f 445/302/458 450/307/458 704/421/458 657/420/458
f 704/421/459 758/433/459 757/313/459 703/308/459
f 450/307/460 455/312/460 758/433/460 704/421/460
f 758/433/461 596/434/461 595/319/461 757/313/461
f 561/435/462 570/436/462 562/424/462 553/423/462
f 562/424/463 571/437/463 572/438/463 563/425/463
f 563/425/464 572/438/464 573/439/464 564/427/464
f 575/430/465 629/440/465 574/441/465 565/431/465
f 596/434/466 650/442/466 649/324/466 595/319/466
f 455/312/467 460/318/467 596/434/467 758/433/467
f 460/318/468 465/323/468 650/442/468 596/434/468
f 650/442/469 702/443/469 701/329/469 649/324/469
f 570/436/470 579/444/470 571/437/470 562/424/470
f 571/437/471 580/196/471 581/445/471 572/438/471
f 572/438/472 581/445/472 582/446/472 573/439/472
f 629/440/473 676/447/473 583/40/473 574/441/473
f 465/323/474 470/328/474 702/443/474 650/442/474
f 702/443/475 756/448/475 755/335/475 701/329/475
f 470/328/476 475/334/476 756/448/476 702/443/476
f 756/448/477 594/449/477 593/340/477 755/335/477
f 579/444/478 588/450/478 580/196/478 571/437/478
f 580/196/479 589/451/479 590/452/479 581/445/479
f 581/445/480 590/452/480 591/453/480 582/446/480
f 676/447/481 730/454/481 592/117/481 583/40/481
f 475/334/482 480/339/482 594/449/482 756/448/482
f 594/449/483 648/455/483 647/345/483 593/340/483
f 480/339/484 485/344/484 648/455/484 594/449/484
f 648/455/485 695/456/485 694/351/485 647/345/485
f 588/450/486 597/457/486 589/451/486 580/196/486
f 589/451/487 598/458/487 599/459/487 590/452/487
f 590/452/488 599/459/488 600/460/488 591/453/488
f 730/454/489 568/461/489 601/462/489 592/117/489
f 485/344/490 490/350/490 695/456/490 648/455/490
f 695/456/491 749/463/491 748/356/491 694/351/491
f 490/350/492 495/355/492 749/463/492 695/456/492
f 749/463/493 587/464/493 586/361/493 748/356/493
f 597/457/494 606/465/494 598/458/494 589/451/494
f 598/458/495 607/200/495 608/466/495 599/459/495
f 599/459/496 608/466/496 609/467/496 600/460/496
f 568/461/497 622/468/497 610/64/497 601/462/497
f 587/464/498 641/469/498 640/366/498 586/361/498
f 495/355/499 500/360/499 587/464/499 749/463/499
f 500/360/500 505/365/500 641/469/500 587/464/500
f 641/469/501 693/470/501 692/371/501 640/366/501
f 606/465/502 615/471/502 607/200/502 598/458/502
f 607/200/503 616/472/503 617/473/503 608/466/503
f 608/466/504 617/473/504 618/474/504 609/467/504
f 622/468/505 674/475/505 619/94/505 610/64/505
f 505/365/506 510/370/506 693/470/506 641/469/506
f 693/470/507 747/476/507 746/377/507 692/371/507
f 510/370/508 515/376/508 747/476/508 693/470/508
f 747/476/509 585/477/509 584/382/509 746/377/509
f 615/471/510 624/478/510 616/472/510 607/200/510
f 616/472/511 625/479/511 626/480/511 617/473/511
f 617/473/512 626/480/512 627/481/512 618/474/512
f 674/475/513 728/482/513 628/483/513 619/94/513
f 515/376/514 520/381/514 585/477/514 747/476/514
f 585/477/515 639/484/515 638/386/515 584/382/515
f 520/381/516 525/385/516 639/484/516 585/477/516
f 639/484/517 686/485/517 685/391/517 638/386/517
f 624/478/518 633/486/518 625/479/518 616/472/518
f 625/479/519 634/204/519 635/487/519 626/480/519
f 626/480/520 635/487/520 636/488/520 627/481/520
f 728/482/521 566/489/521 637/38/521 628/483/521
f 525/385/522 530/390/522 686/485/522 639/484/522
f 686/485/523 740/490/523 739/397/523 685/391/523
f 530/390/524 535/396/524 740/490/524 686/485/524
f 740/490/525 578/491/525 577/401/525 739/397/525
f 633/486/526 642/492/526 634/204/526 625/479/526
f 634/204/527 643/493/527 644/494/527 635/487/527
f 635/487/528 644/494/528 645/495/528 636/488/528
f 566/489/529 620/496/529 646/78/529 637/38/529
f 578/491/530 632/497/530 631/406/530 577/401/530
f 535/396/531 540/400/531 578/491/531 740/490/531
f 540/400/532 545/405/532 632/497/532 578/491/532
f 632/497/533 684/498/533 683/411/533 631/406/533
f 642/492/534 651/499/534 643/493/534 634/204/534
f 643/493/535 652/500/535 653/501/535 644/494/535
f 644/494/536 653/501/536 654/502/536 645/495/536
f 620/496/537 667/503/537 655/504/537 646/78/537
f 545/405/538 550/410/538 684/498/538 632/497/538
f 684/498/539 738/505/539 737/418/539 683/411/539
f 550/410/540 555/417/540 738/505/540 684/498/540
f 738/506/541 576/507/541 575/430/541 737/429/541
f 651/499/542 660/508/542 652/500/542 643/493/542
f 652/500/543 661/208/543 662/509/543 653/501/543
f 653/501/544 662/509/544 663/510/544 654/502/544
f 667/503/545 721/511/545 664/61/545 655/504/545
f 555/428/546 564/427/546 576/507/546 738/506/546
f 576/507/547 630/512/547 629/440/547 575/430/547
f 564/427/548 573/439/548 630/512/548 576/507/548
f 630/512/549 677/513/549 676/447/549 629/440/549
f 660/508/550 669/514/550 661/208/550 652/500/550
f 661/208/551 670/515/551 671/516/551 662/509/551
f 662/509/552 671/516/552 672/517/552 663/510/552
f 721/511/553 559/518/553 673/519/553 664/61/553
f 573/439/554 582/446/554 677/513/554 630/512/554
f 677/513/555 731/520/555 730/454/555 676/447/555
f 582/446/556 591/453/556 731/520/556 677/513/556
f 731/520/557 569/521/557 568/461/557 730/454/557
f 669/514/558 678/522/558 670/515/558 661/208/558
f 670/515/559 679/523/559 680/524/559 671/516/559
f 671/516/560 680/524/560 681/525/560 672/517/560
f 559/518/561 613/526/561 682/16/561 673/519/561
f 569/521/562 623/527/562 622/468/562 568/461/562
f 591/453/563 600/460/563 569/521/563 731/520/563
f 600/460/564 609/467/564 623/527/564 569/521/564
f 623/527/565 675/528/565 674/475/565 622/468/565
f 678/522/566 687/529/566 679/523/566 670/515/566
f 679/523/567 688/212/567 689/530/567 680/524/567
f 680/524/568 689/530/568 690/531/568 681/525/568
f 613/526/569 665/532/569 691/103/569 682/16/569
f 609/467/570 618/474/570 675/528/570 623/527/570
f 675/528/571 729/533/571 728/482/571 674/475/571
f 618/474/572 627/481/572 729/533/572 675/528/572
f 729/533/573 567/534/573 566/489/573 728/482/573
f 687/529/574 696/535/574 688/212/574 679/523/574
f 688/212/575 697/536/575 698/537/575 689/530/575
f 689/530/576 698/537/576 699/538/576 690/531/576
f 665/532/577 719/539/577 700/26/577 691/103/577
f 627/481/578 636/488/578 567/534/578 729/533/578
f 567/534/579 621/540/579 620/496/579 566/489/579
f 636/488/580 645/495/580 621/540/580 567/534/580
f 621/540/581 668/541/581 667/503/581 620/496/581
f 696/535/582 705/542/582 697/536/582 688/212/582
f 697/536/583 706/543/583 707/544/583 698/537/583
f 698/537/584 707/544/584 708/545/584 699/538/584
f 719/539/585 557/546/585 709/28/585 700/26/585
f 645/495/586 654/502/586 668/541/586 621/540/586
f 668/541/587 722/547/587 721/511/587 667/503/587
f 654/502/588 663/510/588 722/547/588 668/541/588
f 722/547/589 560/548/589 559/518/589 721/511/589
f 705/542/590 714/549/590 706/543/590 697/536/590
f 706/543/591 715/216/591 716/550/591 707/544/591
f 707/544/592 716/550/592 717/551/592 708/545/592
f 557/546/593 611/552/593 718/553/593 709/28/593
f 560/548/594 614/554/594 613/526/594 559/518/594
f 663/510/595 672/517/595 560/548/595 722/547/595
f 672/517/596 681/525/596 614/554/596 560/548/596
f 614/554/597 666/555/597 665/532/597 613/526/597
f 714/549/598 723/556/598 715/216/598 706/543/598
f 715/216/599 724/557/599 725/558/599 716/550/599
f 716/550/600 725/558/600 726/559/600 717/551/600
f 611/552/601 712/560/601 727/561/601 718/553/601
f 681/525/602 690/531/602 666/555/602 614/554/602
f 666/555/603 720/562/603 719/539/603 665/532/603
f 690/531/604 699/538/604 720/562/604 666/555/604
f 720/562/605 558/563/605 557/546/605 719/539/605
f 723/556/606 732/564/606 724/557/606 715/216/606
f 724/557/607 733/565/607 734/566/607 725/558/607
f 725/558/608 734/566/608 735/567/608 726/559/608
f 712/560/609 766/568/609 736/569/609 727/561/609
f 699/538/610 708/545/610 558/563/610 720/562/610
f 558/563/611 612/570/611 611/552/611 557/546/611
f 708/545/612 717/551/612 612/570/612 558/563/612
f 612/570/613 713/571/613 712/560/613 611/552/613
f 732/564/614 741/572/614 733/565/614 724/557/614
f 733/565/615 742/220/615 743/573/615 734/566/615
f 734/566/616 743/573/616 744/574/616 735/567/616
f 766/568/617 604/575/617 745/62/617 736/569/617
f 717/551/618 726/559/618 713/571/618 612/570/618
f 713/571/619 767/576/619 766/568/619 712/560/619
f 726/559/620 735/567/620 767/576/620 713/571/620
f 767/576/621 605/577/621 604/575/621 766/568/621
f 741/572/622 750/578/622 742/220/622 733/565/622
f 742/220/623 751/579/623 752/580/623 743/573/623
f 743/573/624 752/580/624 753/581/624 744/574/624
f 604/575/625 658/582/625 754/583/625 745/62/625
f 605/577/626 659/584/626 658/582/626 604/575/626
f 735/567/627 744/574/627 605/577/627 767/576/627
f 659/584/628 711/585/628 710/586/628 658/582/628
f 750/578/629 759/587/629 751/579/629 742/220/629
f 751/579/630 760/588/630 761/589/630 752/580/630
f 752/580/631 761/589/631 762/590/631 753/581/631
f 658/582/632 710/586/632 763/591/632 754/583/632
f 753/581/633 762/590/633 711/585/633 659/584/633
f 744/574/634 753/581/634 659/584/634 605/577/634
f 711/585/635 765/413/635 764/296/635 710/586/635
f 762/590/636 435/295/636 765/413/636 711/585/636
f 759/587/637 768/592/637 760/588/637 751/579/637
f 760/588/638 433/224/638 434/293/638 761/589/638
f 761/589/639 434/293/639 435/295/639 762/590/639
f 710/586/640 764/296/640 436/52/640 763/591/640
f 768/592/641 437/298/641 433/224/641 760/588/641
f 763/591/642 436/52/642 441/54/642 446/304/642 451/69/642 456/314/642 461/320/642 466/76/642 471/330/642 476/336/642 481/12/642 486/346/642 491/352/642 496/55/642 501/30/642 506/367/642 511/372/642 516/24/642 521/59/642 526/33/642 531/392/642 536/108/642 541/88/642 546/87/642 551/412/642 556/432/642 565/431/642 574/441/642 583/40/642 592/117/642 601/462/642 610/64/642 619/94/642 628/483/642 637/38/642 646/78/642 655/504/642 664/61/642 673/519/642 682/16/642 691/103/642 700/26/642 709/28/642 718/553/642 727/561/642 736/569/642 745/62/642 754/583/642
f 782/30/289 781/55/289 780/352/289 779/346/289 778/12/289 777/336/289 776/330/289 775/76/289 774/320/289 773/314/289 772/69/289 771/304/289 770/54/289 769/52/289 816/591/289 815/583/289 814/62/289 813/569/289 812/561/289 811/553/289 810/28/289 809/26/289 808/103/289 807/16/289 806/519/289 805/61/289 804/504/289 803/78/289 802/38/289 801/483/289 800/94/289 799/64/289 798/462/289 797/117/289 796/40/289 795/441/289 794/431/289 793/432/289 792/412/289 791/87/289 790/88/289 789/108/289 788/392/289 787/33/289 786/59/289 785/24/289 784/372/289 783/367/289
f 799/64/643 800/94/643 856/94/643 997/593/643
f 997/593/644 856/94/644 855/94/644 998/64/644
f 998/64/645 855/94/645 854/94/645 999/64/645
f 999/64/646 854/94/646 853/94/646 1000/65/646
f 1000/65/647 853/94/647 10/23/647 73/65/647
f 816/591/648 769/52/648 948/52/648 993/594/648
f 993/594/649 948/52/649 947/52/649 994/591/649
f 994/591/650 947/52/650 946/52/650 995/123/650
f 995/123/651 946/52/651 945/52/651 996/47/651
f 996/47/652 945/52/652 33/52/652 65/47/652
f 806/519/653 807/16/653 876/16/653 909/595/653
f 909/595/654 876/16/654 875/16/654 910/595/654
f 910/595/655 875/16/655 874/16/655 911/595/655
f 911/595/656 874/16/656 873/16/656 912/14/656
f 912/14/657 873/16/657 15/16/657 24/14/657
f 792/412/658 793/432/658 840/596/658 1001/597/658
f 1001/597/659 840/596/659 839/432/659 1002/597/659
f 1002/597/660 839/432/660 838/432/660 1003/597/660
f 1003/597/661 838/432/661 837/432/661 1004/4/661
f 1004/4/662 837/432/662 6/3/662 81/4/662
f 795/441/663 796/40/663 824/598/663 989/599/663
f 989/599/664 824/598/664 823/40/664 990/150/664
f 990/150/665 823/40/665 822/40/665 991/150/665
f 991/150/666 822/40/666 821/40/666 992/67/666
f 992/67/667 821/40/667 2/40/667 57/67/667
f 813/569/668 814/62/668 972/600/668 1005/601/668
f 1005/601/669 972/600/669 971/62/669 1006/602/669
f 1006/602/670 971/62/670 970/62/670 1007/569/670
f 1007/569/671 970/62/671 969/62/671 1008/50/671
f 1008/50/672 969/62/672 39/62/672 89/50/672
f 802/38/673 803/78/673 848/78/673 889/38/673
f 889/38/674 848/78/674 847/78/674 890/38/674
f 890/38/675 847/78/675 846/78/675 891/38/675
f 891/38/676 846/78/676 845/8/676 892/39/676
f 892/39/677 845/8/677 8/8/677 19/39/677
f 812/561/678 813/569/678 1005/601/678 985/49/678
f 985/49/679 1005/601/679 1006/602/679 986/49/679
f 986/49/680 1006/602/680 1007/569/680 987/49/680
f 987/49/681 1007/569/681 1008/50/681 988/129/681
f 988/129/682 1008/50/682 89/50/682 49/51/682
f 791/87/683 792/412/683 1001/597/683 977/603/683
f 977/603/684 1001/597/684 1002/597/684 978/603/684
f 978/603/685 1002/597/685 1003/597/685 979/10/685
f 979/10/686 1003/597/686 1004/4/686 980/10/686
f 980/10/687 1004/4/687 81/4/687 41/10/687
f 798/462/688 799/64/688 997/593/688 865/462/688
f 865/462/689 997/593/689 998/64/689 866/147/689
f 866/147/690 998/64/690 999/64/690 867/462/690
f 867/462/691 999/64/691 1000/65/691 868/63/691
f 868/63/692 1000/65/692 73/65/692 13/63/692
f 789/108/693 790/88/693 984/604/693 973/605/693
f 973/605/694 984/604/694 983/88/694 974/605/694
f 974/605/695 983/88/695 982/91/695 975/606/695
f 975/606/696 982/91/696 981/91/696 976/108/696
f 976/108/697 981/91/697 48/11/697 40/37/697
f 815/583/698 816/591/698 993/594/698 965/48/698
f 965/48/699 993/594/699 994/591/699 966/607/699
f 966/607/700 994/591/700 995/123/700 967/608/700
f 967/608/701 995/123/701 996/47/701 968/583/701
f 968/583/702 996/47/702 65/47/702 38/48/702
f 794/431/703 795/441/703 989/599/703 833/57/703
f 833/57/704 989/599/704 990/150/704 834/57/704
f 834/57/705 990/150/705 991/150/705 835/57/705
f 835/57/706 991/150/706 992/67/706 836/57/706
f 836/57/707 992/67/707 57/67/707 5/57/707
f 785/24/708 786/59/708 944/609/708 961/101/708
f 961/101/709 944/609/709 943/138/709 962/610/709
f 962/610/710 943/138/710 942/59/710 963/101/710
f 963/101/711 942/59/711 941/59/711 964/24/711
f 964/24/712 941/59/712 32/59/712 37/25/712
f 811/553/713 812/561/713 985/49/713 825/553/713
f 825/553/714 985/49/714 986/49/714 826/553/714
f 826/553/715 986/49/715 987/49/715 827/553/715
f 827/553/716 987/49/716 988/129/716 828/72/716
f 828/72/717 988/129/717 49/51/717 3/72/717
f 790/88/718 791/87/718 977/603/718 984/604/718
f 984/604/719 977/603/719 978/603/719 983/88/719
f 983/88/720 978/603/720 979/10/720 982/91/720
f 982/91/721 979/10/721 980/10/721 981/91/721
f 981/91/722 980/10/722 41/10/722 48/11/722
f 781/55/723 782/30/723 928/106/723 953/55/723
f 953/55/724 928/106/724 927/106/724 954/55/724
f 954/55/725 927/106/725 926/30/725 955/55/725
f 955/55/726 926/30/726 925/104/726 956/56/726
f 956/56/727 925/104/727 28/30/727 35/56/727
f 788/392/728 789/108/728 973/605/728 957/34/728
f 957/34/729 973/605/729 974/605/729 958/611/729
f 958/611/730 974/605/730 975/606/730 959/392/730
f 959/392/731 975/606/731 976/108/731 960/35/731
f 960/35/732 976/108/732 40/37/732 36/35/732
f 814/62/733 815/583/733 965/48/733 972/600/733
f 972/600/734 965/48/734 966/607/734 971/62/734
f 971/62/735 966/607/735 967/608/735 970/62/735
f 970/62/736 967/608/736 968/583/736 969/62/736
f 969/62/737 968/583/737 38/48/737 39/62/737
f 777/336/738 778/12/738 908/612/738 933/336/738
f 933/336/739 908/612/739 907/12/739 934/613/739
f 934/613/740 907/12/740 906/12/740 935/613/740
f 935/613/741 906/12/741 905/12/741 936/44/741
f 936/44/742 905/12/742 23/12/742 30/44/742
f 784/372/743 785/24/743 961/101/743 949/372/743
f 949/372/744 961/101/744 962/610/744 950/372/744
f 950/372/745 962/610/745 963/101/745 951/614/745
f 951/614/746 963/101/746 964/24/746 952/19/746
f 952/19/747 964/24/747 37/25/747 34/19/747
f 787/33/748 788/392/748 957/34/748 937/33/748
f 937/33/749 957/34/749 958/611/749 938/615/749
f 938/615/750 958/611/750 959/392/750 939/33/750
f 939/33/751 959/392/751 960/35/751 940/36/751
f 940/36/752 960/35/752 36/35/752 31/36/752
f 773/314/753 774/320/753 888/616/753 917/617/753
f 917/617/754 888/616/754 887/75/754 918/77/754
f 918/77/755 887/75/755 886/75/755 919/77/755
f 919/77/756 886/75/756 885/75/756 920/77/756
f 920/77/757 885/75/757 18/75/757 26/77/757
f 780/352/758 781/55/758 953/55/758 929/618/758
f 929/618/759 953/55/759 954/55/759 930/352/759
f 930/352/760 954/55/760 955/55/760 931/352/760
f 931/352/761 955/55/761 956/56/761 932/619/761
f 932/619/762 956/56/762 35/56/762 29/42/762
f 783/367/763 784/372/763 949/372/763 921/620/763
f 921/620/764 949/372/764 950/372/764 922/620/764
f 922/620/765 950/372/765 951/614/765 923/620/765
f 923/620/766 951/614/766 952/19/766 924/95/766
f 924/95/767 952/19/767 34/19/767 27/20/767
f 769/52/768 770/54/768 864/621/768 948/52/768
f 948/52/769 864/621/769 863/53/769 947/52/769
f 947/52/770 863/53/770 862/54/770 946/52/770
f 946/52/771 862/54/771 861/54/771 945/52/771
f 945/52/772 861/54/772 12/54/772 33/52/772
f 786/59/773 787/33/773 937/33/773 944/609/773
f 944/609/774 937/33/774 938/615/774 943/138/774
f 943/138/775 938/615/775 939/33/775 942/59/775
f 942/59/776 939/33/776 940/36/776 941/59/776
f 941/59/777 940/36/777 31/36/777 32/59/777
f 776/330/778 777/336/778 933/336/778 913/154/778
f 913/154/779 933/336/779 934/613/779 914/74/779
f 914/74/780 934/613/780 935/613/780 915/74/780
f 915/74/781 935/613/781 936/44/781 916/74/781
f 916/74/782 936/44/782 30/44/782 25/74/782
f 779/346/783 780/352/783 929/618/783 901/622/783
f 901/622/784 929/618/784 930/352/784 902/622/784
f 902/622/785 930/352/785 931/352/785 903/622/785
f 903/622/786 931/352/786 932/619/786 904/13/786
f 904/13/787 932/619/787 29/42/787 22/13/787
f 809/26/788 810/28/788 832/623/788 897/26/788
f 897/26/789 832/623/789 831/27/789 898/29/789
f 898/29/790 831/27/790 830/27/790 899/29/790
f 899/29/791 830/27/791 829/28/791 900/29/791
f 900/29/792 829/28/792 4/28/792 21/29/792
f 782/30/793 783/367/793 921/620/793 928/106/793
f 928/106/794 921/620/794 922/620/794 927/106/794
f 927/106/795 922/620/795 923/620/795 926/30/795
f 926/30/796 923/620/796 924/95/796 925/104/796
f 925/104/797 924/95/797 27/20/797 28/30/797
f 772/69/798 773/314/798 917/617/798 893/624/798
f 893/624/799 917/617/799 918/77/799 894/625/799
f 894/625/800 918/77/800 919/77/800 895/625/800
f 895/625/801 919/77/801 920/77/801 896/69/801
f 896/69/802 920/77/802 26/77/802 20/69/802
f 775/76/803 776/330/803 913/154/803 881/626/803
f 881/626/804 913/154/804 914/74/804 882/627/804
f 882/627/805 914/74/805 915/74/805 883/627/805
f 883/627/806 915/74/806 916/74/806 884/76/806
f 884/76/807 916/74/807 25/74/807 17/76/807
f 805/61/808 806/519/808 909/595/808 877/60/808
f 877/60/809 909/595/809 910/595/809 878/60/809
f 878/60/810 910/595/810 911/595/810 879/60/810
f 879/60/811 911/595/811 912/14/811 880/61/811
f 880/61/812 912/14/812 24/14/812 16/61/812
f 778/12/813 779/346/813 901/622/813 908/612/813
f 908/612/814 901/622/814 902/622/814 907/12/814
f 907/12/815 902/622/815 903/622/815 906/12/815
f 906/12/816 903/622/816 904/13/816 905/12/816
f 905/12/817 904/13/817 22/13/817 23/12/817
f 808/103/818 809/26/818 897/26/818 869/103/818
f 869/103/819 897/26/819 898/29/819 870/103/819
f 870/103/820 898/29/820 899/29/820 871/103/820
f 871/103/821 899/29/821 900/29/821 872/32/821
f 872/32/822 900/29/822 21/29/822 14/32/822
f 771/304/823 772/69/823 893/624/823 857/628/823
f 857/628/824 893/624/824 894/625/824 858/629/824
f 858/629/825 894/625/825 895/625/825 859/629/825
f 859/629/826 895/625/826 896/69/826 860/70/826
f 860/70/827 896/69/827 20/69/827 11/70/827
f 801/483/828 802/38/828 889/38/828 849/630/828
f 849/630/829 889/38/829 890/38/829 850/631/829
f 850/631/830 890/38/830 891/38/830 851/631/830
f 851/631/831 891/38/831 892/39/831 852/22/831
f 852/22/832 892/39/832 19/39/832 9/22/832
f 774/320/833 775/76/833 881/626/833 888/616/833
f 888/616/834 881/626/834 882/627/834 887/75/834
f 887/75/835 882/627/835 883/627/835 886/75/835
f 886/75/836 883/627/836 884/76/836 885/75/836
f 885/75/837 884/76/837 17/76/837 18/75/837
f 804/504/838 805/61/838 877/60/838 841/632/838
f 841/632/839 877/60/839 878/60/839 842/504/839
f 842/504/840 878/60/840 879/60/840 843/633/840
f 843/633/841 879/60/841 880/61/841 844/634/841
f 844/634/842 880/61/842 16/61/842 7/7/842
f 807/16/843 808/103/843 869/103/843 876/16/843
f 876/16/844 869/103/844 870/103/844 875/16/844
f 875/16/845 870/103/845 871/103/845 874/16/845
f 874/16/846 871/103/846 872/32/846 873/16/846
f 873/16/847 872/32/847 14/32/847 15/16/847
f 797/117/848 798/462/848 865/462/848 817/635/848
f 817/635/849 865/462/849 866/147/849 818/41/849
f 818/41/850 866/147/850 867/462/850 819/41/850
f 819/41/851 867/462/851 868/63/851 820/41/851
f 820/41/852 868/63/852 13/63/852 1/41/852
f 770/54/853 771/304/853 857/628/853 864/621/853
f 864/621/854 857/628/854 858/629/854 863/53/854
f 863/53/855 858/629/855 859/629/855 862/54/855
f 862/54/856 859/629/856 860/70/856 861/54/856
f 861/54/857 860/70/857 11/70/857 12/54/857
f 800/94/858 801/483/858 849/630/858 856/94/858
f 856/94/859 849/630/859 850/631/859 855/94/859
f 855/94/860 850/631/860 851/631/860 854/94/860
f 854/94/861 851/631/861 852/22/861 853/94/861
f 853/94/862 852/22/862 9/22/862 10/23/862
f 803/78/863 804/504/863 841/632/863 848/78/863
f 848/78/864 841/632/864 842/504/864 847/78/864
f 847/78/865 842/504/865 843/633/865 846/78/865
f 846/78/866 843/633/866 844/634/866 845/8/866
f 845/8/867 844/634/867 7/7/867 8/8/867
f 793/432/868 794/431/868 833/57/868 840/596/868
f 840/596/869 833/57/869 834/57/869 839/432/869
f 839/432/870 834/57/870 835/57/870 838/432/870
f 838/432/871 835/57/871 836/57/871 837/432/871
f 837/432/872 836/57/872 5/57/872 6/3/872
f 810/28/873 811/553/873 825/553/873 832/623/873
f 832/623/874 825/553/874 826/553/874 831/27/874
f 831/27/875 826/553/875 827/553/875 830/27/875
f 830/27/876 827/553/876 828/72/876 829/28/876
f 829/28/877 828/72/877 3/72/877 4/28/877
f 796/40/878 797/117/878 817/635/878 824/598/878
f 824/598/879 817/635/879 818/41/879 823/40/879
f 823/40/880 818/41/880 819/41/880 822/40/880
f 822/40/881 819/41/881 820/41/881 821/40/881
f 821/40/882 820/41/882 1/41/882 2/40/882
f 1009/636/883 1015/637/883 1016/638/883 1010/639/883
f 1010/639/884 1016/638/884 1017/640/884 1011/641/884
f 1264/642/885 1270/642/885 1515/643/885 1510/644/885
f 1013/645/886 1019/646/886 1020/647/886 1014/648/886
f 1014/648/887 1020/647/887 1015/637/887 1009/636/887
f 1015/637/888 1021/649/888 1022/650/888 1016/638/888
f 1016/638/889 1022/650/889 1023/651/889 1017/640/889
f 1258/642/890 1264/642/890 1510/644/890 1505/652/890
f 1019/646/891 1025/653/891 1026/654/891 1020/647/891
f 1020/647/892 1026/654/892 1021/649/892 1015/637/892
f 1021/649/893 1027/655/893 1028/656/893 1022/650/893
f 1022/650/894 1028/656/894 1029/657/894 1023/651/894
f 1252/642/895 1258/642/895 1505/652/895 1500/658/895
f 1025/653/896 1031/659/896 1032/660/896 1026/654/896
f 1026/654/897 1032/660/897 1027/655/897 1021/649/897
f 1027/655/898 1033/661/898 1034/662/898 1028/656/898
f 1028/656/899 1034/662/899 1035/663/899 1029/657/899
f 1246/642/900 1252/642/900 1500/658/900 1495/664/900
f 1031/659/901 1037/665/901 1038/666/901 1032/660/901
f 1032/660/902 1038/666/902 1033/661/902 1027/655/902
f 1033/661/903 1039/667/903 1040/668/903 1034/662/903
f 1034/662/904 1040/668/904 1041/669/904 1035/663/904
f 1240/642/905 1246/642/905 1495/664/905 1490/670/905
f 1037/665/906 1043/671/906 1044/672/906 1038/666/906
f 1038/666/907 1044/672/907 1039/667/907 1033/661/907
f 1039/667/908 1045/673/908 1046/674/908 1040/668/908
f 1040/668/909 1046/674/909 1047/675/909 1041/669/909
f 1234/642/910 1240/642/910 1490/670/910 1485/676/910
f 1043/671/911 1049/677/911 1050/678/911 1044/672/911
f 1044/672/912 1050/678/912 1045/673/912 1039/667/912
f 1045/673/913 1051/679/913 1052/680/913 1046/674/913
f 1046/674/914 1052/680/914 1053/681/914 1047/675/914
f 1228/642/915 1234/642/915 1485/676/915 1480/682/915
f 1049/677/916 1055/683/916 1056/684/916 1050/678/916
f 1050/678/917 1056/684/917 1051/679/917 1045/673/917
f 1051/679/918 1057/685/918 1058/686/918 1052/680/918
f 1052/680/919 1058/686/919 1059/687/919 1053/681/919
f 1222/642/920 1228/642/920 1480/682/920 1475/688/920
f 1055/683/921 1061/689/921 1062/690/921 1056/684/921
f 1056/684/922 1062/690/922 1057/685/922 1051/679/922
f 1057/685/923 1063/691/923 1064/692/923 1058/686/923
f 1058/686/924 1064/692/924 1065/693/924 1059/687/924
f 1216/642/925 1222/642/925 1475/688/925 1470/694/925
f 1061/689/926 1067/695/926 1068/696/926 1062/690/926
f 1062/690/927 1068/696/927 1063/691/927 1057/685/927
f 1063/691/928 1069/697/928 1070/698/928 1064/692/928
f 1064/692/929 1070/698/929 1071/699/929 1065/693/929
f 1210/642/930 1216/642/930 1470/694/930 1465/700/930
f 1067/695/931 1073/701/931 1074/702/931 1068/696/931
f 1068/696/932 1074/702/932 1069/697/932 1063/691/932
f 1069/697/933 1075/703/933 1076/704/933 1070/698/933
f 1070/698/934 1076/704/934 1077/705/934 1071/699/934
f 1204/642/935 1210/642/935 1465/700/935 1460/706/935
f 1073/701/936 1079/707/936 1080/708/936 1074/702/936
f 1074/702/937 1080/708/937 1075/703/937 1069/697/937
f 1075/703/938 1081/709/938 1082/710/938 1076/704/938
f 1076/704/939 1082/710/939 1083/711/939 1077/705/939
f 1198/642/940 1204/642/940 1460/706/940 1455/712/940
f 1079/707/941 1085/713/941 1086/714/941 1080/708/941
f 1080/708/942 1086/714/942 1081/709/942 1075/703/942
f 1081/709/943 1087/715/943 1088/716/943 1082/710/943
f 1082/710/944 1088/716/944 1089/717/944 1083/711/944
f 1192/642/945 1198/642/945 1455/712/945 1450/718/945
f 1085/713/946 1091/719/946 1092/720/946 1086/714/946
f 1086/714/947 1092/720/947 1087/715/947 1081/709/947
f 1087/715/948 1093/721/948 1094/722/948 1088/716/948
f 1088/716/949 1094/722/949 1095/723/949 1089/717/949
f 1186/642/950 1192/642/950 1450/718/950 1445/724/950
f 1091/719/951 1097/725/951 1098/726/951 1092/720/951
f 1092/720/952 1098/726/952 1093/721/952 1087/715/952
f 1093/721/953 1099/727/953 1100/728/953 1094/722/953
f 1094/722/954 1100/728/954 1101/729/954 1095/723/954
f 1180/642/955 1186/642/955 1445/724/955 1440/730/955
f 1097/725/956 1103/731/956 1104/732/956 1098/726/956
f 1098/726/957 1104/732/957 1099/727/957 1093/721/957
f 1099/727/958 1105/733/958 1106/734/958 1100/728/958
f 1100/728/959 1106/734/959 1107/735/959 1101/729/959
f 1174/642/960 1180/642/960 1440/730/960 1435/736/960
f 1103/731/961 1109/737/961 1110/738/961 1104/732/961
f 1104/732/962 1110/738/962 1105/733/962 1099/727/962
f 1105/733/963 1111/739/963 1112/740/963 1106/734/963
f 1106/734/964 1112/740/964 1113/741/964 1107/735/964
f 1168/642/965 1174/642/965 1435/736/965 1430/742/965
f 1109/737/966 1115/743/966 1116/744/966 1110/738/966
f 1110/738/967 1116/744/967 1111/739/967 1105/733/967
f 1111/739/968 1117/745/968 1118/746/968 1112/740/968
f 1112/740/969 1118/746/969 1119/747/969 1113/741/969
f 1115/743/970 1121/748/970 1122/749/970 1116/744/970
f 1116/744/971 1122/749/971 1117/745/971 1111/739/971
f 1117/745/972 1123/750/972 1124/751/972 1118/746/972
f 1118/746/973 1124/751/973 1125/752/973 1119/747/973
f 1162/642/974 1168/642/974 1430/742/974 1425/753/974
f 1121/748/975 1127/754/975 1128/755/975 1122/749/975
f 1122/749/976 1128/755/976 1123/750/976 1117/745/976
f 1123/750/977 1129/756/977 1130/757/977 1124/751/977
f 1124/751/978 1130/757/978 1131/758/978 1125/752/978
f 1156/642/979 1162/642/979 1425/753/979 1420/759/979
f 1127/754/980 1133/760/980 1134/761/980 1128/755/980
f 1128/755/981 1134/761/981 1129/756/981 1123/750/981
f 1129/756/982 1135/762/982 1136/763/982 1130/757/982
f 1130/757/983 1136/763/983 1137/764/983 1131/758/983
f 1150/642/984 1156/642/984 1420/765/984 1415/766/984
f 1133/760/985 1139/767/985 1140/768/985 1134/761/985
f 1134/761/986 1140/768/986 1135/762/986 1129/756/986
f 1135/762/987 1141/769/987 1142/770/987 1136/763/987
f 1136/763/988 1142/770/988 1143/771/988 1137/764/988
f 1144/642/989 1150/642/989 1415/766/989 1410/772/989
f 1139/767/990 1145/772/990 1146/773/990 1140/768/990
f 1140/768/991 1146/773/991 1141/769/991 1135/762/991
f 1141/769/992 1147/774/992 1148/775/992 1142/770/992
f 1142/770/993 1148/775/993 1149/776/993 1143/771/993
f 1138/642/994 1144/642/994 1410/772/994 1405/767/994
f 1145/772/995 1151/766/995 1152/777/995 1146/773/995
f 1146/773/996 1152/777/996 1147/774/996 1141/769/996
f 1147/774/997 1153/778/997 1154/779/997 1148/775/997
f 1148/775/998 1154/779/998 1155/780/998 1149/776/998
f 1132/642/999 1138/642/999 1405/767/999 1400/760/999
f 1151/766/1000 1157/765/1000 1158/781/1000 1152/777/1000
f 1152/777/1001 1158/781/1001 1153/778/1001 1147/774/1001
f 1153/782/1002 1159/783/1002 1160/784/1002 1154/785/1002
f 1154/785/1003 1160/784/1003 1161/786/1003 1155/787/1003
f 1126/642/1004 1132/642/1004 1400/760/1004 1395/754/1004
f 1157/759/1005 1163/753/1005 1164/788/1005 1158/789/1005
f 1158/789/1006 1164/788/1006 1159/783/1006 1153/782/1006
f 1159/783/1007 1165/790/1007 1166/791/1007 1160/784/1007
f 1160/784/1008 1166/791/1008 1167/792/1008 1161/786/1008
f 1120/642/1009 1126/642/1009 1395/754/1009 1390/748/1009
f 1163/753/1010 1169/742/1010 1170/793/1010 1164/788/1010
f 1164/788/1011 1170/793/1011 1165/790/1011 1159/783/1011
f 1165/790/1012 1171/794/1012 1172/795/1012 1166/791/1012
f 1166/791/1013 1172/795/1013 1173/796/1013 1167/792/1013
f 1114/642/1014 1120/642/1014 1390/748/1014 1385/743/1014
f 1169/742/1015 1175/736/1015 1176/797/1015 1170/793/1015
f 1170/793/1016 1176/797/1016 1171/794/1016 1165/790/1016
f 1171/794/1017 1177/798/1017 1178/799/1017 1172/795/1017
f 1172/795/1018 1178/799/1018 1179/800/1018 1173/796/1018
f 1108/642/1019 1114/642/1019 1385/743/1019 1380/737/1019
f 1175/736/1020 1181/730/1020 1182/801/1020 1176/797/1020
f 1176/797/1021 1182/801/1021 1177/798/1021 1171/794/1021
f 1177/798/1022 1183/802/1022 1184/803/1022 1178/799/1022
f 1178/799/1023 1184/803/1023 1185/804/1023 1179/800/1023
f 1102/642/1024 1108/642/1024 1380/737/1024 1375/731/1024
f 1181/730/1025 1187/724/1025 1188/805/1025 1182/801/1025
f 1182/801/1026 1188/805/1026 1183/802/1026 1177/798/1026
f 1183/802/1027 1189/806/1027 1190/807/1027 1184/803/1027
f 1184/803/1028 1190/807/1028 1191/808/1028 1185/804/1028
f 1096/642/1029 1102/642/1029 1375/731/1029 1370/725/1029
f 1187/724/1030 1193/718/1030 1194/809/1030 1188/805/1030
f 1188/805/1031 1194/809/1031 1189/806/1031 1183/802/1031
f 1189/806/1032 1195/810/1032 1196/811/1032 1190/807/1032
f 1190/807/1033 1196/811/1033 1197/812/1033 1191/808/1033
f 1090/642/1034 1096/642/1034 1370/725/1034 1365/719/1034
f 1193/718/1035 1199/712/1035 1200/813/1035 1194/809/1035
f 1194/809/1036 1200/813/1036 1195/810/1036 1189/806/1036
f 1195/810/1037 1201/814/1037 1202/815/1037 1196/811/1037
f 1196/811/1038 1202/815/1038 1203/816/1038 1197/812/1038
f 1084/642/1039 1090/642/1039 1365/719/1039 1360/713/1039
f 1199/712/1040 1205/706/1040 1206/817/1040 1200/813/1040
f 1200/813/1041 1206/817/1041 1201/814/1041 1195/810/1041
f 1201/814/1042 1207/818/1042 1208/819/1042 1202/815/1042
f 1202/815/1043 1208/819/1043 1209/820/1043 1203/816/1043
f 1078/642/1044 1084/642/1044 1360/713/1044 1355/707/1044
f 1205/706/1045 1211/700/1045 1212/821/1045 1206/817/1045
f 1206/817/1046 1212/821/1046 1207/818/1046 1201/814/1046
f 1207/818/1047 1213/822/1047 1214/823/1047 1208/819/1047
f 1208/819/1048 1214/823/1048 1215/824/1048 1209/820/1048
f 1072/642/1049 1078/642/1049 1355/707/1049 1350/701/1049
f 1211/700/1050 1217/694/1050 1218/825/1050 1212/821/1050
f 1212/821/1051 1218/825/1051 1213/822/1051 1207/818/1051
f 1213/822/1052 1219/826/1052 1220/827/1052 1214/823/1052
f 1214/823/1053 1220/827/1053 1221/828/1053 1215/824/1053
f 1066/642/1054 1072/642/1054 1350/701/1054 1345/695/1054
f 1217/694/1055 1223/688/1055 1224/829/1055 1218/825/1055
f 1218/825/1056 1224/829/1056 1219/826/1056 1213/822/1056
f 1219/826/1057 1225/830/1057 1226/831/1057 1220/827/1057
f 1220/827/1058 1226/831/1058 1227/832/1058 1221/828/1058
f 1060/642/1059 1066/642/1059 1345/695/1059 1340/689/1059
f 1223/688/1060 1229/682/1060 1230/833/1060 1224/829/1060
f 1224/829/1061 1230/833/1061 1225/830/1061 1219/826/1061
f 1225/830/1062 1231/834/1062 1232/835/1062 1226/831/1062
f 1226/831/1063 1232/835/1063 1233/836/1063 1227/832/1063
f 1054/642/1064 1060/642/1064 1340/689/1064 1335/683/1064
f 1229/682/1065 1235/676/1065 1236/837/1065 1230/833/1065
f 1230/833/1066 1236/837/1066 1231/834/1066 1225/830/1066
f 1231/834/1067 1237/838/1067 1238/839/1067 1232/835/1067
f 1232/835/1068 1238/839/1068 1239/840/1068 1233/836/1068
f 1048/642/1069 1054/642/1069 1335/683/1069 1330/677/1069
f 1235/676/1070 1241/670/1070 1242/841/1070 1236/837/1070
f 1236/837/1071 1242/841/1071 1237/838/1071 1231/834/1071
f 1237/838/1072 1243/842/1072 1244/843/1072 1238/839/1072
f 1238/839/1073 1244/843/1073 1245/844/1073 1239/840/1073
f 1042/642/1074 1048/642/1074 1330/677/1074 1325/671/1074
f 1241/670/1075 1247/664/1075 1248/845/1075 1242/841/1075
f 1242/841/1076 1248/845/1076 1243/842/1076 1237/838/1076
f 1243/842/1077 1249/846/1077 1250/847/1077 1244/843/1077
f 1244/843/1078 1250/847/1078 1251/848/1078 1245/844/1078
f 1036/642/1079 1042/642/1079 1325/671/1079 1320/665/1079
f 1247/664/1080 1253/658/1080 1254/849/1080 1248/845/1080
f 1248/845/1081 1254/849/1081 1249/846/1081 1243/842/1081
f 1249/846/1082 1255/850/1082 1256/851/1082 1250/847/1082
f 1250/847/1083 1256/851/1083 1257/852/1083 1251/848/1083
f 1030/642/1084 1036/642/1084 1320/665/1084 1315/659/1084
f 1253/658/1085 1259/652/1085 1260/853/1085 1254/849/1085
f 1254/849/1086 1260/853/1086 1255/850/1086 1249/846/1086
f 1255/850/1087 1261/854/1087 1262/855/1087 1256/851/1087
f 1256/851/1088 1262/855/1088 1263/856/1088 1257/852/1088
f 1024/642/1089 1030/642/1089 1315/659/1089 1310/653/1089
f 1259/652/1090 1265/644/1090 1266/857/1090 1260/853/1090
f 1260/853/1091 1266/857/1091 1261/854/1091 1255/850/1091
f 1261/854/1092 1267/858/1092 1268/859/1092 1262/855/1092
f 1262/855/1093 1268/859/1093 1269/860/1093 1263/856/1093
f 1018/642/1094 1024/642/1094 1310/653/1094 1305/646/1094
f 1265/644/1095 1271/643/1095 1272/861/1095 1266/857/1095
f 1266/857/1096 1272/861/1096 1267/858/1096 1261/854/1096
f 1267/858/1097 1273/862/1097 1274/863/1097 1268/859/1097
f 1268/859/1098 1274/863/1098 1275/864/1098 1269/860/1098
f 1012/642/1099 1018/642/1099 1305/646/1099 1300/645/1099
f 1271/643/1100 1277/865/1100 1278/866/1100 1272/861/1100
f 1272/861/1101 1278/866/1101 1273/862/1101 1267/858/1101
f 1273/862/1102 1279/867/1102 1280/868/1102 1274/863/1102
f 1274/863/1103 1280/868/1103 1281/869/1103 1275/864/1103
f 1294/642/1104 1012/642/1104 1300/645/1104 1535/870/1104
f 1277/865/1105 1283/871/1105 1284/872/1105 1278/866/1105
f 1278/866/1106 1284/872/1106 1279/867/1106 1273/862/1106
f 1279/867/1107 1285/873/1107 1286/874/1107 1280/868/1107
f 1280/868/1108 1286/874/1108 1287/875/1108 1281/869/1108
f 1288/642/1109 1294/642/1109 1535/870/1109 1530/876/1109
f 1283/871/1110 1289/876/1110 1290/877/1110 1284/872/1110
f 1284/872/1111 1290/877/1111 1285/873/1111 1279/867/1111
f 1285/873/1112 1291/878/1112 1292/879/1112 1286/874/1112
f 1286/874/1113 1292/879/1113 1293/880/1113 1287/875/1113
f 1282/642/1114 1288/642/1114 1530/876/1114 1525/871/1114
f 1289/876/1115 1295/870/1115 1296/881/1115 1290/877/1115
f 1290/877/1116 1296/881/1116 1291/878/1116 1285/873/1116
f 1291/878/1117 1009/636/1117 1010/639/1117 1292/879/1117
f 1292/879/1118 1010/639/1118 1011/641/1118 1293/880/1118
f 1276/642/1119 1282/642/1119 1525/871/1119 1520/865/1119
f 1295/870/1120 1013/645/1120 1014/648/1120 1296/881/1120
f 1296/881/1121 1014/648/1121 1009/636/1121 1291/878/1121
f 1175/736/1122 1169/742/1122 46/67/1122 95/40/1122
f 1169/742/1123 1163/753/1123 92/57/1123 46/67/1123
f 1163/753/1124 1157/759/1124 91/3/1124 92/57/1124
f 1157/765/1125 1151/766/1125 43/4/1125 91/3/1125
f 1151/766/1126 1145/772/1126 51/10/1126 43/4/1126
f 1145/772/1127 1139/767/1127 50/11/1127 51/10/1127
f 1139/767/1128 1133/760/1128 52/37/1128 50/11/1128
f 1133/760/1129 1127/754/1129 56/35/1129 52/37/1129
f 1127/754/1130 1121/748/1130 62/36/1130 56/35/1130
f 1121/748/1131 1115/743/1131 61/59/1131 62/36/1131
f 1115/743/1132 1109/737/1132 55/25/1132 61/59/1132
f 1109/737/1133 1103/731/1133 59/19/1133 55/25/1133
f 1103/731/1134 1097/725/1134 67/20/1134 59/19/1134
f 1097/725/1135 1091/719/1135 66/30/1135 67/20/1135
f 1091/719/1136 1085/713/1136 58/56/1136 66/30/1136
f 1085/713/1137 1079/707/1137 64/42/1137 58/56/1137
f 1079/707/1138 1073/701/1138 72/13/1138 64/42/1138
f 1073/701/1139 1067/695/1139 71/12/1139 72/13/1139
f 1067/695/1140 1061/689/1140 63/44/1140 71/12/1140
f 1061/689/1141 1055/683/1141 69/74/1141 63/44/1141
f 1055/683/1142 1049/677/1142 78/76/1142 69/74/1142
f 1049/677/1143 1043/671/1143 77/75/1143 78/76/1143
f 1043/671/1144 1037/665/1144 68/77/1144 77/75/1144
f 1037/665/1145 1031/659/1145 75/69/1145 68/77/1145
f 1031/659/1146 1025/653/1146 85/70/1146 75/69/1146
f 1025/653/1147 1019/646/1147 84/54/1147 85/70/1147
f 1019/646/1148 1013/645/1148 60/52/1148 84/54/1148
f 1013/645/1149 1295/870/1149 45/47/1149 60/52/1149
f 1295/870/1150 1289/876/1150 54/48/1150 45/47/1150
f 1289/876/1151 1283/871/1151 53/62/1151 54/48/1151
f 1283/871/1152 1277/865/1152 42/50/1152 53/62/1152
f 1277/865/1153 1271/643/1153 47/51/1153 42/50/1153
f 1271/643/1154 1265/644/1154 94/72/1154 47/51/1154
f 1265/644/1155 1259/652/1155 93/28/1155 94/72/1155
f 1259/652/1156 1253/658/1156 74/29/1156 93/28/1156
f 1253/658/1157 1247/664/1157 82/32/1157 74/29/1157
f 1247/664/1158 1241/670/1158 80/16/1158 82/32/1158
f 1241/670/1159 1235/676/1159 70/14/1159 80/16/1159
f 1235/676/1160 1229/682/1160 79/61/1160 70/14/1160
f 1229/682/1161 1223/688/1161 90/7/1161 79/61/1161
f 1223/688/1162 1217/694/1162 88/8/1162 90/7/1162
f 1217/694/1163 1211/700/1163 76/39/1163 88/8/1163
f 1211/700/1164 1205/706/1164 87/22/1164 76/39/1164
f 1205/706/1165 1199/712/1165 86/23/1165 87/22/1165
f 1199/712/1166 1193/718/1166 44/65/1166 86/23/1166
f 1193/718/1167 1187/724/1167 83/63/1167 44/65/1167
f 1187/724/1168 1181/730/1168 96/41/1168 83/63/1168
f 1181/730/1169 1175/736/1169 95/40/1169 96/41/1169
f 1270/642/1170 1276/642/1170 1520/865/1170 1515/643/1170
f 1297/636/883 1302/637/883 1303/638/883 1298/639/883
f 1298/639/884 1303/638/884 1304/640/884 1299/641/884
f 1329/675/1171 1334/681/1171 1564/681/1171 1576/675/1171
f 1300/645/886 1305/646/886 1306/647/886 1301/648/886
f 1301/648/887 1306/647/887 1302/637/887 1297/636/887
f 1302/637/888 1307/649/888 1308/650/888 1303/638/888
f 1303/638/889 1308/650/889 1309/651/889 1304/640/889
f 1429/792/1172 1434/796/1172 1569/796/1172 1581/792/1172
f 1305/646/891 1310/653/891 1311/654/891 1306/647/891
f 1306/647/892 1311/654/892 1307/649/892 1302/637/892
f 1307/649/893 1312/655/893 1313/656/893 1308/650/893
f 1308/650/894 1313/656/894 1314/657/894 1309/651/894
f 1310/653/1173 1315/659/1173 1316/660/1173 1311/654/1173
f 1311/654/897 1316/660/897 1312/655/897 1307/649/897
f 1312/655/898 1317/661/898 1318/662/898 1313/656/898
f 1313/656/899 1318/662/899 1319/663/899 1314/657/899
f 1324/669/1174 1329/675/1174 1576/675/1174 1543/669/1174
f 1315/659/901 1320/665/901 1321/666/901 1316/660/901
f 1316/660/902 1321/666/902 1317/661/902 1312/655/902
f 1317/661/903 1322/667/903 1323/668/903 1318/662/903
f 1318/662/904 1323/668/904 1324/669/904 1319/663/904
f 1434/796/1175 1439/800/1175 1554/800/1175 1569/796/1175
f 1320/665/906 1325/671/906 1326/672/906 1321/666/906
f 1321/666/907 1326/672/907 1322/667/907 1317/661/907
f 1322/667/908 1327/673/908 1328/674/908 1323/668/908
f 1323/668/909 1328/674/909 1329/675/909 1324/669/909
f 1519/864/1176 1524/869/1176 1538/869/1176 1537/864/1176
f 1325/671/911 1330/677/911 1331/678/911 1326/672/911
f 1326/672/912 1331/678/912 1327/673/912 1322/667/912
f 1327/673/913 1332/679/913 1333/680/913 1328/674/913
f 1328/674/914 1333/680/914 1334/681/914 1329/675/914
f 1330/677/916 1335/683/916 1336/684/916 1331/678/916
f 1331/678/917 1336/684/917 1332/679/917 1327/673/917
f 1332/679/918 1337/685/918 1338/686/918 1333/680/918
f 1333/680/919 1338/686/919 1339/687/919 1334/681/919
f 1335/683/921 1340/689/921 1341/690/921 1336/684/921
f 1336/684/922 1341/690/922 1337/685/922 1332/679/922
f 1337/685/923 1342/691/923 1343/692/923 1338/686/923
f 1338/686/924 1343/692/924 1344/693/924 1339/687/924
f 1340/689/926 1345/695/926 1346/696/926 1341/690/926
f 1341/690/927 1346/696/927 1342/691/927 1337/685/927
f 1342/691/928 1347/697/928 1348/698/928 1343/692/928
f 1343/692/929 1348/698/929 1349/699/929 1344/693/929
f 1514/860/1177 1519/864/1177 1537/864/1177 1562/860/1177
f 1345/695/931 1350/701/931 1351/702/931 1346/696/931
f 1346/696/932 1351/702/932 1347/697/932 1342/691/932
f 1347/697/933 1352/703/933 1353/704/933 1348/698/933
f 1348/698/934 1353/704/934 1354/705/934 1349/699/934
f 1350/701/936 1355/707/936 1356/708/936 1351/702/936
f 1351/702/937 1356/708/937 1352/703/937 1347/697/937
f 1352/703/938 1357/709/938 1358/710/938 1353/704/938
f 1353/704/939 1358/710/939 1359/711/939 1354/705/939
f 1355/707/941 1360/713/941 1361/714/941 1356/708/941
f 1356/708/942 1361/714/942 1357/709/942 1352/703/942
f 1357/709/943 1362/715/943 1363/716/943 1358/710/943
f 1358/710/944 1363/716/944 1364/717/944 1359/711/944
f 1360/713/946 1365/719/946 1366/720/946 1361/714/946
f 1361/714/947 1366/720/947 1362/715/947 1357/709/947
f 1362/715/948 1367/721/948 1368/722/948 1363/716/948
f 1363/716/949 1368/722/949 1369/723/949 1364/717/949
f 1365/719/951 1370/725/951 1371/726/951 1366/720/951
f 1366/720/952 1371/726/952 1367/721/952 1362/715/952
f 1367/721/953 1372/727/953 1373/728/953 1368/722/953
f 1368/722/954 1373/728/954 1374/729/954 1369/723/954
f 1319/663/1178 1324/669/1178 1543/669/1178 1542/663/1178
f 1370/725/956 1375/731/956 1376/732/956 1371/726/956
f 1371/726/957 1376/732/957 1372/727/957 1367/721/957
f 1372/727/958 1377/733/958 1378/734/958 1373/728/958
f 1373/728/959 1378/734/959 1379/735/959 1374/729/959
f 1375/731/961 1380/737/961 1381/738/961 1376/732/961
f 1376/732/962 1381/738/962 1377/733/962 1372/727/962
f 1377/733/963 1382/739/963 1383/740/963 1378/734/963
f 1378/734/964 1383/740/964 1384/741/964 1379/735/964
f 1424/786/1179 1429/792/1179 1581/792/1179 1553/786/1179
f 1380/737/966 1385/743/966 1386/744/966 1381/738/966
f 1381/738/967 1386/744/967 1382/739/967 1377/733/967
f 1382/739/968 1387/745/968 1388/746/968 1383/740/968
f 1383/740/969 1388/746/969 1389/747/969 1384/741/969
f 1385/743/970 1390/748/970 1391/749/970 1386/744/970
f 1386/744/971 1391/749/971 1387/745/971 1382/739/971
f 1387/745/972 1392/750/972 1393/751/972 1388/746/972
f 1388/746/973 1393/751/973 1394/752/973 1389/747/973
f 1390/748/975 1395/754/975 1396/755/975 1391/749/975
f 1391/749/976 1396/755/976 1392/750/976 1387/745/976
f 1392/750/977 1397/756/977 1398/757/977 1393/751/977
f 1393/751/978 1398/757/978 1399/758/978 1394/752/978
f 1509/856/1180 1514/860/1180 1562/860/1180 1573/856/1180
f 1395/754/980 1400/760/980 1401/761/980 1396/755/980
f 1396/755/981 1401/761/981 1397/756/981 1392/750/981
f 1397/756/982 1402/762/982 1403/763/982 1398/757/982
f 1398/757/983 1403/763/983 1404/764/983 1399/758/983
f 1400/760/985 1405/767/985 1406/768/985 1401/761/985
f 1401/761/986 1406/768/986 1402/762/986 1397/756/986
f 1402/762/987 1407/769/987 1408/770/987 1403/763/987
f 1403/763/988 1408/770/988 1409/771/988 1404/764/988
f 1405/767/990 1410/772/990 1411/773/990 1406/768/990
f 1406/768/991 1411/773/991 1407/769/991 1402/762/991
f 1407/769/992 1412/774/992 1413/775/992 1408/770/992
f 1408/770/993 1413/775/993 1414/776/993 1409/771/993
f 1410/772/995 1415/766/995 1416/777/995 1411/773/995
f 1411/773/996 1416/777/996 1412/774/996 1407/769/996
f 1412/774/997 1417/778/997 1418/779/997 1413/775/997
f 1413/775/998 1418/779/998 1419/780/998 1414/776/998
f 1504/852/1181 1509/856/1181 1573/856/1181 1561/852/1181
f 1415/766/1000 1420/765/1000 1421/781/1000 1416/777/1000
f 1416/777/1001 1421/781/1001 1417/778/1001 1412/774/1001
f 1417/782/1002 1422/783/1002 1423/784/1002 1418/785/1002
f 1418/785/1003 1423/784/1003 1424/786/1003 1419/787/1003
f 1419/787/1182 1424/786/1182 1553/786/1182 1552/787/1182
f 1420/759/1005 1425/753/1005 1426/788/1005 1421/789/1005
f 1421/789/1006 1426/788/1006 1422/783/1006 1417/782/1006
f 1422/783/1007 1427/790/1007 1428/791/1007 1423/784/1007
f 1423/784/1008 1428/791/1008 1429/792/1008 1424/786/1008
f 1425/753/1010 1430/742/1010 1431/793/1010 1426/788/1010
f 1426/788/1011 1431/793/1011 1427/790/1011 1422/783/1011
f 1427/790/1012 1432/794/1012 1433/795/1012 1428/791/1012
f 1428/791/1013 1433/795/1013 1434/796/1013 1429/792/1013
f 1314/657/1183 1319/663/1183 1542/663/1183 1563/657/1183
f 1430/742/1015 1435/736/1015 1436/797/1015 1431/793/1015
f 1431/793/1016 1436/797/1016 1432/794/1016 1427/790/1016
f 1432/794/1017 1437/798/1017 1438/799/1017 1433/795/1017
f 1433/795/1018 1438/799/1018 1439/800/1018 1434/796/1018
f 1309/651/1184 1314/657/1184 1563/657/1184 1575/651/1184
f 1435/736/1020 1440/730/1020 1441/801/1020 1436/797/1020
f 1436/797/1021 1441/801/1021 1437/798/1021 1432/794/1021
f 1437/798/1022 1442/802/1022 1443/803/1022 1438/799/1022
f 1438/799/1023 1443/803/1023 1444/804/1023 1439/800/1023
f 1499/848/1185 1504/852/1185 1561/852/1185 1560/848/1185
f 1440/730/1025 1445/724/1025 1446/805/1025 1441/801/1025
f 1441/801/1026 1446/805/1026 1442/802/1026 1437/798/1026
f 1442/802/1027 1447/806/1027 1448/807/1027 1443/803/1027
f 1443/803/1028 1448/807/1028 1449/808/1028 1444/804/1028
f 1445/724/1030 1450/718/1030 1451/809/1030 1446/805/1030
f 1446/805/1031 1451/809/1031 1447/806/1031 1442/802/1031
f 1447/806/1032 1452/810/1032 1453/811/1032 1448/807/1032
f 1448/807/1033 1453/811/1033 1454/812/1033 1449/808/1033
f 1450/718/1035 1455/712/1035 1456/813/1035 1451/809/1035
f 1451/809/1036 1456/813/1036 1452/810/1036 1447/806/1036
f 1452/810/1037 1457/814/1037 1458/815/1037 1453/811/1037
f 1453/811/1038 1458/815/1038 1459/816/1038 1454/812/1038
f 1455/712/1040 1460/706/1040 1461/817/1040 1456/813/1040
f 1456/813/1041 1461/817/1041 1457/814/1041 1452/810/1041
f 1457/814/1042 1462/818/1042 1463/819/1042 1458/815/1042
f 1458/815/1043 1463/819/1043 1464/820/1043 1459/816/1043
f 1414/776/1186 1419/780/1186 1552/780/1186 1568/776/1186
f 1460/706/1045 1465/700/1045 1466/821/1045 1461/817/1045
f 1461/817/1046 1466/821/1046 1462/818/1046 1457/814/1046
f 1462/818/1047 1467/822/1047 1468/823/1047 1463/819/1047
f 1463/819/1048 1468/823/1048 1469/824/1048 1464/820/1048
f 1409/771/1187 1414/776/1187 1568/776/1187 1580/771/1187
f 1465/700/1050 1470/694/1050 1471/825/1050 1466/821/1050
f 1466/821/1051 1471/825/1051 1467/822/1051 1462/818/1051
f 1467/822/1052 1472/826/1052 1473/827/1052 1468/823/1052
f 1468/823/1053 1473/827/1053 1474/828/1053 1469/824/1053
f 1494/844/1188 1499/848/1188 1560/848/1188 1572/844/1188
f 1470/694/1055 1475/688/1055 1476/829/1055 1471/825/1055
f 1471/825/1056 1476/829/1056 1472/826/1056 1467/822/1056
f 1472/826/1057 1477/830/1057 1478/831/1057 1473/827/1057
f 1473/827/1058 1478/831/1058 1479/832/1058 1474/828/1058
f 1489/840/1189 1494/844/1189 1572/844/1189 1584/840/1189
f 1475/688/1060 1480/682/1060 1481/833/1060 1476/829/1060
f 1476/829/1061 1481/833/1061 1477/830/1061 1472/826/1061
f 1477/830/1062 1482/834/1062 1483/835/1062 1478/831/1062
f 1478/831/1063 1483/835/1063 1484/836/1063 1479/832/1063
f 1480/682/1065 1485/676/1065 1486/837/1065 1481/833/1065
f 1481/833/1066 1486/837/1066 1482/834/1066 1477/830/1066
f 1482/834/1067 1487/838/1067 1488/839/1067 1483/835/1067
f 1483/835/1068 1488/839/1068 1489/840/1068 1484/836/1068
f 1485/676/1070 1490/670/1070 1491/841/1070 1486/837/1070
f 1486/837/1071 1491/841/1071 1487/838/1071 1482/834/1071
f 1487/838/1072 1492/842/1072 1493/843/1072 1488/839/1072
f 1488/839/1073 1493/843/1073 1494/844/1073 1489/840/1073
f 1490/670/1075 1495/664/1075 1496/845/1075 1491/841/1075
f 1491/841/1076 1496/845/1076 1492/842/1076 1487/838/1076
f 1492/842/1077 1497/846/1077 1498/847/1077 1493/843/1077
f 1493/843/1078 1498/847/1078 1499/848/1078 1494/844/1078
f 1495/664/1080 1500/658/1080 1501/849/1080 1496/845/1080
f 1496/845/1081 1501/849/1081 1497/846/1081 1492/842/1081
f 1497/846/1082 1502/850/1082 1503/851/1082 1498/847/1082
f 1498/847/1083 1503/851/1083 1504/852/1083 1499/848/1083
f 1500/658/1085 1505/652/1085 1506/853/1085 1501/849/1085
f 1501/849/1086 1506/853/1086 1502/850/1086 1497/846/1086
f 1502/850/1087 1507/854/1087 1508/855/1087 1503/851/1087
f 1503/851/1088 1508/855/1088 1509/856/1088 1504/852/1088
f 1304/640/1190 1309/651/1190 1575/651/1190 1541/640/1190
f 1505/652/1090 1510/644/1090 1511/857/1090 1506/853/1090
f 1506/853/1091 1511/857/1091 1507/854/1091 1502/850/1091
f 1507/854/1092 1512/858/1092 1513/859/1092 1508/855/1092
f 1508/855/1093 1513/859/1093 1514/860/1093 1509/856/1093
f 1510/644/1095 1515/643/1095 1516/861/1095 1511/857/1095
f 1511/857/1096 1516/861/1096 1512/858/1096 1507/854/1096
f 1512/858/1097 1517/862/1097 1518/863/1097 1513/859/1097
f 1513/859/1098 1518/863/1098 1519/864/1098 1514/860/1098
f 1404/764/1191 1409/771/1191 1580/771/1191 1551/764/1191
f 1515/643/1100 1520/865/1100 1521/866/1100 1516/861/1100
f 1516/861/1101 1521/866/1101 1517/862/1101 1512/858/1101
f 1517/862/1102 1522/867/1102 1523/868/1102 1518/863/1102
f 1518/863/1103 1523/868/1103 1524/869/1103 1519/864/1103
f 1299/641/1192 1304/640/1192 1541/640/1192 1539/641/1192
f 1520/865/1105 1525/871/1105 1526/872/1105 1521/866/1105
f 1521/866/1106 1526/872/1106 1522/867/1106 1517/862/1106
f 1522/867/1107 1527/873/1107 1528/874/1107 1523/868/1107
f 1523/868/1108 1528/874/1108 1529/875/1108 1524/869/1108
f 1484/836/1193 1489/840/1193 1584/840/1193 1559/836/1193
f 1525/871/1110 1530/876/1110 1531/877/1110 1526/872/1110
f 1526/872/1111 1531/877/1111 1527/873/1111 1522/867/1111
f 1527/873/1112 1532/878/1112 1533/879/1112 1528/874/1112
f 1528/874/1113 1533/879/1113 1534/880/1113 1529/875/1113
f 1530/876/1115 1535/870/1115 1536/881/1115 1531/877/1115
f 1531/877/1116 1536/881/1116 1532/878/1116 1527/873/1116
f 1532/878/1117 1297/636/1117 1298/639/1117 1533/879/1117
f 1533/879/1118 1298/639/1118 1299/641/1118 1534/880/1118
f 1535/870/1120 1300/645/1120 1301/648/1120 1536/881/1120
f 1536/881/1121 1301/648/1121 1297/636/1121 1532/878/1121
f 1269/860/642 1275/864/642 1276/642/642 1270/642/642
f 1275/864/1194 1281/869/1194 1282/642/1194 1276/642/1194
f 1281/869/1195 1287/875/1195 1288/642/1195 1282/642/1195
f 1287/875/642 1293/880/642 1294/642/642 1288/642/642
f 1293/880/1196 1011/641/1196 1012/642/1196 1294/642/1196
f 1011/641/1197 1017/640/1197 1018/642/1197 1012/642/1197
f 1017/640/1198 1023/651/1198 1024/642/1198 1018/642/1198
f 1023/651/1199 1029/657/1199 1030/642/1199 1024/642/1199
f 1029/657/1200 1035/663/1200 1036/642/1200 1030/642/1200
f 1035/663/1201 1041/669/1201 1042/642/1201 1036/642/1201
f 1041/669/1202 1047/675/1202 1048/642/1202 1042/642/1202
f 1047/675/1203 1053/681/1203 1054/642/1203 1048/642/1203
f 1053/681/1204 1059/687/1204 1060/642/1204 1054/642/1204
f 1059/687/1205 1065/693/1205 1066/642/1205 1060/642/1205
f 1065/693/1206 1071/699/1206 1072/642/1206 1066/642/1206
f 1071/699/1207 1077/705/1207 1078/642/1207 1072/642/1207
f 1077/705/1208 1083/711/1208 1084/642/1208 1078/642/1208
f 1083/711/1209 1089/717/1209 1090/642/1209 1084/642/1209
f 1089/717/1210 1095/723/1210 1096/642/1210 1090/642/1210
f 1095/723/1211 1101/729/1211 1102/642/1211 1096/642/1211
f 1101/729/1212 1107/735/1212 1108/642/1212 1102/642/1212
f 1107/735/1213 1113/741/1213 1114/642/1213 1108/642/1213
f 1113/741/1214 1119/747/1214 1120/642/1214 1114/642/1214
f 1119/747/1215 1125/752/1215 1126/642/1215 1120/642/1215
f 1125/752/1216 1131/758/1216 1132/642/1216 1126/642/1216
f 1131/758/1217 1137/764/1217 1138/642/1217 1132/642/1217
f 1137/764/1218 1143/771/1218 1144/642/1218 1138/642/1218
f 1143/771/1219 1149/776/1219 1150/642/1219 1144/642/1219
f 1149/776/1220 1155/780/1220 1156/642/1220 1150/642/1220
f 1155/787/1221 1161/786/1221 1162/642/1221 1156/642/1221
f 1161/786/1222 1167/792/1222 1168/642/1222 1162/642/1222
f 1167/792/1223 1173/796/1223 1174/642/1223 1168/642/1223
f 1173/796/1224 1179/800/1224 1180/642/1224 1174/642/1224
f 1179/800/1225 1185/804/1225 1186/642/1225 1180/642/1225
f 1185/804/1226 1191/808/1226 1192/642/1226 1186/642/1226
f 1191/808/1227 1197/812/1227 1198/642/1227 1192/642/1227
f 1197/812/1228 1203/816/1228 1204/642/1228 1198/642/1228
f 1203/816/1229 1209/820/1229 1210/642/1229 1204/642/1229
f 1209/820/1230 1215/824/1230 1216/642/1230 1210/642/1230
f 1215/824/1231 1221/828/1231 1222/642/1231 1216/642/1231
f 1221/828/1232 1227/832/1232 1228/642/1232 1222/642/1232
f 1227/832/1233 1233/836/1233 1234/642/1233 1228/642/1233
f 1233/836/1234 1239/840/1234 1240/642/1234 1234/642/1234
f 1239/840/1235 1245/844/1235 1246/642/1235 1240/642/1235
f 1245/844/1236 1251/848/1236 1252/642/1236 1246/642/1236
f 1251/848/1237 1257/852/1237 1258/642/1237 1252/642/1237
f 1257/852/642 1263/856/642 1264/642/642 1258/642/642
f 1263/856/1238 1269/860/1238 1270/642/1238 1264/642/1238
f 1334/681/1239 1339/687/1239 1544/687/1239 1564/681/1239
f 1439/800/1240 1444/804/1240 1555/804/1240 1554/800/1240
f 1339/687/1241 1344/693/1241 1545/693/1241 1544/687/1241
f 1444/804/1242 1449/808/1242 1582/808/1242 1555/804/1242
f 1344/693/1243 1349/699/1243 1577/699/1243 1545/693/1243
f 1534/880/1244 1299/641/1244 1539/641/1244 1540/880/1244
f 1349/699/1245 1354/705/1245 1565/705/1245 1577/699/1245
f 1354/705/1246 1359/711/1246 1546/711/1246 1565/705/1246
f 1524/869/1247 1529/875/1247 1574/875/1247 1538/869/1247
f 1529/875/1248 1534/880/1248 1540/880/1248 1574/875/1248
f 1359/711/1249 1364/717/1249 1547/717/1249 1546/711/1249
f 1449/808/1250 1454/812/1250 1570/812/1250 1582/808/1250
f 1454/812/1251 1459/816/1251 1556/816/1251 1570/812/1251
f 1459/816/1252 1464/820/1252 1557/820/1252 1556/816/1252
f 1364/717/1253 1369/723/1253 1578/723/1253 1547/717/1253
f 1369/723/1254 1374/729/1254 1566/729/1254 1578/723/1254
f 1374/729/1255 1379/735/1255 1548/735/1255 1566/729/1255
f 1464/820/1256 1469/824/1256 1583/824/1256 1557/820/1256
f 1379/735/1257 1384/741/1257 1549/741/1257 1548/735/1257
f 1384/741/1258 1389/747/1258 1579/747/1258 1549/741/1258
f 1469/824/1259 1474/828/1259 1571/828/1259 1583/824/1259
f 1474/828/1260 1479/832/1260 1558/832/1260 1571/828/1260
f 1389/747/1261 1394/752/1261 1567/752/1261 1579/747/1261
f 1394/752/1262 1399/758/1262 1550/758/1262 1567/752/1262
f 1479/832/1263 1484/836/1263 1559/836/1263 1558/832/1263
f 1399/758/1264 1404/764/1264 1551/764/1264 1550/758/1264
f 1585/636/1265 1589/637/1265 1590/638/1265 1586/639/1265
f 1586/639/1266 1590/638/1266 1591/640/1266 1587/641/1266
f 1588/648/1267 1592/647/1267 1589/637/1267 1585/636/1267
f 1589/637/1268 1593/649/1268 1594/650/1268 1590/638/1268
f 1590/638/1269 1594/650/1269 1595/651/1269 1591/640/1269
f 1592/647/1270 1596/654/1270 1593/649/1270 1589/637/1270
f 1593/649/1271 1597/655/1271 1598/656/1271 1594/650/1271
f 1594/650/1272 1598/656/1272 1599/657/1272 1595/651/1272
f 1596/654/1273 1600/660/1273 1597/655/1273 1593/649/1273
f 1597/655/1274 1601/661/1274 1602/662/1274 1598/656/1274
f 1598/656/1275 1602/662/1275 1603/663/1275 1599/657/1275
f 1600/660/1276 1604/666/1276 1601/661/1276 1597/655/1276
f 1601/661/1277 1605/667/1277 1606/668/1277 1602/662/1277
f 1602/662/1278 1606/668/1278 1607/669/1278 1603/663/1278
f 1604/666/1279 1608/672/1279 1605/667/1279 1601/661/1279
f 1605/667/1280 1609/673/1280 1610/674/1280 1606/668/1280
f 1606/668/1281 1610/674/1281 1611/675/1281 1607/669/1281
f 1608/672/1282 1612/678/1282 1609/673/1282 1605/667/1282
f 1609/673/1283 1613/679/1283 1614/680/1283 1610/674/1283
f 1610/674/1284 1614/680/1284 1615/681/1284 1611/675/1284
f 1612/678/1285 1616/684/1285 1613/679/1285 1609/673/1285
f 1613/679/1286 1617/685/1286 1618/686/1286 1614/680/1286
f 1614/680/1287 1618/686/1287 1619/687/1287 1615/681/1287
f 1616/684/1288 1620/690/1288 1617/685/1288 1613/679/1288
f 1617/685/1289 1621/691/1289 1622/692/1289 1618/686/1289
f 1618/686/1290 1622/692/1290 1623/693/1290 1619/687/1290
f 1620/690/1291 1624/696/1291 1621/691/1291 1617/685/1291
f 1621/691/1292 1625/697/1292 1626/698/1292 1622/692/1292
f 1622/692/1293 1626/698/1293 1627/699/1293 1623/693/1293
f 1624/696/1294 1628/702/1294 1625/697/1294 1621/691/1294
f 1625/697/1295 1629/703/1295 1630/704/1295 1626/698/1295
f 1626/698/1296 1630/704/1296 1631/705/1296 1627/699/1296
f 1628/702/1297 1632/708/1297 1629/703/1297 1625/697/1297
f 1629/703/1298 1633/709/1298 1634/710/1298 1630/704/1298
f 1630/704/1299 1634/710/1299 1635/711/1299 1631/705/1299
f 1632/708/1300 1636/714/1300 1633/709/1300 1629/703/1300
f 1633/709/1301 1637/715/1301 1638/716/1301 1634/710/1301
f 1634/710/1302 1638/716/1302 1639/717/1302 1635/711/1302
f 1636/714/1303 1640/720/1303 1637/715/1303 1633/709/1303
f 1637/715/1304 1641/721/1304 1642/722/1304 1638/716/1304
f 1638/716/1305 1642/722/1305 1643/723/1305 1639/717/1305
f 1640/720/1306 1644/726/1306 1641/721/1306 1637/715/1306
f 1641/721/1307 1645/727/1307 1646/728/1307 1642/722/1307
f 1642/722/1308 1646/728/1308 1647/729/1308 1643/723/1308
f 1644/726/1309 1648/732/1309 1645/727/1309 1641/721/1309
f 1645/727/1310 1649/733/1310 1650/734/1310 1646/728/1310
f 1646/728/1311 1650/734/1311 1651/735/1311 1647/729/1311
f 1648/732/1312 1652/738/1312 1649/733/1312 1645/727/1312
f 1649/733/1313 1653/739/1313 1654/740/1313 1650/734/1313
f 1650/734/1314 1654/740/1314 1655/741/1314 1651/735/1314
f 1652/738/1315 1656/744/1315 1653/739/1315 1649/733/1315
f 1653/739/1316 1657/745/1316 1658/746/1316 1654/740/1316
f 1654/740/1317 1658/746/1317 1659/747/1317 1655/741/1317
f 1656/744/1318 1660/749/1318 1657/745/1318 1653/739/1318
f 1657/745/1319 1661/750/1319 1662/751/1319 1658/746/1319
f 1658/746/1320 1662/751/1320 1663/752/1320 1659/747/1320
f 1660/749/1321 1664/755/1321 1661/750/1321 1657/745/1321
f 1661/750/1322 1665/756/1322 1666/757/1322 1662/751/1322
f 1662/751/1323 1666/757/1323 1667/758/1323 1663/752/1323
f 1664/755/1324 1668/761/1324 1665/756/1324 1661/750/1324
f 1665/756/1325 1669/762/1325 1670/763/1325 1666/757/1325
f 1666/757/1326 1670/763/1326 1671/764/1326 1667/758/1326
f 1668/761/1327 1672/768/1327 1669/762/1327 1665/756/1327
f 1669/762/1328 1673/769/1328 1674/770/1328 1670/763/1328
f 1670/763/1329 1674/770/1329 1675/771/1329 1671/764/1329
f 1672/768/1330 1676/773/1330 1673/769/1330 1669/762/1330
f 1673/769/1331 1677/774/1331 1678/775/1331 1674/770/1331
f 1674/770/1332 1678/775/1332 1679/776/1332 1675/771/1332
f 1676/773/1333 1680/777/1333 1677/774/1333 1673/769/1333
f 1677/774/1334 1681/778/1334 1682/779/1334 1678/775/1334
f 1678/775/1335 1682/779/1335 1683/780/1335 1679/776/1335
f 1680/777/1336 1684/781/1336 1681/778/1336 1677/774/1336
f 1681/782/1337 1685/783/1337 1686/784/1337 1682/785/1337
f 1682/785/1338 1686/784/1338 1687/786/1338 1683/787/1338
f 1684/789/1339 1688/788/1339 1685/783/1339 1681/782/1339
f 1685/783/1340 1689/790/1340 1690/791/1340 1686/784/1340
f 1686/784/1341 1690/791/1341 1691/792/1341 1687/786/1341
f 1688/788/1342 1692/793/1342 1689/790/1342 1685/783/1342
f 1689/790/1343 1693/794/1343 1694/795/1343 1690/791/1343
f 1690/791/1344 1694/795/1344 1695/796/1344 1691/792/1344
f 1692/793/1345 1696/797/1345 1693/794/1345 1689/790/1345
f 1693/794/1346 1697/798/1346 1698/799/1346 1694/795/1346
f 1694/795/1347 1698/799/1347 1699/800/1347 1695/796/1347
f 1696/797/1348 1700/801/1348 1697/798/1348 1693/794/1348
f 1697/798/1349 1701/802/1349 1702/803/1349 1698/799/1349
f 1698/799/1350 1702/803/1350 1703/804/1350 1699/800/1350
f 1700/801/1351 1704/805/1351 1701/802/1351 1697/798/1351
f 1701/802/1352 1705/806/1352 1706/807/1352 1702/803/1352
f 1702/803/1353 1706/807/1353 1707/808/1353 1703/804/1353
f 1704/805/1354 1708/809/1354 1705/806/1354 1701/802/1354
f 1705/806/1355 1709/810/1355 1710/811/1355 1706/807/1355
f 1706/807/1356 1710/811/1356 1711/812/1356 1707/808/1356
f 1708/809/1357 1712/813/1357 1709/810/1357 1705/806/1357
f 1709/810/1358 1713/814/1358 1714/815/1358 1710/811/1358
f 1710/811/1359 1714/815/1359 1715/816/1359 1711/812/1359
f 1712/813/1360 1716/817/1360 1713/814/1360 1709/810/1360
f 1713/814/1361 1717/818/1361 1718/819/1361 1714/815/1361
f 1714/815/1362 1718/819/1362 1719/820/1362 1715/816/1362
f 1716/817/1363 1720/821/1363 1717/818/1363 1713/814/1363
f 1717/818/1364 1721/822/1364 1722/823/1364 1718/819/1364
f 1718/819/1365 1722/823/1365 1723/824/1365 1719/820/1365
f 1720/821/1366 1724/825/1366 1721/822/1366 1717/818/1366
f 1721/822/1367 1725/826/1367 1726/827/1367 1722/823/1367
f 1722/823/1368 1726/827/1368 1727/828/1368 1723/824/1368
f 1724/825/1369 1728/829/1369 1725/826/1369 1721/822/1369
f 1725/826/1370 1729/830/1370 1730/831/1370 1726/827/1370
f 1726/827/1371 1730/831/1371 1731/832/1371 1727/828/1371
f 1728/829/1372 1732/833/1372 1729/830/1372 1725/826/1372
f 1729/830/1373 1733/834/1373 1734/835/1373 1730/831/1373
f 1730/831/1374 1734/835/1374 1735/836/1374 1731/832/1374
f 1732/833/1375 1736/837/1375 1733/834/1375 1729/830/1375
f 1733/834/1376 1737/838/1376 1738/839/1376 1734/835/1376
f 1734/835/1377 1738/839/1377 1739/840/1377 1735/836/1377
f 1736/837/1378 1740/841/1378 1737/838/1378 1733/834/1378
f 1737/838/1379 1741/842/1379 1742/843/1379 1738/839/1379
f 1738/839/1380 1742/843/1380 1743/844/1380 1739/840/1380
f 1740/841/1381 1744/845/1381 1741/842/1381 1737/838/1381
f 1741/842/1382 1745/846/1382 1746/847/1382 1742/843/1382
f 1742/843/1383 1746/847/1383 1747/848/1383 1743/844/1383
f 1744/845/1384 1748/849/1384 1745/846/1384 1741/842/1384
f 1745/846/1385 1749/850/1385 1750/851/1385 1746/847/1385
f 1746/847/1386 1750/851/1386 1751/852/1386 1747/848/1386
f 1748/849/1387 1752/853/1387 1749/850/1387 1745/846/1387
f 1749/850/1388 1753/854/1388 1754/855/1388 1750/851/1388
f 1750/851/1389 1754/855/1389 1755/856/1389 1751/852/1389
f 1752/853/1390 1756/857/1390 1753/854/1390 1749/850/1390
f 1753/854/1391 1757/858/1391 1758/859/1391 1754/855/1391
f 1754/855/1392 1758/859/1392 1759/860/1392 1755/856/1392
f 1756/857/1393 1760/861/1393 1757/858/1393 1753/854/1393
f 1757/858/1394 1761/862/1394 1762/863/1394 1758/859/1394
f 1758/859/1395 1762/863/1395 1763/864/1395 1759/860/1395
f 1760/861/1396 1764/866/1396 1761/862/1396 1757/858/1396
f 1761/862/1397 1765/867/1397 1766/868/1397 1762/863/1397
f 1762/863/1398 1766/868/1398 1767/869/1398 1763/864/1398
f 1764/866/1399 1768/872/1399 1765/867/1399 1761/862/1399
f 1765/867/1400 1769/873/1400 1770/874/1400 1766/868/1400
f 1766/868/1401 1770/874/1401 1771/875/1401 1767/869/1401
f 1768/872/1402 1772/877/1402 1769/873/1402 1765/867/1402
f 1769/873/1403 1773/878/1403 1774/879/1403 1770/874/1403
f 1770/874/1404 1774/879/1404 1775/880/1404 1771/875/1404
f 1772/877/1405 1776/881/1405 1773/878/1405 1769/873/1405
f 1773/878/1406 1585/636/1406 1586/639/1406 1774/879/1406
f 1774/879/1407 1586/639/1407 1587/641/1407 1775/880/1407
f 1776/881/1408 1588/648/1408 1585/636/1408 1773/878/1408
f 1764/866/1409 1760/861/1409 1562/860/1409 1537/864/1409
f 1760/861/1410 1756/857/1410 1573/856/1410 1562/860/1410
f 1756/857/1411 1752/853/1411 1561/852/1411 1573/856/1411
f 1752/853/1412 1748/849/1412 1560/848/1412 1561/852/1412
f 1748/849/1413 1744/845/1413 1572/844/1413 1560/848/1413
f 1744/845/1414 1740/841/1414 1584/840/1414 1572/844/1414
f 1740/841/1415 1736/837/1415 1559/836/1415 1584/840/1415
f 1736/837/1416 1732/833/1416 1558/832/1416 1559/836/1416
f 1732/833/1417 1728/829/1417 1571/828/1417 1558/832/1417
f 1728/829/1418 1724/825/1418 1583/824/1418 1571/828/1418
f 1724/825/1419 1720/821/1419 1557/820/1419 1583/824/1419
f 1720/821/1420 1716/817/1420 1556/816/1420 1557/820/1420
f 1716/817/1421 1712/813/1421 1570/812/1421 1556/816/1421
f 1712/813/1422 1708/809/1422 1582/808/1422 1570/812/1422
f 1708/809/1423 1704/805/1423 1555/804/1423 1582/808/1423
f 1704/805/1424 1700/801/1424 1554/800/1424 1555/804/1424
f 1700/801/1425 1696/797/1425 1569/796/1425 1554/800/1425
f 1696/797/1426 1692/793/1426 1581/792/1426 1569/796/1426
f 1692/793/1427 1688/788/1427 1553/786/1427 1581/792/1427
f 1688/788/1428 1684/789/1428 1552/787/1428 1553/786/1428
f 1684/781/1429 1680/777/1429 1568/776/1429 1552/780/1429
f 1680/777/1430 1676/773/1430 1580/771/1430 1568/776/1430
f 1676/773/1431 1672/768/1431 1551/764/1431 1580/771/1431
f 1672/768/1432 1668/761/1432 1550/758/1432 1551/764/1432
f 1668/761/1433 1664/755/1433 1567/752/1433 1550/758/1433
f 1664/755/1434 1660/749/1434 1579/747/1434 1567/752/1434
f 1660/749/1435 1656/744/1435 1549/741/1435 1579/747/1435
f 1656/744/1436 1652/738/1436 1548/735/1436 1549/741/1436
f 1652/738/1437 1648/732/1437 1566/729/1437 1548/735/1437
f 1648/732/1438 1644/726/1438 1578/723/1438 1566/729/1438
f 1644/726/1439 1640/720/1439 1547/717/1439 1578/723/1439
f 1640/720/1440 1636/714/1440 1546/711/1440 1547/717/1440
f 1636/714/1441 1632/708/1441 1565/705/1441 1546/711/1441
f 1632/708/1442 1628/702/1442 1577/699/1442 1565/705/1442
f 1628/702/1443 1624/696/1443 1545/693/1443 1577/699/1443
f 1624/696/1444 1620/690/1444 1544/687/1444 1545/693/1444
f 1620/690/1445 1616/684/1445 1564/681/1445 1544/687/1445
f 1616/684/1446 1612/678/1446 1576/675/1446 1564/681/1446
f 1612/678/1447 1608/672/1447 1543/669/1447 1576/675/1447
f 1608/672/1448 1604/666/1448 1542/663/1448 1543/669/1448
f 1604/666/1449 1600/660/1449 1563/657/1449 1542/663/1449
f 1600/660/1450 1596/654/1450 1575/651/1450 1563/657/1450
f 1596/654/1451 1592/647/1451 1541/640/1451 1575/651/1451
f 1592/647/1452 1588/648/1452 1539/641/1452 1541/640/1452
f 1588/648/1453 1776/881/1453 1540/880/1453 1539/641/1453
f 1776/881/1454 1772/877/1454 1574/875/1454 1540/880/1454
f 1772/877/1455 1768/872/1455 1538/869/1455 1574/875/1455
f 1768/872/1456 1764/866/1456 1537/864/1456 1538/869/1456
f 2076/882/1457 1825/883/1457 1781/884/1457
f 1780/885/1458 1779/240/1458 1786/238/1458 1787/886/1458
f 2077/887/1459 2076/882/1459 1781/884/1459 1782/888/1459
f 2080/889/1460 1780/885/1460 1787/886/1460 1788/890/1460
f 1777/891/1461 2077/887/1461 1782/888/1461 1783/892/1461
f 2078/893/1462 1777/891/1462 1783/892/1462 1784/894/1462
f 1778/895/1463 2078/893/1463 1784/894/1463 1785/896/1463
f 2082/897/1464 2079/898/1464 1778/895/1464 1785/896/1464 2081/899/1464
f 2084/900/1465 2083/901/1465 2079/898/1465 2082/902/1465 2085/903/1465
f 2088/904/1466 1786/238/1466 1779/240/1466 2086/905/1466 2087/906/1466
f 1794/907/1467 1795/236/1467 1786/238/1467 2088/904/1467 2089/908/1467 2090/909/1467 2093/910/1467 2091/911/1467 2092/912/1467
f 1781/884/1468 1825/913/1468 1789/914/1468
f 1787/886/1469 1786/238/1469 1795/236/1469 1796/915/1469
f 1782/888/1470 1781/884/1470 1789/914/1470 1790/916/1470
f 1788/890/1471 1787/886/1471 1796/915/1471 1797/917/1471
f 1783/892/1472 1782/888/1472 1790/916/1472 1791/918/1472
f 1784/894/1473 1783/892/1473 1791/918/1473 1792/612/1473
f 1785/896/1474 1784/894/1474 1792/612/1474 1793/919/1474
f 1785/896/1475 1793/919/1475 2094/920/1475 2081/921/1475
f 1794/907/1476 2092/912/1476 2095/922/1476
f 1792/612/1477 1791/918/1477 1800/923/1477 1801/924/1477
f 2097/925/1478 1793/919/1478 1792/612/1478 1801/924/1478 2096/926/1478
f 2098/927/1479 1802/928/1479 2099/929/1479
f 1793/919/1479 2097/925/1479 2094/920/1479
f 1802/928/1480 1803/930/1480 1794/907/1480 2095/922/1480 2099/931/1480
f 1795/236/1481 1794/907/1481 1803/930/1481 1804/234/1481
f 1789/914/1482 1825/932/1482 1798/933/1482
f 1796/915/1483 1795/236/1483 1804/234/1483 1805/934/1483
f 1790/916/1484 1789/914/1484 1798/933/1484 1799/935/1484
f 1797/917/1485 1796/915/1485 1805/934/1485 1806/936/1485
f 1791/918/1486 1790/916/1486 1799/935/1486 1800/923/1486
f 1804/234/1487 1803/930/1487 1812/937/1487 1813/232/1487
f 1798/933/1488 1825/938/1488 1807/939/1488
f 1805/934/1489 1804/234/1489 1813/232/1489 1814/940/1489
f 1799/935/1490 1798/933/1490 1807/939/1490 1808/941/1490
f 1806/936/1491 1805/934/1491 1814/940/1491 1815/942/1491
f 1800/923/1492 1799/935/1492 1808/941/1492 1809/943/1492
f 1801/924/1493 1800/923/1493 1809/943/1493 1810/76/1493
f 1801/924/1494 1810/76/1494 2100/944/1494 2096/926/1494
f 1811/945/1495 1802/928/1495 2098/927/1495 2101/946/1495
f 1803/930/1496 1802/928/1496 1811/945/1496 1812/937/1496
f 2100/944/1497 1810/76/1497 1819/947/1497 2102/948/1497
f 1820/949/1498 1811/945/1498 2101/946/1498 2103/950/1498
f 1812/937/1499 1811/945/1499 1820/949/1499 1821/951/1499
f 1813/232/1500 1812/937/1500 1821/951/1500 1822/230/1500
f 1807/939/1501 1825/952/1501 1816/953/1501
f 1814/940/1502 1813/232/1502 1822/230/1502 1823/954/1502
f 1808/941/1503 1807/939/1503 1816/953/1503 1817/955/1503
f 1815/942/1504 1814/940/1504 1823/954/1504 1824/956/1504
f 1809/943/1505 1808/941/1505 1817/955/1505 1818/957/1505
f 1810/76/1506 1809/943/1506 1818/957/1506 1819/947/1506
f 1816/953/1507 1825/958/1507 1826/959/1507
f 1823/954/1508 1822/230/1508 1833/228/1508 1834/960/1508
f 1817/955/1509 1816/953/1509 1826/959/1509 1827/961/1509
f 1824/956/1510 1823/954/1510 1834/960/1510 1835/962/1510
f 1818/957/1511 1817/955/1511 1827/961/1511 1828/963/1511
f 1819/947/1512 1818/957/1512 1828/963/1512 1829/625/1512
f 1830/964/1513 2106/965/1513 2104/966/1513
f 2102/967/1514 1819/947/1514 1829/625/1514 2105/968/1514
f 2106/965/1515 1830/964/1515 1831/969/1515 1820/949/1515 2103/950/1515
f 1821/951/1516 1820/949/1516 1831/969/1516 1832/970/1516
f 1822/230/1517 1821/951/1517 1832/970/1517 1833/228/1517
f 1839/971/1518 1830/964/1518 2104/966/1518 2108/972/1518
f 1829/625/1518 2107/973/1518 2105/974/1518
f 1831/969/1519 1830/964/1519 1839/971/1519 1840/975/1519
f 1832/970/1520 1831/969/1520 1840/975/1520 1841/976/1520
f 1833/228/1521 1832/970/1521 1841/976/1521 1842/226/1521
f 1826/959/1522 1825/977/1522 1836/978/1522
f 1834/960/1523 1833/228/1523 1842/226/1523 1843/979/1523
f 1827/961/1524 1826/959/1524 1836/978/1524 1837/980/1524
f 1835/962/1525 1834/960/1525 1843/979/1525 1844/981/1525
f 1828/963/1526 1827/961/1526 1837/980/1526 1838/982/1526
f 1829/625/1527 1828/963/1527 1838/982/1527 2109/983/1527 2107/984/1527
f 1843/979/1528 1842/226/1528 1851/985/1528 1852/986/1528
f 1837/980/1529 1836/978/1529 1845/987/1529 1846/988/1529
f 1844/981/1530 1843/979/1530 1852/986/1530 1853/989/1530
f 1838/982/1531 1837/980/1531 1846/988/1531 1847/990/1531
f 2109/983/1532 1838/982/1532 1847/990/1532 2110/991/1532
f 2111/992/1533 1848/993/1533 1839/971/1533 2108/972/1533
f 1840/975/1534 1839/971/1534 1848/993/1534 1849/994/1534
f 1841/976/1535 1840/975/1535 1849/994/1535 1850/995/1535
f 1842/226/1536 1841/976/1536 1850/995/1536 1851/985/1536
f 1836/978/1537 1825/996/1537 1845/987/1537
f 1849/994/1538 1848/993/1538 1857/997/1538 1858/998/1538
f 1850/995/1539 1849/994/1539 1858/998/1539 1859/999/1539
f 1851/985/1540 1850/995/1540 1859/999/1540 1860/1000/1540
f 1825/1001/1541 1854/1002/1541 1845/987/1541
f 1852/986/1542 1851/985/1542 1860/1000/1542 1861/1003/1542
f 1846/988/1543 1845/987/1543 1854/1002/1543 1855/1004/1543
f 1853/989/1544 1852/986/1544 1861/1003/1544 1862/1005/1544
f 1847/990/1545 1846/988/1545 1855/1004/1545 1856/1006/1545
f 2110/991/1546 1847/990/1546 1856/1006/1546 2112/1007/1546
f 2113/1008/1547 1857/997/1547 1848/993/1547 2111/1009/1547
f 1862/1005/1548 1861/1003/1548 1871/1010/1548 1872/1011/1548
f 1856/1006/1549 1855/1004/1549 1864/1012/1549 1865/1013/1549
f 2112/1007/1550 1856/1006/1550 1865/1013/1550 1866/1014/1550 2114/1015/1550
f 2115/1016/1551 1867/1017/1551 1857/997/1551 2113/1008/1551
f 1866/1014/1551 2116/1018/1551 2114/1019/1551
f 1858/998/1552 1857/997/1552 1867/1017/1552 1868/1020/1552
f 1859/999/1553 1858/998/1553 1868/1020/1553 1869/1021/1553
f 1860/1000/1554 1859/999/1554 1869/1021/1554 1870/1022/1554
f 1825/1023/1555 1863/1024/1555 1854/1002/1555
f 1861/1003/1556 1860/1000/1556 1870/1022/1556 1871/1010/1556
f 1855/1004/1557 1854/1002/1557 1863/1024/1557 1864/1012/1557
f 1869/1021/1558 1868/1020/1558 1877/1025/1558 1878/1026/1558
f 1870/1022/1559 1869/1021/1559 1878/1026/1559 1879/1027/1559
f 1825/1028/1560 1873/1029/1560 1863/1024/1560
f 1871/1010/1561 1870/1022/1561 1879/1027/1561 1880/1030/1561
f 1864/1012/1562 1863/1024/1562 1873/1029/1562 1874/1031/1562
f 1872/1011/1563 1871/1010/1563 1880/1030/1563 1881/1032/1563
f 1865/1013/1564 1864/1012/1564 1874/1031/1564 1875/1033/1564
f 1866/1014/1565 1865/1013/1565 1875/1033/1565 1876/1034/1565
f 1867/1017/1566 2115/1016/1566 2118/1035/1566
f 2116/1036/1566 1866/1014/1566 1876/1034/1566 2117/1037/1566
f 2119/1038/1567 1877/1025/1567 1868/1020/1567 1867/1017/1567 2118/1039/1567
f 1875/1033/1568 1874/1031/1568 1883/1040/1568 1884/1041/1568
f 1876/1034/1569 1875/1033/1569 1884/1041/1569 1885/1042/1569
f 1885/1042/1570 2120/1043/1570 2117/1037/1570 1876/1034/1570
f 2121/1044/1571 1886/1045/1571 1877/1025/1571 2119/1046/1571
f 1878/1026/1572 1877/1025/1572 1886/1045/1572 1887/1047/1572
f 1879/1027/1573 1878/1026/1573 1887/1047/1573 1888/1048/1573
f 1825/1049/1574 1882/1050/1574 1873/1029/1574
f 1880/1030/1575 1879/1027/1575 1888/1048/1575 1889/1051/1575
f 1874/1031/1576 1873/1029/1576 1882/1050/1576 1883/1040/1576
f 1881/1032/1577 1880/1030/1577 1889/1051/1577 1890/1052/1577
f 1887/1047/1578 1886/1045/1578 1895/1053/1578 1896/1054/1578
f 1888/1048/1579 1887/1047/1579 1896/1054/1579 1897/1055/1579
f 1825/1056/1580 1891/1057/1580 1882/1050/1580
f 1889/1051/1581 1888/1048/1581 1897/1055/1581 1898/1058/1581
f 1883/1040/1582 1882/1050/1582 1891/1057/1582 1892/1059/1582
f 1890/1052/1583 1889/1051/1583 1898/1058/1583 1899/1060/1583
f 1884/1041/1584 1883/1040/1584 1892/1059/1584 1893/1061/1584
f 1885/1042/1585 1884/1041/1585 1893/1061/1585 1894/1062/1585
f 2120/1043/1586 1885/1042/1586 1894/1062/1586 2122/1063/1586
f 1895/1053/1587 1886/1045/1587 2121/1044/1587 2123/1064/1587
f 1894/1062/1588 1893/1061/1588 1902/1065/1588 1903/1066/1588
f 1894/1062/1589 1903/1066/1589 1904/1067/1589 2124/1068/1589 2122/1069/1589
f 1895/1053/1590 2123/1070/1590 2126/1071/1590
f 1904/1067/1590 2125/1072/1590 2124/1068/1590
f 1905/1073/1591 1896/1054/1591 1895/1053/1591 2126/1071/1591 2127/1074/1591
f 1897/1055/1592 1896/1054/1592 1905/1073/1592 1906/1075/1592
f 1825/1076/1593 1900/1077/1593 1891/1057/1593
f 1898/1058/1594 1897/1055/1594 1906/1075/1594 1907/1078/1594
f 1892/1059/1595 1891/1057/1595 1900/1077/1595 1901/1079/1595
f 1899/1060/1596 1898/1058/1596 1907/1078/1596 1908/1080/1596
f 1893/1061/1597 1892/1059/1597 1901/1079/1597 1902/1065/1597
f 2130/1081/1598 1914/1082/1598 1906/1075/1598 1905/1073/1598 2128/1083/1598 2132/1084/1598 2133/1085/1598 2131/1086/1598 2129/1087/1598
f 1900/1077/1599 1825/1088/1599 1909/1089/1599
f 1907/1078/1600 1906/1075/1600 1914/1082/1600 1915/1090/1600
f 1901/1079/1601 1900/1077/1601 1909/1089/1601 1910/1091/1601
f 1908/1080/1602 1907/1078/1602 1915/1090/1602 1916/1092/1602
f 1902/1065/1603 1901/1079/1603 1910/1091/1603 1911/1093/1603
f 1903/1066/1604 1902/1065/1604 1911/1093/1604 1912/1094/1604
f 1904/1067/1605 1903/1066/1605 1912/1094/1605 1913/1095/1605
f 2125/1096/1606 1904/1067/1606 1913/1095/1606 2134/1097/1606
f 2128/1098/1607 1905/1073/1607 2127/1099/1607
f 1912/1094/1608 1911/1093/1608 1919/1100/1608 1920/60/1608
f 1913/1095/1609 1912/1094/1609 1920/60/1609 1921/1101/1609
f 1913/1095/1610 1921/1101/1610 1922/1102/1610 2135/1103/1610 2134/1097/1610
f 1922/1102/1611 2137/1104/1611 2136/1105/1611 2138/1106/1611 2135/1103/1611
f 1923/1107/1612 1914/1082/1612 2130/1108/1612 2139/1109/1612 2140/1110/1612
f 1909/1089/1613 1825/1111/1613 1917/1112/1613
f 1915/1090/1614 1914/1082/1614 1923/1107/1614 1924/1113/1614
f 1910/1091/1615 1909/1089/1615 1917/1112/1615 1918/1114/1615
f 1916/1092/1616 1915/1090/1616 1924/1113/1616 1925/1115/1616
f 1911/1093/1617 1910/1091/1617 1918/1114/1617 1919/1100/1617
f 2143/1116/1618 2144/1117/1618 1932/1118/1618 1933/1119/1618 1923/1107/1618 2140/1110/1618 2142/1120/1618 2141/1121/1618
f 1917/1112/1619 1825/1122/1619 1926/1123/1619
f 1924/1113/1620 1923/1107/1620 1933/1119/1620 1934/1124/1620
f 1918/1114/1621 1917/1112/1621 1926/1123/1621 1927/1125/1621
f 1925/1115/1622 1924/1113/1622 1934/1124/1622 1935/1126/1622
f 1919/1100/1623 1918/1114/1623 1927/1125/1623 1928/1127/1623
f 1920/60/1624 1919/1100/1624 1928/1127/1624 1929/1128/1624
f 1921/1101/1625 1920/60/1625 1929/1128/1625 1930/1129/1625
f 1922/1102/1626 1921/1101/1626 1930/1129/1626 1931/1130/1626
f 2137/1104/1627 1922/1102/1627 1931/1130/1627 1932/1118/1627 2144/1131/1627
f 1930/1129/1628 1929/1128/1628 1939/1132/1628 1940/1133/1628
f 1931/1130/1629 1930/1129/1629 1940/1133/1629 1941/1134/1629
f 1932/1118/1630 1931/1130/1630 1941/1134/1630 1942/1135/1630
f 1933/1119/1631 1932/1118/1631 1942/1135/1631 1943/1136/1631
f 1926/1123/1632 1825/1137/1632 1936/1138/1632
f 1934/1124/1633 1933/1119/1633 1943/1136/1633 1944/1139/1633
f 1927/1125/1634 1926/1123/1634 1936/1138/1634 1937/1140/1634
f 1935/1126/1635 1934/1124/1635 1944/1139/1635 1945/1141/1635
f 1928/1127/1636 1927/1125/1636 1937/1140/1636 1938/1142/1636
f 1929/1128/1637 1928/1127/1637 1938/1142/1637 1939/1132/1637
f 1944/1139/1638 1943/1136/1638 1953/1143/1638 1954/1144/1638
f 1937/1140/1639 1936/1138/1639 1946/1145/1639 1947/1146/1639
f 1945/1141/1640 1944/1139/1640 1954/1144/1640 1955/1147/1640
f 1938/1142/1641 1937/1140/1641 1947/1146/1641 1948/1148/1641
f 1939/1132/1642 1938/1142/1642 1948/1148/1642 1949/1149/1642
f 1940/1133/1643 1939/1132/1643 1949/1149/1643 1950/1150/1643
f 1941/1134/1644 1940/1133/1644 1950/1150/1644 1951/1151/1644
f 1942/1135/1645 1941/1134/1645 1951/1151/1645 1952/1152/1645
f 1943/1136/1646 1942/1135/1646 1952/1152/1646 1953/1143/1646
f 1936/1138/1647 1825/1153/1647 1946/1145/1647
f 1951/1151/1648 1950/1150/1648 1960/1154/1648 1961/1155/1648
f 1952/1152/1649 1951/1151/1649 1961/1155/1649 1962/1156/1649
f 1953/1143/1650 1952/1152/1650 1962/1156/1650 1963/1157/1650
f 1946/1145/1651 1825/1158/1651 1956/1159/1651
f 1954/1144/1652 1953/1143/1652 1963/1157/1652 1964/1160/1652
f 1947/1146/1653 1946/1145/1653 1956/1159/1653 1957/1161/1653
f 1955/1147/1654 1954/1144/1654 1964/1160/1654 1965/1162/1654
f 1948/1148/1655 1947/1146/1655 1957/1161/1655 1958/1163/1655
f 1949/1149/1656 1948/1148/1656 1958/1163/1656 1959/1164/1656
f 1950/1150/1657 1949/1149/1657 1959/1164/1657 1960/1154/1657
f 1957/1161/1658 1956/1159/1658 1966/1165/1658 1967/1166/1658
f 1965/1162/1659 1964/1160/1659 1974/1167/1659 1975/1168/1659
f 1958/1163/1660 1957/1161/1660 1967/1166/1660 1968/1169/1660
f 1959/1164/1661 1958/1163/1661 1968/1169/1661 1969/1170/1661
f 1960/1154/1662 1959/1164/1662 1969/1170/1662 1970/1171/1662
f 1961/1155/1663 1960/1154/1663 1970/1171/1663 1971/1172/1663
f 1962/1156/1664 1961/1155/1664 1971/1172/1664 1972/1173/1664
f 1963/1157/1665 1962/1156/1665 1972/1173/1665 1973/1174/1665
f 1956/1159/1666 1825/1175/1666 1966/1165/1666
f 1964/1160/1667 1963/1157/1667 1973/1174/1667 1974/1167/1667
f 1971/1172/1668 1970/1171/1668 1980/1176/1668 1981/1177/1668
f 1972/1173/1669 1971/1172/1669 1981/1177/1669 1982/1178/1669
f 1973/1174/1670 1972/1173/1670 1982/1178/1670 1983/1179/1670
f 1966/1165/1671 1825/1180/1671 1976/1181/1671
f 1974/1167/1672 1973/1174/1672 1983/1179/1672 1984/1182/1672
f 1967/1166/1673 1966/1165/1673 1976/1181/1673 1977/1183/1673
f 1975/1168/1674 1974/1167/1674 1984/1182/1674 1985/1184/1674
f 1968/1169/1675 1967/1166/1675 1977/1183/1675 1978/1185/1675
f 1969/1170/1676 1968/1169/1676 1978/1185/1676 1979/1186/1676
f 1970/1171/1677 1969/1170/1677 1979/1186/1677 1980/1176/1677
f 1985/1184/1678 1984/1182/1678 1994/1187/1678 1995/1188/1678
f 1978/1185/1679 1977/1183/1679 1987/1189/1679 1988/1190/1679
f 1979/1186/1680 1978/1185/1680 1988/1190/1680 1989/1191/1680
f 1980/1176/1681 1979/1186/1681 1989/1191/1681 1990/1192/1681
f 1981/1177/1682 1980/1176/1682 1990/1192/1682 1991/1193/1682
f 1982/1178/1683 1981/1177/1683 1991/1193/1683 1992/1194/1683
f 1983/1179/1684 1982/1178/1684 1992/1194/1684 1993/1195/1684
f 1976/1181/1685 1825/1196/1685 1986/1197/1685
f 1984/1182/1686 1983/1179/1686 1993/1195/1686 1994/1187/1686
f 1977/1183/1687 1976/1181/1687 1986/1197/1687 1987/1189/1687
f 1992/1194/1688 1991/1193/1688 2001/1198/1688 2002/1199/1688
f 1993/1195/1689 1992/1194/1689 2002/1199/1689 2003/195/1689
f 1986/1197/1690 1825/1200/1690 1996/1201/1690
f 1994/1187/1691 1993/1195/1691 2003/195/1691 2004/1202/1691
f 1987/1189/1692 1986/1197/1692 1996/1201/1692 1997/1203/1692
f 1995/1188/1693 1994/1187/1693 2004/1202/1693 2005/1204/1693
f 1988/1190/1694 1987/1189/1694 1997/1203/1694 1998/1205/1694
f 1989/1191/1695 1988/1190/1695 1998/1205/1695 1999/1206/1695
f 1990/1192/1696 1989/1191/1696 1999/1206/1696 2000/1207/1696
f 1991/1193/1697 1990/1192/1697 2000/1207/1697 2001/1198/1697
f 1998/1208/1698 1997/1209/1698 2007/1210/1698 2008/1211/1698
f 1999/1212/1699 1998/1208/1699 2008/1211/1699 2009/1213/1699
f 2000/1214/1700 1999/1212/1700 2009/1213/1700 2010/1215/1700
f 2001/1216/1701 2000/1214/1701 2010/1215/1701 2011/1217/1701
f 2002/1218/1702 2001/1216/1702 2011/1217/1702 2012/1219/1702
f 2003/256/1703 2002/1218/1703 2012/1219/1703 2013/1220/1703
f 1996/1221/1704 1825/1222/1704 2006/1223/1704
f 2004/1224/1705 2003/256/1705 2013/1220/1705 2014/1225/1705
f 1997/1209/1706 1996/1221/1706 2006/1223/1706 2007/1210/1706
f 2005/1226/1707 2004/1224/1707 2014/1225/1707 2015/1227/1707
f 2012/1219/1708 2011/1217/1708 2021/1228/1708 2022/1229/1708
f 2013/1220/1709 2012/1219/1709 2022/1229/1709 2023/1230/1709
f 2006/1223/1710 1825/1231/1710 2016/1232/1710
f 2014/1225/1711 2013/1220/1711 2023/1230/1711 2024/1233/1711
f 2007/1210/1712 2006/1223/1712 2016/1232/1712 2017/1234/1712
f 2015/1227/1713 2014/1225/1713 2024/1233/1713 2025/1235/1713
f 2008/1211/1714 2007/1210/1714 2017/1234/1714 2018/1236/1714
f 2009/1213/1715 2008/1211/1715 2018/1236/1715 2019/1237/1715
f 2010/1215/1716 2009/1213/1716 2019/1237/1716 2020/1238/1716
f 2011/1217/1717 2010/1215/1717 2020/1238/1717 2021/1228/1717
f 2019/1237/1718 2018/1236/1718 2028/1239/1718 2029/1240/1718
f 2020/1238/1719 2019/1237/1719 2029/1240/1719 2030/1241/1719
f 2021/1228/1720 2020/1238/1720 2030/1241/1720 2031/1242/1720
f 2022/1229/1721 2021/1228/1721 2031/1242/1721 2032/1243/1721
f 2023/1230/1722 2022/1229/1722 2032/1243/1722 2033/1244/1722
f 2016/1232/1723 1825/1245/1723 2026/1246/1723
f 2024/1233/1724 2023/1230/1724 2033/1244/1724 2034/1247/1724
f 2017/1234/1725 2016/1232/1725 2026/1246/1725 2027/1248/1725
f 2025/1235/1726 2024/1233/1726 2034/1247/1726 2035/1249/1726
f 2018/1236/1727 2017/1234/1727 2027/1248/1727 2028/1239/1727
f 2033/1244/1728 2032/1243/1728 2042/1250/1728 2043/1251/1728
f 2026/1246/1729 1825/1252/1729 2036/1253/1729
f 2034/1247/1730 2033/1244/1730 2043/1251/1730 2044/1254/1730
f 2027/1248/1731 2026/1246/1731 2036/1253/1731 2037/1255/1731
f 2035/1249/1732 2034/1247/1732 2044/1254/1732 2045/1256/1732
f 2028/1239/1733 2027/1248/1733 2037/1255/1733 2038/1257/1733
f 2029/1240/1734 2028/1239/1734 2038/1257/1734 2039/1258/1734
f 2030/1241/1735 2029/1240/1735 2039/1258/1735 2040/1259/1735
f 2031/1242/1736 2030/1241/1736 2040/1259/1736 2041/1260/1736
f 2032/1243/1737 2031/1242/1737 2041/1260/1737 2042/1250/1737
f 2040/1259/1738 2039/1258/1738 2049/1261/1738 2050/1262/1738
f 2041/1260/1739 2040/1259/1739 2050/1262/1739 2051/1263/1739
f 2042/1250/1740 2041/1260/1740 2051/1263/1740 2052/1264/1740
f 2043/1251/1741 2042/1250/1741 2052/1264/1741 2053/1265/1741
f 2036/1253/1742 1825/1266/1742 2046/1267/1742
f 2044/1254/1743 2043/1251/1743 2053/1265/1743 2054/1268/1743
f 2037/1255/1744 2036/1253/1744 2046/1267/1744 2047/1269/1744
f 2045/1256/1745 2044/1254/1745 2054/1268/1745 2055/1270/1745
f 2038/1257/1746 2037/1255/1746 2047/1269/1746 2048/1271/1746
f 2039/1258/1747 2038/1257/1747 2048/1271/1747 2049/1261/1747
f 2046/1267/1748 1825/1272/1748 2056/1273/1748
f 2054/1268/1749 2053/1265/1749 2063/1274/1749 2064/1275/1749
f 2047/1269/1750 2046/1267/1750 2056/1273/1750 2057/1276/1750
f 2055/1270/1751 2054/1268/1751 2064/1275/1751 2065/1277/1751
f 2048/1271/1752 2047/1269/1752 2057/1276/1752 2058/1278/1752
f 2049/1261/1753 2048/1271/1753 2058/1278/1753 2059/1279/1753
f 2050/1262/1754 2049/1261/1754 2059/1279/1754 2060/1280/1754
f 2051/1263/1755 2050/1262/1755 2060/1280/1755 2061/1281/1755
f 2052/1264/1756 2051/1263/1756 2061/1281/1756 2062/1282/1756
f 2053/1265/1757 2052/1264/1757 2062/1282/1757 2063/1274/1757
f 2060/1280/1758 2059/1279/1758 2069/1283/1758 2070/1284/1758
f 2061/1281/1759 2060/1280/1759 2070/1284/1759 2071/1285/1759
f 2062/1282/1760 2061/1281/1760 2071/1285/1760 2072/1286/1760
f 2063/1274/1761 2062/1282/1761 2072/1286/1761 2073/1287/1761
f 2056/1273/1762 1825/1288/1762 2066/1289/1762
f 2064/1275/1763 2063/1274/1763 2073/1287/1763 2074/1290/1763
f 2057/1276/1764 2056/1273/1764 2066/1289/1764 2067/1291/1764
f 2065/1277/1765 2064/1275/1765 2074/1290/1765 2075/1292/1765
f 2058/1278/1766 2057/1276/1766 2067/1291/1766 2068/1293/1766
f 2059/1279/1767 2058/1278/1767 2068/1293/1767 2069/1283/1767
f 2074/1290/1768 2073/1287/1768 1779/240/1768 1780/885/1768
f 2067/1291/1769 2066/1289/1769 2076/882/1769 2077/887/1769
f 2075/1292/1770 2074/1290/1770 1780/885/1770 2080/889/1770
f 2068/1293/1771 2067/1291/1771 2077/887/1771 1777/891/1771
f 2069/1283/1772 2068/1293/1772 1777/891/1772 2078/893/1772
f 2070/1284/1773 2069/1283/1773 2078/893/1773 1778/895/1773
f 2071/1285/1774 2070/1284/1774 1778/895/1774 2079/898/1774
f 2072/1286/1775 2071/1285/1775 2079/898/1775 2083/901/1775 2145/1294/1775
f 1779/240/1776 2073/1287/1776 2072/1286/1776 2145/1294/1776 2146/1295/1776 2148/1296/1776 2147/1297/1776 2086/905/1776
f 2066/1289/1777 1825/1298/1777 2076/882/1777
f 1881/1032/1778 1759/860/1778 1763/864/1778
f 1890/1052/1779 1755/856/1779 1759/860/1779
f 1890/1052/1780 1751/852/1780 1755/856/1780
f 1899/1060/1781 1747/848/1781 1751/852/1781
f 1908/1080/1782 1743/844/1782 1747/848/1782
f 1908/1080/1783 1739/840/1783 1743/844/1783
f 1916/1092/1784 1735/836/1784 1739/840/1784
f 1925/1115/1785 1731/832/1785 1735/836/1785
f 1925/1115/1786 1727/828/1786 1731/832/1786
f 1935/1126/1787 1723/824/1787 1727/828/1787
f 1945/1141/1788 1719/820/1788 1723/824/1788
f 1945/1141/1789 1715/816/1789 1719/820/1789
f 1955/1147/1790 1711/812/1790 1715/816/1790
f 1965/1162/1791 1707/808/1791 1711/812/1791
f 1965/1162/1792 1703/804/1792 1707/808/1792
f 1975/1168/1793 1699/800/1793 1703/804/1793
f 1985/1184/1794 1695/796/1794 1699/800/1794
f 1985/1184/1795 1691/792/1795 1695/796/1795
f 1995/1188/1796 1687/786/1796 1691/792/1796
f 2005/1226/1797 1683/787/1797 1687/786/1797
f 2005/1226/1798 1679/776/1798 1683/780/1798
f 2015/1227/1799 1675/771/1799 1679/776/1799
f 2025/1235/1800 1671/764/1800 1675/771/1800
f 2025/1235/1801 1667/758/1801 1671/764/1801
f 2035/1249/1802 1663/752/1802 1667/758/1802
f 2045/1256/1803 1659/747/1803 1663/752/1803
f 2045/1256/1804 1655/741/1804 1659/747/1804
f 2055/1270/1805 1651/735/1805 1655/741/1805
f 2065/1277/1806 1647/729/1806 1651/735/1806
f 2065/1277/1807 1643/723/1807 1647/729/1807
f 2075/1292/1808 1639/717/1808 1643/723/1808
f 2080/889/1809 1635/711/1809 1639/717/1809
f 2080/889/1810 1631/705/1810 1635/711/1810
f 1788/890/1811 1627/699/1811 1631/705/1811
f 1797/917/1812 1623/693/1812 1627/699/1812
f 1797/917/1813 1619/687/1813 1623/693/1813
f 1806/936/1814 1615/681/1814 1619/687/1814
f 1815/942/1815 1611/675/1815 1615/681/1815
f 1815/942/1816 1607/669/1816 1611/675/1816
f 1824/956/1817 1603/663/1817 1607/669/1817
f 1835/962/1818 1599/657/1818 1603/663/1818
f 1835/962/1819 1595/651/1819 1599/657/1819
f 1844/981/1820 1591/640/1820 1595/651/1820
f 1853/989/1821 1587/641/1821 1591/640/1821
f 1853/989/1822 1775/880/1822 1587/641/1822
f 1862/1005/1823 1771/875/1823 1775/880/1823
f 1872/1011/1824 1767/869/1824 1771/875/1824
f 1872/1011/1825 1763/864/1825 1767/869/1825
f 1881/1032/1826 1890/1052/1826 1759/860/1826
f 1890/1052/1827 1899/1060/1827 1751/852/1827
f 1899/1060/1828 1908/1080/1828 1747/848/1828
f 1908/1080/1829 1916/1092/1829 1739/840/1829
f 1916/1092/1830 1925/1115/1830 1735/836/1830
f 1925/1115/1831 1935/1126/1831 1727/828/1831
f 1935/1126/1832 1945/1141/1832 1723/824/1832
f 1945/1141/1833 1955/1147/1833 1715/816/1833
f 1955/1147/1834 1965/1162/1834 1711/812/1834
f 1965/1162/1835 1975/1168/1835 1703/804/1835
f 1975/1168/1836 1985/1184/1836 1699/800/1836
f 1985/1184/1837 1995/1188/1837 1691/792/1837
f 1995/1188/1838 2005/1204/1838 1687/786/1838
f 2005/1226/1839 2015/1227/1839 1679/776/1839
f 2015/1227/1840 2025/1235/1840 1675/771/1840
f 2025/1235/1841 2035/1249/1841 1667/758/1841
f 2035/1249/1842 2045/1256/1842 1663/752/1842
f 2045/1256/1843 2055/1270/1843 1655/741/1843
f 2055/1270/1844 2065/1277/1844 1651/735/1844
f 2065/1277/1845 2075/1292/1845 1643/723/1845
f 2075/1292/1846 2080/889/1846 1639/717/1846
f 2080/889/1847 1788/890/1847 1631/705/1847
f 1788/890/1848 1797/917/1848 1627/699/1848
f 1797/917/1849 1806/936/1849 1619/687/1849
f 1806/936/1850 1815/942/1850 1615/681/1850
f 1815/942/1851 1824/956/1851 1607/669/1851
f 1824/956/1852 1835/962/1852 1603/663/1852
f 1835/962/1853 1844/981/1853 1595/651/1853
f 1844/981/1854 1853/989/1854 1591/640/1854
f 1853/989/1855 1862/1005/1855 1775/880/1855
f 1862/1005/1856 1872/1011/1856 1771/875/1856
f 1872/1011/1857 1881/1032/1857 1763/864/1857
f 2138/1299/1858 2085/1300/1858 2082/1301/1858 2081/1302/1858 2094/1303/1858 2097/1304/1858 2096/1305/1858 2100/1306/1858 2102/1307/1858 2105/1308/1858 2107/1309/1858 2109/1310/1858 2110/1311/1858 2112/1312/1858 2114/1313/1858 2116/1314/1858 2117/1315/1858 2120/1316/1858 2122/1317/1858 2124/1318/1858 2125/1319/1858 2134/1320/1858 2135/1321/1858
f 2140/1322/1859 2139/1323/1859 2087/1324/1859 2086/1325/1859 2147/1326/1859 2142/1327/1859
f 2104/1328/1860 2106/1329/1860 2103/1330/1860 2101/1331/1860 2098/1332/1860 2099/1333/1860 2095/1334/1860 2092/1335/1860 2091/1336/1860 2132/1337/1860 2128/1338/1860 2127/1339/1860 2126/1340/1860 2123/1341/1860 2121/1342/1860 2119/1343/1860 2118/1344/1860 2115/1345/1860 2113/1346/1860 2111/1347/1860 2108/1348/1860
f 2141/1349/1861 2142/1350/1861 2147/1326/1861 2148/1351/1861
f 2143/1352/1862 2141/1349/1862 2148/1351/1862 2146/1353/1862
f 2144/1354/1863 2143/1355/1863 2146/1356/1863 2145/1357/1863 2083/1358/1863 2084/1359/1863 2136/1360/1863 2137/1361/1863
f 2084/1362/1864 2085/1363/1864 2138/1364/1864 2136/1365/1864
f 2091/1336/1865 2093/1366/1865 2133/1367/1865 2132/1337/1865
f 2093/1366/1866 2090/1368/1866 2131/1369/1866 2133/1370/1866
f 2131/1371/1867 2090/1372/1867 2089/1373/1867 2129/1374/1867
f 2088/1375/1868 2087/1376/1868 2139/1377/1868 2130/1378/1868 2129/1374/1868 2089/1373/1868
