# Blender 4.1.1
# www.blender.org
mtllib chessCastle.mtl
o Cylinder.005
v -0.052287 0.209183 0.032521
v -0.055780 0.209183 0.024890
v 0.042692 0.209183 0.045991
v 0.036754 0.209183 0.051601
v -0.059859 0.209183 0.008490
v -0.060375 0.209183 -0.000000
v -0.007881 0.209183 0.064485
v -0.015626 0.209183 0.062825
v -0.030188 0.209183 0.056328
v -0.036754 0.209183 0.051601
v 0.058318 0.209183 -0.016834
v 0.059859 0.209183 -0.008490
v -0.047899 0.209183 0.039595
v 0.023105 0.209183 0.060090
v 0.015626 0.209183 0.062825
v -0.000000 0.209183 0.065041
v 0.042692 0.209183 -0.045991
v 0.047899 0.209183 -0.039595
v -0.023105 0.209183 0.060090
v 0.055780 0.209183 -0.024890
v 0.030188 0.209183 0.056328
v 0.015626 0.209183 -0.062825
v 0.023105 0.209183 -0.060090
v 0.007881 0.209183 0.064485
v 0.036754 0.209183 -0.051601
v 0.052287 0.209183 -0.032521
v -0.015626 0.209183 -0.062825
v -0.007881 0.209183 -0.064485
v 0.007881 0.209183 -0.064485
v 0.030188 0.209183 -0.056328
v -0.042692 0.209183 -0.045991
v -0.036754 0.209183 -0.051601
v 0.060375 0.209183 -0.000000
v -0.023105 0.209183 -0.060090
v -0.000000 0.209183 -0.065041
v -0.047899 0.209183 -0.039595
v -0.030188 0.209183 -0.056328
v 0.058318 0.209183 0.016834
v 0.055780 0.209183 0.024890
v -0.052287 0.209183 -0.032521
v -0.058318 0.209183 -0.016834
v 0.054618 0.366027 0.029883
v -0.062532 0.366027 -0.007800
v -0.044599 0.366027 0.042260
v 0.062528 0.366027 0.007802
v -0.060922 0.366027 0.015469
v 0.050035 0.366027 0.036383
v -0.055780 0.209183 -0.024890
v 0.047899 0.209183 0.039595
v -0.058271 0.366027 -0.022869
v -0.060922 0.366027 -0.015467
v -0.054622 0.366027 -0.029881
v 0.058267 0.366027 0.022872
v 0.060919 0.366027 0.015469
v -0.031537 0.366027 -0.051756
v -0.050038 0.366027 -0.036381
v -0.058318 0.209183 0.016834
v -0.000002 0.366027 -0.059763
v -0.024138 0.366027 -0.055213
v 0.063068 0.366027 0.000001
v -0.038396 0.366027 -0.047413
v -0.044599 0.366027 -0.042258
v 0.031533 0.366027 -0.051756
v 0.008230 0.366027 -0.059251
v 0.059859 0.209183 0.008490
v -0.008234 0.366027 -0.059251
v -0.016325 0.366027 -0.057726
v 0.054618 0.366027 -0.029881
v 0.038393 0.366027 -0.047413
v 0.008230 0.366027 0.059254
v 0.024134 0.366027 -0.055213
v 0.016322 0.366027 -0.057726
v -0.042692 0.209183 0.045991
v 0.031533 0.366027 0.051758
v 0.058267 0.366027 -0.022869
v -0.024138 0.366027 0.055216
v 0.050035 0.366027 -0.036381
v 0.044595 0.366027 -0.042258
v -0.000002 0.366027 0.059765
v 0.016322 0.366027 0.057728
v -0.059859 0.209183 -0.008490
v 0.024134 0.366027 0.055216
v -0.050038 0.366027 0.036383
v 0.062528 0.366027 -0.007800
v 0.060919 0.366027 -0.015467
v -0.038396 0.366027 0.047415
v -0.031537 0.366027 0.051758
v -0.016325 0.366027 0.057728
v 0.052287 0.209183 0.032521
v -0.008234 0.366027 0.059254
v -0.063072 0.366027 0.000001
v -0.062532 0.366027 0.007802
v 0.038393 0.366027 0.047415
v 0.044595 0.366027 0.042261
v -0.058271 0.366027 0.022872
v -0.054622 0.366027 0.029883
v -0.042732 0.339678 -0.031844
v -0.038968 0.311960 -0.029742
v -0.037532 0.277257 -0.029286
v -0.041618 0.251006 -0.033143
v -0.044170 0.236733 -0.035846
v -0.039368 0.236733 -0.041637
v -0.037094 0.251006 -0.038497
v -0.033452 0.277257 -0.034017
v -0.034732 0.311960 -0.034547
v -0.038086 0.339678 -0.036989
v 0.020609 0.339678 0.048331
v 0.018794 0.311960 0.045140
v 0.018104 0.277257 0.044446
v 0.020075 0.251006 0.050299
v 0.021306 0.236733 0.054401
v 0.014410 0.236733 0.056877
v 0.013577 0.251006 0.052588
v 0.012244 0.277257 0.046469
v 0.012710 0.311960 0.047194
v 0.013938 0.339678 0.050531
v 0.053397 0.339678 0.006829
v 0.048694 0.311960 0.006378
v 0.046904 0.277257 0.006279
v 0.052010 0.251006 0.007106
v 0.055199 0.236733 0.007686
v 0.053778 0.236733 0.015240
v 0.050671 0.251006 0.014091
v 0.045696 0.277257 0.012451
v 0.047440 0.311960 0.012646
v 0.052023 0.339678 0.013540
v -0.013942 0.339678 -0.050528
v -0.012714 0.311960 -0.047192
v -0.012244 0.277257 -0.046469
v -0.013577 0.251006 -0.052588
v -0.014410 0.236733 -0.056877
v -0.007267 0.236733 -0.058379
v -0.006847 0.251006 -0.053977
v -0.006175 0.277257 -0.047696
v -0.006413 0.311960 -0.048439
v -0.007032 0.339678 -0.051863
v -0.053401 0.339678 -0.006827
v -0.048697 0.311960 -0.006376
v -0.046904 0.277257 -0.006279
v -0.052010 0.251006 -0.007106
v -0.055199 0.236733 -0.007686
v -0.053778 0.236733 -0.015240
v -0.050671 0.251006 -0.014091
v -0.045696 0.277257 -0.012451
v -0.047444 0.311960 -0.012644
v -0.052026 0.339678 -0.013538
v -0.026932 0.339678 -0.045302
v -0.024560 0.311960 -0.042311
v -0.023654 0.277257 -0.041663
v -0.026229 0.251006 -0.047149
v -0.027838 0.236733 -0.050994
v -0.021306 0.236733 -0.054401
v -0.020075 0.251006 -0.050299
v -0.018104 0.277257 -0.044446
v -0.018798 0.311960 -0.045138
v -0.020613 0.339678 -0.048329
v -0.000002 0.339678 0.052313
v -0.000002 0.311960 0.048859
v -0.000000 0.277257 0.048108
v -0.000000 0.251006 0.054443
v -0.000000 0.236733 0.058883
v -0.007267 0.236733 0.058379
v -0.006847 0.251006 0.053977
v -0.006175 0.277257 0.047696
v -0.006413 0.311960 0.048441
v -0.007032 0.339678 0.051866
v 0.032786 0.339678 0.041503
v 0.029898 0.311960 0.038763
v 0.028800 0.277257 0.038166
v 0.031935 0.251006 0.043192
v 0.033893 0.236733 0.046715
v 0.027838 0.236733 0.050994
v 0.026229 0.251006 0.047149
v 0.023654 0.277257 0.041663
v 0.024556 0.311960 0.042313
v 0.026928 0.339678 0.045305
v 0.046642 0.339678 0.026157
v 0.042534 0.311960 0.024430
v 0.040970 0.277257 0.024054
v 0.045431 0.251006 0.027221
v 0.048216 0.236733 0.029442
v 0.044170 0.236733 0.035846
v 0.041618 0.251006 0.033143
v 0.037532 0.277257 0.029286
v 0.038964 0.311960 0.029744
v 0.042728 0.339678 0.031847
v 0.020609 0.339678 -0.048329
v 0.018794 0.311960 -0.045138
v 0.018104 0.277257 -0.044446
v 0.020075 0.251006 -0.050299
v 0.021306 0.236733 -0.054401
v 0.027838 0.236733 -0.050994
v 0.026229 0.251006 -0.047149
v 0.023654 0.277257 -0.041663
v 0.024556 0.311960 -0.042311
v 0.026928 0.339678 -0.045302
v 0.038083 0.339678 -0.036989
v 0.034728 0.311960 -0.034547
v 0.033452 0.277257 -0.034017
v 0.037094 0.251006 -0.038497
v 0.039368 0.236733 -0.041637
v 0.044170 0.236733 -0.035846
v 0.041618 0.251006 -0.033143
v 0.037532 0.277257 -0.029286
v 0.038964 0.311960 -0.029742
v 0.042728 0.339678 -0.031844
v 0.007028 0.339678 -0.051863
v 0.006409 0.311960 -0.048439
v 0.006175 0.277257 -0.047696
v 0.006847 0.251006 -0.053977
v 0.007267 0.236733 -0.058379
v 0.014410 0.236733 -0.056877
v 0.013577 0.251006 -0.052588
v 0.012244 0.277257 -0.046469
v 0.012710 0.311960 -0.047192
v 0.013938 0.339678 -0.050528
v -0.013942 0.339678 0.050531
v -0.012714 0.311960 0.047194
v -0.012244 0.277257 0.046469
v -0.013577 0.251006 0.052588
v -0.014410 0.236733 0.056877
v -0.021306 0.236733 0.054401
v -0.020075 0.251006 0.050299
v -0.018104 0.277257 0.044446
v -0.018798 0.311960 0.045140
v -0.020613 0.339678 0.048331
v -0.046646 0.339678 0.026157
v -0.042537 0.311960 0.024430
v -0.040970 0.277257 0.024054
v -0.045431 0.251006 0.027221
v -0.048216 0.236733 0.029442
v -0.051437 0.236733 0.022534
v -0.048466 0.251006 0.020834
v -0.043707 0.277257 0.018410
v -0.045379 0.311960 0.018698
v -0.049762 0.339678 0.020020
v 0.051437 0.236733 0.022534
v 0.048466 0.251006 0.020834
v 0.043707 0.277257 0.018410
v 0.045375 0.311960 0.018698
v 0.049758 0.339678 0.020020
v -0.027838 0.236733 0.050994
v -0.026229 0.251006 0.047149
v -0.023654 0.277257 0.041663
v -0.024560 0.311960 0.042313
v -0.026932 0.339678 0.045305
v 0.033893 0.236733 -0.046715
v 0.031935 0.251006 -0.043192
v 0.028800 0.277257 -0.038166
v 0.029898 0.311960 -0.038760
v 0.032786 0.339678 -0.041501
v 0.038083 0.339678 0.036991
v 0.034728 0.311960 0.034549
v 0.033452 0.277257 0.034017
v 0.037094 0.251006 0.038497
v 0.039368 0.236733 0.041637
v -0.046646 0.339678 -0.026155
v -0.042537 0.311960 -0.024428
v -0.040970 0.277257 -0.024054
v -0.045431 0.251006 -0.027221
v -0.048216 0.236733 -0.029442
v 0.049758 0.339678 -0.020018
v 0.045375 0.311960 -0.018696
v 0.043707 0.277257 -0.018410
v 0.048466 0.251006 -0.020834
v 0.051437 0.236733 -0.022534
v 0.053778 0.236733 -0.015240
v 0.050671 0.251006 -0.014091
v 0.045696 0.277257 -0.012451
v 0.047440 0.311960 -0.012644
v 0.052023 0.339678 -0.013538
v -0.053778 0.236733 0.015240
v -0.050671 0.251006 0.014091
v -0.045696 0.277257 0.012451
v -0.047444 0.311960 0.012646
v -0.052026 0.339678 0.013540
v -0.033893 0.236733 -0.046715
v -0.031935 0.251006 -0.043192
v -0.028800 0.277257 -0.038166
v -0.029902 0.311960 -0.038760
v -0.032790 0.339678 -0.041501
v -0.053401 0.339678 0.006829
v -0.048697 0.311960 0.006378
v -0.046904 0.277257 0.006279
v -0.052010 0.251006 0.007106
v -0.055199 0.236733 0.007686
v -0.055675 0.236733 -0.000000
v -0.052459 0.251006 -0.000000
v -0.047308 0.277257 -0.000000
v -0.049118 0.311960 0.000001
v -0.053862 0.339678 0.000001
v -0.000000 0.236733 -0.058883
v -0.000000 0.251006 -0.054443
v -0.000000 0.277257 -0.048108
v -0.000002 0.311960 -0.048857
v -0.000002 0.339678 -0.052311
v 0.053397 0.339678 -0.006827
v 0.048694 0.311960 -0.006376
v 0.046904 0.277257 -0.006279
v 0.052010 0.251006 -0.007106
v 0.055199 0.236733 -0.007686
v 0.055675 0.236733 -0.000000
v 0.052459 0.251006 -0.000000
v 0.047308 0.277257 -0.000000
v 0.049114 0.311960 0.000001
v 0.053858 0.339678 0.000001
v -0.051437 0.236733 -0.022534
v -0.048466 0.251006 -0.020834
v -0.043707 0.277257 -0.018410
v -0.045379 0.311960 -0.018696
v -0.049762 0.339678 -0.020018
v 0.007267 0.236733 0.058379
v 0.006847 0.251006 0.053977
v 0.006175 0.277257 0.047696
v 0.006409 0.311960 0.048441
v 0.007028 0.339678 0.051866
v -0.033893 0.236733 0.046715
v -0.031935 0.251006 0.043192
v -0.028800 0.277257 0.038166
v -0.029902 0.311960 0.038763
v -0.032790 0.339678 0.041503
v 0.048216 0.236733 -0.029442
v 0.045431 0.251006 -0.027221
v 0.040970 0.277257 -0.024054
v 0.042534 0.311960 -0.024428
v 0.046642 0.339678 -0.026155
v -0.039368 0.236733 0.041637
v -0.037094 0.251006 0.038497
v -0.033452 0.277257 0.034017
v -0.034732 0.311960 0.034549
v -0.038086 0.339678 0.036991
v -0.042732 0.339678 0.031847
v -0.038968 0.311960 0.029744
v -0.037532 0.277257 0.029286
v -0.041618 0.251006 0.033143
v -0.044170 0.236733 0.035846
v -0.000000 -0.000237 -0.157687
v 0.028556 -0.000237 -0.154657
v 0.056015 -0.000237 -0.145683
v 0.081321 -0.000237 -0.131112
v 0.103502 -0.000237 -0.111501
v 0.121706 -0.000237 -0.087606
v 0.135232 -0.000237 -0.060344
v 0.143561 -0.000237 -0.030763
v 0.146374 -0.000237 -0.000000
v 0.143561 -0.000237 0.030763
v 0.135232 -0.000237 0.060344
v 0.121706 -0.000237 0.087606
v 0.103502 -0.000237 0.111501
v 0.081321 -0.000237 0.131112
v 0.056015 -0.000237 0.145683
v 0.028556 -0.000237 0.154657
v -0.000000 -0.000237 0.157687
v -0.028556 -0.000237 0.154657
v -0.056015 -0.000237 0.145683
v -0.081321 -0.000237 0.131112
v -0.103502 -0.000237 0.111501
v -0.121706 -0.000237 0.087606
v -0.135232 -0.000237 0.060344
v -0.143561 -0.000237 0.030763
v -0.146374 -0.000237 -0.000000
v -0.143561 -0.000237 -0.030763
v -0.135232 -0.000237 -0.060344
v -0.121706 -0.000237 -0.087606
v -0.103502 -0.000237 -0.111501
v -0.081321 -0.000237 -0.131112
v -0.056015 -0.000237 -0.145683
v -0.028556 -0.000237 -0.154657
v -0.000000 0.022882 -0.157687
v 0.028556 0.022882 -0.154657
v 0.056015 0.022882 -0.145683
v 0.081321 0.022882 -0.131112
v 0.103502 0.022882 -0.111501
v 0.121706 0.022882 -0.087606
v 0.135232 0.022882 -0.060344
v 0.143561 0.022882 -0.030763
v 0.146374 0.022882 -0.000000
v 0.143561 0.022882 0.030763
v 0.135232 0.022882 0.060344
v 0.121706 0.022882 0.087606
v 0.103502 0.022882 0.111501
v 0.081321 0.022882 0.131112
v 0.056015 0.022882 0.145683
v 0.028556 0.022882 0.154657
v -0.000000 0.022882 0.157687
v -0.028556 0.022882 0.154657
v -0.056015 0.022882 0.145683
v -0.081321 0.022882 0.131112
v -0.103502 0.022882 0.111501
v -0.121706 0.022882 0.087606
v -0.135232 0.022882 0.060344
v -0.143561 0.022882 0.030763
v -0.146374 0.022882 -0.000000
v -0.143561 0.022882 -0.030763
v -0.135232 0.022882 -0.060344
v -0.121706 0.022882 -0.087606
v -0.103502 0.022882 -0.111501
v -0.081321 0.022882 -0.131112
v -0.056015 0.022882 -0.145683
v -0.028556 0.022882 -0.154657
v -0.000000 0.035839 -0.141610
v 0.025645 0.035839 -0.138888
v 0.050304 0.035839 -0.130830
v 0.073030 0.035839 -0.117744
v 0.092949 0.035839 -0.100133
v 0.109297 0.035839 -0.078674
v 0.121444 0.035839 -0.054192
v 0.128925 0.035839 -0.027627
v 0.131450 0.035839 -0.000000
v 0.128925 0.035839 0.027627
v 0.121444 0.035839 0.054192
v 0.109297 0.035839 0.078674
v 0.092949 0.035839 0.100133
v 0.073030 0.035839 0.117744
v 0.050304 0.035839 0.130830
v 0.025645 0.035839 0.138888
v -0.000000 0.035839 0.141609
v -0.025645 0.035839 0.138888
v -0.050304 0.035839 0.130830
v -0.073030 0.035839 0.117744
v -0.092949 0.035839 0.100133
v -0.109297 0.035839 0.078674
v -0.121444 0.035839 0.054192
v -0.128925 0.035839 0.027627
v -0.131450 0.035839 -0.000000
v -0.128925 0.035839 -0.027627
v -0.121444 0.035839 -0.054192
v -0.109297 0.035839 -0.078674
v -0.092949 0.035839 -0.100133
v -0.073030 0.035839 -0.117744
v -0.050304 0.035839 -0.130830
v -0.025645 0.035839 -0.138888
v 0.135943 0.056194 -0.000000
v 0.132300 0.076651 -0.000000
v 0.115843 0.092593 -0.000000
v 0.100922 0.129026 -0.000000
v 0.132300 0.035736 -0.000000
v 0.134780 0.056194 -0.019115
v 0.131168 0.076651 -0.018603
v 0.114852 0.092593 -0.016289
v 0.100058 0.129026 -0.014191
v 0.131168 0.035736 -0.018603
v 0.131311 0.056194 -0.037904
v 0.127792 0.076651 -0.036888
v 0.111895 0.092593 -0.032299
v 0.097483 0.129026 -0.028139
v 0.127792 0.035736 -0.036888
v 0.125595 0.056194 -0.056044
v 0.122230 0.076651 -0.054542
v 0.107025 0.092593 -0.047757
v 0.093239 0.129026 -0.041606
v 0.122230 0.035736 -0.054542
v 0.117730 0.056194 -0.073225
v 0.114575 0.076651 -0.071263
v 0.100323 0.092593 -0.062398
v 0.087401 0.129026 -0.054361
v 0.114575 0.035736 -0.071263
v 0.107851 0.056194 -0.089153
v 0.104961 0.076651 -0.086764
v 0.091904 0.092593 -0.075971
v 0.080067 0.129026 -0.066185
v 0.104961 0.035736 -0.086764
v 0.096126 0.056194 -0.103555
v 0.093550 0.076651 -0.100780
v 0.081913 0.092593 -0.088244
v 0.071362 0.129026 -0.076878
v 0.093550 0.035736 -0.100780
v 0.082757 0.056194 -0.116186
v 0.080539 0.076651 -0.113073
v 0.070521 0.092593 -0.099007
v 0.061437 0.129026 -0.086254
v 0.080539 0.035736 -0.113073
v 0.067971 0.056194 -0.126829
v 0.066150 0.076651 -0.123430
v 0.057921 0.092593 -0.108076
v 0.050461 0.129026 -0.094155
v 0.066150 0.035736 -0.123430
v 0.052023 0.056194 -0.135301
v 0.050629 0.076651 -0.131676
v 0.044331 0.092593 -0.115296
v 0.038621 0.129026 -0.100445
v 0.050629 0.035736 -0.131676
v 0.035185 0.056194 -0.141459
v 0.034242 0.076651 -0.137669
v 0.029982 0.092593 -0.120543
v 0.026120 0.129026 -0.105017
v 0.034242 0.035736 -0.137669
v 0.017744 0.056194 -0.145196
v 0.017269 0.076651 -0.141306
v 0.015120 0.092593 -0.123728
v 0.013173 0.129026 -0.107791
v 0.017269 0.035736 -0.141306
v 0.000000 0.056194 -0.146449
v 0.000000 0.076651 -0.142525
v -0.000000 0.092593 -0.124795
v -0.000000 0.129026 -0.108721
v 0.000000 0.035736 -0.142525
v -0.017744 0.056194 -0.145196
v -0.017269 0.076651 -0.141306
v -0.015121 0.092593 -0.123728
v -0.013173 0.129026 -0.107791
v -0.017269 0.035736 -0.141306
v -0.035185 0.056194 -0.141459
v -0.034242 0.076651 -0.137669
v -0.029982 0.092593 -0.120543
v -0.026120 0.129026 -0.105017
v -0.034242 0.035736 -0.137669
v -0.052023 0.056194 -0.135301
v -0.050629 0.076651 -0.131676
v -0.044331 0.092593 -0.115296
v -0.038621 0.129026 -0.100445
v -0.050629 0.035736 -0.131676
v -0.067971 0.056194 -0.126829
v -0.066150 0.076651 -0.123430
v -0.057921 0.092593 -0.108076
v -0.050461 0.129026 -0.094155
v -0.066150 0.035736 -0.123430
v -0.082757 0.056194 -0.116186
v -0.080539 0.076651 -0.113073
v -0.070521 0.092593 -0.099007
v -0.061437 0.129026 -0.086254
v -0.080539 0.035736 -0.113073
v -0.096126 0.056194 -0.103555
v -0.093550 0.076651 -0.100780
v -0.081913 0.092593 -0.088244
v -0.071362 0.129026 -0.076878
v -0.093550 0.035736 -0.100780
v -0.107851 0.056194 -0.089153
v -0.104961 0.076651 -0.086764
v -0.091904 0.092593 -0.075971
v -0.080067 0.129026 -0.066185
v -0.104961 0.035736 -0.086764
v -0.117730 0.056194 -0.073225
v -0.114575 0.076651 -0.071263
v -0.100323 0.092593 -0.062398
v -0.087401 0.129026 -0.054361
v -0.114575 0.035736 -0.071263
v -0.125595 0.056194 -0.056044
v -0.122230 0.076651 -0.054542
v -0.107025 0.092593 -0.047757
v -0.093239 0.129026 -0.041606
v -0.122230 0.035736 -0.054542
v -0.131311 0.056194 -0.037904
v -0.127792 0.076651 -0.036888
v -0.111895 0.092593 -0.032299
v -0.097483 0.129026 -0.028139
v -0.127792 0.035736 -0.036888
v -0.134780 0.056194 -0.019115
v -0.131168 0.076651 -0.018603
v -0.114852 0.092593 -0.016289
v -0.100058 0.129026 -0.014191
v -0.131168 0.035736 -0.018603
v -0.135943 0.056194 -0.000000
v -0.132300 0.076651 -0.000000
v -0.115843 0.092593 -0.000000
v -0.100922 0.129026 -0.000000
v 0.063545 0.113825 0.089214
v 0.066105 0.103776 0.092808
v 0.013625 0.113825 0.111490
v 0.014174 0.103776 0.115981
v -0.132300 0.035736 -0.000000
v -0.134780 0.056194 0.019115
v -0.131168 0.076651 0.018603
v -0.114852 0.092593 0.016289
v -0.100058 0.129026 0.014191
v -0.039946 0.113825 0.103892
v -0.041556 0.103776 0.108077
v -0.082814 0.113825 0.068456
v -0.086150 0.103776 0.071214
v -0.131168 0.035736 0.018603
v -0.131311 0.056194 0.037904
v -0.127792 0.076651 0.036888
v -0.111895 0.092593 0.032299
v -0.097483 0.129026 0.028139
v -0.103492 0.113825 0.014678
v -0.107661 0.103776 0.015269
v -0.096439 0.113825 -0.043034
v -0.100324 0.103776 -0.044767
v -0.127792 0.035736 0.036888
v -0.125595 0.056194 0.056044
v -0.122230 0.076651 0.054542
v -0.107025 0.092593 0.047757
v -0.093239 0.129026 0.041606
v -0.063545 0.113825 -0.089214
v -0.066105 0.103776 -0.092808
v -0.013625 0.113825 -0.111490
v -0.014174 0.103776 -0.115981
v -0.122230 0.035736 0.054542
v -0.117730 0.056194 0.073225
v -0.114575 0.076651 0.071263
v -0.100323 0.092593 0.062398
v -0.087401 0.129026 0.054361
v 0.039946 0.113825 -0.103892
v 0.041556 0.103776 -0.108077
v 0.082814 0.113825 -0.068456
v 0.086150 0.103776 -0.071214
v -0.114575 0.035736 0.071263
v -0.107851 0.056194 0.089153
v -0.104961 0.076651 0.086764
v -0.091904 0.092593 0.075971
v -0.080067 0.129026 0.066185
v 0.103492 0.113825 -0.014678
v 0.107661 0.103776 -0.015269
v 0.096439 0.113825 0.043034
v 0.100324 0.103776 0.044767
v -0.104961 0.035736 0.086764
v -0.096126 0.056194 0.103555
v -0.093550 0.076651 0.100780
v -0.081913 0.092593 0.088244
v -0.071362 0.129026 0.076878
v 0.073811 0.113825 0.079516
v 0.076784 0.103776 0.082719
v 0.027017 0.113825 0.108620
v 0.028105 0.103776 0.112996
v -0.093550 0.035736 0.100780
v -0.082757 0.056194 0.116186
v -0.080539 0.076651 0.113073
v -0.070521 0.092593 0.099007
v -0.061437 0.129026 0.086254
v -0.027017 0.113825 0.108620
v -0.028105 0.103776 0.112996
v -0.073811 0.113825 0.079516
v -0.076785 0.103776 0.082719
v -0.080539 0.035736 0.113073
v -0.067971 0.056194 0.126829
v -0.066150 0.076651 0.123430
v -0.057921 0.092593 0.108076
v -0.050461 0.129026 0.094155
v -0.100828 0.113825 0.029105
v -0.104890 0.103776 0.030277
v -0.100828 0.113825 -0.029105
v -0.104890 0.103776 -0.030277
v -0.066150 0.035736 0.123430
v -0.052023 0.056194 0.135301
v -0.050629 0.076651 0.131676
v -0.044331 0.092593 0.115296
v -0.038621 0.129026 0.100445
v -0.073811 0.113825 -0.079516
v -0.076785 0.103776 -0.082719
v -0.027017 0.113825 -0.108620
v -0.028105 0.103776 -0.112996
v -0.050629 0.035736 0.131676
v -0.035185 0.056194 0.141459
v -0.034242 0.076651 0.137669
v -0.029982 0.092593 0.120543
v -0.026120 0.129026 0.105017
v 0.027017 0.113825 -0.108620
v 0.028105 0.103776 -0.112996
v 0.073811 0.113825 -0.079516
v 0.076785 0.103776 -0.082719
v -0.034242 0.035736 0.137669
v -0.017744 0.056194 0.145196
v -0.017269 0.076651 0.141306
v -0.015121 0.092593 0.123728
v -0.013173 0.129026 0.107791
v 0.100828 0.113825 -0.029105
v 0.104890 0.103776 -0.030277
v 0.100828 0.113825 0.029105
v 0.104890 0.103776 0.030277
v -0.017269 0.035736 0.141306
v 0.000000 0.056194 0.146449
v 0.000000 0.076651 0.142525
v -0.000000 0.092593 0.124795
v -0.000000 0.129026 0.108721
v 0.039946 0.113825 0.103892
v 0.041556 0.103776 0.108077
v -0.013625 0.113825 0.111490
v -0.014174 0.103776 0.115981
v 0.000000 0.035736 0.142525
v 0.017744 0.056194 0.145196
v 0.017269 0.076651 0.141306
v 0.015120 0.092593 0.123728
v 0.013173 0.129026 0.107791
v -0.063545 0.113825 0.089214
v -0.066105 0.103776 0.092808
v -0.096439 0.113825 0.043033
v -0.100324 0.103776 0.044767
v 0.017269 0.035736 0.141306
v 0.035185 0.056194 0.141459
v 0.034242 0.076651 0.137669
v 0.029982 0.092593 0.120543
v 0.026120 0.129026 0.105017
v -0.103492 0.113825 -0.014678
v -0.107661 0.103776 -0.015269
v -0.082814 0.113825 -0.068456
v -0.086150 0.103776 -0.071214
v 0.034242 0.035736 0.137669
v 0.052023 0.056194 0.135301
v 0.050629 0.076651 0.131676
v 0.044331 0.092593 0.115296
v 0.038621 0.129026 0.100445
v -0.039946 0.113825 -0.103892
v -0.041556 0.103776 -0.108077
v 0.013625 0.113825 -0.111490
v 0.014174 0.103776 -0.115981
v 0.050629 0.035736 0.131676
v 0.067971 0.056194 0.126829
v 0.066150 0.076651 0.123430
v 0.057921 0.092593 0.108076
v 0.050461 0.129026 0.094155
v 0.063545 0.113825 -0.089214
v 0.066105 0.103776 -0.092808
v 0.096439 0.113825 -0.043034
v 0.100324 0.103776 -0.044767
v 0.066150 0.035736 0.123430
v 0.082757 0.056194 0.116186
v 0.080539 0.076651 0.113073
v 0.070520 0.092593 0.099007
v 0.061437 0.129026 0.086254
v 0.103492 0.113825 0.014678
v 0.107661 0.103776 0.015269
v 0.082814 0.113825 0.068456
v 0.086150 0.103776 0.071214
v 0.080539 0.035736 0.113073
v 0.096126 0.056194 0.103555
v 0.093550 0.076651 0.100781
v 0.081913 0.092593 0.088244
v 0.071362 0.129026 0.076878
v 0.052192 0.113825 0.097386
v 0.054295 0.103776 0.101309
v -0.000000 0.113825 0.112452
v -0.000000 0.103776 0.116982
v 0.093550 0.035736 0.100781
v 0.107851 0.056194 0.089153
v 0.104961 0.076651 0.086764
v 0.091904 0.092593 0.075971
v 0.080067 0.129026 0.066185
v -0.052192 0.113825 0.097386
v -0.054295 0.103776 0.101309
v -0.090400 0.113825 0.056226
v -0.094041 0.103776 0.058491
v 0.104961 0.035736 0.086764
v 0.117730 0.056194 0.073225
v 0.114575 0.076651 0.071263
v 0.100323 0.092593 0.062398
v 0.087401 0.129026 0.054361
v -0.104385 0.113825 -0.000000
v -0.108590 0.103776 -0.000000
v -0.090400 0.113825 -0.056226
v -0.094041 0.103776 -0.058491
v 0.114575 0.035736 0.071263
v 0.125595 0.056194 0.056044
v 0.122230 0.076651 0.054542
v 0.107025 0.092593 0.047757
v 0.093239 0.129026 0.041606
v -0.052192 0.113825 -0.097386
v -0.054295 0.103776 -0.101309
v -0.000000 0.113825 -0.112452
v -0.000000 0.103776 -0.116982
v 0.122230 0.035736 0.054542
v 0.131311 0.056194 0.037904
v 0.127792 0.076651 0.036888
v 0.111895 0.092593 0.032299
v 0.097483 0.129026 0.028139
v 0.052192 0.113825 -0.097386
v 0.054295 0.103776 -0.101309
v 0.090400 0.113825 -0.056226
v 0.094041 0.103776 -0.058491
v 0.127792 0.035736 0.036888
v 0.134780 0.056194 0.019115
v 0.131168 0.076651 0.018603
v 0.114852 0.092593 0.016289
v 0.100058 0.129026 0.014191
v 0.104385 0.113825 -0.000000
v 0.108590 0.103776 -0.000000
v 0.090400 0.113825 0.056226
v 0.094041 0.103776 0.058491
v 0.131168 0.035736 0.018603
v 0.094145 0.128331 -0.000000
v 0.093340 0.128331 -0.013238
v 0.090937 0.128331 -0.026250
v 0.086979 0.128331 -0.038812
v 0.081532 0.128331 -0.050711
v 0.074690 0.128331 -0.061741
v 0.066571 0.128331 -0.071716
v 0.057312 0.128331 -0.080463
v 0.047073 0.128331 -0.087833
v 0.036028 0.128331 -0.093701
v 0.024367 0.128331 -0.097965
v 0.012288 0.128331 -0.100554
v -0.000000 0.128331 -0.101421
v -0.012288 0.128331 -0.100554
v -0.024367 0.128331 -0.097965
v -0.036028 0.128331 -0.093701
v -0.047073 0.128331 -0.087833
v -0.057312 0.128331 -0.080463
v -0.066571 0.128331 -0.071716
v -0.074691 0.128331 -0.061741
v -0.081532 0.128331 -0.050711
v -0.086979 0.128331 -0.038812
v -0.090937 0.128331 -0.026250
v -0.093340 0.128331 -0.013238
v -0.094145 0.128331 -0.000000
v -0.093340 0.128331 0.013238
v -0.090937 0.128331 0.026250
v -0.086979 0.128331 0.038812
v -0.081532 0.128331 0.050711
v -0.074691 0.128331 0.061741
v -0.066571 0.128331 0.071716
v -0.057312 0.128331 0.080463
v -0.047073 0.128331 0.087833
v -0.036028 0.128331 0.093701
v -0.024367 0.128331 0.097965
v -0.012288 0.128331 0.100554
v -0.000000 0.128331 0.101421
v 0.012288 0.128331 0.100554
v 0.024367 0.128331 0.097965
v 0.036028 0.128331 0.093701
v 0.047073 0.128331 0.087833
v 0.057312 0.128331 0.080463
v 0.066571 0.128331 0.071716
v 0.074690 0.128331 0.061741
v 0.081532 0.128331 0.050711
v 0.086979 0.128331 0.038812
v 0.090937 0.128331 0.026250
v 0.093340 0.128331 0.013238
v -0.072880 0.154080 0.045329
v -0.065857 0.169362 0.040961
v -0.059376 0.184184 0.036930
v -0.054889 0.197554 0.034139
v -0.058555 0.197554 0.026129
v -0.063342 0.184184 0.028265
v -0.070257 0.169362 0.031350
v -0.077749 0.154080 0.034694
v 0.059507 0.154080 0.064106
v 0.053772 0.169362 0.057928
v 0.048480 0.184184 0.052227
v 0.044816 0.197554 0.048280
v 0.038583 0.197554 0.054169
v 0.041737 0.184184 0.058597
v 0.046293 0.169362 0.064994
v 0.051230 0.154080 0.071925
v -0.083435 0.154080 0.011833
v -0.075395 0.169362 0.010693
v -0.067974 0.184184 0.009641
v -0.062838 0.197554 0.008912
v -0.063380 0.197554 -0.000000
v -0.068561 0.184184 -0.000000
v -0.076045 0.169362 -0.000000
v -0.084155 0.154080 -0.000000
v -0.010984 0.154080 0.089883
v -0.009926 0.169362 0.081222
v -0.008949 0.184184 0.073228
v -0.008273 0.197554 0.067694
v -0.016404 0.197554 0.065952
v -0.017745 0.184184 0.071343
v -0.019682 0.169362 0.079131
v -0.021781 0.154080 0.087570
v -0.042078 0.154080 0.078513
v -0.038023 0.169362 0.070947
v -0.034280 0.184184 0.063964
v -0.031690 0.197554 0.059131
v -0.038583 0.197554 0.054169
v -0.041737 0.184184 0.058597
v -0.046294 0.169362 0.064993
v -0.051230 0.154080 0.071925
v 0.081287 0.154080 -0.023464
v 0.073454 0.169362 -0.021203
v 0.066225 0.184184 -0.019116
v 0.061220 0.197554 -0.017672
v 0.062838 0.197554 -0.008912
v 0.067974 0.184184 -0.009641
v 0.075395 0.169362 -0.010693
v 0.083435 0.154080 -0.011833
v -0.066765 0.154080 0.055190
v -0.060331 0.169362 0.049871
v -0.054393 0.184184 0.044963
v -0.050283 0.197554 0.041565
v 0.032205 0.154080 0.083758
v 0.029101 0.169362 0.075687
v 0.026237 0.184184 0.068237
v 0.024254 0.197554 0.063081
v 0.016404 0.197554 0.065952
v 0.017745 0.184184 0.071343
v 0.019682 0.169362 0.079131
v 0.021781 0.154080 0.087570
v -0.000000 0.154080 0.090659
v -0.000000 0.169362 0.081922
v -0.000000 0.184184 0.073860
v -0.000000 0.197554 0.068278
v 0.059507 0.154080 -0.064106
v 0.053772 0.169362 -0.057928
v 0.048480 0.184184 -0.052227
v 0.044816 0.197554 -0.048280
v 0.050283 0.197554 -0.041565
v 0.054393 0.184184 -0.044963
v 0.060331 0.169362 -0.049871
v 0.066765 0.154080 -0.055190
v -0.032205 0.154080 0.083758
v -0.029101 0.169362 0.075687
v -0.026237 0.184184 0.068237
v -0.024254 0.197554 0.063081
v 0.077749 0.154080 -0.034694
v 0.070257 0.169362 -0.031350
v 0.063342 0.184184 -0.028265
v 0.058555 0.197554 -0.026129
v 0.042077 0.154080 0.078513
v 0.038023 0.169362 0.070947
v 0.034280 0.184184 0.063964
v 0.031690 0.197554 0.059131
v 0.021781 0.154080 -0.087570
v 0.019682 0.169362 -0.079131
v 0.017745 0.184184 -0.071343
v 0.016404 0.197554 -0.065952
v 0.024254 0.197554 -0.063081
v 0.026237 0.184184 -0.068237
v 0.029101 0.169362 -0.075687
v 0.032205 0.154080 -0.083758
v 0.010984 0.154080 0.089883
v 0.009926 0.169362 0.081222
v 0.008949 0.184184 0.073228
v 0.008273 0.197554 0.067694
v 0.051230 0.154080 -0.071925
v 0.046293 0.169362 -0.064994
v 0.041737 0.184184 -0.058597
v 0.038583 0.197554 -0.054169
v 0.072880 0.154080 -0.045329
v 0.065857 0.169362 -0.040961
v 0.059376 0.184184 -0.036930
v 0.054889 0.197554 -0.034139
v -0.021781 0.154080 -0.087570
v -0.019682 0.169362 -0.079131
v -0.017745 0.184184 -0.071343
v -0.016404 0.197554 -0.065952
v -0.008273 0.197554 -0.067694
v -0.008949 0.184184 -0.073228
v -0.009926 0.169362 -0.081222
v -0.010984 0.154080 -0.089883
v 0.010984 0.154080 -0.089883
v 0.009926 0.169362 -0.081222
v 0.008949 0.184184 -0.073228
v 0.008273 0.197554 -0.067694
v 0.042077 0.154080 -0.078513
v 0.038023 0.169362 -0.070947
v 0.034280 0.184184 -0.063964
v 0.031690 0.197554 -0.059131
v -0.059507 0.154080 -0.064106
v -0.053772 0.169362 -0.057928
v -0.048480 0.184184 -0.052227
v -0.044816 0.197554 -0.048280
v -0.038583 0.197554 -0.054169
v -0.041737 0.184184 -0.058597
v -0.046293 0.169362 -0.064994
v -0.051230 0.154080 -0.071925
v 0.063380 0.197554 -0.000000
v 0.068561 0.184184 -0.000000
v 0.076045 0.169362 -0.000000
v 0.084155 0.154080 -0.000000
v -0.032205 0.154080 -0.083758
v -0.029101 0.169362 -0.075687
v -0.026237 0.184184 -0.068237
v -0.024254 0.197554 -0.063081
v -0.000000 0.154080 -0.090659
v -0.000000 0.169362 -0.081923
v -0.000000 0.184184 -0.073860
v -0.000000 0.197554 -0.068278
v -0.066765 0.154080 -0.055190
v -0.060331 0.169362 -0.049871
v -0.054393 0.184184 -0.044963
v -0.050283 0.197554 -0.041565
v -0.042078 0.154080 -0.078513
v -0.038023 0.169362 -0.070947
v -0.034280 0.184184 -0.063964
v -0.031690 0.197554 -0.059131
v 0.081287 0.154080 0.023464
v 0.073454 0.169362 0.021203
v 0.066225 0.184184 0.019116
v 0.061220 0.197554 0.017672
v 0.058555 0.197554 0.026129
v 0.063342 0.184184 0.028265
v 0.070257 0.169362 0.031350
v 0.077749 0.154080 0.034694
v -0.072880 0.154080 -0.045329
v -0.065857 0.169362 -0.040961
v -0.059376 0.184184 -0.036930
v -0.054889 0.197554 -0.034139
v -0.081288 0.154080 -0.023464
v -0.073454 0.169362 -0.021203
v -0.066225 0.184184 -0.019116
v -0.061220 0.197554 -0.017672
v -0.058555 0.197554 -0.026129
v -0.063342 0.184184 -0.028265
v -0.070257 0.169362 -0.031350
v -0.077749 0.154080 -0.034694
v 0.066765 0.154080 0.055190
v 0.060331 0.169362 0.049871
v 0.054393 0.184184 0.044963
v 0.050283 0.197554 0.041565
v -0.081288 0.154080 0.023464
v -0.073454 0.169362 0.021203
v -0.066225 0.184184 0.019116
v -0.061220 0.197554 0.017672
v 0.083435 0.154080 0.011833
v 0.075395 0.169362 0.010693
v 0.067974 0.184184 0.009641
v 0.062838 0.197554 0.008912
v -0.059507 0.154080 0.064105
v -0.053772 0.169362 0.057928
v -0.048480 0.184184 0.052227
v -0.044816 0.197554 0.048280
v -0.083435 0.154080 -0.011833
v -0.075395 0.169362 -0.010693
v -0.067974 0.184184 -0.009641
v -0.062838 0.197554 -0.008912
v 0.072880 0.154080 0.045329
v 0.065857 0.169362 0.040961
v 0.059376 0.184184 0.036930
v 0.054889 0.197554 0.034139
v 0.081946 0.425120 0.000099
v 0.079779 0.432093 0.000003
v 0.073756 0.437314 0.000090
v 0.073756 0.412925 0.000090
v 0.079779 0.418146 0.000003
v 0.081258 0.425120 -0.010031
v 0.079082 0.432160 -0.009763
v 0.073137 0.437314 -0.009028
v 0.073188 0.412974 -0.009122
v 0.079019 0.418030 -0.009849
v 0.079141 0.425187 -0.020080
v 0.077062 0.432093 -0.019552
v 0.071305 0.437265 -0.018090
v 0.071305 0.412974 -0.018090
v 0.076987 0.418030 -0.019533
v 0.075698 0.425187 -0.029691
v 0.073709 0.432093 -0.028910
v 0.068203 0.437265 -0.026749
v 0.068180 0.412925 -0.026646
v 0.073722 0.418079 -0.028814
v 0.070961 0.425187 -0.038794
v 0.069096 0.432093 -0.037774
v 0.063935 0.437265 -0.034950
v 0.063935 0.412974 -0.034950
v 0.069096 0.418146 -0.037774
v 0.065083 0.425120 -0.047165
v 0.063341 0.432160 -0.045901
v 0.058580 0.437314 -0.042448
v 0.058574 0.412974 -0.042554
v 0.063240 0.418030 -0.045947
v 0.057948 0.425187 -0.054864
v 0.056425 0.432093 -0.053422
v 0.052211 0.437265 -0.049428
v 0.052211 0.412974 -0.049428
v 0.056370 0.418030 -0.053370
v 0.049895 0.425187 -0.061557
v 0.048584 0.432093 -0.059938
v 0.044956 0.437265 -0.055458
v 0.044990 0.412925 -0.055357
v 0.048646 0.418079 -0.059860
v 0.040988 0.425187 -0.067196
v 0.039912 0.432093 -0.065429
v 0.036932 0.437265 -0.060538
v 0.036932 0.412974 -0.060538
v 0.039912 0.418146 -0.065429
v 0.031481 0.425120 -0.071660
v 0.030639 0.432160 -0.069740
v 0.028338 0.437314 -0.064494
v 0.028277 0.412974 -0.064582
v 0.030528 0.418030 -0.069732
v 0.021239 0.425187 -0.074947
v 0.020682 0.432093 -0.072977
v 0.019139 0.437265 -0.067522
v 0.019139 0.412974 -0.067522
v 0.020662 0.418030 -0.072905
v 0.010734 0.425187 -0.076927
v 0.010453 0.432093 -0.074905
v 0.009675 0.437265 -0.069306
v 0.009757 0.412925 -0.069235
v 0.010547 0.418079 -0.074867
v 0.000045 0.425187 -0.077591
v 0.000045 0.432093 -0.075551
v 0.000045 0.437265 -0.069904
v 0.000045 0.412974 -0.069904
v 0.000045 0.418146 -0.075551
v -0.010544 0.425120 -0.076953
v -0.010260 0.432160 -0.074891
v -0.009485 0.437314 -0.069258
v -0.009584 0.412974 -0.069306
v -0.010352 0.418030 -0.074831
v -0.021148 0.425187 -0.074947
v -0.020591 0.432093 -0.072977
v -0.019049 0.437265 -0.067522
v -0.019049 0.412974 -0.067522
v -0.020571 0.418030 -0.072905
v -0.031291 0.425187 -0.071685
v -0.030467 0.432093 -0.069800
v -0.028186 0.437265 -0.064582
v -0.028078 0.412925 -0.064560
v -0.030365 0.418079 -0.069812
v -0.040898 0.425187 -0.067196
v -0.039821 0.432093 -0.065429
v -0.036841 0.437265 -0.060538
v -0.036841 0.412974 -0.060538
v -0.039821 0.418146 -0.065429
v -0.049732 0.425120 -0.061626
v -0.048398 0.432160 -0.059975
v -0.044754 0.437314 -0.055463
v -0.044865 0.412974 -0.055458
v -0.048446 0.418030 -0.059880
v -0.057857 0.425187 -0.054864
v -0.056335 0.432093 -0.053422
v -0.052120 0.437265 -0.049428
v -0.052120 0.412974 -0.049428
v -0.056279 0.418030 -0.053370
v -0.064919 0.425187 -0.047233
v -0.063211 0.432093 -0.045991
v -0.058483 0.437265 -0.042554
v -0.058377 0.412925 -0.042586
v -0.063129 0.418079 -0.046050
v -0.070870 0.425187 -0.038794
v -0.069006 0.432093 -0.037774
v -0.063844 0.437265 -0.034950
v -0.063844 0.412974 -0.034950
v -0.069006 0.418146 -0.037774
v -0.075582 0.425120 -0.029785
v -0.073555 0.432160 -0.028987
v -0.068019 0.437314 -0.026807
v -0.068112 0.412974 -0.026749
v -0.073631 0.418079 -0.028814
v -0.079051 0.425187 -0.020080
v -0.076896 0.432209 -0.019533
v -0.071214 0.437265 -0.018090
v -0.071214 0.412974 -0.018090
v -0.076970 0.418079 -0.019455
v -0.081140 0.425187 -0.010125
v -0.078928 0.432209 -0.009849
v -0.073097 0.437265 -0.009122
v -0.073022 0.412925 -0.009200
v -0.078966 0.418079 -0.009949
v -0.081841 0.425187 0.000003
v -0.079610 0.432209 0.000003
v -0.073728 0.437265 0.000003
v -0.073728 0.412974 0.000003
v -0.079688 0.418146 0.000003
v -0.081168 0.425120 0.010037
v -0.078992 0.432160 0.009768
v -0.073046 0.437314 0.009034
v -0.073097 0.412974 0.009127
v -0.078966 0.418079 0.009954
v -0.079051 0.425187 0.020086
v -0.076896 0.432209 0.019538
v -0.071214 0.437265 0.018096
v -0.071214 0.412974 0.018096
v -0.076919 0.418079 0.019641
v -0.075608 0.425187 0.029697
v -0.073547 0.432209 0.028888
v -0.068112 0.437265 0.026755
v -0.068089 0.412925 0.026652
v -0.073631 0.418079 0.028819
v -0.070870 0.425187 0.038800
v -0.068938 0.432209 0.037743
v -0.063844 0.437265 0.034956
v -0.063844 0.412974 0.034956
v -0.069006 0.418146 0.037780
v -0.064992 0.425120 0.047171
v -0.063250 0.432160 0.045907
v -0.058489 0.437314 0.042454
v -0.058483 0.412974 0.042559
v -0.063129 0.418079 0.046056
v -0.057857 0.425187 0.054870
v -0.056279 0.432209 0.053375
v -0.052120 0.437265 0.049434
v -0.052120 0.412974 0.049434
v -0.056245 0.418079 0.053475
v -0.049804 0.425187 0.061562
v -0.048446 0.432209 0.059885
v -0.044865 0.437265 0.055463
v -0.044899 0.412925 0.055363
v -0.048555 0.418079 0.059866
v -0.040898 0.425187 0.067201
v -0.039782 0.432209 0.065370
v -0.036841 0.437265 0.060543
v -0.036841 0.412974 0.060543
v -0.039821 0.418146 0.065434
v -0.031391 0.425120 0.071666
v -0.030548 0.432160 0.069746
v -0.028247 0.437314 0.064499
v -0.028186 0.412974 0.064588
v -0.030365 0.418079 0.069817
v -0.021148 0.425187 0.074953
v -0.020571 0.432209 0.072911
v -0.019049 0.437265 0.067527
v -0.019049 0.412974 0.067527
v -0.020488 0.418079 0.072981
v -0.010643 0.425187 0.076933
v -0.010352 0.432209 0.074837
v -0.009584 0.437265 0.069311
v -0.009667 0.412925 0.069241
v -0.010457 0.418079 0.074872
v 0.000045 0.425187 0.077597
v 0.000045 0.432209 0.075483
v 0.000045 0.437265 0.069909
v 0.000045 0.412974 0.069909
v 0.000045 0.418146 0.075557
v 0.010635 0.425120 0.076959
v 0.010351 0.432160 0.074897
v 0.009576 0.437314 0.069263
v 0.009675 0.412974 0.069311
v 0.010547 0.418079 0.074872
v 0.021239 0.425187 0.074953
v 0.020662 0.432209 0.072911
v 0.019139 0.437265 0.067527
v 0.019139 0.412974 0.067527
v 0.020770 0.418079 0.072933
v 0.031382 0.425187 0.071690
v 0.030528 0.432209 0.069737
v 0.028277 0.437265 0.064588
v 0.028169 0.412925 0.064566
v 0.030456 0.418079 0.069817
v 0.040988 0.425187 0.067201
v 0.039873 0.432209 0.065370
v 0.036932 0.437265 0.060543
v 0.036932 0.412974 0.060543
v 0.039912 0.418146 0.065434
v 0.049822 0.425120 0.061632
v 0.048489 0.432160 0.059980
v 0.044845 0.437314 0.055469
v 0.044990 0.412925 0.055363
v 0.048646 0.418079 0.059866
v 0.057948 0.425187 0.054870
v 0.056370 0.432209 0.053375
v 0.052231 0.437314 0.049330
v 0.052211 0.412974 0.049434
v 0.056370 0.418030 0.053375
v 0.065010 0.425187 0.047239
v 0.063302 0.432093 0.045997
v 0.058467 0.437332 0.042481
v 0.058468 0.412925 0.042592
v 0.063220 0.418079 0.046056
v 0.070961 0.425187 0.038800
v 0.069096 0.432093 0.037780
v 0.063818 0.437332 0.034892
v 0.063935 0.412974 0.034956
v 0.069096 0.418146 0.037780
v 0.075673 0.425120 0.029791
v 0.073646 0.432160 0.028993
v 0.068110 0.437314 0.026812
v 0.068203 0.412974 0.026755
v 0.073637 0.418030 0.028888
v 0.079141 0.425187 0.020086
v 0.077062 0.432093 0.019558
v 0.071175 0.437332 0.018063
v 0.071305 0.412974 0.018096
v 0.076987 0.418030 0.019538
v 0.081231 0.425187 0.010131
v 0.079082 0.432160 0.009768
v 0.073137 0.437314 0.009034
v 0.073113 0.412925 0.009206
v 0.079056 0.418079 0.009954
v 0.027450 0.450861 0.064356
v -0.012668 0.448785 -0.065881
v -0.024846 0.448785 -0.062187
v 0.009973 0.534337 0.076708
v 0.057132 0.534356 0.054691
v 0.070447 0.450883 0.018036
v 0.076110 0.453170 0.019474
v -0.036069 0.448785 -0.056188
v -0.045906 0.448785 -0.048115
v 0.051414 0.450883 0.049273
v 0.009016 0.450883 0.069085
v -0.037349 0.450883 0.060346
v -0.068496 0.450861 0.026564
v -0.071611 0.450883 -0.018033
v -0.053979 0.448785 -0.038278
v -0.059978 0.448785 -0.027055
v -0.048916 0.453170 -0.059687
v -0.077348 0.453192 -0.019393
v -0.074020 0.453192 0.028725
v -0.040320 0.453222 0.065221
v 0.009886 0.453192 0.074629
v 0.055560 0.453170 0.053201
v 0.072249 0.450861 0.009175
v 0.078173 0.453192 0.009921
v 0.064172 0.534356 0.047085
v 0.020543 0.534356 0.074709
v -0.031916 0.534337 0.071432
v -0.071268 0.534356 0.038673
v -0.058297 0.534356 -0.054688
v 0.019848 0.473503 -0.072247
v -0.063672 0.448785 -0.014877
v -0.064920 0.448785 -0.002213
v -0.030789 0.473503 -0.069102
v -0.068942 0.473503 -0.037397
v 0.057651 0.450861 0.042452
v -0.028723 0.450883 0.064377
v 0.020076 0.453192 0.072695
v 0.070103 0.534356 0.038673
v 0.062388 0.453192 0.045905
v 0.018450 0.450883 0.067307
v -0.010180 0.450883 -0.069082
v 0.036185 0.450883 -0.060343
v 0.070103 0.534356 -0.038670
v -0.063672 0.448785 0.010452
v -0.059978 0.448785 0.022630
v 0.062112 0.473474 -0.045466
v 0.039155 0.453222 -0.065218
v -0.010946 0.453170 -0.074590
v -0.052579 0.450883 -0.049269
v -0.073413 0.450861 -0.009171
v -0.064265 0.450883 0.034842
v -0.030894 0.453192 0.069590
v 0.030653 0.534356 0.071457
v -0.069409 0.453222 0.037656
v -0.065409 0.534337 0.047017
v -0.079337 0.453192 -0.009917
v -0.056724 0.453170 -0.053198
v -0.021707 0.534356 -0.074705
v 0.030752 0.534337 -0.071429
v 0.072889 0.450861 0.000088
v 0.066906 0.450413 -0.008423
v -0.053979 0.448785 0.033853
v -0.045906 0.448785 0.043690
v 0.025442 0.450413 -0.059627
v 0.065168 0.450413 -0.016703
v 0.078893 0.453222 0.000002
v 0.063100 0.450883 -0.034838
v 0.077704 0.473474 -0.009671
v -0.063205 0.473503 -0.045532
v -0.065336 0.534356 -0.047081
v -0.058921 0.450883 0.042420
v 0.029721 0.473474 -0.069078
v -0.019614 0.450883 -0.067304
v -0.058815 0.450861 -0.042449
v -0.080057 0.453222 0.000002
v -0.074116 0.450883 0.000002
v 0.068245 0.453222 -0.037653
v -0.042087 0.450413 0.051206
v 0.017006 0.450413 -0.062340
v -0.042086 0.450413 -0.051202
v -0.036069 0.448785 0.051763
v -0.024846 0.448785 0.057762
v 0.062304 0.450413 0.024701
v -0.048785 0.450413 -0.045636
v 0.033433 0.450413 0.055896
v -0.034679 0.450413 0.055896
v -0.021012 0.473503 -0.072247
v 0.064245 0.534337 -0.047013
v 0.027558 0.450883 -0.064374
v -0.021132 0.453170 -0.072670
v -0.063552 0.453192 -0.045902
v -0.071268 0.534356 -0.038670
v -0.031817 0.534356 -0.071453
v 0.029802 0.453170 -0.069507
v -0.063276 0.473474 0.045470
v -0.079517 0.473503 0.000002
v -0.021012 0.473503 0.072250
v -0.018251 0.450413 0.062344
v 0.062304 0.450413 -0.024697
v 0.033433 0.450413 -0.055893
v 0.065168 0.450413 0.016706
v -0.066413 0.450413 0.016706
v -0.012668 0.448785 0.061456
v -0.000004 0.448785 0.062703
v -0.068152 0.450413 -0.008423
v 0.053414 0.450413 0.039292
v -0.034679 0.450413 -0.055893
v 0.008267 0.450413 -0.063987
v -0.026688 0.450413 0.059630
v -0.009513 0.450413 0.063991
v 0.072323 0.450883 -0.009093
v 0.057757 0.450883 -0.042417
v 0.018450 0.450883 -0.067304
v 0.062408 0.453170 -0.045799
v 0.078136 0.453170 -0.009818
v 0.067332 0.450861 -0.026561
v 0.047861 0.453192 -0.059667
v 0.044217 0.450861 -0.055179
v -0.054659 0.450413 0.039292
v 0.008267 0.450413 0.063991
v 0.067489 0.450413 0.000002
v -0.059609 0.450413 -0.032269
v 0.066906 0.450413 0.008426
v 0.058363 0.450413 0.032272
v 0.012661 0.448785 0.061456
v 0.024839 0.448785 0.057762
v -0.048785 0.450413 0.045639
v -0.066413 0.450413 -0.016703
v -0.026688 0.450413 -0.059627
v 0.040841 0.450413 -0.051202
v 0.025442 0.450413 0.059630
v -0.059609 0.450413 0.032272
v 0.029625 0.473503 0.069105
v -0.000582 0.450883 -0.069678
v 0.040228 0.534356 -0.066979
v 0.072856 0.453192 -0.028722
v 0.067777 0.473503 -0.037397
v -0.000582 0.453222 -0.075307
v 0.067777 0.473503 0.037400
v -0.056398 0.473503 -0.052888
v -0.078842 0.473503 -0.009761
v 0.074826 0.534356 -0.029596
v -0.063550 0.450413 0.024701
v 0.017006 0.450413 0.062344
v 0.058363 0.450413 -0.032269
v -0.000623 0.450413 -0.064539
v -0.063550 0.450413 -0.024697
v 0.036062 0.448785 0.051763
v 0.045899 0.448785 0.043690
v -0.054659 0.450413 -0.039288
v -0.018251 0.450413 -0.062340
v -0.000623 0.450413 0.064543
v 0.047539 0.450413 0.045639
v 0.076110 0.453170 -0.019471
v 0.049105 0.534356 -0.061358
v -0.050198 0.534337 -0.061427
v -0.074020 0.453192 -0.028722
v 0.029969 0.471059 -0.069845
v -0.011137 0.534337 -0.076705
v -0.045347 0.450883 -0.055279
v -0.068942 0.473503 0.037400
v -0.077297 0.453192 0.019577
v -0.071611 0.450883 0.018036
v -0.068519 0.450883 -0.026664
v -0.040320 0.453222 -0.065218
v 0.009886 0.453192 -0.074625
v 0.055560 0.453170 -0.053198
v 0.070447 0.450883 -0.018033
v 0.040841 0.450413 0.051206
v 0.047539 0.450413 -0.045636
v -0.009513 0.450413 -0.063987
v 0.053972 0.448785 0.033853
v 0.059971 0.448785 0.022630
v 0.053414 0.450413 -0.039288
v -0.068152 0.450413 0.008426
v 0.051414 0.450883 -0.049269
v 0.009098 0.450861 -0.069012
v -0.037349 0.450883 -0.060343
v -0.045381 0.450861 0.055182
v -0.075990 0.534356 0.029599
v -0.049025 0.453192 0.059671
v -0.030885 0.473474 0.069082
v 0.019848 0.473503 0.072250
v -0.068734 0.450413 0.000002
v 0.063665 0.448785 0.010452
v 0.064913 0.448785 -0.002213
v 0.078257 0.534356 -0.020016
v 0.062041 0.473503 0.045535
v 0.077677 0.473503 0.009765
v 0.055233 0.473503 0.052891
v -0.075964 0.534337 -0.029690
v -0.079422 0.534356 0.020019
v -0.050270 0.534356 0.061362
v -0.000582 0.450883 0.069682
v -0.041393 0.534356 0.066982
v -0.000582 0.453222 0.075311
v 0.044217 0.450861 0.055183
v 0.078257 0.534356 0.020019
v 0.072771 0.453170 0.028793
v 0.049034 0.534337 0.061431
v -0.011050 0.453192 0.074629
v -0.056690 0.453192 0.053301
v -0.079337 0.453192 0.009921
v -0.069409 0.453222 -0.037653
v -0.041393 0.534356 -0.066979
v 0.057132 0.534356 -0.054688
v 0.063665 0.448785 -0.014877
v 0.059971 0.448785 -0.027055
v 0.019967 0.453170 -0.072670
v -0.030894 0.453192 -0.069587
v -0.064265 0.450883 -0.034838
v -0.073487 0.450883 0.009097
v -0.052579 0.450883 0.049273
v -0.010263 0.450861 0.069015
v 0.039155 0.453222 0.065221
v 0.067355 0.450883 0.026667
v 0.047861 0.453192 0.059671
v 0.036185 0.450883 0.060346
v -0.028614 0.450861 -0.064352
v 0.053972 0.448785 -0.038278
v 0.045899 0.448785 -0.048115
v 0.009625 0.473474 0.074184
v 0.074800 0.534337 0.029693
v -0.058297 0.534356 0.054691
v -0.081532 0.534337 0.010003
v 0.036062 0.448785 -0.056188
v 0.024839 0.448785 -0.062187
v -0.063552 0.453192 0.045905
v -0.021049 0.453192 0.072744
v 0.040228 0.534356 0.066982
v 0.068245 0.453222 0.037656
v 0.063100 0.450883 0.034842
v 0.029730 0.453192 0.069590
v -0.019614 0.450883 0.067307
v 0.012661 0.448785 -0.065881
v -0.000004 0.448785 -0.067129
v -0.056973 0.471074 0.053546
v 0.048067 0.471070 0.059981
v 0.038885 0.473503 0.064778
v -0.078868 0.473474 0.009674
v -0.056398 0.473503 0.052891
v -0.010885 0.473503 0.074159
v 0.072319 0.473474 0.028716
v 0.055233 0.473503 -0.052888
v 0.009721 0.473503 -0.074156
v -0.040050 0.473503 -0.064775
v 0.047401 0.473474 0.059409
v 0.075663 0.473503 0.019361
v -0.040050 0.473503 0.064778
v -0.000582 0.473503 0.074799
v -0.048635 0.473503 0.059342
v -0.076827 0.473503 0.019361
v -0.073484 0.473474 -0.028713
v 0.075663 0.473503 -0.019357
v -0.073508 0.473503 0.028625
v -0.010790 0.473474 -0.074181
v -0.010979 0.471059 -0.074963
v -0.076827 0.473503 -0.019357
v -0.048565 0.473474 -0.059406
v -0.000582 0.473503 -0.074795
v 0.047470 0.473503 -0.059339
v 0.072344 0.473503 -0.028622
v 0.038885 0.473503 -0.064775
v 0.078366 0.473474 0.000095
v -0.049142 0.471059 -0.059993
v -0.021165 0.471074 0.073090
v 0.055837 0.471062 -0.053460
v 0.073129 0.471059 0.028952
v -0.074367 0.471074 0.028879
v -0.080435 0.474611 0.000002
v 0.068572 0.471089 0.037835
v -0.074362 0.471070 -0.028892
v 0.039344 0.471089 -0.065528
v 0.020158 0.471074 0.073050
v 0.020069 0.471062 -0.073029
v 0.055837 0.471062 0.053464
v -0.049244 0.471074 0.059969
v -0.021233 0.471062 -0.073029
v 0.079273 0.474605 0.000019
v -0.000582 0.474611 -0.075665
v 0.073203 0.471074 -0.028876
v -0.069737 0.471089 0.037835
v -0.011083 0.474586 0.074990
v 0.048080 0.471074 -0.059965
v -0.063866 0.471074 -0.046110
v 0.039344 0.471089 0.065531
v -0.079719 0.474586 -0.009948
v -0.069737 0.471089 -0.037832
v 0.068572 0.471089 -0.037832
v 0.078555 0.471074 0.009952
v 0.062702 0.471074 0.046113
v 0.076488 0.471062 -0.019567
v -0.077671 0.471074 0.019655
v -0.031057 0.471074 -0.069915
v -0.000582 0.474611 0.075669
v -0.040509 0.471089 -0.065528
v 0.062731 0.471059 -0.046013
v 0.009918 0.474586 -0.074987
v -0.040509 0.471089 0.065531
v -0.077713 0.471074 -0.019502
v -0.031074 0.471070 0.069915
v 0.009901 0.471070 0.074995
v 0.029892 0.471074 0.069919
v 0.076488 0.471062 0.019570
v -0.063879 0.471070 0.046101
v 0.078529 0.474562 -0.009850
v -0.057001 0.471062 -0.053460
v -0.079724 0.471070 0.009935
v -0.031907 0.204545 0.022657
v -0.034273 0.204638 0.017422
v 0.025593 0.204309 0.031657
v 0.021817 0.204181 0.035280
v -0.037083 0.204751 0.005976
v -0.037442 0.204765 -0.000000
v -0.004539 0.203804 0.043206
v -0.009042 0.203860 0.042222
v -0.017745 0.204057 0.038260
v -0.021817 0.204181 0.035280
v 0.036016 0.204708 -0.011824
v 0.037083 0.204751 -0.005976
v -0.028986 0.204433 0.027429
v 0.013463 0.203947 0.040575
v 0.009042 0.203860 0.042222
v -0.000000 0.203785 0.043533
v 0.025593 0.204309 -0.031657
v 0.028986 0.204433 -0.027429
v -0.013463 0.203947 0.040575
v 0.034273 0.204638 -0.017422
v 0.017745 0.204057 0.038259
v 0.009042 0.203860 -0.042222
v 0.013463 0.203947 -0.040575
v 0.004539 0.203804 0.043206
v 0.021817 0.204181 -0.035280
v 0.031907 0.204545 -0.022657
v -0.009042 0.203860 -0.042222
v -0.004539 0.203804 -0.043206
v 0.004539 0.203804 -0.043206
v 0.017745 0.204057 -0.038260
v -0.025593 0.204309 -0.031657
v -0.021817 0.204181 -0.035280
v 0.037442 0.204765 -0.000000
v -0.013463 0.203947 -0.040575
v -0.000000 0.203785 -0.043533
v -0.028986 0.204433 -0.027429
v -0.017745 0.204057 -0.038260
v 0.036016 0.204708 0.011824
v 0.034273 0.204638 0.017422
v -0.031907 0.204545 -0.022657
v -0.036016 0.204708 -0.011824
v 0.035014 0.371741 0.019206
v -0.040135 0.371825 -0.005021
v -0.028543 0.371611 0.027125
v 0.040135 0.371842 0.005037
v -0.039094 0.371807 0.009948
v 0.032042 0.371682 0.023380
v -0.034273 0.204638 -0.017422
v 0.028986 0.204433 0.027429
v -0.037369 0.371773 -0.014718
v -0.039086 0.371806 -0.009973
v -0.035013 0.371723 -0.019202
v 0.037370 0.371791 0.014722
v 0.039088 0.371825 0.009976
v -0.020158 0.371495 -0.033166
v -0.032042 0.371666 -0.023376
v -0.036016 0.204708 0.011824
v -0.000020 0.371381 -0.038243
v -0.015407 0.371444 -0.035365
v 0.040487 0.371849 -0.000019
v -0.024543 0.371553 -0.030416
v -0.028522 0.371610 -0.027142
v 0.020124 0.371505 -0.033186
v 0.005245 0.371387 -0.037920
v 0.037083 0.204751 0.005976
v -0.005251 0.371390 -0.037921
v -0.010399 0.371411 -0.036960
v 0.034995 0.371741 -0.019234
v 0.024539 0.371559 -0.030418
v 0.005248 0.371394 0.037924
v 0.015403 0.371457 -0.035369
v 0.010426 0.371416 -0.036954
v -0.025593 0.204309 0.031657
v 0.020140 0.371502 0.033178
v 0.037368 0.371785 -0.014722
v -0.015405 0.371450 0.035370
v 0.032041 0.371687 -0.023381
v 0.028543 0.371624 -0.027124
v 0.000017 0.371381 0.038246
v 0.010397 0.371417 0.036964
v -0.037083 0.204751 -0.005976
v 0.015405 0.371452 0.035369
v -0.032041 0.371672 0.023381
v 0.040135 0.371848 -0.005042
v 0.039095 0.371825 -0.009946
v -0.024540 0.371548 0.030419
v -0.020125 0.371495 0.033186
v -0.010428 0.371411 0.036955
v 0.031907 0.204545 0.022657
v -0.005248 0.371385 0.037922
v -0.040487 0.371836 0.000019
v -0.040137 0.371831 0.005026
v 0.024539 0.371560 0.030421
v 0.028532 0.371623 0.027136
v -0.037366 0.371767 0.014722
v -0.034995 0.371724 0.019235
v -0.024483 0.344653 -0.018884
v -0.020166 0.314033 -0.016702
v -0.018560 0.275443 -0.016432
v -0.022923 0.246111 -0.020736
v -0.025322 0.232081 -0.023552
v -0.022371 0.231875 -0.027189
v -0.020271 0.245913 -0.023948
v -0.016396 0.275329 -0.018957
v -0.017866 0.313942 -0.019302
v -0.021753 0.344541 -0.021871
v 0.011667 0.344229 0.028350
v 0.009500 0.313688 0.024862
v 0.008647 0.275005 0.024287
v 0.010724 0.245348 0.030774
v 0.011795 0.231286 0.034885
v 0.007927 0.231149 0.036314
v 0.007213 0.245217 0.032048
v 0.005812 0.274930 0.025275
v 0.006399 0.313629 0.025906
v 0.007874 0.344158 0.029586
v 0.030853 0.344954 0.004082
v 0.025601 0.314275 0.003630
v 0.023730 0.275743 0.003585
v 0.029231 0.246632 0.004513
v 0.032361 0.232620 0.005130
v 0.031433 0.232546 0.010151
v 0.028401 0.246560 0.008930
v 0.023047 0.275701 0.007093
v 0.024888 0.314241 0.007184
v 0.030023 0.344912 0.008084
v -0.007878 0.344158 -0.029584
v -0.006402 0.313629 -0.025904
v -0.005812 0.274930 -0.025275
v -0.007214 0.245217 -0.032048
v -0.007927 0.231149 -0.036314
v -0.003982 0.231061 -0.037169
v -0.003625 0.245133 -0.032813
v -0.002920 0.274882 -0.025865
v -0.003221 0.313592 -0.026531
v -0.003969 0.344113 -0.030331
v -0.030857 0.344954 -0.004080
v -0.025605 0.314276 -0.003628
v -0.023730 0.275744 -0.003585
v -0.029231 0.246632 -0.004513
v -0.032362 0.232620 -0.005130
v -0.031433 0.232546 -0.010151
v -0.028401 0.246560 -0.008930
v -0.023047 0.275702 -0.007093
v -0.024891 0.314242 -0.007182
v -0.030027 0.344912 -0.008082
v -0.015287 0.344321 -0.026636
v -0.012481 0.313763 -0.023403
v -0.011387 0.275102 -0.022902
v -0.014108 0.245517 -0.028992
v -0.015535 0.231463 -0.032882
v -0.011795 0.231286 -0.034885
v -0.010724 0.245348 -0.030774
v -0.008647 0.275005 -0.024287
v -0.009504 0.313687 -0.024859
v -0.011671 0.344229 -0.028348
v -0.000002 0.344098 0.030583
v -0.000002 0.313580 0.026743
v -0.000000 0.274866 0.026062
v 0.000000 0.245104 0.033067
v -0.000000 0.231031 0.037454
v -0.003982 0.231061 0.037169
v -0.003625 0.245133 0.032813
v -0.002920 0.274883 0.025865
v -0.003221 0.313593 0.026534
v -0.003969 0.344113 0.030333
v 0.018664 0.344428 0.024470
v 0.015282 0.313849 0.021547
v 0.013986 0.275212 0.021121
v 0.017311 0.245710 0.026710
v 0.019084 0.231664 0.030310
v 0.015535 0.231463 0.032882
v 0.014108 0.245517 0.028992
v 0.011387 0.275102 0.022902
v 0.012478 0.313763 0.023406
v 0.015284 0.344321 0.026638
v 0.026800 0.344757 0.015554
v 0.022132 0.314116 0.013784
v 0.020423 0.275546 0.013579
v 0.025200 0.246292 0.017120
v 0.027861 0.232269 0.019452
v 0.025322 0.232081 0.023552
v 0.022923 0.246111 0.020736
v 0.018560 0.275442 0.016432
v 0.020163 0.314032 0.016704
v 0.024479 0.344653 0.018886
v 0.011667 0.344229 -0.028348
v 0.009500 0.313687 -0.024859
v 0.008647 0.275004 -0.024287
v 0.010724 0.245348 -0.030774
v 0.011795 0.231286 -0.034885
v 0.015535 0.231463 -0.032882
v 0.014108 0.245517 -0.028992
v 0.011387 0.275101 -0.022902
v 0.012478 0.313762 -0.023403
v 0.015284 0.344321 -0.026636
v 0.021749 0.344541 -0.021871
v 0.017862 0.313941 -0.019302
v 0.016396 0.275328 -0.018957
v 0.020271 0.245913 -0.023948
v 0.022371 0.231875 -0.027189
v 0.025322 0.232081 -0.023552
v 0.022923 0.246111 -0.020736
v 0.018560 0.275442 -0.016432
v 0.020163 0.314032 -0.016702
v 0.024479 0.344653 -0.018884
v 0.003965 0.344113 -0.030331
v 0.003218 0.313592 -0.026531
v 0.002920 0.274882 -0.025865
v 0.003625 0.245133 -0.032813
v 0.003982 0.231061 -0.037169
v 0.007927 0.231149 -0.036314
v 0.007214 0.245217 -0.032048
v 0.005812 0.274929 -0.025275
v 0.006399 0.313629 -0.025904
v 0.007874 0.344158 -0.029584
v -0.007878 0.344158 0.029586
v -0.006402 0.313630 0.025906
v -0.005812 0.274930 0.025275
v -0.007214 0.245217 0.032048
v -0.007927 0.231149 0.036314
v -0.011795 0.231286 0.034885
v -0.010724 0.245348 0.030774
v -0.008647 0.275006 0.024287
v -0.009504 0.313688 0.024862
v -0.011671 0.344229 0.028350
v -0.026804 0.344757 0.015554
v -0.022135 0.314117 0.013784
v -0.020423 0.275547 0.013579
v -0.025200 0.246292 0.017120
v -0.027861 0.232269 0.019452
v -0.029918 0.232427 0.014957
v -0.027044 0.246445 0.013160
v -0.021934 0.275636 0.010446
v -0.023724 0.314188 0.010591
v -0.028665 0.344845 0.011932
v 0.029918 0.232427 0.014957
v 0.027044 0.246445 0.013160
v 0.021934 0.275635 0.010447
v 0.023721 0.314187 0.010591
v 0.028662 0.344845 0.011932
v -0.015535 0.231463 0.032882
v -0.014108 0.245517 0.028992
v -0.011387 0.275102 0.022902
v -0.012481 0.313763 0.023406
v -0.015287 0.344321 0.026638
v 0.019084 0.231664 -0.030310
v 0.017311 0.245710 -0.026710
v 0.013987 0.275211 -0.021122
v 0.015282 0.313849 -0.021545
v 0.018664 0.344428 -0.024468
v 0.021749 0.344541 0.021874
v 0.017862 0.313941 0.019305
v 0.016396 0.275328 0.018957
v 0.020271 0.245913 0.023948
v 0.022371 0.231875 0.027189
v -0.026804 0.344757 -0.015551
v -0.022135 0.314116 -0.013781
v -0.020423 0.275547 -0.013579
v -0.025200 0.246292 -0.017120
v -0.027861 0.232269 -0.019452
v 0.028662 0.344845 -0.011930
v 0.023721 0.314187 -0.010589
v 0.021934 0.275634 -0.010447
v 0.027044 0.246445 -0.013160
v 0.029918 0.232427 -0.014957
v 0.031433 0.232546 -0.010151
v 0.028401 0.246560 -0.008930
v 0.023048 0.275701 -0.007093
v 0.024888 0.314241 -0.007182
v 0.030023 0.344912 -0.008082
v -0.031433 0.232546 0.010151
v -0.028401 0.246560 0.008930
v -0.023047 0.275702 0.007093
v -0.024891 0.314242 0.007184
v -0.030027 0.344912 0.008084
v -0.019084 0.231664 -0.030310
v -0.017311 0.245710 -0.026710
v -0.013987 0.275212 -0.021121
v -0.015286 0.313850 -0.021545
v -0.018668 0.344428 -0.024468
v -0.030857 0.344954 0.004082
v -0.025605 0.314276 0.003630
v -0.023730 0.275744 0.003585
v -0.029231 0.246632 0.004513
v -0.032362 0.232620 0.005130
v -0.032674 0.232645 -0.000000
v -0.029511 0.246656 -0.000000
v -0.023960 0.275758 0.000000
v -0.025845 0.314287 0.000001
v -0.031135 0.344969 0.000001
v 0.000000 0.231031 -0.037454
v 0.000000 0.245104 -0.033067
v -0.000000 0.274865 -0.026062
v -0.000002 0.313579 -0.026741
v -0.000002 0.344098 -0.030580
v 0.030853 0.344954 -0.004080
v 0.025601 0.314274 -0.003628
v 0.023730 0.275743 -0.003585
v 0.029231 0.246632 -0.004513
v 0.032361 0.232620 -0.005130
v 0.032674 0.232645 -0.000000
v 0.029511 0.246656 -0.000000
v 0.023960 0.275757 0.000000
v 0.025841 0.314286 0.000001
v 0.031132 0.344969 0.000001
v -0.029918 0.232427 -0.014957
v -0.027044 0.246445 -0.013160
v -0.021934 0.275635 -0.010447
v -0.023724 0.314187 -0.010589
v -0.028665 0.344845 -0.011930
v 0.003982 0.231061 0.037169
v 0.003625 0.245133 0.032813
v 0.002920 0.274882 0.025865
v 0.003218 0.313592 0.026534
v 0.003965 0.344113 0.030333
v -0.019084 0.231664 0.030310
v -0.017311 0.245710 0.026710
v -0.013987 0.275213 0.021121
v -0.015286 0.313850 0.021547
v -0.018668 0.344428 0.024470
v 0.027861 0.232269 -0.019452
v 0.025200 0.246292 -0.017120
v 0.020423 0.275546 -0.013579
v 0.022132 0.314115 -0.013781
v 0.026800 0.344757 -0.015551
v -0.022371 0.231875 0.027189
v -0.020271 0.245913 0.023948
v -0.016396 0.275329 0.018957
v -0.017866 0.313942 0.019305
v -0.021753 0.344541 0.021874
v -0.024483 0.344653 0.018886
v -0.020166 0.314033 0.016704
v -0.018560 0.275443 0.016432
v -0.022923 0.246111 0.020736
v -0.025322 0.232081 0.023552
v -0.000000 0.014907 -0.141487
v 0.024797 0.014912 -0.138859
v 0.048757 0.014928 -0.131038
v 0.071022 0.014949 -0.118232
v 0.090728 0.014972 -0.100828
v 0.107050 0.014994 -0.079425
v 0.119270 0.015010 -0.054821
v 0.126834 0.015021 -0.027984
v 0.129395 0.015024 -0.000000
v 0.126834 0.015021 0.027984
v 0.119270 0.015010 0.054821
v 0.107050 0.014994 0.079425
v 0.090728 0.014972 0.100828
v 0.071022 0.014949 0.118232
v 0.048757 0.014928 0.131038
v 0.024797 0.014912 0.138859
v -0.000000 0.014907 0.141487
v -0.024797 0.014912 0.138859
v -0.048757 0.014928 0.131038
v -0.071022 0.014949 0.118232
v -0.090728 0.014972 0.100828
v -0.107050 0.014994 0.079425
v -0.119270 0.015010 0.054821
v -0.126834 0.015021 0.027984
v -0.129395 0.015024 -0.000000
v -0.126834 0.015021 -0.027984
v -0.119270 0.015010 -0.054821
v -0.107050 0.014994 -0.079425
v -0.090728 0.014972 -0.100828
v -0.071022 0.014949 -0.118232
v -0.048757 0.014928 -0.131038
v -0.024797 0.014912 -0.138859
v -0.000000 0.013566 -0.137563
v 0.023901 0.013588 -0.135012
v 0.047001 0.013652 -0.127419
v 0.068479 0.013746 -0.114981
v 0.087500 0.013854 -0.098073
v 0.103267 0.013960 -0.077268
v 0.115080 0.014048 -0.053340
v 0.122396 0.014106 -0.027231
v 0.124873 0.014126 -0.000000
v 0.122396 0.014106 0.027231
v 0.115080 0.014048 0.053340
v 0.103267 0.013960 0.077268
v 0.087500 0.013854 0.098073
v 0.068479 0.013746 0.114981
v 0.047001 0.013652 0.127419
v 0.023901 0.013588 0.135012
v -0.000000 0.013566 0.137563
v -0.023901 0.013588 0.135012
v -0.047001 0.013652 0.127419
v -0.068479 0.013746 0.114981
v -0.087500 0.013854 0.098073
v -0.103267 0.013960 0.077268
v -0.115080 0.014048 0.053340
v -0.122396 0.014106 0.027231
v -0.124873 0.014126 -0.000000
v -0.122396 0.014106 -0.027231
v -0.115080 0.014048 -0.053340
v -0.103267 0.013960 -0.077268
v -0.087500 0.013854 -0.098073
v -0.068479 0.013746 -0.114981
v -0.047001 0.013652 -0.127419
v -0.023901 0.013588 -0.135012
v -0.000000 0.018573 -0.127694
v 0.022362 0.018611 -0.125277
v 0.043912 0.018719 -0.118103
v 0.063852 0.018876 -0.106414
v 0.081414 0.019054 -0.090618
v 0.095898 0.019226 -0.071289
v 0.106706 0.019366 -0.049156
v 0.113383 0.019457 -0.025077
v 0.115641 0.019489 -0.000000
v 0.113383 0.019457 0.025077
v 0.106706 0.019366 0.049156
v 0.095898 0.019226 0.071289
v 0.081414 0.019054 0.090618
v 0.063852 0.018876 0.106414
v 0.043912 0.018719 0.118103
v 0.022362 0.018611 0.125277
v -0.000000 0.018573 0.127694
v -0.022362 0.018611 0.125277
v -0.043912 0.018719 0.118103
v -0.063852 0.018876 0.106414
v -0.081414 0.019054 0.090618
v -0.095898 0.019226 0.071289
v -0.106706 0.019366 0.049156
v -0.113383 0.019457 0.025077
v -0.115641 0.019489 -0.000000
v -0.113383 0.019457 -0.025077
v -0.106706 0.019366 -0.049156
v -0.095898 0.019226 -0.071289
v -0.081414 0.019054 -0.090618
v -0.063852 0.018876 -0.106414
v -0.043912 0.018719 -0.118103
v -0.022362 0.018611 -0.125277
v 0.112541 0.056194 -0.000000
v 0.111392 0.066690 -0.000000
v 0.097431 0.078905 -0.000000
v 0.085906 0.112017 -0.000000
v 0.109225 0.039426 -0.000000
v 0.111534 0.056194 -0.016558
v 0.110407 0.066678 -0.016318
v 0.096576 0.078889 -0.014283
v 0.085145 0.112015 -0.012557
v 0.108247 0.039433 -0.016090
v 0.108536 0.056194 -0.032803
v 0.107470 0.066641 -0.032336
v 0.094027 0.078842 -0.028308
v 0.082876 0.112010 -0.024881
v 0.105336 0.039453 -0.031877
v 0.103614 0.056194 -0.048434
v 0.102645 0.066583 -0.047761
v 0.089836 0.078765 -0.041821
v 0.079149 0.112000 -0.036748
v 0.100556 0.039487 -0.047066
v 0.096877 0.056194 -0.063161
v 0.096033 0.066506 -0.062314
v 0.084090 0.078662 -0.054584
v 0.074042 0.111988 -0.047941
v 0.094014 0.039531 -0.061376
v 0.088471 0.056194 -0.076722
v 0.087770 0.066413 -0.075737
v 0.076901 0.078540 -0.066372
v 0.067661 0.111974 -0.058262
v 0.085853 0.039586 -0.074553
v 0.078577 0.056194 -0.088885
v 0.078026 0.066312 -0.087803
v 0.068411 0.078405 -0.076986
v 0.060138 0.111957 -0.067535
v 0.076248 0.039647 -0.086371
v 0.067399 0.056194 -0.099454
v 0.066991 0.066207 -0.098313
v 0.058782 0.078266 -0.086251
v 0.051623 0.111940 -0.075608
v 0.065398 0.039711 -0.096639
v 0.055158 0.056194 -0.108273
v 0.054877 0.066107 -0.107107
v 0.048189 0.078132 -0.094020
v 0.042279 0.111924 -0.082359
v 0.053516 0.039774 -0.105206
v 0.042079 0.056194 -0.115228
v 0.041901 0.066018 -0.114061
v 0.036821 0.078014 -0.100178
v 0.032276 0.111909 -0.087694
v 0.040824 0.039830 -0.111962
v 0.028385 0.056194 -0.120241
v 0.028285 0.065949 -0.119085
v 0.024871 0.077922 -0.104636
v 0.021784 0.111897 -0.091546
v 0.027537 0.039875 -0.116830
v 0.014291 0.056194 -0.123264
v 0.014247 0.065905 -0.122121
v 0.012532 0.077863 -0.107334
v 0.010971 0.111890 -0.093872
v 0.013864 0.039904 -0.119766
v 0.000000 0.056194 -0.124274
v 0.000000 0.065889 -0.123136
v -0.000000 0.077843 -0.108238
v 0.000000 0.111887 -0.094650
v 0.000000 0.039914 -0.120747
v -0.014291 0.056194 -0.123264
v -0.014247 0.065905 -0.122121
v -0.012532 0.077863 -0.107334
v -0.010971 0.111890 -0.093872
v -0.013864 0.039904 -0.119766
v -0.028385 0.056194 -0.120241
v -0.028285 0.065949 -0.119085
v -0.024871 0.077922 -0.104636
v -0.021784 0.111897 -0.091546
v -0.027537 0.039875 -0.116830
v -0.042079 0.056194 -0.115228
v -0.041901 0.066018 -0.114061
v -0.036821 0.078014 -0.100178
v -0.032276 0.111909 -0.087694
v -0.040824 0.039830 -0.111962
v -0.055158 0.056194 -0.108273
v -0.054877 0.066107 -0.107107
v -0.048189 0.078132 -0.094020
v -0.042279 0.111924 -0.082359
v -0.053516 0.039774 -0.105206
v -0.067399 0.056194 -0.099454
v -0.066991 0.066207 -0.098313
v -0.058782 0.078266 -0.086251
v -0.051623 0.111940 -0.075608
v -0.065398 0.039711 -0.096639
v -0.078577 0.056194 -0.088885
v -0.078026 0.066312 -0.087803
v -0.068411 0.078405 -0.076986
v -0.060138 0.111957 -0.067535
v -0.076248 0.039647 -0.086371
v -0.088471 0.056194 -0.076722
v -0.087770 0.066413 -0.075737
v -0.076901 0.078540 -0.066372
v -0.067661 0.111974 -0.058262
v -0.085853 0.039586 -0.074553
v -0.096877 0.056194 -0.063161
v -0.096033 0.066506 -0.062314
v -0.084090 0.078662 -0.054584
v -0.074042 0.111988 -0.047941
v -0.094014 0.039531 -0.061376
v -0.103614 0.056194 -0.048434
v -0.102645 0.066583 -0.047761
v -0.089837 0.078765 -0.041821
v -0.079149 0.112000 -0.036748
v -0.100556 0.039487 -0.047066
v -0.108536 0.056194 -0.032803
v -0.107470 0.066641 -0.032336
v -0.094027 0.078842 -0.028308
v -0.082876 0.112010 -0.024881
v -0.105336 0.039453 -0.031877
v -0.111534 0.056194 -0.016558
v -0.110407 0.066678 -0.016318
v -0.096576 0.078889 -0.014283
v -0.085145 0.112015 -0.012557
v -0.108247 0.039433 -0.016090
v -0.112541 0.056194 -0.000000
v -0.111392 0.066690 -0.000000
v -0.097431 0.078905 -0.000000
v -0.085906 0.112017 -0.000000
v 0.048934 0.106892 0.073340
v 0.052585 0.093201 0.078118
v 0.010352 0.106582 0.090762
v 0.011165 0.092799 0.096925
v -0.109225 0.039426 -0.000000
v -0.111534 0.056194 0.016558
v -0.110407 0.066678 0.016318
v -0.096576 0.078889 0.014283
v -0.085145 0.112015 0.012557
v -0.030507 0.106700 0.084893
v -0.032856 0.092952 0.090566
v -0.064332 0.107096 0.056634
v -0.068977 0.093468 0.060228
v -0.108247 0.039433 0.016090
v -0.108536 0.056194 0.032803
v -0.107470 0.066641 0.032336
v -0.094027 0.078842 0.028308
v -0.082876 0.112010 0.024881
v -0.081259 0.107346 0.012238
v -0.086898 0.093802 0.012991
v -0.075437 0.107258 -0.035782
v -0.080745 0.093684 -0.038006
v -0.105336 0.039453 0.031877
v -0.103614 0.056194 0.048434
v -0.102645 0.066583 0.047761
v -0.089837 0.078765 0.041821
v -0.079149 0.112000 0.036748
v -0.048934 0.106892 -0.073340
v -0.052585 0.093201 -0.078118
v -0.010352 0.106582 -0.090762
v -0.011165 0.092799 -0.096925
v -0.100556 0.039487 0.047065
v -0.096877 0.056194 0.063161
v -0.096033 0.066506 0.062314
v -0.084090 0.078662 0.054584
v -0.074042 0.111988 0.047941
v 0.030507 0.106700 -0.084893
v 0.032856 0.092952 -0.090566
v 0.064332 0.107096 -0.056634
v 0.068977 0.093468 -0.060228
v -0.094014 0.039531 0.061376
v -0.088471 0.056194 0.076722
v -0.087770 0.066413 0.075737
v -0.076901 0.078540 0.066372
v -0.067661 0.111974 0.058262
v 0.081259 0.107346 -0.012238
v 0.086898 0.093802 -0.012991
v 0.075437 0.107258 0.035782
v 0.080745 0.093684 0.038006
v -0.085853 0.039586 0.074553
v -0.078577 0.056194 0.088885
v -0.078026 0.066312 0.087803
v -0.068411 0.078405 0.076986
v -0.060138 0.111957 0.067535
v 0.057095 0.106996 0.065580
v 0.061283 0.093337 0.069795
v 0.020568 0.106628 0.088555
v 0.022171 0.092859 0.094531
v -0.076248 0.039647 0.086371
v -0.067399 0.056194 0.099454
v -0.066991 0.066207 0.098313
v -0.058782 0.078266 0.086250
v -0.051623 0.111940 0.075608
v -0.020568 0.106628 0.088555
v -0.022171 0.092859 0.094531
v -0.057095 0.106996 0.065580
v -0.061283 0.093337 0.069795
v -0.065398 0.039711 0.096639
v -0.055158 0.056194 0.108273
v -0.054877 0.066106 0.107107
v -0.048189 0.078132 0.094020
v -0.042279 0.111924 0.082359
v -0.079054 0.107313 0.024241
v -0.084569 0.093757 0.025738
v -0.079054 0.107313 -0.024241
v -0.084569 0.093757 -0.025738
v -0.053516 0.039774 0.105206
v -0.042079 0.056194 0.115228
v -0.041901 0.066018 0.114061
v -0.036821 0.078014 0.100178
v -0.032276 0.111909 0.087694
v -0.057095 0.106996 -0.065580
v -0.061283 0.093337 -0.069795
v -0.020568 0.106628 -0.088555
v -0.022171 0.092859 -0.094531
v -0.040824 0.039830 0.111962
v -0.028385 0.056194 0.120241
v -0.028286 0.065949 0.119085
v -0.024871 0.077922 0.104636
v -0.021784 0.111897 0.091546
v 0.020568 0.106628 -0.088555
v 0.022171 0.092859 -0.094531
v 0.057095 0.106996 -0.065580
v 0.061283 0.093337 -0.069795
v -0.027537 0.039875 0.116830
v -0.014291 0.056194 0.123264
v -0.014248 0.065905 0.122121
v -0.012532 0.077863 0.107334
v -0.010971 0.111890 0.093872
v 0.079054 0.107313 -0.024241
v 0.084569 0.093757 -0.025738
v 0.079054 0.107313 0.024241
v 0.084569 0.093757 0.025738
v -0.013864 0.039904 0.119766
v 0.000000 0.056194 0.124274
v -0.000000 0.065889 0.123136
v 0.000000 0.077843 0.108238
v 0.000000 0.111887 0.094650
v 0.030507 0.106700 0.084893
v 0.032856 0.092952 0.090566
v -0.010352 0.106582 0.090762
v -0.011165 0.092799 0.096925
v 0.000000 0.039914 0.120747
v 0.014291 0.056194 0.123264
v 0.014247 0.065905 0.122121
v 0.012532 0.077863 0.107334
v 0.010971 0.111890 0.093872
v -0.048934 0.106892 0.073340
v -0.052585 0.093201 0.078118
v -0.075437 0.107258 0.035782
v -0.080745 0.093684 0.038006
v 0.013864 0.039904 0.119766
v 0.028385 0.056194 0.120241
v 0.028285 0.065949 0.119085
v 0.024871 0.077922 0.104636
v 0.021784 0.111897 0.091546
v -0.081259 0.107346 -0.012238
v -0.086898 0.093802 -0.012991
v -0.064332 0.107096 -0.056634
v -0.068977 0.093468 -0.060228
v 0.027537 0.039875 0.116830
v 0.042079 0.056194 0.115228
v 0.041901 0.066018 0.114061
v 0.036821 0.078014 0.100178
v 0.032276 0.111909 0.087694
v -0.030507 0.106700 -0.084893
v -0.032856 0.092952 -0.090566
v 0.010352 0.106582 -0.090762
v 0.011165 0.092799 -0.096925
v 0.040824 0.039830 0.111962
v 0.055158 0.056194 0.108273
v 0.054877 0.066106 0.107107
v 0.048189 0.078132 0.094020
v 0.042279 0.111924 0.082359
v 0.048934 0.106892 -0.073340
v 0.052585 0.093201 -0.078118
v 0.075437 0.107258 -0.035782
v 0.080745 0.093684 -0.038006
v 0.053516 0.039774 0.105206
v 0.067399 0.056194 0.099454
v 0.066991 0.066207 0.098313
v 0.058781 0.078266 0.086251
v 0.051623 0.111940 0.075608
v 0.081259 0.107346 0.012238
v 0.086898 0.093802 0.012991
v 0.064332 0.107096 0.056634
v 0.068977 0.093468 0.060228
v 0.065398 0.039711 0.096639
v 0.078577 0.056194 0.088885
v 0.078026 0.066312 0.087803
v 0.068411 0.078405 0.076986
v 0.060138 0.111957 0.067535
v 0.040016 0.106791 0.079804
v 0.043052 0.093069 0.085073
v 0.000000 0.106566 0.091499
v 0.000000 0.092779 0.097726
v 0.076248 0.039647 0.086371
v 0.088471 0.056194 0.076722
v 0.087770 0.066413 0.075737
v 0.076901 0.078540 0.066372
v 0.067661 0.111974 0.058262
v -0.040016 0.106791 0.079804
v -0.043052 0.093069 0.085073
v -0.070492 0.107185 0.046645
v -0.075510 0.093586 0.049572
v 0.085853 0.039586 0.074553
v 0.096877 0.056194 0.063161
v 0.096033 0.066506 0.062314
v 0.084090 0.078662 0.054584
v 0.074042 0.111988 0.047941
v -0.082000 0.107358 -0.000000
v -0.087680 0.093818 -0.000000
v -0.070492 0.107185 -0.046645
v -0.075510 0.093586 -0.049572
v 0.094014 0.039531 0.061376
v 0.103614 0.056194 0.048434
v 0.102645 0.066583 0.047761
v 0.089836 0.078765 0.041821
v 0.079149 0.112000 0.036748
v -0.040016 0.106791 -0.079804
v -0.043052 0.093069 -0.085073
v 0.000000 0.106566 -0.091499
v 0.000000 0.092779 -0.097726
v 0.100556 0.039487 0.047066
v 0.108536 0.056194 0.032803
v 0.107470 0.066641 0.032336
v 0.094027 0.078842 0.028308
v 0.082876 0.112010 0.024881
v 0.040016 0.106791 -0.079804
v 0.043052 0.093069 -0.085073
v 0.070492 0.107185 -0.046645
v 0.075510 0.093586 -0.049572
v 0.105336 0.039453 0.031877
v 0.111534 0.056194 0.016558
v 0.110407 0.066678 0.016318
v 0.096576 0.078889 0.014283
v 0.085145 0.112015 0.012557
v 0.082000 0.107358 -0.000000
v 0.087680 0.093818 -0.000000
v 0.070492 0.107185 0.046645
v 0.075510 0.093586 0.049572
v 0.108247 0.039433 0.016090
v 0.074734 0.140717 -0.000000
v 0.074054 0.140710 -0.011112
v 0.072030 0.140690 -0.022008
v 0.068711 0.140657 -0.032476
v 0.064176 0.140612 -0.042319
v 0.058533 0.140559 -0.051358
v 0.051912 0.140498 -0.059438
v 0.044458 0.140435 -0.066431
v 0.036328 0.140373 -0.072243
v 0.027675 0.140317 -0.076806
v 0.018648 0.140273 -0.080083
v 0.009382 0.140244 -0.082054
v 0.000000 0.140234 -0.082712
v -0.009382 0.140244 -0.082054
v -0.018648 0.140273 -0.080083
v -0.027675 0.140317 -0.076806
v -0.036328 0.140373 -0.072243
v -0.044458 0.140435 -0.066431
v -0.051912 0.140498 -0.059438
v -0.058533 0.140559 -0.051358
v -0.064176 0.140612 -0.042319
v -0.068711 0.140657 -0.032476
v -0.072030 0.140690 -0.022008
v -0.074054 0.140710 -0.011112
v -0.074734 0.140717 -0.000000
v -0.074054 0.140710 0.011112
v -0.072030 0.140690 0.022008
v -0.068711 0.140657 0.032476
v -0.064176 0.140612 0.042319
v -0.058533 0.140559 0.051358
v -0.051912 0.140498 0.059438
v -0.044458 0.140435 0.066431
v -0.036328 0.140373 0.072243
v -0.027675 0.140317 0.076806
v -0.018648 0.140273 0.080083
v -0.009382 0.140244 0.082054
v -0.000000 0.140234 0.082712
v 0.009382 0.140244 0.082054
v 0.018648 0.140273 0.080083
v 0.027675 0.140317 0.076806
v 0.036328 0.140373 0.072243
v 0.044458 0.140435 0.066431
v 0.051912 0.140498 0.059438
v 0.058533 0.140559 0.051358
v 0.064176 0.140612 0.042319
v 0.068711 0.140657 0.032476
v 0.072030 0.140690 0.022007
v 0.074054 0.140710 0.011112
v -0.053824 0.145061 0.036147
v -0.047237 0.159361 0.031994
v -0.040244 0.175338 0.027719
v -0.034987 0.190898 0.024558
v -0.037559 0.190972 0.018877
v -0.043141 0.175429 0.021287
v -0.050585 0.159458 0.024554
v -0.057625 0.145152 0.027737
v 0.043547 0.144829 0.050785
v 0.038196 0.159112 0.044935
v 0.032452 0.175106 0.038860
v 0.028106 0.190708 0.034346
v 0.023978 0.190604 0.038297
v 0.027746 0.174978 0.043391
v 0.032707 0.158976 0.050224
v 0.037301 0.144702 0.056773
v -0.062106 0.145262 0.009490
v -0.054534 0.159576 0.008402
v -0.046567 0.175539 0.007291
v -0.040610 0.191061 0.006472
v -0.041000 0.191072 -0.000000
v -0.047004 0.175553 -0.000000
v -0.055037 0.159592 -0.000000
v -0.062677 0.145276 -0.000000
v -0.007878 0.144328 0.070187
v -0.006902 0.158576 0.062059
v -0.005827 0.174600 0.053451
v -0.005002 0.190291 0.046972
v -0.009959 0.190338 0.045892
v -0.011591 0.174656 0.052187
v -0.013718 0.158635 0.060564
v -0.015656 0.144383 0.068490
v -0.030486 0.144579 0.061755
v -0.026724 0.158845 0.054622
v -0.022636 0.174854 0.047144
v -0.019520 0.190502 0.041552
v -0.023978 0.190604 0.038297
v -0.027746 0.174978 0.043391
v -0.032707 0.158976 0.050224
v -0.037301 0.144702 0.056773
v 0.060408 0.145220 -0.018795
v 0.053038 0.159531 -0.016640
v 0.045268 0.175497 -0.014434
v 0.039452 0.191027 -0.012808
v 0.040610 0.191061 -0.006472
v 0.046567 0.175539 -0.007291
v 0.054534 0.159576 -0.008402
v 0.062106 0.145262 -0.009490
v -0.049095 0.144951 0.043874
v -0.043075 0.159243 0.038827
v -0.036651 0.175228 0.033610
v -0.031807 0.190808 0.029744
v 0.023230 0.144470 0.065673
v 0.020359 0.158728 0.058079
v 0.017220 0.174744 0.050082
v 0.014820 0.190410 0.044086
v 0.009959 0.190338 0.045892
v 0.011590 0.174656 0.052187
v 0.013718 0.158635 0.060564
v 0.015656 0.144383 0.068490
v -0.000000 0.144309 0.070753
v 0.000000 0.158556 0.062559
v 0.000000 0.174580 0.053872
v 0.000000 0.190275 0.047331
v 0.043547 0.144829 -0.050785
v 0.038196 0.159112 -0.044935
v 0.032452 0.175106 -0.038860
v 0.028106 0.190708 -0.034346
v 0.031807 0.190808 -0.029744
v 0.036651 0.175228 -0.033610
v 0.043075 0.159243 -0.038827
v 0.049095 0.144951 -0.043874
v -0.023230 0.144470 0.065673
v -0.020359 0.158728 0.058079
v -0.017220 0.174744 0.050082
v -0.014820 0.190410 0.044086
v 0.057625 0.145152 -0.027737
v 0.050585 0.159458 -0.024554
v 0.043141 0.175429 -0.021287
v 0.037559 0.190972 -0.018877
v 0.030486 0.144579 0.061755
v 0.026724 0.158845 0.054622
v 0.022636 0.174854 0.047144
v 0.019520 0.190502 0.041552
v 0.015656 0.144383 -0.068490
v 0.013718 0.158635 -0.060564
v 0.011590 0.174656 -0.052187
v 0.009959 0.190338 -0.045892
v 0.014820 0.190410 -0.044086
v 0.017220 0.174744 -0.050082
v 0.020359 0.158728 -0.058079
v 0.023230 0.144470 -0.065673
v 0.007878 0.144328 0.070187
v 0.006902 0.158576 0.062059
v 0.005827 0.174600 0.053451
v 0.005002 0.190291 0.046972
v 0.037301 0.144702 -0.056773
v 0.032707 0.158976 -0.050224
v 0.027746 0.174978 -0.043391
v 0.023978 0.190604 -0.038297
v 0.053824 0.145061 -0.036147
v 0.047237 0.159361 -0.031994
v 0.040244 0.175338 -0.027719
v 0.034987 0.190898 -0.024558
v -0.015656 0.144383 -0.068490
v -0.013718 0.158635 -0.060564
v -0.011591 0.174656 -0.052187
v -0.009959 0.190338 -0.045892
v -0.005002 0.190291 -0.046972
v -0.005827 0.174600 -0.053451
v -0.006902 0.158576 -0.062059
v -0.007878 0.144328 -0.070187
v 0.007878 0.144328 -0.070187
v 0.006902 0.158576 -0.062059
v 0.005827 0.174600 -0.053451
v 0.005002 0.190291 -0.046972
v 0.030486 0.144579 -0.061755
v 0.026724 0.158845 -0.054622
v 0.022636 0.174854 -0.047144
v 0.019520 0.190502 -0.041552
v -0.043547 0.144829 -0.050785
v -0.038196 0.159112 -0.044935
v -0.032452 0.175106 -0.038860
v -0.028106 0.190708 -0.034346
v -0.023978 0.190604 -0.038297
v -0.027746 0.174978 -0.043391
v -0.032707 0.158976 -0.050224
v -0.037301 0.144702 -0.056773
v 0.041000 0.191072 -0.000000
v 0.047004 0.175553 -0.000000
v 0.055037 0.159592 -0.000000
v 0.062677 0.145276 -0.000000
v -0.023230 0.144470 -0.065673
v -0.020359 0.158728 -0.058079
v -0.017220 0.174744 -0.050082
v -0.014820 0.190410 -0.044086
v 0.000000 0.144309 -0.070753
v 0.000000 0.158556 -0.062559
v 0.000000 0.174580 -0.053872
v 0.000000 0.190275 -0.047332
v -0.049095 0.144951 -0.043874
v -0.043075 0.159243 -0.038827
v -0.036651 0.175228 -0.033610
v -0.031807 0.190808 -0.029744
v -0.030486 0.144579 -0.061755
v -0.026724 0.158845 -0.054622
v -0.022636 0.174854 -0.047144
v -0.019520 0.190502 -0.041552
v 0.060408 0.145220 0.018795
v 0.053038 0.159531 0.016640
v 0.045268 0.175497 0.014434
v 0.039452 0.191027 0.012808
v 0.037559 0.190972 0.018877
v 0.043141 0.175429 0.021287
v 0.050585 0.159458 0.024554
v 0.057625 0.145152 0.027737
v -0.053824 0.145061 -0.036147
v -0.047237 0.159361 -0.031994
v -0.040244 0.175338 -0.027719
v -0.034987 0.190898 -0.024558
v -0.060409 0.145220 -0.018795
v -0.053038 0.159531 -0.016640
v -0.045268 0.175497 -0.014434
v -0.039452 0.191027 -0.012808
v -0.037559 0.190972 -0.018877
v -0.043141 0.175429 -0.021287
v -0.050585 0.159458 -0.024554
v -0.057625 0.145152 -0.027737
v 0.049095 0.144951 0.043874
v 0.043075 0.159243 0.038827
v 0.036651 0.175228 0.033610
v 0.031807 0.190808 0.029744
v -0.060409 0.145220 0.018795
v -0.053038 0.159531 0.016640
v -0.045268 0.175497 0.014434
v -0.039452 0.191027 0.012808
v 0.062106 0.145262 0.009490
v 0.054534 0.159576 0.008402
v 0.046567 0.175539 0.007291
v 0.040610 0.191061 0.006472
v -0.043547 0.144829 0.050785
v -0.038196 0.159112 0.044935
v -0.032452 0.175106 0.038860
v -0.028106 0.190708 0.034346
v -0.062106 0.145262 -0.009490
v -0.054534 0.159576 -0.008402
v -0.046567 0.175539 -0.007291
v -0.040610 0.191061 -0.006472
v 0.053824 0.145061 0.036147
v 0.047237 0.159361 0.031994
v 0.040244 0.175338 0.027719
v 0.034987 0.190898 0.024558
v 0.058544 0.425137 0.000076
v 0.059856 0.420459 0.000007
v 0.056441 0.422397 -0.000035
v 0.053542 0.424098 0.000056
v 0.059851 0.429772 -0.000002
v 0.058057 0.425156 -0.007139
v 0.059358 0.420480 -0.007320
v 0.055766 0.422596 -0.006985
v 0.053171 0.424195 -0.006657
v 0.059318 0.429741 -0.007383
v 0.056534 0.425169 -0.014350
v 0.057819 0.420458 -0.014667
v 0.054275 0.422691 -0.013742
v 0.051816 0.424203 -0.013128
v 0.057776 0.429718 -0.014659
v 0.054074 0.425149 -0.021213
v 0.055305 0.420457 -0.021687
v 0.051614 0.422947 -0.020453
v 0.049503 0.424095 -0.019313
v 0.055312 0.429716 -0.021604
v 0.050692 0.425150 -0.027710
v 0.051839 0.420457 -0.028345
v 0.048079 0.423330 -0.026477
v 0.046433 0.424178 -0.025402
v 0.051821 0.429749 -0.028333
v 0.046514 0.425156 -0.033670
v 0.047552 0.420479 -0.034436
v 0.043923 0.423710 -0.031781
v 0.042544 0.424177 -0.030913
v 0.047471 0.429731 -0.034477
v 0.041392 0.425169 -0.039191
v 0.042338 0.420458 -0.040074
v 0.038756 0.423994 -0.037057
v 0.037951 0.424200 -0.035896
v 0.042305 0.429718 -0.040046
v 0.035641 0.425149 -0.043969
v 0.036457 0.420457 -0.044962
v 0.033129 0.424522 -0.041183
v 0.032684 0.424092 -0.040157
v 0.036506 0.429716 -0.044894
v 0.029284 0.425150 -0.047993
v 0.029942 0.420457 -0.049086
v 0.027303 0.424821 -0.044612
v 0.026812 0.424175 -0.043975
v 0.029933 0.429749 -0.049067
v 0.022520 0.425156 -0.051175
v 0.023015 0.420479 -0.052330
v 0.020568 0.425262 -0.047398
v 0.020536 0.424174 -0.046905
v 0.022924 0.429731 -0.052327
v 0.015172 0.425169 -0.053530
v 0.015525 0.420458 -0.054743
v 0.013841 0.425564 -0.049366
v 0.013929 0.424197 -0.049044
v 0.015511 0.429718 -0.054703
v 0.007670 0.425149 -0.054943
v 0.007852 0.420457 -0.056190
v 0.007062 0.425794 -0.050490
v 0.007120 0.424088 -0.050238
v 0.007931 0.429716 -0.056154
v 0.000042 0.425150 -0.055416
v 0.000034 0.420457 -0.056674
v 0.000058 0.425856 -0.050889
v 0.000021 0.424170 -0.050762
v 0.000037 0.429749 -0.056654
v -0.007495 0.425156 -0.054967
v -0.007676 0.420479 -0.056202
v -0.006892 0.425877 -0.050419
v -0.006960 0.424169 -0.050326
v -0.007754 0.429731 -0.056156
v -0.015102 0.425169 -0.053525
v -0.015436 0.420458 -0.054742
v -0.013780 0.425582 -0.049347
v -0.013810 0.424192 -0.049048
v -0.015427 0.429718 -0.054701
v -0.022344 0.425149 -0.051194
v -0.022844 0.420457 -0.052360
v -0.020555 0.425381 -0.047314
v -0.020336 0.424083 -0.046856
v -0.022757 0.429716 -0.052366
v -0.029200 0.425150 -0.047989
v -0.029870 0.420457 -0.049076
v -0.026994 0.425002 -0.044592
v -0.026761 0.424166 -0.043947
v -0.029857 0.429749 -0.049059
v -0.035490 0.425156 -0.044030
v -0.036299 0.420479 -0.045014
v -0.032912 0.424625 -0.041152
v -0.032576 0.424165 -0.040262
v -0.036341 0.429731 -0.044937
v -0.041317 0.425169 -0.039177
v -0.042249 0.420458 -0.040073
v -0.038659 0.424032 -0.037022
v -0.037834 0.424188 -0.035911
v -0.042219 0.429718 -0.040042
v -0.046359 0.425149 -0.033727
v -0.047407 0.420456 -0.034500
v -0.043818 0.423689 -0.031861
v -0.042330 0.424080 -0.030921
v -0.047335 0.429716 -0.034547
v -0.050609 0.425140 -0.027697
v -0.051759 0.420457 -0.028326
v -0.047957 0.423374 -0.026456
v -0.046356 0.424160 -0.025359
v -0.051741 0.429748 -0.028313
v -0.053963 0.425108 -0.021294
v -0.055183 0.420478 -0.021764
v -0.051407 0.423032 -0.020485
v -0.049447 0.424157 -0.019411
v -0.055232 0.429734 -0.021607
v -0.056444 0.425089 -0.014349
v -0.057711 0.420482 -0.014661
v -0.054183 0.422702 -0.013710
v -0.051707 0.424183 -0.013150
v -0.057725 0.429721 -0.014592
v -0.057938 0.425078 -0.007233
v -0.059238 0.420480 -0.007393
v -0.055718 0.422560 -0.007054
v -0.052968 0.424078 -0.006701
v -0.059215 0.429715 -0.007481
v -0.058439 0.425098 0.000024
v -0.059749 0.420481 0.000014
v -0.056402 0.422360 -0.000114
v -0.053521 0.424159 0.000023
v -0.059745 0.429748 0.000016
v -0.057964 0.425094 0.007158
v -0.059269 0.420477 0.007320
v -0.055934 0.422330 0.006969
v -0.053060 0.424157 0.006639
v -0.059229 0.429734 0.007478
v -0.056449 0.425089 0.014338
v -0.057711 0.420482 0.014668
v -0.054566 0.422268 0.013860
v -0.051714 0.424184 0.013132
v -0.057686 0.429721 0.014734
v -0.053988 0.425078 0.021209
v -0.055198 0.420480 0.021686
v -0.052200 0.422262 0.020487
v -0.049404 0.424079 0.019315
v -0.055225 0.429715 0.021599
v -0.050592 0.425098 0.027731
v -0.051732 0.420481 0.028342
v -0.048867 0.422290 0.026829
v -0.046335 0.424161 0.025400
v -0.051727 0.429748 0.028343
v -0.046416 0.425094 0.033684
v -0.047462 0.420477 0.034442
v -0.044691 0.422448 0.032465
v -0.042445 0.424159 0.030911
v -0.047343 0.429734 0.034560
v -0.041316 0.425089 0.039184
v -0.042235 0.420482 0.040068
v -0.039777 0.422472 0.037768
v -0.037853 0.424186 0.035897
v -0.042179 0.429721 0.040113
v -0.035560 0.425078 0.043968
v -0.036356 0.420480 0.044955
v -0.034118 0.422568 0.042347
v -0.032590 0.424082 0.040157
v -0.036425 0.429715 0.044892
v -0.029177 0.425098 0.048008
v -0.029842 0.420481 0.049078
v -0.027995 0.422707 0.046068
v -0.026721 0.424164 0.043973
v -0.029837 0.429748 0.049075
v -0.022419 0.425094 0.051185
v -0.022925 0.420477 0.052337
v -0.021424 0.422892 0.048945
v -0.020444 0.424162 0.046903
v -0.022760 0.429734 0.052383
v -0.015100 0.425089 0.053531
v -0.015430 0.420482 0.054732
v -0.014350 0.422880 0.051249
v -0.013837 0.424190 0.049046
v -0.015357 0.429721 0.054745
v -0.007591 0.425078 0.054947
v -0.007760 0.420480 0.056179
v -0.007268 0.422948 0.052520
v -0.007030 0.424086 0.050242
v -0.007852 0.429715 0.056157
v 0.000068 0.425098 0.055422
v 0.000057 0.420481 0.056663
v 0.000032 0.422970 0.052956
v 0.000066 0.424168 0.050767
v 0.000060 0.429748 0.056659
v 0.007597 0.425094 0.054971
v 0.007767 0.420477 0.056208
v 0.007269 0.423011 0.052459
v 0.007049 0.424167 0.050330
v 0.007934 0.429734 0.056170
v 0.015173 0.425089 0.053536
v 0.015522 0.420482 0.054731
v 0.014477 0.422865 0.051253
v 0.013902 0.424194 0.049055
v 0.015592 0.429721 0.054708
v 0.022424 0.425078 0.051204
v 0.022928 0.420480 0.052351
v 0.021479 0.422800 0.049064
v 0.020428 0.424090 0.046866
v 0.022836 0.429715 0.052376
v 0.029307 0.425098 0.047986
v 0.029953 0.420481 0.049066
v 0.028081 0.422683 0.046095
v 0.026837 0.424188 0.043976
v 0.029952 0.429751 0.049064
v 0.035584 0.425103 0.044033
v 0.036389 0.420475 0.045022
v 0.034101 0.422604 0.042365
v 0.032684 0.424092 0.040162
v 0.036512 0.429737 0.044912
v 0.041400 0.425127 0.039190
v 0.042326 0.420469 0.040078
v 0.039874 0.422500 0.037705
v 0.037946 0.424213 0.035917
v 0.042301 0.429717 0.040055
v 0.046456 0.425134 0.033725
v 0.047509 0.420424 0.034526
v 0.044659 0.422450 0.032528
v 0.042427 0.424094 0.030932
v 0.047426 0.429716 0.034552
v 0.050696 0.425150 0.027709
v 0.051873 0.420425 0.028333
v 0.048860 0.422354 0.026738
v 0.046457 0.424178 0.025368
v 0.051830 0.429749 0.028324
v 0.054054 0.425156 0.021300
v 0.055287 0.420456 0.021774
v 0.052235 0.422275 0.020544
v 0.049550 0.424179 0.019421
v 0.055270 0.429731 0.021682
v 0.056539 0.425165 0.014340
v 0.057835 0.420435 0.014672
v 0.054538 0.422327 0.013813
v 0.051809 0.424203 0.013160
v 0.057777 0.429718 0.014658
v 0.058032 0.425145 0.007215
v 0.059370 0.420463 0.007314
v 0.056068 0.422290 0.006940
v 0.053075 0.424108 0.006723
v 0.059318 0.429728 0.007465
v 0.025268 0.472370 0.059373
v -0.008923 0.436345 -0.047871
v -0.017367 0.437151 -0.044690
v 0.005387 0.534931 0.054971
v 0.040587 0.534957 0.039021
v 0.064933 0.472388 0.016631
v 0.057320 0.465485 0.014669
v -0.024452 0.439528 -0.039311
v -0.029956 0.444316 -0.032516
v 0.047377 0.472388 0.045447
v 0.008275 0.472383 0.063700
v -0.034480 0.472380 0.055630
v -0.063229 0.472368 0.024494
v -0.066082 0.472384 -0.016622
v -0.034884 0.450280 -0.025546
v -0.038836 0.453033 -0.018549
v -0.037039 0.465489 -0.045081
v -0.058522 0.465481 -0.014650
v -0.056025 0.465494 0.021679
v -0.030564 0.465474 0.049215
v 0.007338 0.465481 0.056329
v 0.041805 0.465499 0.040168
v 0.066612 0.472372 0.008469
v 0.058857 0.465472 0.007482
v 0.045637 0.534952 0.033560
v 0.014478 0.534950 0.053299
v -0.021572 0.534930 0.051550
v -0.051001 0.534949 0.027601
v -0.041769 0.534961 -0.039000
v 0.019847 0.451328 -0.072247
v -0.041530 0.454287 -0.010270
v -0.042375 0.454729 -0.001979
v -0.030790 0.451328 -0.069102
v -0.068942 0.451328 -0.037397
v 0.053135 0.472371 0.039173
v -0.026521 0.472382 0.059359
v 0.015022 0.465489 0.054874
v 0.049842 0.534952 0.027594
v 0.046964 0.465479 0.034628
v 0.016977 0.472387 0.062073
v -0.009440 0.472384 -0.063699
v 0.033319 0.472382 -0.055635
v 0.049847 0.534952 -0.027582
v -0.041528 0.454878 0.006666
v -0.039060 0.454851 0.014753
v 0.062111 0.451299 -0.045466
v 0.029418 0.465463 -0.049194
v -0.008389 0.465481 -0.056306
v -0.048537 0.472385 -0.045431
v -0.067759 0.472368 -0.008469
v -0.059289 0.472379 0.032115
v -0.023468 0.465489 0.052531
v 0.021713 0.534948 0.050972
v -0.052515 0.465474 0.028417
v -0.046856 0.534932 0.033515
v -0.060015 0.465470 -0.007514
v -0.042988 0.465485 -0.040134
v -0.015672 0.534961 -0.053289
v 0.020443 0.534936 -0.051530
v 0.067193 0.472369 0.000086
v 0.059182 0.471331 -0.007633
v -0.035008 0.454697 0.022293
v -0.029729 0.454443 0.028698
v 0.016472 0.456841 -0.040180
v 0.056608 0.470921 -0.014380
v 0.059364 0.465441 0.000047
v 0.058137 0.472383 -0.032120
v 0.077703 0.451299 -0.009671
v -0.063206 0.451328 -0.045532
v -0.046801 0.534952 -0.033557
v -0.054364 0.472381 0.039115
v 0.029720 0.451299 -0.069078
v -0.018140 0.472386 -0.062068
v -0.054291 0.472368 -0.039163
v -0.060534 0.465450 0.000026
v -0.068368 0.472379 -0.000002
v 0.051357 0.465463 -0.028389
v -0.038096 0.471763 0.046554
v 0.010570 0.456580 -0.041931
v -0.030803 0.465153 -0.038548
v -0.023169 0.453920 0.033988
v -0.016029 0.453327 0.037729
v 0.056016 0.471621 0.022159
v -0.038028 0.468131 -0.037038
v 0.029478 0.471276 0.049382
v -0.031238 0.471614 0.050270
v -0.021012 0.451328 -0.072247
v 0.045701 0.534942 -0.033500
v 0.025360 0.472385 -0.059364
v -0.016128 0.465485 -0.054849
v -0.048129 0.465479 -0.034625
v -0.051016 0.534949 -0.027574
v -0.022901 0.534952 -0.050959
v 0.022392 0.465489 -0.052457
v -0.063276 0.451299 0.045470
v -0.079517 0.451328 0.000002
v -0.021012 0.451328 0.072250
v -0.016040 0.471331 0.055288
v 0.052460 0.470280 -0.021526
v 0.022437 0.458465 -0.038050
v 0.058770 0.471677 0.015019
v -0.061264 0.472004 0.015373
v -0.008088 0.452516 0.040032
v -0.000117 0.452115 0.040780
v -0.062240 0.471860 -0.007805
v 0.047936 0.471602 0.035311
v -0.024771 0.461160 -0.038919
v 0.005566 0.456140 -0.042718
v -0.023685 0.471367 0.052953
v -0.008506 0.471150 0.056193
v 0.066653 0.472386 -0.008389
v 0.053212 0.472385 -0.039121
v 0.016965 0.472387 -0.062075
v 0.046995 0.465489 -0.034544
v 0.058830 0.465466 -0.007396
v 0.062077 0.472371 -0.024495
v 0.035960 0.465479 -0.045053
v 0.040755 0.472371 -0.050899
v -0.050119 0.471918 0.036010
v 0.007258 0.471031 0.055883
v 0.060186 0.471480 -0.000236
v -0.051870 0.470982 -0.028409
v 0.060130 0.471626 0.007714
v 0.052430 0.471642 0.029193
v 0.007995 0.451816 0.039938
v 0.015800 0.452193 0.037593
v -0.044399 0.471805 0.041532
v -0.060048 0.471685 -0.015014
v -0.017055 0.458890 -0.041281
v 0.027698 0.461240 -0.036390
v 0.022129 0.470995 0.051996
v -0.054806 0.471970 0.029755
v 0.029624 0.451328 0.069105
v -0.000580 0.472381 -0.064240
v 0.028536 0.534952 -0.047779
v 0.054838 0.465479 -0.021703
v 0.067777 0.451328 -0.037397
v -0.000583 0.465439 -0.056801
v 0.067777 0.451328 0.037400
v -0.056398 0.451328 -0.052888
v -0.078842 0.451328 -0.009761
v 0.053198 0.534952 -0.021148
v -0.058512 0.471976 0.022697
v 0.014600 0.471048 0.054551
v 0.047408 0.469238 -0.026830
v -0.000442 0.455802 -0.043030
v -0.056516 0.471434 -0.022362
v 0.022951 0.452496 0.033774
v 0.029425 0.453034 0.028524
v -0.045620 0.469748 -0.032616
v -0.011847 0.457534 -0.042235
v -0.000556 0.470883 0.056016
v 0.042265 0.471424 0.040609
v 0.057291 0.465477 -0.014750
v 0.034833 0.534952 -0.043795
v -0.035937 0.534942 -0.043856
v -0.056018 0.465489 -0.021684
v 0.020605 0.471564 -0.049529
v -0.006563 0.534945 -0.054966
v -0.041863 0.472383 -0.050965
v -0.068942 0.451328 0.037400
v -0.058490 0.465489 0.014788
v -0.066078 0.472384 0.016638
v -0.063219 0.472381 -0.024576
v -0.030543 0.465463 -0.049215
v 0.007312 0.465455 -0.056311
v 0.041774 0.465485 -0.040181
v 0.064930 0.472388 -0.016638
v 0.036065 0.471398 0.045645
v 0.033349 0.463873 -0.034244
v -0.006716 0.456408 -0.042803
v 0.034682 0.453251 0.022119
v 0.038676 0.453385 0.014667
v 0.041069 0.466737 -0.029884
v -0.062705 0.471970 0.007776
v 0.047372 0.472388 -0.045446
v 0.008358 0.472370 -0.063662
v -0.034476 0.472380 -0.055631
v -0.041914 0.472369 0.050896
v -0.054372 0.534948 0.021128
v -0.037159 0.465494 0.045043
v -0.030885 0.451299 0.069082
v 0.019847 0.451328 0.072250
v -0.062984 0.471908 -0.000093
v 0.041096 0.453227 0.006623
v 0.041887 0.452739 -0.001944
v 0.056089 0.534955 -0.012937
v 0.062041 0.451328 0.045535
v 0.077677 0.451328 0.009765
v 0.055233 0.451328 0.052891
v -0.054982 0.534930 -0.019888
v -0.056828 0.534950 0.014272
v -0.036018 0.534948 0.043783
v -0.000586 0.472381 0.064241
v -0.029683 0.534949 0.047792
v -0.000556 0.465450 0.056811
v 0.040755 0.472371 0.050903
v 0.056102 0.534964 0.012903
v 0.054779 0.465489 0.021772
v 0.034769 0.534935 0.043861
v -0.008513 0.465470 0.056319
v -0.042930 0.465489 0.040243
v -0.060025 0.465481 0.007507
v -0.052518 0.465474 -0.028409
v -0.029691 0.534952 -0.047784
v 0.040577 0.534961 -0.039026
v 0.040994 0.451645 -0.010179
v 0.038482 0.448957 -0.018277
v 0.014918 0.465477 -0.054855
v -0.023488 0.465479 -0.052513
v -0.059285 0.472379 -0.032118
v -0.067795 0.472381 0.008393
v -0.048526 0.472385 0.045442
v -0.009523 0.472369 0.063663
v 0.029404 0.465476 0.049214
v 0.062071 0.472385 0.024586
v 0.035960 0.465480 0.045056
v 0.033317 0.472382 0.055640
v -0.026431 0.472369 -0.059365
v 0.035097 0.444608 -0.025852
v 0.030968 0.439627 -0.033704
v 0.009625 0.451299 0.074184
v 0.053178 0.534942 0.021232
v -0.041763 0.534950 0.039009
v -0.058592 0.534931 0.005658
v 0.025048 0.437280 -0.040363
v 0.017395 0.436365 -0.045225
v -0.048119 0.465489 0.034651
v -0.016044 0.465481 0.054905
v 0.028544 0.534949 0.047778
v 0.051334 0.465463 0.028430
v 0.058134 0.472383 0.032127
v 0.022294 0.465494 0.052538
v -0.018127 0.472386 0.062073
v 0.008904 0.435949 -0.048153
v -0.000041 0.436062 -0.048967
v -0.040439 0.471595 0.037861
v 0.033776 0.471596 0.042429
v 0.038885 0.451328 0.064778
v -0.078868 0.451299 0.009674
v -0.056398 0.451328 0.052891
v -0.010886 0.451328 0.074159
v 0.072319 0.451299 0.028716
v 0.055233 0.451328 -0.052888
v 0.009720 0.451328 -0.074156
v -0.040050 0.451328 -0.064775
v 0.047400 0.451299 0.059409
v 0.075663 0.451328 0.019361
v -0.040050 0.451328 0.064778
v -0.000583 0.451328 0.074799
v -0.048635 0.451328 0.059342
v -0.076828 0.451328 0.019361
v -0.073484 0.451299 -0.028713
v 0.075663 0.451328 -0.019357
v -0.073509 0.451328 0.028625
v -0.010790 0.451299 -0.074181
v -0.007526 0.471548 -0.053036
v -0.076828 0.451328 -0.019357
v -0.048566 0.451299 -0.059406
v -0.000583 0.451328 -0.074795
v 0.047470 0.451328 -0.059339
v 0.072344 0.451328 -0.028622
v 0.038885 0.451328 -0.064775
v 0.078366 0.451299 0.000095
v -0.034859 0.471590 -0.042435
v -0.015310 0.471501 0.051624
v 0.039267 0.471593 -0.037811
v 0.051494 0.471590 0.020514
v -0.052743 0.471594 0.020417
v -0.057038 0.475001 0.000219
v 0.048299 0.471613 0.026771
v -0.052936 0.471568 -0.019989
v 0.027668 0.471613 -0.046318
v 0.014091 0.471596 0.051639
v 0.014140 0.471497 -0.051581
v 0.039292 0.471590 0.037790
v -0.034983 0.471594 0.042395
v -0.015216 0.471593 -0.051606
v 0.055877 0.474999 0.000277
v -0.000775 0.475002 -0.053494
v 0.051563 0.471597 -0.020450
v -0.049472 0.471611 0.026757
v -0.008215 0.474975 0.052986
v 0.033785 0.471597 -0.042416
v -0.045346 0.471597 -0.032564
v 0.027653 0.471611 0.046329
v -0.056497 0.474975 -0.007231
v -0.049480 0.471611 -0.026741
v 0.048324 0.471613 -0.026727
v 0.055344 0.471504 0.007154
v 0.044182 0.471597 0.032568
v 0.053966 0.471549 -0.013561
v -0.055076 0.471596 0.013905
v -0.022165 0.471597 -0.049410
v -0.000353 0.475001 0.053498
v -0.028790 0.471613 -0.046341
v 0.044202 0.471590 -0.032478
v 0.007000 0.474977 -0.052988
v -0.028804 0.471611 0.046336
v -0.055060 0.471501 -0.013954
v -0.021679 0.471568 0.049611
v 0.006467 0.471550 0.053065
v 0.020962 0.471594 0.049428
v 0.054037 0.471570 0.013334
v -0.045336 0.471593 0.032583
v 0.055314 0.474960 -0.007084
v -0.040486 0.471593 -0.037758
v -0.056581 0.471550 0.006682
vn -0.9421 -0.3291 -0.0644
vn -0.1801 -0.2738 0.9448
vn -0.8920 -0.3233 -0.3159
vn 0.2973 -0.2775 -0.9136
vn 0.1801 -0.2738 0.9448
vn -0.2973 -0.2775 -0.9136
vn -0.5163 -0.2892 0.8061
vn -0.4099 -0.2827 -0.8672
vn 0.5163 -0.2892 0.8061
vn -0.9253 -0.3271 -0.1920
vn -0.1801 -0.2738 -0.9448
vn 0.2972 -0.2775 0.9136
vn -0.7029 -0.3040 -0.6431
vn -0.7796 -0.3113 -0.5435
vn -0.4099 -0.2827 0.8672
vn -0.8431 -0.3179 0.4338
vn 0.1801 -0.2738 -0.9448
vn 0.4099 -0.2827 -0.8672
vn 0.9253 -0.3271 0.1920
vn 0.7796 -0.3113 0.5435
vn 0.9421 -0.3291 -0.0644
vn 0.4099 -0.2827 0.8672
vn -0.0603 -0.2718 -0.9604
vn -0.9421 -0.3291 0.0644
vn -0.6145 -0.2964 -0.7311
vn -0.0603 -0.2718 0.9604
vn 0.8431 -0.3179 0.4338
vn -0.7029 -0.3040 0.6431
vn -0.6145 -0.2964 0.7311
vn -0.8431 -0.3179 -0.4338
vn -0.5163 -0.2892 -0.8061
vn 0.0603 -0.2718 -0.9604
vn 0.0603 -0.2718 0.9604
vn 0.9421 -0.3291 0.0644
vn -0.8920 -0.3233 0.3159
vn 0.8920 -0.3233 -0.3159
vn 0.6145 -0.2964 0.7311
vn 0.5163 -0.2892 -0.8061
vn 0.8920 -0.3233 0.3159
vn -0.2972 -0.2775 0.9136
vn 0.7029 -0.3040 -0.6431
vn 0.7029 -0.3040 0.6431
vn -0.9253 -0.3271 0.1920
vn 0.8431 -0.3179 -0.4338
vn -0.7796 -0.3113 0.5435
vn 0.7796 -0.3113 -0.5435
vn 0.6145 -0.2964 -0.7311
vn 0.9253 -0.3271 -0.1920
vn -0.1961 -0.0228 0.9803
vn -0.1948 0.2325 0.9529
vn -0.9836 -0.1682 -0.0656
vn -0.1951 0.2935 0.9358
vn -0.9965 -0.0518 -0.0650
vn -0.2029 0.2157 0.9552
vn -0.9793 0.1923 -0.0624
vn -0.9737 0.2197 -0.0609
vn -0.9839 0.1680 -0.0604
vn -0.1903 -0.1251 0.9737
vn 0.3138 -0.1280 -0.9408
vn 0.3230 -0.0247 -0.9461
vn 0.3206 0.2297 -0.9189
vn -0.9324 -0.1637 -0.3222
vn 0.3209 0.2884 -0.9021
vn -0.9463 -0.0488 -0.3194
vn 0.3330 0.2123 -0.9187
vn -0.9311 0.1964 -0.3075
vn 0.1903 -0.1251 0.9737
vn -0.9265 0.2272 -0.3001
vn 0.1961 -0.0227 0.9803
vn -0.9387 0.1727 -0.2984
vn 0.1951 0.2935 0.9358
vn -0.5575 -0.0310 0.8296
vn 0.2029 0.2157 0.9552
vn -0.5521 0.2210 0.8039
vn -0.3138 -0.1280 -0.9408
vn -0.5519 0.2724 0.7882
vn -0.3230 -0.0247 -0.9461
vn -0.3206 0.2297 -0.9189
vn -0.3209 0.2884 -0.9021
vn -0.3330 0.2123 -0.9187
vn 0.1948 0.2325 0.9529
vn -0.5436 -0.1372 0.8281
vn -0.4558 0.2075 -0.8656
vn 0.5436 -0.1372 0.8281
vn 0.5575 -0.0310 0.8296
vn -0.5689 0.2017 0.7973
vn 0.5521 0.2210 0.8039
vn -0.4322 -0.1321 -0.8920
vn 0.5519 0.2724 0.7882
vn -0.4441 -0.0275 -0.8955
vn 0.5689 0.2017 0.7973
vn -0.4405 0.2258 -0.8689
vn -0.9664 -0.1666 -0.1957
vn -0.4406 0.2812 -0.8525
vn 0.3138 -0.1280 0.9408
vn -0.9579 0.2223 -0.1818
vn 0.3230 -0.0247 0.9461
vn -0.9688 0.1696 -0.1805
vn 0.3206 0.2297 0.9189
vn -0.1903 -0.1251 -0.9737
vn -0.1961 -0.0227 -0.9803
vn -0.1948 0.2325 -0.9529
vn -0.1951 0.2935 -0.9358
vn -0.9797 -0.0508 -0.1938
vn -0.2029 0.2157 -0.9552
vn -0.9632 0.1937 -0.1864
vn -0.7589 0.1888 -0.6232
vn -0.8170 -0.1544 -0.5556
vn 0.3209 0.2884 0.9021
vn -0.8321 -0.0426 -0.5529
vn 0.3330 0.2123 0.9187
vn -0.8206 0.2049 -0.5334
vn -0.7377 -0.1487 -0.6585
vn -0.8180 0.2429 -0.5215
vn -0.7531 -0.0388 -0.6568
vn -0.8335 0.1826 -0.5215
vn -0.7437 0.2102 -0.6345
vn -0.7421 0.2526 -0.6209
vn -0.4405 0.2258 0.8689
vn 0.1903 -0.1251 -0.9737
vn -0.4406 0.2812 0.8525
vn 0.1961 -0.0227 -0.9803
vn -0.4558 0.2075 0.8656
vn -0.8823 -0.1595 0.4429
vn -0.8969 -0.0461 0.4398
vn -0.8833 0.2002 0.4238
vn -0.4322 -0.1321 0.8920
vn -0.8797 0.2342 0.4139
vn -0.4441 -0.0276 0.8955
vn -0.8935 0.1771 0.4126
vn 0.4406 0.2812 -0.8525
vn 0.4558 0.2075 -0.8656
vn 0.1948 0.2325 -0.9529
vn 0.9664 -0.1666 0.1957
vn 0.1951 0.2935 -0.9358
vn 0.9797 -0.0507 0.1938
vn 0.2029 0.2157 -0.9552
vn 0.9632 0.1937 0.1864
vn 0.4322 -0.1321 -0.8920
vn 0.9579 0.2223 0.1818
vn 0.4441 -0.0275 -0.8955
vn 0.4405 0.2258 -0.8689
vn 0.9839 0.1680 -0.0604
vn 0.8206 0.2049 0.5334
vn 0.4322 -0.1321 0.8920
vn 0.8180 0.2429 0.5215
vn 0.8335 0.1826 0.5215
vn 0.9836 -0.1682 -0.0656
vn 0.9965 -0.0517 -0.0650
vn 0.9688 0.1696 0.1805
vn 0.9793 0.1923 -0.0624
vn 0.8170 -0.1544 0.5556
vn 0.9737 0.2197 -0.0609
vn 0.8321 -0.0426 0.5529
vn -0.0655 0.2961 -0.9529
vn 0.4441 -0.0275 0.8955
vn -0.0682 0.2175 -0.9737
vn 0.4405 0.2258 0.8689
vn -0.9836 -0.1682 0.0656
vn 0.4406 0.2812 0.8525
vn -0.9965 -0.0518 0.0650
vn 0.4558 0.2075 0.8656
vn -0.9793 0.1923 0.0624
vn -0.0638 -0.1236 -0.9903
vn -0.0658 -0.0217 -0.9976
vn -0.0654 0.2339 -0.9701
vn -0.0681 0.2175 0.9737
vn -0.6538 0.2157 -0.7253
vn -0.6529 0.2626 -0.7104
vn -0.6704 0.1953 -0.7159
vn -0.0638 -0.1236 0.9903
vn -0.9737 0.2197 0.0609
vn -0.0658 -0.0217 0.9976
vn -0.9839 0.1680 0.0604
vn -0.0654 0.2339 0.9701
vn -0.6460 -0.1428 -0.7498
vn -0.0655 0.2961 0.9529
vn -0.6610 -0.0348 -0.7496
vn 0.8823 -0.1595 0.4429
vn -0.7421 0.2526 0.6209
vn 0.8969 -0.0460 0.4398
vn -0.7589 0.1888 0.6232
vn 0.8833 0.2002 0.4238
vn -0.6460 -0.1428 0.7498
vn 0.8797 0.2342 0.4139
vn -0.6610 -0.0349 0.7495
vn 0.8935 0.1771 0.4126
vn -0.7377 -0.1487 0.6585
vn -0.7531 -0.0388 0.6568
vn -0.7437 0.2102 0.6345
vn -0.8969 -0.0460 -0.4398
vn -0.8834 0.2002 -0.4238
vn -0.8797 0.2342 -0.4139
vn -0.8935 0.1771 -0.4126
vn -0.6538 0.2157 0.7253
vn -0.5436 -0.1372 -0.8281
vn -0.6529 0.2626 0.7104
vn -0.5575 -0.0310 -0.8296
vn -0.6704 0.1953 0.7159
vn -0.5521 0.2210 -0.8039
vn -0.8823 -0.1595 -0.4429
vn -0.5519 0.2724 -0.7882
vn 0.0654 0.2339 0.9701
vn 0.0638 -0.1236 -0.9903
vn 0.0655 0.2961 0.9529
vn 0.0658 -0.0217 -0.9976
vn 0.0681 0.2175 0.9737
vn 0.0654 0.2339 -0.9701
vn 0.9836 -0.1682 0.0656
vn 0.0655 0.2961 -0.9529
vn 0.0681 0.2175 -0.9737
vn 0.0638 -0.1236 0.9903
vn 0.0658 -0.0217 0.9976
vn -0.5689 0.2017 -0.7973
vn -0.9463 -0.0488 0.3194
vn -0.9311 0.1964 0.3075
vn -0.9265 0.2272 0.3001
vn 0.9965 -0.0517 0.0650
vn -0.9387 0.1727 0.2984
vn 0.9793 0.1923 0.0624
vn 0.9324 -0.1637 -0.3222
vn 0.9737 0.2197 0.0609
vn 0.9464 -0.0487 -0.3194
vn 0.9839 0.1680 0.0604
vn 0.9311 0.1964 -0.3075
vn -0.9324 -0.1637 0.3222
vn 0.9387 0.1727 -0.2984
vn 0.5521 0.2210 -0.8039
vn 0.6460 -0.1428 0.7498
vn 0.5519 0.2724 -0.7882
vn 0.6610 -0.0348 0.7496
vn 0.5689 0.2017 -0.7973
vn 0.6538 0.2157 0.7253
vn 0.6529 0.2626 0.7104
vn 0.6704 0.1953 0.7159
vn 0.5436 -0.1372 -0.8281
vn 0.9265 0.2272 -0.3001
vn 0.5575 -0.0309 -0.8296
vn -0.3138 -0.1280 0.9408
vn -0.3230 -0.0248 0.9461
vn -0.3206 0.2297 0.9189
vn 0.9324 -0.1637 0.3222
vn -0.3209 0.2884 0.9021
vn 0.9463 -0.0487 0.3194
vn -0.3330 0.2123 0.9187
vn 0.9311 0.1964 0.3075
vn 0.7377 -0.1487 -0.6585
vn 0.9265 0.2272 0.3001
vn 0.7531 -0.0387 -0.6568
vn 0.9387 0.1727 0.2984
vn -0.9797 -0.0508 0.1938
vn 0.7589 0.1888 -0.6232
vn -0.9632 0.1937 0.1864
vn 0.7377 -0.1487 0.6585
vn -0.9579 0.2223 0.1818
vn 0.7531 -0.0387 0.6568
vn 0.7437 0.2102 0.6345
vn 0.7421 0.2526 0.6209
vn 0.7589 0.1888 0.6232
vn 0.7437 0.2102 -0.6345
vn -0.9664 -0.1666 0.1957
vn 0.7421 0.2526 -0.6209
vn -0.8170 -0.1544 0.5556
vn -0.8321 -0.0426 0.5529
vn -0.9688 0.1696 0.1805
vn -0.8206 0.2049 0.5334
vn 0.8823 -0.1595 -0.4429
vn -0.8180 0.2429 0.5215
vn 0.8969 -0.0459 -0.4398
vn -0.8335 0.1826 0.5215
vn 0.8833 0.2002 -0.4238
vn 0.8170 -0.1544 -0.5556
vn 0.8797 0.2342 -0.4139
vn 0.8935 0.1771 -0.4126
vn 0.9797 -0.0507 -0.1938
vn 0.8335 0.1826 -0.5215
vn 0.9632 0.1937 -0.1864
vn 0.6460 -0.1428 -0.7498
vn 0.6610 -0.0347 -0.7496
vn 0.6538 0.2157 -0.7253
vn 0.6529 0.2626 -0.7104
vn 0.8321 -0.0425 -0.5529
vn 0.6704 0.1953 -0.7159
vn 0.8206 0.2049 -0.5334
vn 0.9664 -0.1666 -0.1957
vn 0.8180 0.2429 -0.5215
vn 0.9579 0.2223 -0.1818
vn 0.9688 0.1696 -0.1805
vn -0.0000 -1.0000 -0.0000
vn -0.1055 -0.0000 -0.9944
vn -0.3106 -0.0000 -0.9505
vn -0.4990 -0.0000 -0.8666
vn -0.6624 -0.0000 -0.7492
vn -0.7955 -0.0000 -0.6060
vn -0.8958 -0.0000 -0.4445
vn -0.9626 -0.0000 -0.2710
vn -0.9958 -0.0000 -0.0910
vn -0.9958 -0.0000 0.0910
vn -0.9626 -0.0000 0.2710
vn -0.8958 -0.0000 0.4445
vn -0.7955 -0.0000 0.6060
vn -0.6624 -0.0000 0.7492
vn -0.4990 -0.0000 0.8666
vn -0.3106 -0.0000 0.9505
vn -0.1055 -0.0000 0.9944
vn 0.1055 -0.0000 0.9944
vn 0.3106 -0.0000 0.9505
vn 0.4990 -0.0000 0.8666
vn 0.6624 -0.0000 0.7492
vn 0.7955 -0.0000 0.6060
vn 0.8958 -0.0000 0.4445
vn 0.9626 -0.0000 0.2710
vn 0.9958 -0.0000 0.0910
vn 0.9958 -0.0000 -0.0910
vn 0.9626 -0.0000 -0.2710
vn 0.8958 -0.0000 -0.4445
vn 0.7955 -0.0000 -0.6060
vn 0.6624 -0.0000 -0.7492
vn 0.4990 -0.0000 -0.8666
vn 0.3106 -0.0000 -0.9505
vn 0.1055 -0.0000 -0.9944
vn -0.0664 0.7769 -0.6261
vn -0.1963 0.7751 -0.6006
vn -0.3174 0.7717 -0.5511
vn -0.4247 0.7674 -0.4804
vn -0.5144 0.7628 -0.3919
vn -0.5837 0.7586 -0.2896
vn -0.6307 0.7554 -0.1776
vn -0.6544 0.7538 -0.0598
vn -0.6544 0.7538 0.0598
vn -0.6307 0.7554 0.1776
vn -0.5837 0.7586 0.2896
vn -0.5144 0.7628 0.3919
vn -0.4247 0.7674 0.4804
vn -0.3174 0.7717 0.5511
vn -0.1963 0.7751 0.6006
vn -0.0664 0.7769 0.6261
vn 0.0664 0.7769 0.6261
vn 0.1963 0.7751 0.6006
vn 0.3174 0.7717 0.5511
vn 0.4247 0.7674 0.4804
vn 0.5144 0.7628 0.3919
vn 0.5837 0.7586 0.2896
vn 0.6307 0.7554 0.1776
vn 0.6544 0.7538 0.0598
vn 0.6544 0.7538 -0.0598
vn 0.6307 0.7554 -0.1776
vn 0.5837 0.7586 -0.2896
vn 0.5144 0.7628 -0.3919
vn 0.4247 0.7674 -0.4804
vn 0.3174 0.7717 -0.5511
vn 0.1963 0.7751 -0.6006
vn 0.0664 0.7769 -0.6261
vn 0.9828 0.1750 -0.0598
vn 0.6951 0.7176 -0.0423
vn 0.9733 0.2217 -0.0592
vn 0.9828 -0.1750 -0.0598
vn 0.9681 0.1754 -0.1788
vn 0.6840 0.7184 -0.1263
vn 0.9588 0.2222 -0.1770
vn 0.9681 -0.1754 -0.1788
vn 0.9389 0.1762 -0.2958
vn 0.6619 0.7200 -0.2086
vn 0.9297 0.2232 -0.2930
vn 0.9389 -0.1762 -0.2958
vn 0.8949 0.1773 -0.4096
vn 0.6289 0.7223 -0.2879
vn 0.8860 0.2246 -0.4056
vn 0.8949 -0.1773 -0.4096
vn 0.8361 0.1787 -0.5186
vn 0.5852 0.7251 -0.3630
vn 0.8278 0.2263 -0.5134
vn 0.8361 -0.1787 -0.5186
vn 0.7628 0.1803 -0.6210
vn 0.5315 0.7282 -0.4327
vn 0.7550 0.2283 -0.6147
vn 0.7628 -0.1803 -0.6210
vn 0.6753 0.1820 -0.7148
vn 0.4682 0.7315 -0.4956
vn 0.6683 0.2304 -0.7073
vn 0.6753 -0.1820 -0.7148
vn 0.5743 0.1837 -0.7978
vn 0.3963 0.7348 -0.5505
vn 0.5682 0.2325 -0.7894
vn 0.5743 -0.1837 -0.7978
vn 0.4610 0.1852 -0.8678
vn 0.3167 0.7377 -0.5962
vn 0.4561 0.2344 -0.8585
vn 0.4610 -0.1852 -0.8678
vn 0.3374 0.1865 -0.9227
vn 0.2310 0.7401 -0.6316
vn 0.3337 0.2360 -0.9126
vn 0.3374 -0.1865 -0.9227
vn 0.2058 0.1874 -0.9605
vn 0.1405 0.7419 -0.6557
vn 0.2035 0.2372 -0.9499
vn 0.2058 -0.1874 -0.9605
vn 0.0692 0.1879 -0.9797
vn 0.0472 0.7428 -0.6679
vn 0.0684 0.2378 -0.9689
vn 0.0692 -0.1879 -0.9797
vn -0.0692 0.1879 -0.9797
vn -0.0472 0.7428 -0.6679
vn -0.0684 0.2378 -0.9689
vn -0.0692 -0.1879 -0.9797
vn -0.2058 0.1874 -0.9605
vn -0.1405 0.7419 -0.6557
vn -0.2035 0.2372 -0.9499
vn -0.2058 -0.1874 -0.9605
vn -0.3374 0.1865 -0.9227
vn -0.2310 0.7401 -0.6316
vn -0.3337 0.2360 -0.9126
vn -0.3374 -0.1865 -0.9227
vn -0.4610 0.1852 -0.8678
vn -0.3167 0.7377 -0.5962
vn -0.4561 0.2344 -0.8585
vn -0.4610 -0.1852 -0.8678
vn -0.5743 0.1837 -0.7978
vn -0.3963 0.7348 -0.5505
vn -0.5682 0.2325 -0.7894
vn -0.5743 -0.1837 -0.7978
vn -0.6753 0.1820 -0.7148
vn -0.4682 0.7315 -0.4956
vn -0.6683 0.2304 -0.7073
vn -0.6753 -0.1820 -0.7148
vn -0.7628 0.1803 -0.6210
vn -0.5315 0.7282 -0.4327
vn -0.7550 0.2283 -0.6147
vn -0.7628 -0.1803 -0.6210
vn -0.8361 0.1787 -0.5186
vn -0.5852 0.7251 -0.3630
vn -0.8278 0.2263 -0.5134
vn -0.8361 -0.1787 -0.5186
vn -0.8949 0.1773 -0.4096
vn -0.6289 0.7223 -0.2879
vn -0.8860 0.2246 -0.4056
vn -0.8949 -0.1773 -0.4096
vn -0.9389 0.1762 -0.2958
vn -0.6619 0.7200 -0.2086
vn -0.9297 0.2232 -0.2930
vn -0.9389 -0.1762 -0.2958
vn -0.9681 0.1754 -0.1788
vn -0.6840 0.7184 -0.1263
vn -0.9588 0.2222 -0.1770
vn 0.9210 0.3854 -0.0560
vn -0.9681 -0.1754 -0.1788
vn -0.9828 0.1750 -0.0598
vn -0.6951 0.7176 -0.0423
vn -0.9733 0.2217 -0.0592
vn 0.8379 0.5435 -0.0510
vn 0.9071 0.3862 -0.1675
vn 0.8249 0.5444 -0.1523
vn 0.8792 0.3877 -0.2770
vn -0.9828 -0.1750 -0.0598
vn -0.9828 0.1750 0.0598
vn -0.6951 0.7176 0.0423
vn -0.9733 0.2217 0.0592
vn 0.7990 0.5461 -0.2518
vn 0.8373 0.3898 -0.3833
vn 0.7602 0.5486 -0.3480
vn 0.7816 0.3925 -0.4848
vn -0.9828 -0.1750 0.0598
vn -0.9681 0.1754 0.1788
vn -0.6840 0.7184 0.1263
vn -0.9588 0.2222 0.1770
vn 0.7123 0.3956 -0.5798
vn 0.7088 0.5517 -0.4396
vn 0.6450 0.5552 -0.5251
vn 0.6298 0.3988 -0.6666
vn -0.9681 -0.1754 0.1788
vn -0.9389 0.1762 0.2958
vn -0.6619 0.7200 0.2086
vn -0.9297 0.2232 0.2930
vn 0.5694 0.5590 -0.6027
vn 0.5349 0.4020 -0.7431
vn 0.4830 0.5626 -0.6710
vn 0.4290 0.4050 -0.8075
vn -0.9389 -0.1762 0.2958
vn -0.8949 0.1773 0.4096
vn -0.6289 0.7223 0.2879
vn -0.8860 0.2246 0.4056
vn 0.3868 0.5660 -0.7280
vn 0.3136 0.4074 -0.8577
vn 0.2825 0.5688 -0.7725
vn 0.1912 0.4092 -0.8922
vn -0.8949 -0.1773 0.4096
vn -0.8361 0.1787 0.5186
vn -0.5852 0.7251 0.3630
vn -0.8278 0.2263 0.5134
vn 0.1720 0.5708 -0.8029
vn 0.0642 0.4101 -0.9098
vn 0.0578 0.5718 -0.8184
vn -0.0642 0.4101 -0.9098
vn -0.8361 -0.1787 0.5186
vn -0.7628 0.1803 0.6210
vn -0.5315 0.7282 0.4327
vn -0.7550 0.2283 0.6147
vn -0.1912 0.4092 -0.8922
vn -0.0578 0.5718 -0.8184
vn -0.1720 0.5708 -0.8029
vn -0.3136 0.4074 -0.8577
vn -0.7628 -0.1803 0.6210
vn -0.6753 0.1820 0.7148
vn -0.4682 0.7315 0.4956
vn -0.6683 0.2304 0.7073
vn -0.2825 0.5688 -0.7725
vn -0.4290 0.4050 -0.8075
vn -0.3868 0.5660 -0.7280
vn -0.5349 0.4020 -0.7431
vn -0.6753 -0.1820 0.7148
vn -0.5743 0.1837 0.7978
vn -0.3963 0.7348 0.5505
vn -0.5682 0.2325 0.7894
vn -0.4830 0.5626 -0.6710
vn -0.6298 0.3988 -0.6666
vn -0.5694 0.5590 -0.6027
vn -0.7123 0.3956 -0.5798
vn -0.5743 -0.1837 0.7978
vn -0.4610 0.1852 0.8678
vn -0.3167 0.7377 0.5962
vn -0.4561 0.2344 0.8585
vn -0.6450 0.5552 -0.5251
vn -0.7816 0.3925 -0.4848
vn -0.7088 0.5517 -0.4396
vn -0.8373 0.3898 -0.3833
vn -0.4610 -0.1852 0.8678
vn -0.3374 0.1865 0.9227
vn -0.2310 0.7401 0.6316
vn -0.3337 0.2360 0.9126
vn -0.8792 0.3877 -0.2770
vn -0.7602 0.5486 -0.3480
vn -0.7990 0.5461 -0.2518
vn -0.9071 0.3862 -0.1675
vn -0.3374 -0.1865 0.9227
vn -0.2058 0.1874 0.9605
vn -0.1405 0.7419 0.6557
vn -0.2035 0.2372 0.9499
vn -0.8249 0.5444 -0.1523
vn -0.9210 0.3854 -0.0560
vn -0.8379 0.5435 -0.0510
vn -0.9210 0.3854 0.0560
vn -0.2058 -0.1874 0.9605
vn -0.0692 0.1879 0.9797
vn -0.0472 0.7428 0.6679
vn -0.0684 0.2378 0.9689
vn -0.8379 0.5435 0.0510
vn -0.9071 0.3862 0.1675
vn -0.8249 0.5444 0.1523
vn -0.8792 0.3877 0.2770
vn -0.0692 -0.1879 0.9797
vn 0.0692 0.1879 0.9797
vn 0.0472 0.7428 0.6679
vn 0.0684 0.2378 0.9689
vn -0.7990 0.5461 0.2518
vn -0.8373 0.3898 0.3833
vn -0.7602 0.5486 0.3480
vn -0.7816 0.3925 0.4848
vn 0.0692 -0.1879 0.9797
vn 0.2058 0.1874 0.9605
vn 0.1405 0.7419 0.6557
vn 0.2035 0.2372 0.9499
vn -0.7123 0.3956 0.5798
vn -0.7088 0.5517 0.4396
vn -0.6450 0.5552 0.5251
vn -0.6298 0.3988 0.6666
vn 0.2058 -0.1874 0.9605
vn 0.3374 0.1865 0.9227
vn 0.2310 0.7401 0.6316
vn 0.3337 0.2360 0.9126
vn -0.5694 0.5590 0.6027
vn -0.5349 0.4020 0.7431
vn -0.4830 0.5626 0.6710
vn -0.4290 0.4050 0.8075
vn 0.3374 -0.1865 0.9227
vn 0.4610 0.1852 0.8678
vn 0.3167 0.7377 0.5962
vn 0.4561 0.2344 0.8585
vn -0.3868 0.5660 0.7281
vn -0.3136 0.4074 0.8577
vn -0.2825 0.5688 0.7725
vn -0.1912 0.4092 0.8922
vn 0.4610 -0.1852 0.8678
vn 0.5743 0.1837 0.7978
vn 0.3963 0.7348 0.5505
vn 0.5682 0.2325 0.7894
vn -0.1720 0.5708 0.8029
vn -0.0642 0.4101 0.9098
vn -0.0578 0.5718 0.8184
vn 0.0642 0.4101 0.9098
vn 0.5743 -0.1837 0.7978
vn 0.6753 0.1820 0.7148
vn 0.4682 0.7315 0.4956
vn 0.6683 0.2304 0.7073
vn 0.1912 0.4092 0.8922
vn 0.0578 0.5718 0.8184
vn 0.1720 0.5708 0.8029
vn 0.3136 0.4074 0.8577
vn 0.6753 -0.1820 0.7148
vn 0.7628 0.1803 0.6210
vn 0.5315 0.7282 0.4327
vn 0.7550 0.2283 0.6146
vn 0.2825 0.5688 0.7725
vn 0.4290 0.4050 0.8075
vn 0.3868 0.5660 0.7280
vn 0.5349 0.4020 0.7431
vn 0.7628 -0.1803 0.6210
vn 0.8361 0.1787 0.5186
vn 0.5852 0.7251 0.3630
vn 0.8278 0.2263 0.5134
vn 0.4830 0.5626 0.6710
vn 0.6298 0.3988 0.6666
vn 0.5694 0.5590 0.6027
vn 0.7123 0.3956 0.5798
vn 0.8361 -0.1787 0.5186
vn 0.8949 0.1773 0.4096
vn 0.6289 0.7223 0.2879
vn 0.8860 0.2246 0.4056
vn 0.6450 0.5552 0.5251
vn 0.7816 0.3925 0.4848
vn 0.7088 0.5517 0.4396
vn 0.8373 0.3898 0.3833
vn 0.8949 -0.1773 0.4096
vn 0.9389 0.1762 0.2958
vn 0.6619 0.7200 0.2086
vn 0.9297 0.2232 0.2930
vn 0.8792 0.3877 0.2770
vn 0.7602 0.5486 0.3480
vn 0.9071 0.3862 0.1675
vn 0.9389 -0.1762 0.2958
vn 0.9681 0.1754 0.1788
vn 0.6840 0.7184 0.1263
vn 0.9588 0.2222 0.1770
vn 0.8249 0.5444 0.1523
vn 0.7990 0.5461 0.2518
vn 0.9210 0.3854 0.0560
vn 0.8379 0.5435 0.0510
vn 0.9681 -0.1754 0.1788
vn 0.9828 0.1750 0.0598
vn 0.6951 0.7176 0.0423
vn 0.9733 0.2217 0.0592
vn 0.9828 -0.1750 0.0598
vn -0.0000 1.0000 -0.0000
vn -0.6369 0.3740 0.6742
vn -0.6013 0.4830 0.6365
vn -0.6081 0.4647 0.6436
vn -0.6370 0.3736 0.6743
vn -0.6632 0.2593 0.7020
vn 0.9308 0.3611 0.0566
vn 0.8821 0.4681 0.0537
vn 0.8913 0.4501 0.0542
vn 0.9309 0.3608 0.0566
vn 0.9665 0.2497 0.0588
vn 0.1935 0.3839 0.9029
vn 0.1821 0.4944 0.8500
vn 0.1843 0.4759 0.8600
vn 0.1935 0.3836 0.9030
vn 0.2019 0.2668 0.9423
vn -0.9308 0.3611 -0.0566
vn -0.8821 0.4681 -0.0537
vn -0.8913 0.4501 -0.0542
vn -0.9309 0.3608 -0.0566
vn -0.9665 0.2497 -0.0588
vn -0.8886 0.3633 0.2800
vn -0.8416 0.4706 0.2652
vn -0.8505 0.4526 0.2680
vn -0.8887 0.3629 0.2800
vn -0.9232 0.2513 0.2909
vn 0.8464 0.3654 0.3875
vn 0.8011 0.4730 0.3667
vn 0.8097 0.4549 0.3707
vn 0.8465 0.3650 0.3875
vn 0.8797 0.2529 0.4027
vn -0.3174 0.3822 0.8679
vn -0.2989 0.4924 0.8174
vn -0.3024 0.4740 0.8269
vn -0.3174 0.3819 0.8680
vn -0.3311 0.2656 0.9055
vn 0.7902 0.3679 0.4901
vn 0.7474 0.4760 0.4636
vn 0.7555 0.4578 0.4686
vn 0.7903 0.3676 0.4902
vn 0.8218 0.2548 0.5097
vn -0.9167 0.3619 -0.1693
vn -0.8685 0.4689 -0.1604
vn -0.8777 0.4509 -0.1621
vn -0.9169 0.3615 -0.1693
vn -0.9521 0.2503 -0.1758
vn -0.7202 0.3709 0.5863
vn -0.6806 0.4794 0.5541
vn -0.6881 0.4612 0.5602
vn -0.7203 0.3705 0.5864
vn -0.7495 0.2570 0.6101
vn -0.8464 0.3654 -0.3875
vn -0.8011 0.4730 -0.3667
vn -0.8097 0.4549 -0.3707
vn -0.8465 0.3650 -0.3875
vn -0.8797 0.2529 -0.4027
vn 0.9167 0.3619 0.1693
vn 0.8685 0.4689 0.1604
vn 0.8777 0.4509 0.1621
vn 0.9169 0.3615 0.1693
vn 0.9521 0.2503 0.1758
vn -0.9167 0.3619 0.1693
vn -0.8685 0.4689 0.1604
vn -0.8777 0.4509 0.1621
vn -0.9169 0.3615 0.1693
vn -0.9521 0.2503 0.1758
vn -0.5411 0.3771 -0.7517
vn -0.5104 0.4865 -0.7091
vn -0.5162 0.4682 -0.7172
vn -0.5412 0.3767 -0.7518
vn -0.5639 0.2616 -0.7833
vn 0.7202 0.3709 0.5863
vn 0.6806 0.4794 0.5541
vn 0.6881 0.4612 0.5602
vn 0.7203 0.3705 0.5864
vn 0.7495 0.2570 0.6101
vn -0.8886 0.3633 -0.2800
vn -0.8416 0.4706 -0.2652
vn -0.8505 0.4526 -0.2680
vn -0.8887 0.3629 -0.2800
vn -0.9232 0.2513 -0.2909
vn -0.0650 0.3848 -0.9207
vn -0.0612 0.4954 -0.8665
vn -0.0619 0.4769 -0.8768
vn -0.0650 0.3844 -0.9209
vn -0.0679 0.2675 -0.9612
vn -0.7902 0.3679 -0.4901
vn -0.7474 0.4760 -0.4636
vn -0.7555 0.4578 -0.4686
vn -0.7903 0.3676 -0.4902
vn -0.8218 0.2548 -0.5097
vn 0.8886 0.3633 0.2800
vn 0.8416 0.4706 0.2652
vn 0.8505 0.4526 0.2680
vn 0.8887 0.3629 0.2800
vn 0.9232 0.2513 0.2909
vn 0.4340 0.3799 -0.8169
vn 0.4090 0.4897 -0.7700
vn 0.4138 0.4714 -0.7788
vn 0.4341 0.3795 -0.8170
vn 0.4525 0.2638 -0.8518
vn -0.4340 0.3799 -0.8169
vn -0.4090 0.4897 -0.7700
vn -0.4138 0.4714 -0.7788
vn -0.4341 0.3795 -0.8170
vn -0.4525 0.2638 -0.8518
vn -0.7202 0.3709 -0.5863
vn -0.6806 0.4794 -0.5541
vn -0.6881 0.4612 -0.5602
vn -0.7203 0.3705 -0.5864
vn -0.7495 0.2570 -0.6101
vn 0.7902 0.3679 -0.4901
vn 0.7474 0.4760 -0.4636
vn 0.7555 0.4578 -0.4686
vn 0.7903 0.3676 -0.4902
vn 0.8218 0.2548 -0.5097
vn 0.0650 0.3848 -0.9207
vn 0.0612 0.4954 -0.8665
vn 0.0619 0.4769 -0.8768
vn 0.0650 0.3844 -0.9209
vn 0.0679 0.2675 -0.9612
vn -0.3174 0.3822 -0.8679
vn -0.2989 0.4924 -0.8174
vn -0.3024 0.4740 -0.8269
vn -0.3174 0.3819 -0.8680
vn -0.3311 0.2656 -0.9055
vn 0.9308 0.3611 -0.0566
vn 0.8821 0.4681 -0.0537
vn 0.8913 0.4501 -0.0542
vn 0.9309 0.3608 -0.0566
vn 0.9665 0.2497 -0.0588
vn -0.6369 0.3740 -0.6742
vn -0.6013 0.4830 -0.6365
vn -0.6081 0.4647 -0.6436
vn -0.6370 0.3736 -0.6743
vn -0.6632 0.2593 -0.7020
vn 0.5411 0.3771 -0.7517
vn 0.5104 0.4865 -0.7091
vn 0.5162 0.4682 -0.7172
vn 0.5412 0.3767 -0.7518
vn 0.5639 0.2616 -0.7833
vn 0.1935 0.3839 -0.9029
vn 0.1821 0.4944 -0.8500
vn 0.1843 0.4759 -0.8600
vn 0.1935 0.3836 -0.9030
vn 0.2019 0.2668 -0.9423
vn 0.5411 0.3771 0.7517
vn 0.5104 0.4865 0.7091
vn 0.5162 0.4682 0.7172
vn 0.5412 0.3767 0.7518
vn 0.5639 0.2616 0.7833
vn -0.1935 0.3839 -0.9029
vn -0.1821 0.4944 -0.8500
vn -0.1843 0.4759 -0.8600
vn -0.1935 0.3836 -0.9030
vn -0.2019 0.2668 -0.9423
vn 0.8464 0.3654 -0.3875
vn 0.8011 0.4730 -0.3667
vn 0.8097 0.4549 -0.3707
vn 0.8465 0.3650 -0.3875
vn 0.8797 0.2529 -0.4027
vn 0.6369 0.3740 -0.6742
vn 0.6013 0.4830 -0.6365
vn 0.6081 0.4647 -0.6436
vn 0.6370 0.3736 -0.6743
vn 0.6632 0.2593 -0.7020
vn 0.0650 0.3848 0.9207
vn 0.0612 0.4954 0.8665
vn 0.0619 0.4769 0.8768
vn 0.0650 0.3844 0.9209
vn 0.0679 0.2675 0.9612
vn 0.3174 0.3822 -0.8679
vn 0.2989 0.4924 -0.8174
vn 0.3024 0.4740 -0.8269
vn 0.3174 0.3819 -0.8680
vn 0.3311 0.2656 -0.9055
vn 0.4340 0.3799 0.8169
vn 0.4090 0.4897 0.7700
vn 0.4138 0.4714 0.7788
vn 0.4341 0.3795 0.8170
vn 0.4525 0.2638 0.8518
vn 0.8886 0.3633 -0.2800
vn 0.8416 0.4706 -0.2652
vn 0.8505 0.4526 -0.2680
vn 0.8887 0.3629 -0.2800
vn 0.9232 0.2513 -0.2909
vn -0.4340 0.3799 0.8169
vn -0.4090 0.4897 0.7700
vn -0.4138 0.4714 0.7788
vn -0.4341 0.3795 0.8170
vn -0.4525 0.2638 0.8518
vn 0.7202 0.3709 -0.5863
vn 0.6806 0.4794 -0.5541
vn 0.6881 0.4612 -0.5602
vn 0.7203 0.3705 -0.5864
vn 0.7495 0.2570 -0.6101
vn -0.0650 0.3848 0.9207
vn -0.0612 0.4954 0.8665
vn -0.0619 0.4769 0.8768
vn -0.0650 0.3844 0.9209
vn -0.0679 0.2675 0.9612
vn 0.3174 0.3822 0.8679
vn 0.2989 0.4924 0.8174
vn 0.3024 0.4740 0.8269
vn 0.3174 0.3819 0.8680
vn 0.3311 0.2656 0.9055
vn -0.7902 0.3679 0.4901
vn -0.7474 0.4760 0.4636
vn -0.7555 0.4578 0.4686
vn -0.7903 0.3676 0.4902
vn -0.8218 0.2548 0.5097
vn 0.9167 0.3619 -0.1693
vn 0.8685 0.4689 -0.1604
vn 0.8777 0.4509 -0.1621
vn 0.9169 0.3615 -0.1693
vn 0.9521 0.2503 -0.1758
vn -0.5411 0.3771 0.7517
vn -0.5104 0.4865 0.7091
vn -0.5162 0.4682 0.7172
vn -0.5412 0.3767 0.7518
vn -0.5639 0.2616 0.7833
vn -0.1935 0.3839 0.9029
vn -0.1821 0.4944 0.8500
vn -0.1843 0.4759 0.8600
vn -0.1935 0.3836 0.9030
vn -0.2019 0.2668 0.9423
vn -0.9308 0.3611 0.0566
vn -0.8821 0.4681 0.0537
vn -0.8913 0.4501 0.0542
vn -0.9309 0.3608 0.0566
vn -0.9665 0.2497 0.0588
vn 0.6369 0.3740 0.6742
vn 0.6013 0.4830 0.6365
vn 0.6081 0.4647 0.6436
vn 0.6370 0.3736 0.6743
vn 0.6632 0.2593 0.7020
vn -0.8464 0.3654 0.3875
vn -0.8011 0.4730 0.3667
vn -0.8097 0.4549 0.3707
vn -0.8465 0.3650 0.3875
vn -0.8797 0.2529 0.4027
vn 0.9529 0.2961 -0.0653
vn 0.6528 0.7564 -0.0428
vn 0.6528 -0.7564 -0.0428
vn 0.9520 -0.2987 -0.0672
vn 0.9349 0.2964 -0.1950
vn 0.6411 0.7554 -0.1357
vn 0.6395 -0.7570 -0.1342
vn 0.9339 -0.2981 -0.1974
vn 0.8994 0.2954 -0.3222
vn 0.6198 0.7527 -0.2220
vn 0.6165 -0.7558 -0.2208
vn 0.9008 -0.2929 -0.3206
vn 0.8478 0.2940 -0.4412
vn 0.5857 0.7510 -0.3048
vn 0.5837 -0.7525 -0.3050
vn 0.8493 -0.2897 -0.4413
vn 0.7815 0.2924 -0.5511
vn 0.5412 0.7505 -0.3793
vn 0.5412 -0.7505 -0.3793
vn 0.7815 -0.2924 -0.5511
vn 0.7031 0.2905 -0.6491
vn 0.4863 0.7482 -0.4514
vn 0.4856 -0.7498 -0.4494
vn 0.7010 -0.2922 -0.6505
vn 0.6119 0.2887 -0.7364
vn 0.4268 0.7443 -0.5136
vn 0.4246 -0.7475 -0.5109
vn 0.6138 -0.2862 -0.7357
vn 0.5125 0.2869 -0.8094
vn 0.3586 0.7421 -0.5663
vn 0.3568 -0.7436 -0.5654
vn 0.5136 -0.2827 -0.8101
vn 0.4058 0.2854 -0.8683
vn 0.2856 0.7418 -0.6068
vn 0.2856 -0.7417 -0.6068
vn 0.4058 -0.2854 -0.8683
vn 0.2947 0.2841 -0.9124
vn 0.2050 0.7401 -0.6405
vn 0.2054 -0.7417 -0.6385
vn 0.2923 -0.2858 -0.9126
vn 0.1776 0.2832 -0.9425
vn 0.1251 0.7374 -0.6638
vn 0.1245 -0.7406 -0.6603
vn 0.1796 -0.2808 -0.9428
vn 0.0595 0.2828 -0.9573
vn 0.0419 0.7368 -0.6748
vn 0.0408 -0.7384 -0.6731
vn 0.0601 -0.2786 -0.9585
vn -0.0595 0.2828 -0.9573
vn -0.0400 0.7384 -0.6732
vn -0.0400 -0.7384 -0.6732
vn -0.0595 -0.2828 -0.9573
vn -0.1765 0.2832 -0.9427
vn -0.1258 0.7390 -0.6619
vn -0.1245 -0.7406 -0.6603
vn -0.1788 -0.2849 -0.9417
vn -0.2936 0.2841 -0.9127
vn -0.2065 0.7385 -0.6418
vn -0.2054 -0.7417 -0.6385
vn -0.2921 -0.2816 -0.9140
vn -0.4058 0.2854 -0.8683
vn -0.2847 0.7401 -0.6092
vn -0.2849 -0.7417 -0.6072
vn -0.4058 -0.2811 -0.8697
vn -0.5125 0.2869 -0.8094
vn -0.3561 0.7437 -0.5659
vn -0.3561 -0.7436 -0.5659
vn -0.5125 -0.2869 -0.8094
vn -0.6110 0.2886 -0.7371
vn -0.4265 0.7459 -0.5116
vn -0.4246 -0.7475 -0.5109
vn -0.6126 -0.2904 -0.7351
vn -0.7023 0.2905 -0.6499
vn -0.4882 0.7467 -0.4518
vn -0.4856 -0.7498 -0.4494
vn -0.7015 -0.2880 -0.6519
vn -0.7815 0.2924 -0.5511
vn -0.5416 0.7489 -0.3819
vn -0.5407 -0.7505 -0.3800
vn -0.7823 -0.2881 -0.5523
vn -0.8478 0.2940 -0.4412
vn -0.5833 0.7525 -0.3057
vn -0.5839 -0.7521 -0.3055
vn -0.8477 -0.2923 -0.4427
vn -0.8989 0.2980 -0.3213
vn -0.6162 0.7557 -0.2216
vn -0.6170 -0.7554 -0.2206
vn -0.9008 -0.2928 -0.3206
vn -0.9331 0.3016 -0.1959
vn -0.6395 0.7570 -0.1342
vn -0.6395 -0.7570 -0.1342
vn -0.9362 -0.2913 -0.1965
vn -0.9510 0.3021 -0.0658
vn -0.6512 0.7576 -0.0450
vn -0.6531 -0.7560 -0.0441
vn -0.9539 -0.2926 -0.0666
vn -0.9519 0.2995 0.0639
vn -0.6512 0.7576 0.0450
vn -0.6535 -0.7557 0.0437
vn -0.9533 -0.2952 0.0646
vn -0.9338 0.2990 0.1967
vn -0.6397 0.7569 0.1334
vn -0.6398 -0.7566 0.1348
vn -0.9351 -0.2938 0.1983
vn -0.8979 0.3006 0.3216
vn -0.6165 0.7558 0.2208
vn -0.6165 -0.7558 0.2208
vn -0.9009 -0.2903 0.3227
vn -0.8464 0.2992 0.4405
vn -0.5826 0.7541 0.3032
vn -0.5837 -0.7525 0.3050
vn -0.8493 -0.2897 0.4413
vn -0.7820 0.2949 0.5491
vn -0.5387 0.7521 0.3798
vn -0.5413 -0.7502 0.3799
vn -0.7827 -0.2907 0.5503
vn -0.7012 0.2930 0.6499
vn -0.4862 0.7498 0.4488
vn -0.4856 -0.7494 0.4500
vn -0.7016 -0.2879 0.6518
vn -0.6109 0.2937 0.7352
vn -0.4246 0.7475 0.5109
vn -0.4246 -0.7475 0.5109
vn -0.6129 -0.2837 0.7375
vn -0.5116 0.2919 0.8081
vn -0.3567 0.7453 0.5633
vn -0.3568 -0.7436 0.5654
vn -0.5136 -0.2827 0.8101
vn -0.4071 0.2879 0.8668
vn -0.2832 0.7433 0.6060
vn -0.2854 -0.7414 0.6074
vn -0.4071 -0.2837 0.8682
vn -0.2928 0.2866 0.9122
vn -0.2061 0.7417 0.6383
vn -0.2051 -0.7413 0.6390
vn -0.2921 -0.2816 0.9140
vn -0.1774 0.2882 0.9410
vn -0.1245 0.7406 0.6603
vn -0.1245 -0.7406 0.6603
vn -0.1779 -0.2783 0.9439
vn -0.0594 0.2877 0.9559
vn -0.0417 0.7400 0.6713
vn -0.0408 -0.7384 0.6731
vn -0.0601 -0.2786 0.9585
vn 0.0576 0.2853 0.9567
vn 0.0417 0.7400 0.6713
vn 0.0405 -0.7380 0.6735
vn 0.0583 -0.2811 0.9579
vn 0.1781 0.2857 0.9416
vn 0.1237 0.7406 0.6605
vn 0.1249 -0.7402 0.6606
vn 0.1795 -0.2807 0.9429
vn 0.2931 0.2891 0.9113
vn 0.2054 0.7417 0.6385
vn 0.2054 -0.7417 0.6385
vn 0.2940 -0.2792 0.9141
vn 0.4051 0.2903 0.8669
vn 0.2832 0.7433 0.6060
vn 0.2849 -0.7417 0.6072
vn 0.4058 -0.2811 0.8697
vn 0.5105 0.2894 0.8097
vn 0.3567 0.7453 0.5633
vn 0.3568 -0.7436 0.5654
vn 0.5117 -0.2852 0.8105
vn 0.6119 0.2912 0.7353
vn 0.4240 0.7478 0.5109
vn 0.4246 -0.7475 0.5109
vn 0.6145 -0.2879 0.7345
vn 0.7004 0.2931 0.6508
vn 0.4881 0.7499 0.4466
vn 0.4856 -0.7498 0.4494
vn 0.7015 -0.2880 0.6519
vn 0.7815 0.2924 0.5511
vn 0.5387 0.7521 0.3798
vn 0.5407 -0.7505 0.3800
vn 0.7823 -0.2881 0.5523
vn 0.8478 0.2941 0.4412
vn 0.5809 0.7540 0.3067
vn 0.5834 -0.7525 0.3057
vn 0.8478 -0.2941 0.4412
vn 0.8990 0.2954 0.3234
vn 0.6175 0.7558 0.2180
vn 0.6165 -0.7558 0.2208
vn 0.8993 -0.2972 0.3208
vn 0.9346 0.2972 0.1956
vn 0.6390 0.7569 0.1372
vn 0.6395 -0.7570 0.1342
vn 0.9350 -0.2939 0.1983
vn 0.9526 0.2969 0.0659
vn 0.6531 0.7561 0.0432
vn 0.6531 -0.7560 0.0441
vn 0.9530 -0.2952 0.0685
vn -0.9176 -0.2193 0.3315
vn -0.9546 -0.2205 0.2004
vn -0.9730 -0.2209 0.0673
vn -0.9729 -0.2203 -0.0706
vn -0.9552 -0.2200 -0.1978
vn -0.9184 -0.2197 -0.3290
vn -0.8656 -0.2187 -0.4505
vn -0.7960 -0.2169 -0.5652
vn -0.7184 -0.2157 -0.6614
vn -0.6242 -0.2147 -0.7512
vn -0.5226 -0.2135 -0.8254
vn -0.4110 -0.2118 -0.8867
vn -0.3016 -0.2111 -0.9298
vn -0.1811 -0.2109 -0.9606
vn -0.0606 -0.2107 -0.9757
vn 0.0636 -0.2103 -0.9756
vn 0.1787 -0.2108 -0.9610
vn 0.2992 -0.2121 -0.9303
vn 0.4136 -0.2131 -0.8851
vn 0.5251 -0.2139 -0.8237
vn 0.6222 -0.2155 -0.7526
vn 0.7164 -0.2175 -0.6630
vn 0.7974 -0.2190 -0.5623
vn 0.8669 -0.2198 -0.4475
vn 0.9173 -0.2210 -0.3314
vn 0.9542 -0.2223 -0.2003
vn 0.9729 -0.2222 -0.0640
vn 0.9727 -0.2217 0.0680
vn 0.9548 -0.2219 0.1977
vn 0.9180 -0.2215 0.3289
vn 0.8653 -0.2204 0.4503
vn 0.7957 -0.2184 0.5650
vn 0.7181 -0.2171 0.6612
vn 0.6222 -0.2155 0.7526
vn 0.5251 -0.2140 0.8237
vn 0.4109 -0.2126 0.8865
vn 0.3016 -0.2117 0.9296
vn 0.1810 -0.2113 0.9605
vn 0.0606 -0.2109 0.9756
vn -0.0636 -0.2102 0.9756
vn -0.1787 -0.2105 0.9611
vn -0.2993 -0.2116 0.9304
vn -0.4137 -0.2124 0.8853
vn -0.5253 -0.2130 0.8239
vn -0.6224 -0.2143 0.7528
vn -0.7166 -0.2161 0.6632
vn -0.7977 -0.2175 0.5625
vn -0.8672 -0.2182 0.4477
vn 0.7398 0.6342 0.2244
vn 0.6883 0.6251 0.3679
vn 0.6910 0.6236 0.3656
vn 0.7400 0.6201 0.2605
vn 0.7704 0.6156 0.1662
vn 0.7821 0.6184 0.0770
vn 0.7960 0.6028 -0.0540
vn 0.8002 0.5767 -0.1649
vn 0.7928 0.5601 -0.2405
vn 0.7534 0.5279 -0.3921
vn 0.7181 0.4738 -0.5098
vn 0.6925 0.4442 -0.5684
vn 0.5855 0.4011 -0.7045
vn 0.5034 0.3382 -0.7951
vn 0.4488 0.3057 -0.8397
vn 0.2993 0.2750 -0.9137
vn 0.1799 0.2371 -0.9547
vn 0.0603 0.2340 -0.9704
vn -0.0646 0.2334 -0.9702
vn -0.1748 0.2330 -0.9566
vn -0.2944 0.2756 -0.9151
vn -0.4042 0.2971 -0.8651
vn -0.5074 0.3339 -0.7944
vn -0.5836 0.3956 -0.7092
vn -0.6461 0.4745 -0.5979
vn -0.7211 0.4706 -0.5085
vn -0.7575 0.5225 -0.3915
vn -0.7664 0.5792 -0.2777
vn -0.8025 0.5724 -0.1685
vn -0.7983 0.5997 -0.0552
vn -0.7765 0.6277 0.0552
vn -0.7740 0.6127 0.1598
vn -0.7403 0.6177 0.2652
vn -0.6955 0.6207 0.3620
vn -0.6515 0.6021 0.4614
vn -0.5933 0.5920 0.5455
vn -0.5166 0.5887 0.6217
vn -0.4424 0.5622 0.6987
vn -0.3519 0.5494 0.7578
vn -0.2595 0.5452 0.7972
vn -0.1574 0.5272 0.8350
vn -0.0526 0.5294 0.8467
vn 0.0546 0.5297 0.8464
vn 0.1544 0.5272 0.8356
vn 0.2561 0.5482 0.7962
vn 0.3528 0.5527 0.7550
vn 0.4432 0.5643 0.6965
vn 0.5160 0.5901 0.6209
vn 0.4203 -0.8806 0.2187
vn -0.3553 -0.9341 0.0350
vn -0.0047 -0.9960 0.0896
vn 0.7432 -0.5384 -0.3972
vn -0.4566 0.5211 -0.7211
vn -0.4061 -0.9134 -0.0281
vn -0.3174 -0.9330 0.1696
vn 0.0842 -0.9964 -0.0067
vn 0.1793 0.8106 -0.5575
vn -0.0870 -0.9962 0.0060
vn -0.2328 -0.8352 0.4982
vn -0.3746 0.4658 -0.8017
vn 0.2728 -0.9283 0.2525
vn -0.0856 -0.9963 -0.0050
vn -0.0406 -0.7550 0.6544
vn 0.0825 -0.9964 0.0183
vn 0.0602 -0.7892 0.6111
vn -0.0334 0.8425 -0.5376
vn 0.7321 -0.0278 0.6806
vn -0.3295 -0.9389 0.0999
vn -0.1026 0.8325 -0.5445
vn -0.1966 0.7357 -0.6482
vn -0.0837 -0.9963 -0.0186
vn -0.3257 -0.9302 0.1695
vn -0.2390 -0.9274 0.2876
vn -0.6389 -0.0273 0.7688
vn -0.3298 -0.9149 0.2326
vn -0.0781 -0.9961 -0.0407
vn -0.0716 -0.9962 -0.0494
vn -0.2929 -0.9255 0.2403
vn -0.2728 -0.9283 -0.2525
vn -0.7321 -0.0278 -0.6806
vn 0.0564 -0.9962 0.0664
vn -0.0636 -0.9962 -0.0602
vn -0.2801 -0.8989 0.3370
vn 0.0708 -0.9246 0.3744
vn 0.1860 -0.0268 0.9822
vn -0.2726 -0.8604 0.4306
vn 0.0705 -0.9247 -0.3741
vn -0.0573 -0.9960 -0.0690
vn 0.0263 -0.9960 0.0850
vn -0.1162 -0.9251 -0.3614
vn -0.0265 -0.9960 -0.0854
vn -0.2254 -0.8783 0.4217
vn -0.5358 -0.0270 0.8439
vn 0.5358 -0.0270 -0.8439
vn 0.3269 -0.9294 0.1713
vn -0.3036 -0.9286 -0.2134
vn -0.3041 -0.0271 -0.9523
vn -0.9781 -0.0282 0.2063
vn 0.3061 -0.0268 0.9516
vn -0.1616 -0.9250 0.3439
vn 0.2728 -0.9283 -0.2525
vn -0.3445 -0.9307 0.1234
vn -0.1203 -0.7605 0.6381
vn 0.0232 -0.9238 -0.3821
vn 0.3570 -0.9311 -0.0749
vn -0.0581 -0.8056 0.5896
vn -0.4231 -0.0270 0.9057
vn 0.3271 -0.9294 -0.1709
vn -0.9410 -0.0280 0.3371
vn -0.3273 -0.9293 -0.1713
vn 0.3645 -0.9309 -0.0239
vn 0.1616 -0.9252 -0.3434
vn 0.7333 -0.0282 -0.6793
vn -0.1612 -0.9251 -0.3437
vn 0.0416 -0.7413 0.6699
vn 0.3445 -0.9307 -0.1234
vn -0.7330 -0.0276 0.6797
vn 0.3038 -0.9286 -0.2129
vn 0.8873 -0.0278 -0.4603
vn -0.2729 -0.9282 0.2529
vn 0.2715 -0.7674 0.5809
vn -0.0705 -0.9247 -0.3741
vn -0.6392 -0.0280 -0.7685
vn 0.6406 -0.0276 -0.7674
vn -0.2390 -0.9274 -0.2876
vn 0.3291 -0.7883 0.5198
vn 0.2390 -0.9274 0.2876
vn -0.0232 -0.9238 0.3821
vn 0.1290 -0.7176 0.6844
vn 0.4216 -0.0273 -0.9064
vn -0.8169 -0.0277 0.5761
vn 0.2390 -0.9274 -0.2876
vn 0.3366 -0.8477 0.4101
vn 0.6409 -0.0277 0.7671
vn 0.1162 -0.9251 -0.3614
vn -0.6943 0.4395 -0.5698
vn 0.3973 -0.8408 0.3677
vn 0.6091 0.6157 0.4999
vn 0.3648 -0.9308 0.0246
vn -0.0227 -0.9238 -0.3822
vn -0.3570 -0.9311 -0.0749
vn -0.0813 -0.9963 0.0281
vn 0.0715 -0.9962 -0.0504
vn 0.0754 -0.9963 -0.0403
vn -0.5362 -0.0275 -0.8436
vn -0.7848 0.6149 0.0773
vn -0.4221 -0.0269 -0.9062
vn -0.2417 0.5538 0.7968
vn 0.0802 -0.9964 -0.0277
vn -0.0855 -0.9962 0.0179
vn -0.3040 -0.9285 0.2134
vn 0.5111 0.5925 0.6227
vn 0.4245 -0.8545 0.2993
vn 0.0821 0.5456 0.8340
vn 0.5348 -0.0272 0.8445
vn 0.4071 -0.8871 0.2176
vn -0.0705 -0.9247 0.3741
vn 0.2414 0.5552 0.7959
vn 0.0843 -0.9963 -0.0177
vn 0.3848 0.5777 0.7199
vn 0.0647 -0.9961 -0.0599
vn -0.8868 -0.0279 -0.4614
vn 0.0564 -0.9962 -0.0664
vn -0.2012 -0.9259 -0.3197
vn 0.1773 -0.7919 0.5844
vn -0.7970 0.5534 -0.2418
vn -0.0764 -0.9962 0.0408
vn -0.0724 -0.9961 0.0510
vn 0.2016 -0.9259 0.3194
vn -0.7903 0.6077 -0.0778
vn 0.4614 -0.8716 0.1653
vn -0.4429 0.3425 -0.8286
vn -0.5825 0.3961 -0.7098
vn 0.3570 -0.9311 0.0749
vn -0.0947 0.2568 -0.9618
vn -0.7499 0.5263 -0.4008
vn 0.0463 -0.9961 -0.0748
vn 0.4978 -0.8610 0.1045
vn -0.3271 -0.9294 0.1709
vn -0.8873 -0.0278 0.4603
vn -0.3449 -0.9305 -0.1233
vn 0.2781 0.2869 -0.9167
vn 0.0381 -0.9959 -0.0816
vn 0.8159 -0.0280 -0.5776
vn 0.0946 0.2610 -0.9607
vn -0.7403 0.6337 0.2246
vn 0.1764 0.7942 -0.5815
vn -0.0654 -0.9960 0.0605
vn -0.1161 -0.9250 0.3618
vn -0.2783 0.2847 -0.9173
vn 0.7236 -0.1673 -0.6697
vn 0.4221 -0.0269 0.9062
vn 0.9418 -0.0283 -0.3349
vn -0.5351 -0.7949 -0.2860
vn -0.6885 0.6249 0.3680
vn 0.8148 -0.0770 -0.5746
vn -0.0570 -0.9961 0.0671
vn 0.0277 -0.9959 -0.0862
vn 0.5653 0.4666 -0.6802
vn 0.7473 0.5309 -0.3995
vn 0.5805 0.4033 -0.7074
vn 0.7598 -0.5161 -0.3954
vn 0.1612 -0.9251 0.3437
vn 0.9412 -0.0288 0.3367
vn -0.0584 0.8032 -0.5929
vn -0.4896 -0.8592 -0.1485
vn -0.6097 0.6148 0.5003
vn 0.4282 -0.8943 0.1299
vn -0.5117 0.5910 0.6236
vn 0.0175 -0.9960 -0.0876
vn 0.3445 -0.9307 0.1234
vn -0.4599 -0.8827 -0.0965
vn -0.0467 -0.9961 0.0754
vn 0.3749 0.7133 -0.5922
vn 0.5889 -0.7802 -0.2109
vn 0.6479 0.4763 -0.5944
vn -0.3503 -0.9282 0.1255
vn -0.3648 -0.9307 -0.0246
vn -0.2008 0.7549 -0.6243
vn -0.6698 -0.5730 -0.4723
vn -0.3897 -0.9202 -0.0384
vn 0.3932 0.3506 -0.8500
vn 0.6473 -0.7500 -0.1359
vn 0.5292 -0.8469 -0.0521
vn 0.7732 0.6319 0.0535
vn 0.7598 0.1843 -0.6235
vn -0.0384 -0.9959 0.0821
vn 0.4646 -0.8850 0.0321
vn 0.0047 -0.9960 -0.0896
vn -0.3855 0.5755 0.7212
vn -0.0057 -0.9958 -0.0911
vn -0.6386 0.0412 -0.7684
vn -0.0279 -0.9958 0.0867
vn -0.7175 -0.3720 -0.5889
vn 0.5027 -0.8630 0.0495
vn 0.7878 0.6110 -0.0776
vn 0.1954 -0.7698 0.6076
vn 0.5939 0.5944 0.5422
vn -0.5467 -0.7875 -0.2845
vn 0.0327 0.8497 -0.5263
vn 0.7646 0.5834 -0.2739
vn 0.3441 -0.8427 0.4141
vn -0.0821 0.5464 0.8335
vn -0.1856 -0.0275 -0.9822
vn -0.3585 0.6494 -0.6706
vn 0.5662 0.4511 -0.6899
vn 0.0057 -0.9958 0.0910
vn 0.6523 0.6025 0.4599
vn 0.8876 -0.0282 0.4598
vn 0.1162 -0.9251 0.3614
vn -0.1747 -0.8212 0.5432
vn 0.0169 -0.9959 0.0894
vn 0.0383 -0.9961 0.0798
vn -0.0483 -0.9959 -0.0762
vn 0.0463 -0.9961 0.0748
vn 0.3036 -0.9286 0.2134
vn -0.3652 -0.9306 0.0244
vn -0.0825 -0.9962 -0.0296
vn 0.0771 -0.9962 0.0401
vn 0.0230 -0.9237 0.3825
vn 0.0564 0.8181 -0.5723
vn 0.2642 -0.8282 0.4942
vn -0.5933 -0.5887 -0.5491
vn -0.1597 -0.8350 0.5265
vn -0.3794 -0.9249 0.0262
vn -0.2748 -0.9013 0.3349
vn 0.6934 -0.6891 -0.2104
vn -0.3141 -0.9038 0.2907
vn 0.2621 0.7853 -0.5609
vn -0.4272 -0.8911 -0.1530
vn -0.8162 -0.0276 -0.5771
vn -0.0385 -0.9960 -0.0803
vn -0.0169 -0.9958 -0.0897
vn -0.2016 -0.9259 0.3194
vn 0.8162 -0.0276 0.5771
vn 0.0629 -0.9962 0.0595
vn 0.0708 -0.9963 0.0488
vn 0.0814 -0.9963 0.0291
vn 0.0963 0.8543 -0.5108
vn -0.3715 -0.9252 0.0780
vn 0.0826 -0.9966 0.0058
vn 0.3466 0.6777 -0.6485
vn 0.3669 -0.8802 0.3011
vn -0.0175 -0.9960 0.0878
vn -0.6342 0.0227 -0.7728
vn -0.3572 -0.9310 0.0752
vn 0.2016 -0.9259 -0.3194
vn 0.5572 -0.8295 -0.0385
vn 0.0615 -0.0184 0.9979
vn -0.9975 -0.0194 0.0684
vn 0.8154 -0.0209 0.5785
vn -0.8154 -0.0209 -0.5785
vn 0.8900 -0.0213 0.4556
vn -0.1852 -0.0208 -0.9825
vn 0.9412 -0.0218 0.3371
vn 0.9429 -0.0214 -0.3323
vn 0.4207 -0.0204 0.9069
vn -0.9972 -0.0178 -0.0720
vn -0.3051 -0.0204 0.9521
vn 0.8132 -0.0212 -0.5816
vn -0.8882 -0.0210 0.4589
vn 0.9774 -0.0215 0.2105
vn -0.9416 -0.0213 -0.3360
vn -0.8881 -0.0211 -0.4591
vn 0.5371 -0.0206 0.8433
vn -0.4207 -0.0204 -0.9070
vn -0.5402 -0.0208 -0.8413
vn -0.1821 -0.0184 0.9831
vn -0.0650 -0.0186 -0.9977
vn 0.9974 -0.0195 0.0688
vn -0.9792 -0.0194 -0.2020
vn 0.6428 -0.0209 0.7657
vn -0.8155 -0.0210 0.5784
vn 0.4175 -0.0206 -0.9084
vn 0.6428 -0.0209 -0.7658
vn 0.3061 -0.0208 -0.9518
vn -0.6390 -0.0212 -0.7689
vn 0.8882 -0.0210 -0.4589
vn -0.7329 -0.0209 0.6800
vn 0.9969 -0.0181 -0.0759
vn 0.0647 -0.0168 -0.9978
vn 0.7337 -0.0214 -0.6791
vn -0.9412 -0.0212 0.3372
vn 0.9792 -0.0199 -0.2020
vn -0.4209 -0.0205 0.9069
vn 0.3061 -0.0203 0.9518
vn -0.9782 -0.0213 0.2066
vn -0.3016 -0.0205 -0.9532
vn 0.5372 -0.0205 -0.8432
vn -0.0647 -0.0168 0.9978
vn -0.5372 -0.0205 0.8432
vn 0.1867 -0.0186 -0.9822
vn 0.1863 -0.0203 0.9823
vn -0.7304 -0.0210 -0.6827
vn -0.6390 -0.0206 0.7689
vn 0.7304 -0.0210 0.6827
vn 0.9425 0.3279 0.0642
vn 0.1803 0.2720 -0.9453
vn 0.8925 0.3220 0.3160
vn -0.2976 0.2757 0.9140
vn -0.1802 0.2720 -0.9453
vn 0.2974 0.2757 0.9141
vn 0.5165 0.2875 -0.8065
vn 0.4103 0.2810 0.8676
vn -0.5167 0.2875 -0.8065
vn 0.9257 0.3259 0.1921
vn 0.1801 0.2720 0.9453
vn -0.2974 0.2757 -0.9141
vn 0.7033 0.3025 0.6433
vn 0.7802 0.3099 0.5434
vn 0.4101 0.2810 -0.8677
vn 0.8435 0.3165 -0.4339
vn -0.1803 0.2720 0.9453
vn -0.4101 0.2810 0.8677
vn -0.9257 0.3258 -0.1922
vn -0.7802 0.3098 -0.5434
vn -0.9425 0.3278 0.0647
vn -0.4102 0.2810 -0.8676
vn 0.0605 0.2701 0.9609
vn 0.9425 0.3279 -0.0645
vn 0.6149 0.2949 0.7314
vn 0.0602 0.2701 -0.9610
vn -0.8437 0.3165 -0.4336
vn 0.7035 0.3025 -0.6431
vn 0.6151 0.2949 -0.7313
vn 0.8437 0.3166 0.4336
vn 0.5168 0.2876 0.8064
vn -0.0602 0.2701 0.9610
vn -0.0605 0.2701 -0.9609
vn -0.9425 0.3278 -0.0643
vn 0.8925 0.3220 -0.3158
vn -0.8925 0.3220 0.3158
vn -0.6150 0.2949 -0.7313
vn -0.5165 0.2875 0.8065
vn -0.8925 0.3220 -0.3160
vn 0.2975 0.2757 -0.9140
vn -0.7035 0.3025 0.6431
vn -0.7034 0.3025 -0.6432
vn 0.9257 0.3259 -0.1918
vn -0.8435 0.3165 0.4339
vn 0.7800 0.3099 -0.5436
vn -0.7800 0.3099 0.5436
vn -0.6151 0.2948 0.7313
vn -0.9257 0.3259 0.1920
vn 0.1969 0.0187 -0.9802
vn 0.1949 -0.2271 -0.9542
vn 0.9834 0.1694 0.0656
vn 0.1944 -0.2941 -0.9358
vn 0.9967 0.0487 0.0648
vn 0.2042 -0.2154 -0.9549
vn 0.9803 -0.1871 0.0626
vn 0.9736 -0.2200 0.0609
vn 0.9839 -0.1684 0.0601
vn 0.1902 0.1262 -0.9736
vn -0.3136 0.1291 0.9407
vn -0.3241 0.0207 0.9458
vn -0.3207 -0.2243 0.9202
vn 0.9322 0.1649 0.3222
vn -0.3200 -0.2890 0.9023
vn 0.9468 0.0456 0.3186
vn -0.3350 -0.2120 0.9181
vn 0.9319 -0.1912 0.3082
vn -0.1902 0.1262 -0.9736
vn 0.9263 -0.2275 0.3003
vn -0.1969 0.0187 -0.9802
vn 0.9390 -0.1730 0.2972
vn -0.1944 -0.2941 -0.9358
vn 0.5589 0.0273 -0.8288
vn -0.2042 -0.2154 -0.9549
vn 0.5524 -0.2157 -0.8052
vn 0.3136 0.1291 0.9407
vn 0.5509 -0.2730 -0.7886
vn 0.3242 0.0207 0.9458
vn 0.3207 -0.2243 0.9202
vn 0.3200 -0.2890 0.9023
vn 0.3350 -0.2120 0.9181
vn -0.1949 -0.2271 -0.9542
vn 0.5433 0.1384 -0.8280
vn 0.4580 -0.2072 0.8644
vn -0.5433 0.1384 -0.8280
vn -0.5589 0.0272 -0.8288
vn 0.5711 -0.2015 -0.7958
vn -0.5524 -0.2157 -0.8052
vn 0.4320 0.1333 0.8920
vn -0.5509 -0.2730 -0.7886
vn 0.4455 0.0237 0.8949
vn -0.5711 -0.2015 -0.7958
vn 0.4406 -0.2204 0.8702
vn 0.9662 0.1679 0.1957
vn 0.4396 -0.2818 0.8529
vn -0.3136 0.1291 -0.9407
vn 0.9578 -0.2225 0.1819
vn -0.3241 0.0208 -0.9458
vn 0.9689 -0.1700 0.1797
vn -0.3207 -0.2243 -0.9202
vn 0.1902 0.1262 0.9736
vn 0.1969 0.0187 0.9802
vn 0.1949 -0.2271 0.9542
vn 0.1944 -0.2941 0.9358
vn 0.9800 0.0476 0.1933
vn 0.2042 -0.2154 0.9549
vn 0.9641 -0.1885 0.1868
vn 0.7605 -0.1887 0.6214
vn 0.8167 0.1556 0.5556
vn -0.3200 -0.2890 -0.9023
vn 0.8331 0.0392 0.5517
vn -0.3350 -0.2120 -0.9181
vn 0.8212 -0.1997 0.5345
vn 0.7375 0.1499 0.6585
vn 0.8175 -0.2433 0.5220
vn 0.7543 0.0353 0.6556
vn 0.8346 -0.1827 0.5197
vn 0.7442 -0.2049 0.6358
vn 0.7414 -0.2530 0.6215
vn 0.4406 -0.2204 -0.8702
vn -0.1902 0.1262 0.9736
vn 0.4396 -0.2818 -0.8529
vn -0.1969 0.0186 0.9803
vn 0.4580 -0.2072 -0.8644
vn 0.8821 0.1608 -0.4429
vn 0.8976 0.0428 -0.4388
vn 0.8841 -0.1950 -0.4247
vn 0.4320 0.1333 -0.8920
vn 0.8794 -0.2346 -0.4143
vn 0.4455 0.0237 -0.8949
vn 0.8942 -0.1773 -0.4111
vn -0.4396 -0.2818 0.8529
vn -0.4580 -0.2072 0.8644
vn -0.1949 -0.2271 0.9542
vn -0.9662 0.1679 -0.1957
vn -0.1944 -0.2941 0.9358
vn -0.9800 0.0475 -0.1933
vn -0.2042 -0.2154 0.9549
vn -0.9641 -0.1885 -0.1868
vn -0.4320 0.1333 0.8920
vn -0.9578 -0.2225 -0.1819
vn -0.4455 0.0236 0.8949
vn -0.4406 -0.2204 0.8702
vn -0.9839 -0.1684 0.0601
vn -0.8212 -0.1997 -0.5345
vn -0.4320 0.1333 -0.8920
vn -0.8175 -0.2433 -0.5220
vn -0.8346 -0.1827 -0.5197
vn -0.9834 0.1694 0.0656
vn -0.9967 0.0486 0.0648
vn -0.9689 -0.1700 -0.1797
vn -0.9803 -0.1871 0.0626
vn -0.8167 0.1556 -0.5556
vn -0.9736 -0.2200 0.0609
vn -0.8331 0.0392 -0.5517
vn 0.0652 -0.2968 0.9527
vn -0.4455 0.0237 -0.8949
vn 0.0686 -0.2172 0.9737
vn -0.4406 -0.2204 -0.8702
vn 0.9834 0.1694 -0.0656
vn -0.4396 -0.2818 -0.8529
vn 0.9967 0.0487 -0.0648
vn -0.4580 -0.2072 -0.8644
vn 0.9803 -0.1871 -0.0626
vn 0.0637 0.1247 0.9901
vn 0.0660 0.0176 0.9977
vn 0.0654 -0.2285 0.9713
vn 0.0686 -0.2172 -0.9737
vn 0.6541 -0.2104 0.7265
vn 0.6521 -0.2631 0.7110
vn 0.6723 -0.1952 0.7141
vn 0.0637 0.1247 -0.9901
vn 0.9736 -0.2200 -0.0609
vn 0.0660 0.0176 -0.9977
vn 0.9839 -0.1684 -0.0601
vn 0.0654 -0.2285 -0.9713
vn 0.6458 0.1440 0.7498
vn 0.0652 -0.2968 -0.9527
vn 0.6624 0.0312 0.7485
vn -0.8821 0.1607 -0.4429
vn 0.7414 -0.2530 -0.6215
vn -0.8976 0.0427 -0.4388
vn 0.7605 -0.1887 -0.6214
vn -0.8841 -0.1950 -0.4247
vn 0.6458 0.1440 -0.7498
vn -0.8794 -0.2346 -0.4143
vn 0.6624 0.0312 -0.7485
vn -0.8942 -0.1773 -0.4111
vn 0.7375 0.1499 -0.6585
vn 0.7543 0.0353 -0.6556
vn 0.7442 -0.2049 -0.6358
vn 0.8976 0.0427 0.4388
vn 0.8841 -0.1950 0.4247
vn 0.8794 -0.2346 0.4143
vn 0.8942 -0.1773 0.4111
vn 0.6541 -0.2104 -0.7265
vn 0.5433 0.1384 0.8280
vn 0.6521 -0.2631 -0.7110
vn 0.5590 0.0272 0.8288
vn 0.6723 -0.1952 -0.7140
vn 0.5524 -0.2157 0.8052
vn 0.8821 0.1607 0.4429
vn 0.5509 -0.2730 0.7886
vn -0.0654 -0.2285 -0.9713
vn -0.0637 0.1247 0.9901
vn -0.0652 -0.2968 -0.9527
vn -0.0660 0.0176 0.9977
vn -0.0686 -0.2172 -0.9737
vn -0.0654 -0.2285 0.9713
vn -0.9834 0.1694 -0.0656
vn -0.0652 -0.2968 0.9527
vn -0.0686 -0.2172 0.9737
vn -0.0637 0.1247 -0.9901
vn -0.0660 0.0176 -0.9977
vn 0.5711 -0.2015 0.7958
vn 0.9468 0.0456 -0.3186
vn 0.9319 -0.1912 -0.3082
vn 0.9263 -0.2275 -0.3003
vn -0.9967 0.0486 -0.0648
vn 0.9390 -0.1730 -0.2972
vn -0.9803 -0.1871 -0.0626
vn -0.9322 0.1649 0.3222
vn -0.9736 -0.2200 -0.0609
vn -0.9468 0.0455 0.3186
vn -0.9839 -0.1684 -0.0601
vn -0.9319 -0.1912 0.3082
vn 0.9322 0.1649 -0.3222
vn -0.9390 -0.1730 0.2972
vn -0.5524 -0.2157 0.8052
vn -0.6458 0.1440 -0.7498
vn -0.5510 -0.2730 0.7886
vn -0.6624 0.0312 -0.7485
vn -0.5711 -0.2015 0.7958
vn -0.6541 -0.2104 -0.7265
vn -0.6521 -0.2631 -0.7110
vn -0.6723 -0.1952 -0.7141
vn -0.5433 0.1384 0.8280
vn -0.9263 -0.2275 0.3003
vn -0.5590 0.0272 0.8288
vn 0.3136 0.1291 -0.9407
vn 0.3241 0.0208 -0.9458
vn 0.3207 -0.2243 -0.9202
vn -0.9322 0.1649 -0.3222
vn 0.3200 -0.2890 -0.9023
vn -0.9468 0.0455 -0.3186
vn 0.3350 -0.2120 -0.9181
vn -0.9319 -0.1912 -0.3082
vn -0.7375 0.1499 0.6585
vn -0.9263 -0.2275 -0.3003
vn -0.7543 0.0352 0.6556
vn -0.9390 -0.1730 -0.2972
vn 0.9800 0.0476 -0.1933
vn -0.7605 -0.1887 0.6214
vn 0.9641 -0.1885 -0.1868
vn -0.7375 0.1499 -0.6585
vn 0.9578 -0.2225 -0.1819
vn -0.7543 0.0352 -0.6556
vn -0.7442 -0.2049 -0.6357
vn -0.7414 -0.2530 -0.6215
vn -0.7605 -0.1887 -0.6213
vn -0.7442 -0.2049 0.6358
vn 0.9662 0.1679 -0.1957
vn -0.7414 -0.2530 0.6215
vn 0.8167 0.1556 -0.5556
vn 0.8331 0.0392 -0.5517
vn 0.9689 -0.1700 -0.1797
vn 0.8212 -0.1997 -0.5345
vn -0.8821 0.1607 0.4429
vn 0.8175 -0.2433 -0.5220
vn -0.8976 0.0426 0.4388
vn 0.8346 -0.1827 -0.5197
vn -0.8841 -0.1950 0.4247
vn -0.8167 0.1556 0.5556
vn -0.8794 -0.2346 0.4143
vn -0.8942 -0.1773 0.4111
vn -0.9800 0.0475 0.1933
vn -0.8346 -0.1827 0.5197
vn -0.9641 -0.1885 0.1868
vn -0.6458 0.1440 0.7498
vn -0.6624 0.0311 0.7485
vn -0.6541 -0.2104 0.7265
vn -0.6521 -0.2631 0.7110
vn -0.8331 0.0391 0.5517
vn -0.6723 -0.1952 0.7141
vn -0.8212 -0.1997 0.5345
vn -0.9662 0.1679 0.1957
vn -0.8175 -0.2433 0.5220
vn -0.9578 -0.2225 0.1819
vn -0.9689 -0.1700 0.1797
vn -0.0346 -0.9466 -0.3206
vn -0.0985 -0.9502 -0.2958
vn -0.1482 -0.9562 -0.2524
vn -0.1800 -0.9632 -0.1994
vn -0.1955 -0.9698 -0.1457
vn -0.1998 -0.9750 -0.0968
vn -0.1987 -0.9785 -0.0546
vn -0.1968 -0.9803 -0.0175
vn -0.1968 -0.9803 0.0175
vn -0.1987 -0.9785 0.0546
vn -0.1998 -0.9750 0.0968
vn -0.1955 -0.9698 0.1457
vn -0.1800 -0.9632 0.1994
vn -0.1482 -0.9562 0.2524
vn -0.0985 -0.9502 0.2958
vn -0.0346 -0.9466 0.3206
vn 0.0346 -0.9466 0.3206
vn 0.0985 -0.9502 0.2958
vn 0.1482 -0.9562 0.2524
vn 0.1800 -0.9632 0.1994
vn 0.1955 -0.9698 0.1457
vn 0.1998 -0.9750 0.0968
vn 0.1987 -0.9785 0.0546
vn 0.1968 -0.9803 0.0175
vn 0.1968 -0.9803 -0.0175
vn 0.1987 -0.9785 -0.0546
vn 0.1998 -0.9750 -0.0968
vn 0.1955 -0.9698 -0.1457
vn 0.1800 -0.9632 -0.1994
vn 0.1482 -0.9562 -0.2524
vn 0.0985 -0.9502 -0.2958
vn 0.0346 -0.9466 -0.3206
vn 0.0474 -0.8908 0.4520
vn 0.1409 -0.8886 0.4364
vn 0.2306 -0.8848 0.4050
vn 0.3130 -0.8797 0.3579
vn 0.3846 -0.8744 0.2959
vn 0.4417 -0.8695 0.2212
vn 0.4814 -0.8658 0.1368
vn 0.5017 -0.8638 0.0463
vn 0.5017 -0.8638 -0.0463
vn 0.4814 -0.8658 -0.1368
vn 0.4417 -0.8695 -0.2212
vn 0.3846 -0.8744 -0.2959
vn 0.3130 -0.8797 -0.3579
vn 0.2306 -0.8848 -0.4050
vn 0.1409 -0.8886 -0.4364
vn 0.0474 -0.8908 -0.4520
vn -0.0474 -0.8908 -0.4520
vn -0.1409 -0.8886 -0.4364
vn -0.2306 -0.8848 -0.4050
vn -0.3130 -0.8797 -0.3579
vn -0.3846 -0.8744 -0.2959
vn -0.4417 -0.8695 -0.2212
vn -0.4814 -0.8658 -0.1368
vn -0.5017 -0.8638 -0.0463
vn -0.5017 -0.8638 0.0463
vn -0.4814 -0.8658 0.1368
vn -0.4417 -0.8695 0.2212
vn -0.3846 -0.8744 0.2959
vn -0.3130 -0.8797 0.3579
vn -0.2306 -0.8848 0.4050
vn -0.1409 -0.8886 0.4364
vn -0.0474 -0.8908 0.4520
vn -0.9923 -0.1083 0.0602
vn -0.6580 -0.7520 0.0403
vn -0.7659 0.6413 0.0461
vn -0.9793 0.1937 0.0596
vn -0.9777 -0.1085 0.1799
vn -0.6471 -0.7529 0.1203
vn -0.7578 0.6377 0.1383
vn -0.9647 0.1942 0.1781
vn -0.9484 -0.1089 0.2979
vn -0.6255 -0.7546 0.1984
vn -0.7410 0.6306 0.2308
vn -0.9354 0.1952 0.2947
vn -0.9043 -0.1095 0.4126
vn -0.5934 -0.7570 0.2735
vn -0.7147 0.6202 0.3233
vn -0.8915 0.1967 0.4080
vn -0.8454 -0.1103 0.5226
vn -0.5511 -0.7601 0.3442
vn -0.6777 0.6069 0.4153
vn -0.8330 0.1986 0.5165
vn -0.7718 -0.1112 0.6261
vn -0.4994 -0.7635 0.4095
vn -0.6285 0.5912 0.5055
vn -0.7598 0.2007 0.6184
vn -0.6837 -0.1122 0.7210
vn -0.4388 -0.7671 0.4680
vn -0.5660 0.5739 0.5918
vn -0.6726 0.2030 0.7117
vn -0.5819 -0.1133 0.8053
vn -0.3704 -0.7706 0.5186
vn -0.4895 0.5563 0.6715
vn -0.5719 0.2053 0.7942
vn -0.4675 -0.1144 0.8765
vn -0.2953 -0.7738 0.5604
vn -0.3990 0.5396 0.7414
vn -0.4591 0.2074 0.8638
vn -0.3424 -0.1154 0.9324
vn -0.2148 -0.7764 0.5925
vn -0.2956 0.5253 0.7979
vn -0.3360 0.2092 0.9183
vn -0.2089 -0.1162 0.9710
vn -0.1305 -0.7783 0.6142
vn -0.1819 0.5148 0.8378
vn -0.2049 0.2105 0.9559
vn -0.0703 -0.1166 0.9907
vn -0.0438 -0.7793 0.6252
vn -0.0614 0.5092 0.8584
vn -0.0689 0.2112 0.9750
vn 0.0703 -0.1166 0.9907
vn 0.0438 -0.7793 0.6252
vn 0.0614 0.5092 0.8584
vn 0.0689 0.2112 0.9750
vn 0.2089 -0.1162 0.9710
vn 0.1305 -0.7783 0.6142
vn 0.1819 0.5148 0.8378
vn 0.2049 0.2105 0.9559
vn 0.3424 -0.1154 0.9324
vn 0.2148 -0.7764 0.5925
vn 0.2956 0.5253 0.7979
vn 0.3360 0.2092 0.9183
vn 0.4675 -0.1144 0.8765
vn 0.2953 -0.7738 0.5604
vn 0.3990 0.5396 0.7414
vn 0.4591 0.2074 0.8638
vn 0.5819 -0.1133 0.8053
vn 0.3704 -0.7706 0.5186
vn 0.4895 0.5563 0.6715
vn 0.5719 0.2053 0.7942
vn 0.6837 -0.1122 0.7210
vn 0.4388 -0.7671 0.4680
vn 0.5660 0.5739 0.5918
vn 0.6726 0.2030 0.7117
vn 0.7718 -0.1112 0.6261
vn 0.4994 -0.7635 0.4095
vn 0.6285 0.5912 0.5055
vn 0.7598 0.2007 0.6184
vn 0.8454 -0.1103 0.5226
vn 0.5511 -0.7601 0.3442
vn 0.6777 0.6069 0.4153
vn 0.8330 0.1986 0.5165
vn 0.9043 -0.1095 0.4126
vn 0.5934 -0.7570 0.2735
vn 0.7147 0.6202 0.3233
vn 0.8915 0.1967 0.4080
vn 0.9484 -0.1089 0.2979
vn 0.6255 -0.7546 0.1984
vn 0.7410 0.6306 0.2308
vn 0.9354 0.1952 0.2947
vn 0.9777 -0.1085 0.1799
vn 0.6471 -0.7529 0.1203
vn 0.7578 0.6377 0.1383
vn -0.9207 -0.3863 0.0560
vn 0.9647 0.1942 0.1781
vn 0.9923 -0.1083 0.0602
vn 0.6580 -0.7520 0.0403
vn 0.7659 0.6413 0.0461
vn -0.8358 -0.5467 0.0508
vn -0.9067 -0.3871 0.1673
vn -0.8229 -0.5475 0.1518
vn -0.8789 -0.3886 0.2768
vn 0.9793 0.1937 0.0596
vn 0.9923 -0.1083 -0.0602
vn 0.6580 -0.7520 -0.0403
vn 0.7659 0.6413 -0.0461
vn -0.7971 -0.5493 0.2510
vn -0.8371 -0.3907 0.3829
vn -0.7585 -0.5517 0.3469
vn -0.7815 -0.3933 0.4844
vn 0.9793 0.1937 -0.0596
vn 0.9777 -0.1085 -0.1799
vn 0.6471 -0.7529 -0.1203
vn 0.7578 0.6377 -0.1383
vn -0.7122 -0.3964 0.5794
vn -0.7072 -0.5548 0.4383
vn -0.6437 -0.5582 0.5235
vn -0.6298 -0.3996 0.6661
vn 0.9647 0.1942 -0.1781
vn 0.9484 -0.1089 -0.2979
vn 0.6255 -0.7546 -0.1984
vn 0.7410 0.6306 -0.2308
vn -0.5683 -0.5619 0.6010
vn -0.5350 -0.4027 0.7427
vn -0.4821 -0.5655 0.6692
vn -0.4291 -0.4056 0.8070
vn 0.9354 0.1952 -0.2947
vn 0.9043 -0.1095 -0.4126
vn 0.5934 -0.7570 -0.2735
vn 0.7147 0.6202 -0.3233
vn -0.3862 -0.5688 0.7262
vn -0.3138 -0.4080 0.8573
vn -0.2821 -0.5715 0.7706
vn -0.1913 -0.4098 0.8919
vn 0.8915 0.1967 -0.4080
vn 0.8454 -0.1102 -0.5226
vn 0.5511 -0.7601 -0.3442
vn 0.6777 0.6069 -0.4153
vn -0.1718 -0.5735 0.8010
vn -0.0643 -0.4107 0.9095
vn -0.0577 -0.5745 0.8165
vn 0.0643 -0.4107 0.9095
vn 0.8330 0.1986 -0.5165
vn 0.7718 -0.1112 -0.6261
vn 0.4994 -0.7635 -0.4095
vn 0.6285 0.5912 -0.5055
vn 0.1913 -0.4098 0.8919
vn 0.0577 -0.5745 0.8165
vn 0.1718 -0.5735 0.8010
vn 0.3138 -0.4080 0.8573
vn 0.7598 0.2007 -0.6184
vn 0.6837 -0.1122 -0.7210
vn 0.4388 -0.7671 -0.4680
vn 0.5660 0.5739 -0.5918
vn 0.2821 -0.5715 0.7706
vn 0.4291 -0.4056 0.8071
vn 0.3862 -0.5688 0.7262
vn 0.5350 -0.4027 0.7427
vn 0.6726 0.2030 -0.7116
vn 0.5819 -0.1133 -0.8053
vn 0.3704 -0.7706 -0.5186
vn 0.4895 0.5563 -0.6715
vn 0.4821 -0.5655 0.6692
vn 0.6298 -0.3996 0.6661
vn 0.5683 -0.5619 0.6010
vn 0.7122 -0.3964 0.5794
vn 0.5719 0.2053 -0.7942
vn 0.4675 -0.1144 -0.8765
vn 0.2953 -0.7738 -0.5604
vn 0.3990 0.5396 -0.7414
vn 0.6437 -0.5582 0.5235
vn 0.7815 -0.3933 0.4844
vn 0.7072 -0.5548 0.4383
vn 0.8371 -0.3907 0.3829
vn 0.4591 0.2074 -0.8638
vn 0.3424 -0.1154 -0.9324
vn 0.2148 -0.7764 -0.5925
vn 0.2956 0.5253 -0.7979
vn 0.8789 -0.3886 0.2768
vn 0.7585 -0.5517 0.3469
vn 0.7971 -0.5493 0.2510
vn 0.9067 -0.3871 0.1673
vn 0.3360 0.2092 -0.9183
vn 0.2089 -0.1162 -0.9710
vn 0.1305 -0.7783 -0.6142
vn 0.1819 0.5148 -0.8378
vn 0.8229 -0.5475 0.1518
vn 0.9207 -0.3863 0.0560
vn 0.8358 -0.5467 0.0508
vn 0.9207 -0.3863 -0.0560
vn 0.2049 0.2105 -0.9559
vn 0.0703 -0.1166 -0.9907
vn 0.0438 -0.7793 -0.6252
vn 0.0614 0.5092 -0.8584
vn 0.8358 -0.5467 -0.0508
vn 0.9067 -0.3871 -0.1673
vn 0.8229 -0.5475 -0.1518
vn 0.8789 -0.3886 -0.2768
vn 0.0689 0.2112 -0.9750
vn -0.0703 -0.1166 -0.9907
vn -0.0438 -0.7793 -0.6252
vn -0.0614 0.5092 -0.8584
vn 0.7971 -0.5493 -0.2510
vn 0.8371 -0.3907 -0.3829
vn 0.7585 -0.5517 -0.3469
vn 0.7815 -0.3933 -0.4844
vn -0.0689 0.2112 -0.9750
vn -0.2089 -0.1162 -0.9710
vn -0.1305 -0.7783 -0.6142
vn -0.1819 0.5148 -0.8378
vn 0.7122 -0.3964 -0.5794
vn 0.7072 -0.5548 -0.4383
vn 0.6437 -0.5582 -0.5235
vn 0.6298 -0.3996 -0.6661
vn -0.2049 0.2105 -0.9559
vn -0.3424 -0.1154 -0.9324
vn -0.2148 -0.7764 -0.5925
vn -0.2956 0.5253 -0.7979
vn 0.5683 -0.5619 -0.6010
vn 0.5350 -0.4027 -0.7427
vn 0.4821 -0.5655 -0.6692
vn 0.4291 -0.4056 -0.8071
vn -0.3360 0.2092 -0.9183
vn -0.4675 -0.1144 -0.8765
vn -0.2953 -0.7738 -0.5604
vn -0.3990 0.5396 -0.7414
vn 0.3862 -0.5688 -0.7262
vn 0.3138 -0.4080 -0.8573
vn 0.2821 -0.5715 -0.7706
vn 0.1913 -0.4098 -0.8919
vn -0.4591 0.2074 -0.8638
vn -0.5819 -0.1133 -0.8053
vn -0.3704 -0.7706 -0.5186
vn -0.4895 0.5563 -0.6715
vn 0.1718 -0.5735 -0.8010
vn 0.0643 -0.4107 -0.9095
vn 0.0577 -0.5745 -0.8165
vn -0.0643 -0.4107 -0.9095
vn -0.5719 0.2053 -0.7942
vn -0.6837 -0.1122 -0.7210
vn -0.4388 -0.7671 -0.4680
vn -0.5661 0.5739 -0.5918
vn -0.1913 -0.4098 -0.8919
vn -0.0577 -0.5745 -0.8165
vn -0.1718 -0.5735 -0.8010
vn -0.3138 -0.4080 -0.8573
vn -0.6726 0.2030 -0.7117
vn -0.7718 -0.1112 -0.6261
vn -0.4994 -0.7635 -0.4095
vn -0.6285 0.5912 -0.5055
vn -0.2821 -0.5715 -0.7706
vn -0.4291 -0.4056 -0.8071
vn -0.3862 -0.5688 -0.7262
vn -0.5350 -0.4027 -0.7427
vn -0.7598 0.2007 -0.6184
vn -0.8454 -0.1103 -0.5226
vn -0.5511 -0.7601 -0.3442
vn -0.6777 0.6069 -0.4153
vn -0.4821 -0.5655 -0.6692
vn -0.6298 -0.3996 -0.6661
vn -0.5683 -0.5619 -0.6010
vn -0.7122 -0.3964 -0.5794
vn -0.8330 0.1986 -0.5165
vn -0.9043 -0.1095 -0.4126
vn -0.5934 -0.7570 -0.2735
vn -0.7147 0.6202 -0.3233
vn -0.6437 -0.5582 -0.5235
vn -0.7815 -0.3933 -0.4844
vn -0.7072 -0.5548 -0.4383
vn -0.8371 -0.3907 -0.3829
vn -0.8915 0.1967 -0.4080
vn -0.9484 -0.1089 -0.2979
vn -0.6255 -0.7546 -0.1984
vn -0.7410 0.6306 -0.2308
vn -0.8789 -0.3886 -0.2768
vn -0.7585 -0.5517 -0.3469
vn -0.9067 -0.3871 -0.1673
vn -0.9354 0.1952 -0.2947
vn -0.9777 -0.1085 -0.1799
vn -0.6471 -0.7529 -0.1203
vn -0.7578 0.6377 -0.1383
vn -0.8229 -0.5475 -0.1518
vn -0.7971 -0.5493 -0.2510
vn -0.9207 -0.3863 -0.0560
vn -0.8358 -0.5467 -0.0508
vn -0.9647 0.1942 -0.1781
vn -0.9923 -0.1083 -0.0602
vn -0.6580 -0.7520 -0.0403
vn -0.7659 0.6413 -0.0461
vn -0.9793 0.1937 -0.0596
vn 0.2251 -0.9414 -0.2513
vn 0.6003 -0.4851 -0.6359
vn 0.6085 -0.4635 -0.6441
vn 0.6375 -0.3730 -0.6741
vn 0.6638 -0.2613 -0.7008
vn -0.3534 -0.9352 -0.0224
vn -0.8810 -0.4701 -0.0536
vn -0.8919 -0.4489 -0.0543
vn -0.9311 -0.3603 -0.0566
vn -0.9662 -0.2510 -0.0587
vn -0.0638 -0.9459 -0.3182
vn -0.1817 -0.4966 -0.8487
vn -0.1844 -0.4746 -0.8606
vn -0.1938 -0.3829 -0.9032
vn -0.2025 -0.2693 -0.9415
vn 0.3534 -0.9352 0.0224
vn 0.8810 -0.4701 0.0536
vn 0.8919 -0.4489 0.0543
vn 0.9311 -0.3603 0.0566
vn 0.9662 -0.2510 0.0587
vn 0.3337 -0.9363 -0.1098
vn 0.8405 -0.4726 -0.2650
vn 0.8511 -0.4514 -0.2682
vn 0.8890 -0.3625 -0.2799
vn 0.9230 -0.2528 -0.2903
vn -0.3144 -0.9373 -0.1505
vn -0.8000 -0.4751 -0.3665
vn -0.8103 -0.4537 -0.3710
vn -0.8468 -0.3645 -0.3874
vn -0.8796 -0.2544 -0.4019
vn 0.1060 -0.9451 -0.3090
vn 0.2982 -0.4947 -0.8163
vn 0.3026 -0.4727 -0.8276
vn 0.3178 -0.3812 -0.8681
vn 0.3319 -0.2679 -0.9045
vn -0.2894 -0.9385 -0.1882
vn -0.7462 -0.4781 -0.4632
vn -0.7560 -0.4566 -0.4690
vn -0.7907 -0.3671 -0.4900
vn -0.8219 -0.2565 -0.5087
vn 0.3468 -0.9356 0.0668
vn 0.8675 -0.4710 0.1603
vn 0.8783 -0.4498 0.1622
vn 0.9171 -0.3610 0.1692
vn 0.9518 -0.2516 0.1754
vn 0.2594 -0.9399 -0.2220
vn 0.6795 -0.4815 -0.5536
vn 0.6886 -0.4600 -0.5606
vn 0.7207 -0.3700 -0.5862
vn 0.7498 -0.2588 -0.6089
vn 0.3144 -0.9373 0.1505
vn 0.8000 -0.4751 0.3665
vn 0.8103 -0.4537 0.3710
vn 0.8468 -0.3645 0.3874
vn 0.8796 -0.2544 0.4019
vn -0.3468 -0.9356 -0.0668
vn -0.8675 -0.4710 -0.1603
vn -0.8783 -0.4498 -0.1622
vn -0.9171 -0.3610 -0.1692
vn -0.9518 -0.2516 -0.1754
vn 0.3468 -0.9356 -0.0668
vn 0.8675 -0.4710 -0.1603
vn 0.8783 -0.4498 -0.1622
vn 0.9171 -0.3610 -0.1692
vn 0.9518 -0.2516 -0.1754
vn 0.1874 -0.9428 0.2757
vn 0.5094 -0.4887 0.7083
vn 0.5166 -0.4669 0.7177
vn 0.5417 -0.3761 0.7518
vn 0.5646 -0.2638 0.7821
vn -0.2594 -0.9399 -0.2220
vn -0.6795 -0.4815 -0.5536
vn -0.6886 -0.4600 -0.5606
vn -0.7207 -0.3700 -0.5862
vn -0.7498 -0.2588 -0.6089
vn 0.3337 -0.9363 0.1098
vn 0.8405 -0.4726 0.2650
vn 0.8511 -0.4514 0.2682
vn 0.8890 -0.3625 0.2799
vn 0.9230 -0.2528 0.2903
vn 0.0213 -0.9463 0.3226
vn 0.0610 -0.4977 0.8652
vn 0.0620 -0.4756 0.8775
vn 0.0651 -0.3838 0.9211
vn 0.0681 -0.2700 0.9604
vn 0.2894 -0.9385 0.1882
vn 0.7462 -0.4781 0.4632
vn 0.7560 -0.4566 0.4690
vn 0.7907 -0.3671 0.4900
vn 0.8219 -0.2565 0.5087
vn -0.3337 -0.9363 -0.1098
vn -0.8405 -0.4726 -0.2650
vn -0.8511 -0.4514 -0.2682
vn -0.8890 -0.3625 -0.2799
vn -0.9230 -0.2528 -0.2903
vn -0.1474 -0.9441 0.2949
vn -0.4082 -0.4920 0.7690
vn -0.4141 -0.4701 0.7795
vn -0.4345 -0.3789 0.8171
vn -0.4534 -0.2660 0.8507
vn 0.1474 -0.9441 0.2949
vn 0.4082 -0.4920 0.7690
vn 0.4141 -0.4701 0.7795
vn 0.4345 -0.3789 0.8171
vn 0.4534 -0.2660 0.8507
vn 0.2594 -0.9399 0.2220
vn 0.6795 -0.4815 0.5536
vn 0.6886 -0.4600 0.5606
vn 0.7207 -0.3700 0.5862
vn 0.7498 -0.2588 0.6089
vn -0.2894 -0.9385 0.1882
vn -0.7462 -0.4781 0.4632
vn -0.7560 -0.4566 0.4690
vn -0.7907 -0.3671 0.4900
vn -0.8219 -0.2565 0.5087
vn -0.0213 -0.9463 0.3226
vn -0.0610 -0.4977 0.8652
vn -0.0620 -0.4756 0.8775
vn -0.0651 -0.3838 0.9211
vn -0.0681 -0.2700 0.9604
vn 0.1060 -0.9451 0.3090
vn 0.2982 -0.4947 0.8163
vn 0.3026 -0.4727 0.8276
vn 0.3178 -0.3812 0.8681
vn 0.3319 -0.2679 0.9045
vn -0.3534 -0.9352 0.0224
vn -0.8810 -0.4701 0.0536
vn -0.8919 -0.4489 0.0543
vn -0.9311 -0.3603 0.0566
vn -0.9662 -0.2510 0.0587
vn 0.2251 -0.9414 0.2513
vn 0.6003 -0.4851 0.6359
vn 0.6085 -0.4635 0.6442
vn 0.6375 -0.3730 0.6741
vn 0.6638 -0.2613 0.7008
vn -0.1874 -0.9428 0.2757
vn -0.5094 -0.4887 0.7083
vn -0.5166 -0.4669 0.7177
vn -0.5417 -0.3761 0.7518
vn -0.5646 -0.2638 0.7821
vn -0.0638 -0.9459 0.3182
vn -0.1817 -0.4966 0.8487
vn -0.1844 -0.4746 0.8606
vn -0.1938 -0.3829 0.9032
vn -0.2025 -0.2693 0.9415
vn -0.1874 -0.9428 -0.2757
vn -0.5094 -0.4887 -0.7083
vn -0.5166 -0.4669 -0.7177
vn -0.5417 -0.3761 -0.7518
vn -0.5646 -0.2638 -0.7821
vn 0.0638 -0.9459 0.3182
vn 0.1817 -0.4966 0.8487
vn 0.1844 -0.4746 0.8606
vn 0.1938 -0.3829 0.9032
vn 0.2025 -0.2693 0.9415
vn -0.3144 -0.9373 0.1505
vn -0.8000 -0.4751 0.3665
vn -0.8103 -0.4537 0.3710
vn -0.8468 -0.3645 0.3874
vn -0.8796 -0.2544 0.4019
vn -0.2251 -0.9414 0.2513
vn -0.6003 -0.4851 0.6359
vn -0.6085 -0.4635 0.6442
vn -0.6375 -0.3730 0.6741
vn -0.6638 -0.2613 0.7008
vn -0.0213 -0.9463 -0.3226
vn -0.0610 -0.4977 -0.8652
vn -0.0620 -0.4756 -0.8775
vn -0.0651 -0.3838 -0.9211
vn -0.0681 -0.2700 -0.9604
vn -0.1060 -0.9451 0.3090
vn -0.2982 -0.4947 0.8163
vn -0.3026 -0.4727 0.8276
vn -0.3178 -0.3812 0.8681
vn -0.3319 -0.2679 0.9045
vn -0.1474 -0.9441 -0.2949
vn -0.4082 -0.4920 -0.7690
vn -0.4141 -0.4701 -0.7795
vn -0.4345 -0.3789 -0.8171
vn -0.4534 -0.2660 -0.8507
vn -0.3337 -0.9363 0.1098
vn -0.8405 -0.4726 0.2650
vn -0.8511 -0.4514 0.2682
vn -0.8890 -0.3625 0.2799
vn -0.9230 -0.2528 0.2903
vn 0.1474 -0.9441 -0.2949
vn 0.4082 -0.4920 -0.7690
vn 0.4141 -0.4701 -0.7795
vn 0.4345 -0.3789 -0.8171
vn 0.4534 -0.2660 -0.8507
vn -0.2594 -0.9399 0.2220
vn -0.6795 -0.4815 0.5536
vn -0.6886 -0.4600 0.5606
vn -0.7207 -0.3700 0.5862
vn -0.7498 -0.2588 0.6089
vn 0.0213 -0.9463 -0.3226
vn 0.0610 -0.4977 -0.8652
vn 0.0620 -0.4756 -0.8775
vn 0.0651 -0.3838 -0.9211
vn 0.0681 -0.2700 -0.9604
vn -0.1060 -0.9451 -0.3090
vn -0.2982 -0.4947 -0.8163
vn -0.3026 -0.4727 -0.8276
vn -0.3178 -0.3812 -0.8681
vn -0.3319 -0.2679 -0.9045
vn 0.2894 -0.9385 -0.1882
vn 0.7462 -0.4781 -0.4632
vn 0.7560 -0.4566 -0.4690
vn 0.7907 -0.3671 -0.4900
vn 0.8219 -0.2565 -0.5087
vn -0.3468 -0.9356 0.0668
vn -0.8675 -0.4710 0.1603
vn -0.8783 -0.4498 0.1622
vn -0.9171 -0.3610 0.1692
vn -0.9518 -0.2516 0.1754
vn 0.1874 -0.9428 -0.2757
vn 0.5094 -0.4887 -0.7083
vn 0.5166 -0.4669 -0.7177
vn 0.5417 -0.3761 -0.7518
vn 0.5646 -0.2638 -0.7821
vn 0.0638 -0.9459 -0.3181
vn 0.1817 -0.4966 -0.8487
vn 0.1844 -0.4746 -0.8607
vn 0.1938 -0.3829 -0.9032
vn 0.2025 -0.2693 -0.9415
vn 0.3534 -0.9352 -0.0224
vn 0.8810 -0.4701 -0.0536
vn 0.8919 -0.4489 -0.0543
vn 0.9311 -0.3603 -0.0566
vn 0.9662 -0.2510 -0.0587
vn -0.2251 -0.9414 -0.2513
vn -0.6003 -0.4851 -0.6359
vn -0.6085 -0.4635 -0.6442
vn -0.6375 -0.3730 -0.6741
vn -0.6638 -0.2613 -0.7008
vn 0.3144 -0.9373 -0.1505
vn 0.8000 -0.4751 -0.3665
vn 0.8103 -0.4537 -0.3710
vn 0.8468 -0.3645 -0.3874
vn 0.8796 -0.2544 -0.4019
vn 0.9607 0.2701 -0.0644
vn -0.4997 -0.8658 0.0277
vn -0.6670 0.7437 0.0462
vn 0.9605 -0.2699 -0.0669
vn 0.9422 0.2700 -0.1983
vn -0.5042 -0.8573 0.1039
vn -0.6541 0.7439 0.1370
vn 0.9420 -0.2702 -0.1991
vn 0.9064 0.2698 -0.3251
vn -0.5017 -0.8475 0.1733
vn -0.6308 0.7431 0.2233
vn 0.9067 -0.2713 -0.3229
vn 0.8543 0.2689 -0.4447
vn -0.4957 -0.8322 0.2485
vn -0.5953 0.7407 0.3114
vn 0.8542 -0.2696 -0.4446
vn 0.7889 0.2667 -0.5536
vn -0.4766 -0.8171 0.3243
vn -0.5514 0.7382 0.3886
vn 0.7882 -0.2657 -0.5551
vn 0.7074 0.2646 -0.6554
vn -0.4404 -0.8040 0.3995
vn -0.4963 0.7364 0.4597
vn 0.7071 -0.2643 -0.6559
vn 0.6162 0.2635 -0.7422
vn -0.4033 -0.7858 0.4689
vn -0.4355 0.7346 0.5203
vn 0.6176 -0.2650 -0.7405
vn 0.5161 0.2623 -0.8154
vn -0.3466 -0.7699 0.5358
vn -0.3635 0.7316 0.5767
vn 0.5161 -0.2630 -0.8152
vn 0.4107 0.2602 -0.8738
vn -0.2840 -0.7596 0.5851
vn -0.2899 0.7291 0.6200
vn 0.4094 -0.2592 -0.8748
vn 0.2953 0.2586 -0.9197
vn -0.2095 -0.7462 0.6319
vn -0.2097 0.7280 0.6527
vn 0.2948 -0.2584 -0.9199
vn 0.1786 0.2584 -0.9494
vn -0.1299 -0.7357 0.6647
vn -0.1294 0.7274 0.6739
vn 0.1805 -0.2599 -0.9486
vn 0.0598 0.2585 -0.9642
vn -0.0436 -0.7313 0.6807
vn -0.0413 0.7261 0.6863
vn 0.0598 -0.2592 -0.9640
vn -0.0578 0.2578 -0.9645
vn 0.0416 -0.7319 0.6802
vn 0.0425 0.7256 0.6868
vn -0.0594 -0.2568 -0.9646
vn -0.1794 0.2578 -0.9494
vn 0.1307 -0.7360 0.6643
vn 0.1275 0.7268 0.6749
vn -0.1800 -0.2576 -0.9493
vn -0.2961 0.2593 -0.9193
vn 0.2086 -0.7429 0.6361
vn 0.2075 0.7284 0.6530
vn -0.2940 -0.2607 -0.9195
vn -0.4088 0.2608 -0.8746
vn 0.2857 -0.7527 0.5931
vn 0.2908 0.7294 0.6192
vn -0.4086 -0.2616 -0.8744
vn -0.5145 0.2616 -0.8166
vn 0.3488 -0.7676 0.5377
vn 0.3650 0.7309 0.5767
vn -0.5160 -0.2606 -0.8160
vn -0.6170 0.2629 -0.7417
vn 0.4047 -0.7852 0.4687
vn 0.4344 0.7337 0.5224
vn -0.6175 -0.2627 -0.7414
vn -0.7079 0.2652 -0.6546
vn 0.4432 -0.8020 0.4003
vn 0.4948 0.7365 0.4612
vn -0.7062 -0.2667 -0.6559
vn -0.7876 0.2677 -0.5550
vn 0.4778 -0.8148 0.3283
vn 0.5520 0.7383 0.3876
vn -0.7874 -0.2678 -0.5553
vn -0.8535 0.2698 -0.4459
vn 0.4960 -0.8313 0.2507
vn 0.5962 0.7401 0.3111
vn -0.8539 -0.2669 -0.4468
vn -0.9067 0.2714 -0.3230
vn 0.5016 -0.8478 0.1718
vn 0.6303 0.7430 0.2249
vn -0.9070 -0.2692 -0.3238
vn -0.9416 0.2727 -0.1976
vn 0.5043 -0.8575 0.1020
vn 0.6531 0.7444 0.1386
vn -0.9421 -0.2705 -0.1980
vn -0.9597 0.2730 -0.0666
vn 0.4985 -0.8664 0.0295
vn 0.6668 0.7439 0.0448
vn -0.9609 -0.2690 -0.0661
vn -0.9599 0.2730 0.0636
vn 0.4854 -0.8736 -0.0340
vn 0.6670 0.7437 -0.0454
vn -0.9612 -0.2681 0.0649
vn -0.9413 0.2727 0.1992
vn 0.4733 -0.8751 -0.1008
vn 0.6535 0.7442 -0.1380
vn -0.9421 -0.2697 0.1992
vn -0.9060 0.2718 0.3246
vn 0.4551 -0.8754 -0.1632
vn 0.6303 0.7433 -0.2242
vn -0.9066 -0.2695 0.3246
vn -0.8541 0.2703 0.4443
vn 0.4316 -0.8739 -0.2238
vn 0.5957 0.7403 -0.3116
vn -0.8549 -0.2663 0.4453
vn -0.7887 0.2687 0.5529
vn 0.4077 -0.8685 -0.2820
vn 0.5519 0.7380 -0.3883
vn -0.7891 -0.2639 0.5546
vn -0.7062 0.2672 0.6556
vn 0.3724 -0.8623 -0.3433
vn 0.4956 0.7369 -0.4597
vn -0.7069 -0.2642 0.6561
vn -0.6161 0.2655 0.7416
vn 0.3312 -0.8568 -0.3952
vn 0.4345 0.7349 -0.5207
vn -0.6167 -0.2633 0.7418
vn -0.5162 0.2637 0.8149
vn 0.2854 -0.8490 -0.4447
vn 0.3638 0.7313 -0.5770
vn -0.5163 -0.2597 0.8161
vn -0.4108 0.2622 0.8732
vn 0.2333 -0.8411 -0.4879
vn 0.2903 0.7291 -0.6197
vn -0.4104 -0.2575 0.8748
vn -0.2942 0.2612 0.9194
vn 0.1680 -0.8361 -0.5223
vn 0.2089 0.7288 -0.6521
vn -0.2946 -0.2583 0.9201
vn -0.1787 0.2604 0.9488
vn 0.1040 -0.8324 -0.5443
vn 0.1283 0.7279 -0.6736
vn -0.1791 -0.2582 0.9493
vn -0.0600 0.2598 0.9638
vn 0.0352 -0.8301 -0.5565
vn 0.0413 0.7260 -0.6864
vn -0.0596 -0.2559 0.9649
vn 0.0574 0.2598 0.9640
vn -0.0334 -0.8300 -0.5568
vn -0.0420 0.7259 -0.6866
vn 0.0585 -0.2551 0.9651
vn 0.1802 0.2604 0.9485
vn -0.1054 -0.8325 -0.5438
vn -0.1278 0.7278 -0.6738
vn 0.1802 -0.2575 0.9493
vn 0.2957 0.2612 0.9189
vn -0.1688 -0.8374 -0.5199
vn -0.2083 0.7291 -0.6519
vn 0.2956 -0.2590 0.9195
vn 0.4084 0.2622 0.8743
vn -0.2305 -0.8427 -0.4867
vn -0.2909 0.7297 -0.6187
vn 0.4092 -0.2584 0.8751
vn 0.5137 0.2634 0.8166
vn -0.2833 -0.8498 -0.4446
vn -0.3638 0.7315 -0.5767
vn 0.5155 -0.2593 0.8167
vn 0.6168 0.2649 0.7412
vn -0.3322 -0.8565 -0.3952
vn -0.4354 0.7345 -0.5205
vn 0.6188 -0.2626 0.7403
vn 0.7063 0.2674 0.6555
vn -0.3766 -0.8609 -0.3422
vn -0.4942 0.7370 -0.4611
vn 0.7068 -0.2652 0.6559
vn 0.7869 0.2698 0.5550
vn -0.4094 -0.8664 -0.2858
vn -0.5517 0.7387 -0.3873
vn 0.7876 -0.2676 0.5550
vn 0.8531 0.2702 0.4463
vn -0.4331 -0.8722 -0.2273
vn -0.5963 0.7403 -0.3105
vn 0.8545 -0.2672 0.4454
vn 0.9064 0.2708 0.3241
vn -0.4577 -0.8742 -0.1624
vn -0.6306 0.7426 -0.2256
vn 0.9071 -0.2687 0.3239
vn 0.9417 0.2726 0.1972
vn -0.4740 -0.8747 -0.1016
vn -0.6532 0.7443 -0.1391
vn 0.9412 -0.2724 0.1996
vn 0.9600 0.2720 0.0661
vn -0.4868 -0.8728 -0.0356
vn -0.6668 0.7438 -0.0453
vn 0.9601 -0.2713 0.0680
vn 0.9120 0.2395 -0.3329
vn 0.9500 0.2409 -0.1989
vn 0.9681 0.2412 -0.0674
vn 0.9679 0.2406 0.0725
vn 0.9510 0.2404 0.1946
vn 0.9134 0.2400 0.3287
vn 0.8612 0.2389 0.4486
vn 0.7905 0.2369 0.5648
vn 0.7161 0.2358 0.6569
vn 0.6200 0.2347 0.7486
vn 0.5198 0.2333 0.8218
vn 0.4067 0.2314 0.8838
vn 0.3022 0.2308 0.9249
vn 0.1792 0.2306 0.9564
vn 0.0605 0.2303 0.9712
vn -0.0651 0.2298 0.9711
vn -0.1751 0.2304 0.9572
vn -0.2981 0.2318 0.9260
vn -0.4109 0.2328 0.8815
vn -0.5238 0.2337 0.8192
vn -0.6166 0.2353 0.7513
vn -0.7128 0.2375 0.6599
vn -0.7929 0.2390 0.5605
vn -0.8633 0.2399 0.4440
vn -0.9116 0.2412 0.3328
vn -0.9494 0.2426 0.1995
vn -0.9682 0.2424 0.0615
vn -0.9679 0.2419 -0.0676
vn -0.9505 0.2422 -0.1949
vn -0.9130 0.2417 -0.3285
vn -0.8608 0.2405 -0.4485
vn -0.7901 0.2384 -0.5647
vn -0.7162 0.2371 -0.6563
vn -0.6162 0.2354 -0.7516
vn -0.5243 0.2338 -0.8188
vn -0.4061 0.2323 -0.8838
vn -0.3020 0.2314 -0.9248
vn -0.1791 0.2310 -0.9563
vn -0.0605 0.2304 -0.9712
vn 0.0652 0.2297 -0.9711
vn 0.1753 0.2302 -0.9572
vn 0.2983 0.2313 -0.9260
vn 0.4109 0.2321 -0.8816
vn 0.5239 0.2328 -0.8194
vn 0.6169 0.2342 -0.7514
vn 0.7132 0.2362 -0.6600
vn 0.7932 0.2376 -0.5607
vn 0.8636 0.2384 -0.4442
vn -0.8647 -0.4347 -0.2517
vn -0.7931 -0.4286 -0.4327
vn -0.7959 -0.4278 -0.4283
vn -0.8541 -0.4281 -0.2955
vn -0.8823 -0.4289 -0.1940
vn -0.8987 -0.4347 -0.0582
vn -0.9009 -0.4274 0.0752
vn -0.8835 -0.4285 0.1890
vn -0.8059 -0.4400 0.3962
vn -0.7885 -0.4346 0.4352
vn -0.7172 -0.4531 0.5295
vn -0.6389 -0.4518 0.6226
vn -0.5597 -0.4307 0.7080
vn -0.4869 -0.3596 0.7960
vn -0.4859 -0.2995 0.8211
vn -0.2819 -0.2612 0.9232
vn -0.1669 -0.1923 0.9670
vn -0.0574 -0.1853 0.9810
vn 0.0657 -0.1840 0.9807
vn 0.1591 -0.2043 0.9659
vn 0.2835 -0.2812 0.9168
vn 0.3864 -0.2991 0.8725
vn 0.4840 -0.3726 0.7918
vn 0.5614 -0.4016 0.7236
vn 0.6675 -0.3768 0.6422
vn 0.7448 -0.3804 0.5482
vn 0.8135 -0.3698 0.4488
vn 0.8617 -0.3816 0.3345
vn 0.9019 -0.3831 0.1998
vn 0.9163 -0.3925 0.0790
vn 0.9125 -0.4044 -0.0620
vn 0.8985 -0.3994 -0.1820
vn 0.8623 -0.4019 -0.3082
vn 0.8113 -0.4018 -0.4247
vn 0.7438 -0.3937 -0.5401
vn 0.6764 -0.3899 -0.6249
vn 0.5842 -0.3861 -0.7139
vn 0.4867 -0.3797 -0.7867
vn 0.3802 -0.3784 -0.8440
vn 0.2864 -0.3756 -0.8814
vn 0.1670 -0.3797 -0.9099
vn 0.0562 -0.3846 -0.9213
vn -0.0611 -0.3850 -0.9209
vn -0.1597 -0.3901 -0.9068
vn -0.2774 -0.3953 -0.8757
vn -0.3819 -0.3991 -0.8336
vn -0.4856 -0.4040 -0.7752
vn -0.5774 -0.4099 -0.7061
vn -0.6186 0.7187 -0.3175
vn 0.6239 0.7779 -0.0745
vn 0.0189 0.9854 -0.1693
vn -0.8837 0.4472 0.1381
vn 0.0499 -0.0174 0.9986
vn 0.6423 0.7643 0.0572
vn 0.5655 0.7727 -0.2882
vn -0.1330 0.9911 0.0047
vn -0.2662 -0.2419 0.9331
vn 0.0833 0.9965 -0.0082
vn 0.2636 0.6850 -0.6792
vn 0.2892 -0.0131 0.9572
vn 0.4905 -0.7428 0.4556
vn 0.0892 0.9960 0.0038
vn 0.0039 0.6303 -0.7763
vn -0.1096 0.9936 -0.0258
vn -0.0563 0.6363 -0.7694
vn 0.0068 -0.2879 0.9576
vn -0.7318 0.0278 -0.6809
vn 0.5982 0.7809 -0.1800
vn 0.0521 -0.2500 0.9669
vn 0.3286 -0.2002 0.9230
vn 0.1009 0.9948 0.0152
vn 0.5611 0.7738 -0.2940
vn -0.4299 -0.7392 0.5184
vn 0.6388 0.0273 -0.7689
vn 0.5206 0.7626 -0.3839
vn 0.1408 0.9885 0.0558
vn 0.1913 0.9780 0.0830
vn 0.5132 0.7631 -0.3927
vn -0.4912 -0.7423 -0.4558
vn 0.7320 0.0278 0.6807
vn -0.0886 0.9906 -0.1041
vn 0.2317 0.9619 0.1452
vn 0.4210 0.7417 -0.5222
vn 0.1263 -0.7326 0.6688
vn -0.1822 0.0267 -0.9829
vn 0.3446 0.7159 -0.6072
vn 0.1272 -0.7329 -0.6684
vn 0.3018 0.9318 0.2014
vn -0.0492 0.9857 -0.1613
vn -0.2071 -0.7342 -0.6466
vn 0.2232 0.8228 0.5226
vn 0.3702 0.7148 -0.5933
vn 0.5360 0.0270 -0.8438
vn -0.5360 0.0270 0.8438
vn 0.5908 -0.7467 0.3056
vn -0.5464 -0.7431 -0.3863
vn 0.3039 0.0272 0.9523
vn 0.9790 0.0280 -0.2021
vn -0.3062 0.0268 -0.9516
vn -0.2868 -0.7348 0.6147
vn 0.4908 -0.7438 -0.4537
vn -0.6250 -0.7476 0.2246
vn 0.1058 0.6529 -0.7500
vn 0.0434 -0.7306 -0.6814
vn 0.6464 -0.7509 -0.1357
vn 0.1032 0.6530 -0.7503
vn 0.4190 0.0269 -0.9076
vn 0.5918 -0.7455 -0.3066
vn 0.9410 0.0280 -0.3372
vn -0.5913 -0.7456 -0.3072
vn 0.6603 -0.7495 -0.0465
vn 0.2853 -0.7356 -0.6144
vn -0.7333 0.0283 0.6794
vn -0.2864 -0.7342 -0.6156
vn -0.0251 0.6297 -0.7764
vn 0.6244 -0.7486 -0.2229
vn 0.7329 0.0276 -0.6798
vn 0.5446 -0.7445 -0.3861
vn -0.8874 0.0278 0.4601
vn -0.4921 -0.7418 0.4555
vn -0.2788 0.6414 -0.7148
vn -0.1256 -0.7342 -0.6672
vn 0.6393 0.0281 0.7685
vn -0.6407 0.0276 0.7673
vn -0.4288 -0.7412 -0.5166
vn -0.3773 0.6660 -0.6435
vn 0.4304 -0.7405 0.5161
vn -0.0435 -0.7309 0.6811
vn -0.1402 0.6291 -0.7646
vn -0.4174 0.0271 0.9083
vn 0.8169 0.0277 -0.5761
vn 0.4303 -0.7403 -0.5165
vn -0.4941 0.6817 -0.5396
vn -0.6414 0.0277 -0.7667
vn 0.2080 -0.7354 -0.6449
vn 0.5520 -0.3994 0.7320
vn -0.5044 0.6918 -0.5168
vn -0.6937 -0.4220 -0.5837
vn 0.6612 -0.7487 0.0470
vn -0.0442 -0.7319 -0.6800
vn -0.6491 -0.7485 -0.1359
vn 0.0731 0.9970 -0.0241
vn -0.3005 0.9484 0.1009
vn -0.2197 0.9727 0.0754
vn 0.5365 0.0274 0.8435
vn 0.9127 -0.4003 -0.0825
vn 0.4219 0.0269 0.9062
vn 0.2204 -0.3857 -0.8959
vn -0.1826 0.9823 0.0421
vn 0.0764 0.9969 -0.0176
vn -0.5462 -0.7436 0.3857
vn -0.5524 -0.4140 -0.7235
vn -0.5702 0.7095 -0.4141
vn -0.1092 -0.3939 -0.9126
vn -0.5346 0.0272 -0.8447
vn -0.6180 0.7188 -0.3183
vn -0.1260 -0.7320 0.6695
vn -0.2459 -0.4001 -0.8829
vn -0.1545 0.9878 0.0174
vn -0.4168 -0.4075 -0.8125
vn -0.3460 0.9181 0.1933
vn 0.8890 0.0278 0.4571
vn -0.3688 0.8841 0.2871
vn -0.3627 -0.7374 -0.5698
vn -0.2496 0.6387 -0.7278
vn 0.8602 -0.3822 0.3377
vn 0.0702 0.9969 -0.0369
vn 0.0701 0.9964 -0.0471
vn 0.3625 -0.7366 0.5709
vn 0.9112 -0.3959 0.1141
vn -0.6503 0.7190 -0.2452
vn 0.4786 -0.3728 0.7950
vn 0.5511 -0.4031 0.7306
vn 0.6472 -0.7499 0.1371
vn 0.1129 -0.2143 0.9702
vn 0.7354 -0.3764 0.5635
vn -0.3754 0.8455 0.3798
vn -0.6850 0.7164 -0.1324
vn -0.5919 -0.7454 0.3066
vn 0.8875 0.0278 -0.4601
vn -0.6250 -0.7478 -0.2241
vn -0.3044 -0.2520 0.9186
vn -0.3021 0.8166 0.4919
vn -0.8157 0.0280 0.5778
vn -0.0912 -0.2076 0.9740
vn 0.8728 -0.4080 -0.2678
vn -0.3044 -0.2524 0.9185
vn 0.0725 0.9955 -0.0615
vn -0.2083 -0.7336 0.6468
vn 0.3171 -0.2679 0.9098
vn -0.5501 0.2910 0.7828
vn -0.4218 0.0269 -0.9063
vn -0.9433 0.0282 0.3309
vn 0.7498 0.6390 0.1720
vn 0.8021 -0.4045 -0.4393
vn -0.5049 0.2847 0.8149
vn 0.0676 0.9947 -0.0778
vn -0.1910 0.8024 0.5654
vn -0.3778 0.0577 0.9241
vn -0.6969 -0.4418 0.5649
vn -0.5982 -0.4227 0.6808
vn -0.6675 0.5190 0.5340
vn 0.2861 -0.7347 0.6151
vn -0.9427 0.0286 -0.3323
vn 0.1104 -0.2548 0.9607
vn 0.7029 0.7007 0.1226
vn 0.7003 -0.3973 -0.5930
vn -0.6559 0.7246 -0.2115
vn 0.5589 -0.3903 -0.7317
vn -0.1299 0.7958 0.5915
vn 0.6227 -0.7499 0.2235
vn 0.6488 0.7395 0.1794
vn 0.0648 0.9935 -0.0934
vn -0.2334 -0.1339 0.9631
vn -0.6914 0.6351 0.3443
vn -0.6504 -0.4486 0.6129
vn 0.5926 0.7750 -0.2197
vn -0.6615 -0.7485 -0.0470
vn 0.1388 -0.1554 0.9781
vn 0.5420 0.5344 0.6485
vn 0.6486 0.7607 0.0256
vn -0.3767 -0.3594 0.8538
vn -0.7285 0.6421 0.2389
vn -0.7338 0.6793 -0.0107
vn -0.8986 -0.4354 -0.0548
vn -0.9051 0.0981 0.4138
vn 0.0640 0.9911 -0.1170
vn -0.6944 0.7194 -0.0182
vn -0.0536 0.7896 0.6112
vn 0.4034 -0.3838 -0.8306
vn 0.0627 0.7916 0.6078
vn 0.3043 0.2762 0.9116
vn 0.0455 0.9894 -0.1382
vn 0.8789 0.3578 0.3154
vn -0.7067 0.6996 -0.1051
vn -0.8875 -0.4344 0.1539
vn -0.2428 0.6401 -0.7289
vn -0.6703 -0.4145 -0.6156
vn 0.6101 0.6729 0.4184
vn -0.0334 -0.2885 0.9569
vn -0.8460 -0.4273 0.3190
vn -0.4588 0.6890 -0.5611
vn 0.0668 -0.3866 -0.9198
vn 0.1819 0.0273 0.9829
vn 0.5700 -0.1353 0.8104
vn -0.7420 -0.0290 0.6698
vn -0.0159 0.9846 -0.1739
vn -0.7386 -0.4180 -0.5290
vn -0.8877 0.0282 -0.4596
vn 0.2087 -0.7336 0.6467
vn 0.2167 0.6817 -0.6988
vn -0.0319 0.9856 -0.1658
vn -0.0767 0.9871 -0.1404
vn 0.3722 0.8808 0.2926
vn -0.0799 0.9896 -0.1195
vn 0.5459 -0.7434 0.3864
vn -0.6611 -0.7489 0.0466
vn 0.1184 0.9924 0.0330
vn -0.1025 0.9933 -0.0541
vn 0.0431 -0.7312 0.6808
vn -0.0906 -0.2728 0.9578
vn -0.3731 0.6663 -0.6456
vn 0.5087 0.5276 0.6804
vn 0.2687 0.6726 -0.6895
vn 0.6385 0.7691 -0.0286
vn 0.4599 0.7353 -0.4977
vn -0.8289 0.5546 0.0731
vn 0.4702 0.7460 -0.4717
vn -0.2672 -0.2419 0.9328
vn 0.6206 0.7350 0.2731
vn 0.8162 0.0276 0.5771
vn 0.2934 0.8481 0.4412
vn 0.1567 0.8039 0.5738
vn -0.3629 -0.7365 0.5709
vn -0.8161 0.0276 -0.5773
vn -0.0973 0.9918 -0.0823
vn -0.0966 0.9931 -0.0658
vn -0.1080 0.9935 -0.0363
vn -0.1254 -0.2772 0.9526
vn 0.6196 0.7755 -0.1210
vn -0.1192 0.9928 -0.0137
vn -0.5164 -0.1556 0.8421
vn -0.5551 0.7111 -0.4315
vn 0.0353 0.9881 -0.1499
vn 0.8238 0.1882 0.5347
vn -0.6484 -0.7490 0.1364
vn 0.3628 -0.7365 -0.5709
vn -0.7168 0.6923 0.0834
vn -0.1470 -0.3892 -0.9094
vn 0.8993 -0.4062 -0.1619
vn -0.7116 -0.4901 -0.5035
vn 0.7109 -0.4909 0.5036
vn -0.7734 -0.4936 -0.3977
vn 0.1595 -0.4837 0.8606
vn -0.8155 -0.5011 -0.2895
vn -0.8178 -0.4999 0.2851
vn -0.3697 -0.4823 -0.7942
vn 0.9358 -0.3461 0.0663
vn 0.2630 -0.4829 -0.8353
vn -0.7094 -0.4911 0.5054
vn 0.7716 -0.4944 -0.4002
vn -0.8477 -0.4999 -0.1774
vn 0.8178 -0.4989 0.2868
vn 0.7719 -0.4962 0.3974
vn -0.4698 -0.4833 -0.7387
vn 0.3701 -0.4803 0.7952
vn 0.4717 -0.4837 0.7373
vn 0.2604 -0.3930 -0.8819
vn 0.1507 -0.3889 0.9089
vn -0.8996 -0.4050 -0.1633
vn 0.8673 -0.4079 0.2853
vn -0.5599 -0.4896 -0.6684
vn 0.7109 -0.4916 -0.5030
vn -0.3649 -0.4834 0.7957
vn -0.5608 -0.4885 0.6685
vn -0.2637 -0.4838 0.8345
vn 0.5575 -0.4896 0.6705
vn -0.7727 -0.4925 0.4005
vn 0.6384 -0.4915 -0.5923
vn -0.9357 -0.3459 0.0697
vn -0.0601 -0.3289 0.9424
vn -0.6387 -0.4922 0.5914
vn 0.8160 -0.4989 -0.2920
vn -0.8681 -0.4087 0.2816
vn 0.3672 -0.4838 -0.7944
vn -0.2679 -0.4829 -0.8337
vn 0.8470 -0.5017 -0.1757
vn 0.2646 -0.4819 0.8353
vn -0.4697 -0.4825 0.7393
vn 0.0599 -0.3302 -0.9420
vn 0.4690 -0.4844 -0.7385
vn -0.2632 -0.3925 0.8813
vn -0.1603 -0.4831 -0.8608
vn 0.6366 -0.4910 0.5947
vn 0.5576 -0.4894 -0.6705
vn -0.6366 -0.4921 -0.5938
vn -0.5349 -0.0000 0.8449
vn -0.3777 0.9259 0.0094
vn 0.0212 0.9997 0.0150
vn -0.4234 -0.0000 -0.9060
vn -0.0835 0.6264 0.7750
vn -0.3056 -0.0000 0.9522
vn -0.7181 0.6929 -0.0648
vn 0.0835 0.6264 -0.7750
vn -0.0141 0.9997 0.0222
vn 0.7181 0.6929 0.0648
vn 0.0835 0.6264 0.7750
vn -0.0167 0.9997 0.0202
vn -0.1420 -0.9861 0.0862
vn -0.1852 -0.0000 0.9827
vn -0.6391 -0.0000 0.7691
vn -0.8871 -0.0000 0.4616
vn 0.0136 -0.9821 0.1881
vn -0.1624 -0.0123 -0.9866
vn 0.1489 -0.9866 0.0667
vn -0.3062 -0.0000 -0.9520
vn 0.1580 -0.9874 -0.0094
vn 0.0867 -0.9834 -0.1595
vn -0.1054 -0.9841 -0.1430
vn 0.8871 -0.0000 -0.4616
vn 0.0083 0.9996 0.0253
vn -0.0033 0.9996 -0.0273
vn -0.2438 0.6325 0.7352
vn -0.6986 0.6887 -0.1940
vn 0.2438 0.6325 -0.7352
vn 0.6986 0.6887 0.1940
vn -0.1566 -0.9873 0.0283
vn -0.0620 -0.0000 0.9981
vn -0.8861 -0.0000 -0.4634
vn -0.0648 -0.9828 0.1731
vn -0.3670 0.9285 -0.0562
vn -0.8173 -0.0000 -0.5763
vn -0.0087 0.9996 -0.0255
vn -0.0028 0.9998 0.0211
vn 0.1207 -0.9848 0.1248
vn 0.0204 0.9998 0.0009
vn 0.1566 -0.9873 -0.0283
vn 0.0648 -0.9828 -0.1731
vn -0.1207 -0.9848 -0.1248
vn 0.2808 -0.0099 0.9597
vn 0.3653 0.9292 0.0567
vn 0.8976 -0.0068 0.4407
vn 0.1566 -0.9873 0.0283
vn 0.1536 -0.9870 -0.0474
vn 0.0205 0.9997 -0.0165
vn 0.0402 -0.9823 -0.1829
vn -0.1328 -0.9855 -0.1057
vn 0.9417 -0.0000 0.3366
vn -0.0095 0.9996 0.0250
vn -0.0039 0.9998 0.0174
vn 0.0097 0.9996 -0.0251
vn 0.0229 0.9997 -0.0119
vn -0.8983 -0.0080 -0.4392
vn -0.3863 0.6432 0.6612
vn -0.6581 0.6806 -0.3220
vn 0.3863 0.6432 -0.6612
vn 0.8173 -0.0000 0.5763
vn 0.6581 0.6806 0.3220
vn 0.0166 0.9996 -0.0207
vn 0.8861 -0.0000 0.4634
vn -0.1207 -0.9848 0.1248
vn 0.0648 -0.9828 0.1731
vn -0.9835 -0.0130 0.1803
vn -0.0555 0.9225 -0.3821
vn 0.1420 -0.9861 0.0862
vn 0.6391 -0.0000 -0.7691
vn -0.0156 0.9996 -0.0216
vn 0.1489 -0.9866 -0.0667
vn -0.0228 0.9997 0.0118
vn 0.0136 -0.9821 -0.1881
vn -0.1420 -0.9861 -0.0862
vn -0.0201 0.9997 0.0166
vn -0.5038 0.6562 0.5617
vn -0.5940 0.6693 -0.4462
vn 0.7339 -0.0000 0.6792
vn -0.0237 0.9997 -0.0100
vn -0.0240 0.9997 0.0087
vn 0.5038 0.6562 -0.5617
vn 0.5940 0.6693 0.4462
vn -0.1489 -0.9866 0.0667
vn 0.9785 -0.0000 -0.2062
vn -0.9414 -0.0000 0.3372
vn -0.6397 -0.0000 -0.7687
vn 0.9977 -0.0000 -0.0677
vn -0.0136 -0.9821 0.1881
vn 0.0031 0.9996 0.0268
vn -0.9787 -0.0000 -0.2054
vn 0.0194 0.9997 0.0176
vn 0.0112 0.9996 0.0240
vn -0.7339 -0.0000 -0.6792
vn -0.0155 0.9996 -0.0220
vn -0.0196 0.9997 -0.0175
vn -0.5940 0.6693 0.4462
vn 0.3062 -0.0000 0.9520
vn -0.5038 0.6562 -0.5617
vn 0.5940 0.6693 -0.4462
vn 0.0153 0.9996 0.0219
vn 0.5038 0.6562 0.5617
vn -0.1580 -0.9874 0.0094
vn 0.4234 -0.0000 0.9060
vn 0.9787 -0.0000 0.2054
vn -0.0867 -0.9834 0.1595
vn 0.0620 -0.0000 -0.9981
vn 0.5349 -0.0000 -0.8449
vn 0.9975 -0.0000 0.0711
vn 0.1054 -0.9841 0.1430
vn -0.0113 0.9996 -0.0242
vn 0.1420 -0.9861 -0.0862
vn -0.9417 -0.0000 -0.3366
vn -0.0136 -0.9821 -0.1881
vn -0.1489 -0.9866 -0.0667
vn -0.1580 -0.9874 -0.0094
vn 0.3056 -0.0000 -0.9522
vn 0.8184 -0.0000 -0.5746
vn -0.6581 0.6806 0.3220
vn 0.0242 0.9997 -0.0088
vn -0.3863 0.6432 -0.6612
vn 0.6581 0.6806 -0.3220
vn 0.3863 0.6432 0.6612
vn 0.0239 0.9997 0.0108
vn -0.1328 -0.9855 0.1057
vn 0.7334 -0.0000 -0.6797
vn 0.1852 -0.0000 -0.9827
vn 0.6397 -0.0000 0.7687
vn -0.4251 -0.0000 0.9052
vn 0.0601 -0.0000 0.9982
vn 0.0402 -0.9823 0.1829
vn -0.0164 0.9999 -0.0041
vn -0.0213 0.9997 -0.0148
vn 0.0238 0.9997 0.0105
vn -0.5333 -0.0000 -0.8459
vn 0.2866 -0.0085 -0.9580
vn 0.0084 0.9201 0.3917
vn 0.1536 -0.9870 0.0474
vn 0.9414 -0.0000 -0.3372
vn 0.1328 -0.9855 -0.1057
vn -0.0402 -0.9823 -0.1829
vn 0.0030 0.9998 -0.0214
vn -0.1536 -0.9870 -0.0474
vn -0.0047 0.9227 0.3854
vn 0.3741 0.9274 -0.0089
vn 0.0166 0.9998 -0.0060
vn 0.1328 -0.9855 0.1057
vn 0.1207 -0.9848 -0.1248
vn -0.0648 -0.9828 -0.1731
vn -0.1859 -0.0000 -0.9826
vn -0.1566 -0.9873 -0.0283
vn -0.2438 0.6325 -0.7352
vn 0.0142 0.9996 -0.0224
vn -0.8184 -0.0000 0.5746
vn -0.6986 0.6887 0.1940
vn 0.6986 0.6887 -0.1940
vn 0.2438 0.6325 0.7352
vn 0.1859 -0.0000 0.9826
vn -0.0205 0.9997 0.0161
vn -0.1536 -0.9870 0.0474
vn -0.7334 -0.0000 0.6797
vn 0.5333 -0.0000 0.8459
vn 0.9835 -0.0115 -0.1805
vn -0.0402 -0.9823 0.1829
vn -0.4034 -0.0066 0.9150
vn 0.0529 0.9217 -0.3844
vn 0.0867 -0.9834 0.1595
vn 0.0039 0.9998 -0.0175
vn -0.0200 0.9998 -0.0030
vn 0.1580 -0.9874 0.0094
vn 0.1054 -0.9841 -0.1430
vn -0.0867 -0.9834 -0.1595
vn -0.0254 0.9997 0.0032
vn -0.7181 0.6929 0.0648
vn -0.0835 0.6264 -0.7750
vn 0.7181 0.6929 -0.0648
vn 0.0208 0.9996 -0.0164
vn 0.0157 0.9997 0.0213
vn -0.9978 -0.0000 0.0669
vn -0.9785 -0.0000 0.2061
vn -0.1054 -0.9841 0.1430
vn -0.0601 -0.0000 -0.9982
vn 0.4251 -0.0000 -0.9052
vn -0.9976 -0.0000 -0.0690
vt 0.979167 0.750000
vt 0.000000 0.750000
vt 0.000000 0.750000
vt 0.979167 0.750000
vt 0.208333 0.750000
vt 0.229167 0.750000
vt 0.229167 0.750000
vt 0.208333 0.750000
vt 0.937500 0.750000
vt 0.958333 0.750000
vt 0.937500 0.750000
vt 0.687500 0.750000
vt 0.708333 0.750000
vt 0.270833 0.750000
vt 0.291667 0.750000
vt 0.291667 0.750000
vt 0.791667 0.750000
vt 0.812500 0.750000
vt 0.812500 0.750000
vt 0.791667 0.750000
vt 0.145833 0.750000
vt 0.166667 0.750000
vt 0.145833 0.750000
vt 0.833333 0.750000
vt 0.833333 0.750000
vt 0.333333 0.750000
vt 0.354167 0.750000
vt 0.354167 0.750000
vt 0.333333 0.750000
vt 0.770833 0.750000
vt 0.312500 0.750000
vt 0.312500 0.750000
vt 0.875000 0.750000
vt 0.895833 0.750000
vt 0.895833 0.750000
vt 0.875000 0.750000
vt 0.916667 0.750000
vt 0.187500 0.750000
vt 0.187500 0.750000
vt 0.062500 0.750000
vt 0.083333 0.750000
vt 0.729167 0.750000
vt 0.666667 0.750000
vt 0.666667 0.750000
vt 0.458333 0.750000
vt 0.479167 0.750000
vt 0.479167 0.750000
vt 0.458333 0.750000
vt 0.395833 0.750000
vt 0.416667 0.750000
vt 0.395833 0.750000
vt 0.500000 0.750000
vt 0.520833 0.750000
vt 0.520833 0.750000
vt 0.750000 0.750000
vt 0.750000 0.750000
vt 0.020833 0.750000
vt 0.854167 0.750000
vt 0.854167 0.750000
vt 0.250000 0.750000
vt 0.250000 0.750000
vt 0.437500 0.750000
vt 0.104167 0.750000
vt 0.125000 0.750000
vt 0.125000 0.750000
vt 0.041667 0.750000
vt 0.041667 0.750000
vt 0.541667 0.750000
vt 0.562500 0.750000
vt 0.541667 0.750000
vt 0.375000 0.750000
vt 0.375000 0.750000
vt 0.645833 0.750000
vt 0.645833 0.750000
vt 0.604167 0.750000
vt 0.625000 0.750000
vt 0.583333 0.750000
vt 0.208333 0.750000
vt 0.208333 0.750000
vt 0.229167 0.750000
vt 0.979167 0.750000
vt 0.708333 0.750000
vt 0.687500 0.750000
vt 0.687500 0.750000
vt 0.937500 0.750000
vt 0.958333 0.750000
vt 0.958333 0.750000
vt 0.937500 0.750000
vt 0.958333 0.750000
vt 0.291667 0.750000
vt 0.937500 0.750000
vt 0.291667 0.750000
vt 0.270833 0.750000
vt 0.145833 0.750000
vt 0.791667 0.750000
vt 0.812500 0.750000
vt 0.145833 0.750000
vt 0.166667 0.750000
vt 0.833333 0.750000
vt 0.354167 0.750000
vt 0.833333 0.750000
vt 0.312500 0.750000
vt 0.312500 0.750000
vt 0.770833 0.750000
vt 0.770833 0.750000
vt 0.770833 0.750000
vt 0.875000 0.750000
vt 0.916667 0.750000
vt 0.895833 0.750000
vt 0.916667 0.750000
vt 0.875000 0.750000
vt 0.875000 0.750000
vt 0.729167 0.750000
vt 0.187500 0.750000
vt 0.062500 0.750000
vt 0.062500 0.750000
vt 0.083333 0.750000
vt 0.666667 0.750000
vt 0.729167 0.750000
vt 0.479167 0.750000
vt 0.729167 0.750000
vt 0.458333 0.750000
vt 0.479167 0.750000
vt 0.479167 0.750000
vt 0.666667 0.750000
vt 0.395833 0.750000
vt 0.416667 0.750000
vt 0.395833 0.750000
vt 0.395833 0.750000
vt 0.520833 0.750000
vt 0.500000 0.750000
vt 0.395833 0.750000
vt 0.416667 0.750000
vt 0.020833 0.750000
vt 0.750000 0.750000
vt 0.854167 0.750000
vt 0.854167 0.750000
vt 0.854167 0.750000
vt 0.250000 0.750000
vt 0.020833 0.750000
vt 0.250000 0.750000
vt 0.104167 0.750000
vt 0.104167 0.750000
vt 0.437500 0.750000
vt 0.125000 0.750000
vt 0.437500 0.750000
vt 0.104167 0.750000
vt 0.041667 0.750000
vt 0.041667 0.750000
vt 0.041667 0.750000
vt 0.541667 0.750000
vt 0.645833 0.750000
vt 0.645833 0.750000
vt 0.645833 0.750000
vt 0.604167 0.750000
vt 0.604167 0.750000
vt 0.604167 0.750000
vt 0.604167 0.750000
vt 0.625000 0.750000
vt 0.703178 0.485388
vt 0.750000 0.490000
vt 0.796822 0.485388
vt 0.841844 0.471731
vt 0.883337 0.449553
vt 0.919706 0.419706
vt 0.949553 0.383337
vt 0.971731 0.341844
vt 0.985388 0.296822
vt 0.990000 0.250000
vt 0.985388 0.203178
vt 0.971731 0.158156
vt 0.949553 0.116663
vt 0.919706 0.080294
vt 0.883337 0.050447
vt 0.841844 0.028269
vt 0.796822 0.014612
vt 0.750000 0.010000
vt 0.703178 0.014612
vt 0.658156 0.028269
vt 0.616663 0.050447
vt 0.580294 0.080294
vt 0.550447 0.116663
vt 0.528269 0.158156
vt 0.514612 0.203178
vt 0.510000 0.250000
vt 0.514612 0.296822
vt 0.528269 0.341844
vt 0.550447 0.383337
vt 0.580294 0.419706
vt 0.616663 0.449553
vt 0.658156 0.471731
vt 0.031250 0.500000
vt 0.031250 0.533333
vt 0.000000 0.533333
vt 0.000000 0.500000
vt 0.062500 0.500000
vt 0.062500 0.533333
vt 0.093750 0.500000
vt 0.093750 0.533333
vt 0.125000 0.500000
vt 0.125000 0.533333
vt 0.156250 0.500000
vt 0.156250 0.533333
vt 0.187500 0.500000
vt 0.187500 0.533333
vt 0.218750 0.500000
vt 0.218750 0.533333
vt 0.250000 0.500000
vt 0.250000 0.533333
vt 0.281250 0.500000
vt 0.281250 0.533333
vt 0.312500 0.500000
vt 0.312500 0.533333
vt 0.343750 0.500000
vt 0.343750 0.533333
vt 0.375000 0.500000
vt 0.375000 0.533333
vt 0.406250 0.500000
vt 0.406250 0.533333
vt 0.437500 0.500000
vt 0.437500 0.533333
vt 0.468750 0.500000
vt 0.468750 0.533333
vt 0.500000 0.500000
vt 0.500000 0.533333
vt 0.531250 0.500000
vt 0.531250 0.533333
vt 0.562500 0.500000
vt 0.562500 0.533333
vt 0.593750 0.500000
vt 0.593750 0.533333
vt 0.625000 0.500000
vt 0.625000 0.533333
vt 0.656250 0.500000
vt 0.656250 0.533333
vt 0.687500 0.500000
vt 0.687500 0.533333
vt 0.718750 0.500000
vt 0.718750 0.533333
vt 0.750000 0.500000
vt 0.750000 0.533333
vt 0.781250 0.500000
vt 0.781250 0.533333
vt 0.812500 0.500000
vt 0.812500 0.533333
vt 0.843750 0.500000
vt 0.843750 0.533333
vt 0.875000 0.500000
vt 0.875000 0.533333
vt 0.906250 0.500000
vt 0.906250 0.533333
vt 0.937500 0.500000
vt 0.937500 0.533333
vt 0.968750 0.500000
vt 0.968750 0.533333
vt 1.000000 0.500000
vt 1.000000 0.533333
vt 0.031250 0.556962
vt 0.000000 0.556962
vt 0.062500 0.556962
vt 0.093750 0.556962
vt 0.125000 0.556962
vt 0.156250 0.556962
vt 0.187500 0.556962
vt 0.218750 0.556962
vt 0.250000 0.556962
vt 0.281250 0.556962
vt 0.312500 0.556962
vt 0.343750 0.556962
vt 0.375000 0.556962
vt 0.406250 0.556962
vt 0.437500 0.556962
vt 0.468750 0.556962
vt 0.500000 0.556962
vt 0.531250 0.556962
vt 0.562500 0.556962
vt 0.593750 0.556962
vt 0.625000 0.556962
vt 0.656250 0.556962
vt 0.687500 0.556962
vt 0.718750 0.556962
vt 0.750000 0.556962
vt 0.781250 0.556962
vt 0.812500 0.556962
vt 0.843750 0.556962
vt 0.875000 0.556962
vt 0.906250 0.556962
vt 0.937500 0.556962
vt 0.968750 0.556962
vt 1.000000 0.556962
vt 0.520833 0.500000
vt 0.520833 0.583333
vt 0.500000 0.583333
vt 0.520833 0.666667
vt 0.500000 0.666667
vt 0.500000 0.727124
vt 0.520833 0.727124
vt 0.500000 0.416667
vt 0.520833 0.416667
vt 0.541667 0.500000
vt 0.541667 0.583333
vt 0.541667 0.666667
vt 0.541667 0.727124
vt 0.541667 0.750000
vt 0.541667 0.416667
vt 0.562500 0.583333
vt 0.562500 0.666667
vt 0.562500 0.727124
vt 0.562500 0.416667
vt 0.583333 0.500000
vt 0.583333 0.583333
vt 0.583333 0.666667
vt 0.583333 0.727124
vt 0.583333 0.750000
vt 0.583333 0.416667
vt 0.604167 0.500000
vt 0.604167 0.583333
vt 0.604167 0.666667
vt 0.604167 0.727124
vt 0.604167 0.750000
vt 0.604167 0.416667
vt 0.625000 0.583333
vt 0.625000 0.666667
vt 0.625000 0.727124
vt 0.625000 0.416667
vt 0.645833 0.500000
vt 0.645833 0.583333
vt 0.645833 0.666667
vt 0.645833 0.727124
vt 0.645833 0.750000
vt 0.645833 0.416667
vt 0.666667 0.500000
vt 0.666667 0.583333
vt 0.666667 0.666667
vt 0.666667 0.727124
vt 0.666667 0.750000
vt 0.666667 0.416667
vt 0.687500 0.583333
vt 0.687500 0.666667
vt 0.687500 0.727124
vt 0.687500 0.416667
vt 0.708333 0.500000
vt 0.708333 0.583333
vt 0.708333 0.666667
vt 0.708333 0.727124
vt 0.708333 0.750000
vt 0.708333 0.416667
vt 0.729167 0.500000
vt 0.729167 0.583333
vt 0.729167 0.666667
vt 0.729167 0.727124
vt 0.729167 0.750000
vt 0.729167 0.416667
vt 0.750000 0.583333
vt 0.750000 0.666667
vt 0.750000 0.727124
vt 0.750000 0.416667
vt 0.770833 0.500000
vt 0.770833 0.583333
vt 0.770833 0.666667
vt 0.770833 0.727124
vt 0.770833 0.416667
vt 0.791667 0.500000
vt 0.791667 0.583333
vt 0.791667 0.666667
vt 0.791667 0.727124
vt 0.791667 0.750000
vt 0.791667 0.416667
vt 0.812500 0.583333
vt 0.812500 0.666667
vt 0.812500 0.727124
vt 0.812500 0.750000
vt 0.812500 0.416667
vt 0.833333 0.500000
vt 0.833333 0.583333
vt 0.833333 0.666667
vt 0.833333 0.727124
vt 0.833333 0.416667
vt 0.854167 0.500000
vt 0.854167 0.583333
vt 0.854167 0.666667
vt 0.854167 0.727124
vt 0.854167 0.416667
vt 0.875000 0.583333
vt 0.875000 0.666667
vt 0.875000 0.727124
vt 0.875000 0.416667
vt 0.895833 0.500000
vt 0.895833 0.583333
vt 0.895833 0.666667
vt 0.895833 0.727124
vt 0.895833 0.750000
vt 0.895833 0.416667
vt 0.916667 0.500000
vt 0.916667 0.583333
vt 0.916667 0.666667
vt 0.916667 0.727124
vt 0.916667 0.416667
vt 0.937500 0.583333
vt 0.937500 0.666667
vt 0.937500 0.727124
vt 0.937500 0.416667
vt 0.958333 0.500000
vt 0.958333 0.583333
vt 0.958333 0.666667
vt 0.958333 0.727124
vt 0.958333 0.416667
vt 0.979167 0.500000
vt 0.979167 0.583333
vt 0.979167 0.666667
vt 0.979167 0.727124
vt 0.979167 0.750000
vt 0.500000 0.699346
vt 0.520833 0.699347
vt 0.979167 0.416667
vt 1.000000 0.583333
vt 1.000000 0.666667
vt 1.000000 0.727124
vt 1.000000 0.750000
vt 0.541667 0.699346
vt 0.562500 0.699346
vt 1.000000 0.416667
vt 0.000000 0.500000
vt 0.020833 0.500000
vt 0.020833 0.583333
vt 0.000000 0.583333
vt 0.020833 0.666667
vt 0.000000 0.666667
vt 0.000000 0.727124
vt 0.020833 0.727124
vt 0.020833 0.750000
vt 0.000000 0.750000
vt 0.583333 0.699346
vt 0.604167 0.699346
vt 0.000000 0.416667
vt 0.020833 0.416667
vt 0.041667 0.500000
vt 0.041667 0.583333
vt 0.041667 0.666667
vt 0.041667 0.727124
vt 0.041667 0.750000
vt 0.625000 0.699346
vt 0.645833 0.699346
vt 0.041667 0.416667
vt 0.062500 0.583333
vt 0.062500 0.666667
vt 0.062500 0.727124
vt 0.666667 0.699346
vt 0.687500 0.699346
vt 0.062500 0.416667
vt 0.083333 0.500000
vt 0.083333 0.583333
vt 0.083333 0.666667
vt 0.083333 0.727124
vt 0.708333 0.699346
vt 0.729167 0.699346
vt 0.083333 0.416667
vt 0.104167 0.500000
vt 0.104167 0.583333
vt 0.104167 0.666667
vt 0.104167 0.727124
vt 0.104167 0.750000
vt 0.750000 0.699346
vt 0.770833 0.699346
vt 0.104167 0.416667
vt 0.125000 0.583333
vt 0.125000 0.666667
vt 0.125000 0.727124
vt 0.791667 0.699346
vt 0.812500 0.699346
vt 0.125000 0.416667
vt 0.145833 0.500000
vt 0.145833 0.583333
vt 0.145833 0.666667
vt 0.145833 0.727124
vt 0.833333 0.699346
vt 0.854167 0.699346
vt 0.145833 0.416667
vt 0.166667 0.500000
vt 0.166667 0.583333
vt 0.166667 0.666667
vt 0.166667 0.727124
vt 0.166667 0.750000
vt 0.875000 0.699346
vt 0.895833 0.699346
vt 0.166667 0.416667
vt 0.187500 0.583333
vt 0.187500 0.666667
vt 0.187500 0.727124
vt 0.916667 0.699346
vt 0.937500 0.699346
vt 0.187500 0.416667
vt 0.208333 0.500000
vt 0.208333 0.583333
vt 0.208333 0.666667
vt 0.208333 0.727124
vt 0.958333 0.699346
vt 0.979167 0.699346
vt 0.208333 0.416667
vt 0.229167 0.500000
vt 0.229167 0.583333
vt 0.229167 0.666667
vt 0.229167 0.727124
vt 0.229167 0.750000
vt 1.000000 0.699346
vt 0.000000 0.699346
vt 0.020833 0.699346
vt 0.229167 0.416667
vt 0.250000 0.583333
vt 0.250000 0.666667
vt 0.250000 0.727124
vt 0.041667 0.699346
vt 0.062500 0.699346
vt 0.250000 0.416667
vt 0.270833 0.500000
vt 0.270833 0.583333
vt 0.270833 0.666667
vt 0.270833 0.727124
vt 0.270833 0.750000
vt 0.083333 0.699346
vt 0.104167 0.699346
vt 0.270833 0.416667
vt 0.291667 0.500000
vt 0.291667 0.583333
vt 0.291667 0.666667
vt 0.291667 0.727124
vt 0.125000 0.699346
vt 0.145833 0.699346
vt 0.291667 0.416667
vt 0.312500 0.583333
vt 0.312500 0.666667
vt 0.312500 0.727124
vt 0.166667 0.699346
vt 0.187500 0.699346
vt 0.312500 0.416667
vt 0.333333 0.500000
vt 0.333333 0.583333
vt 0.333333 0.666667
vt 0.333333 0.727124
vt 0.208333 0.699346
vt 0.229167 0.699347
vt 0.333333 0.416667
vt 0.354167 0.500000
vt 0.354167 0.583333
vt 0.354167 0.666667
vt 0.354167 0.727124
vt 0.250000 0.699346
vt 0.270833 0.699346
vt 0.354167 0.416667
vt 0.375000 0.583333
vt 0.375000 0.666667
vt 0.375000 0.727124
vt 0.375000 0.750000
vt 0.291667 0.699346
vt 0.312500 0.699346
vt 0.375000 0.416667
vt 0.395833 0.500000
vt 0.395833 0.583333
vt 0.395833 0.666667
vt 0.395833 0.727124
vt 0.395833 0.750000
vt 0.333333 0.699346
vt 0.354167 0.699346
vt 0.395833 0.416667
vt 0.416667 0.500000
vt 0.416667 0.583333
vt 0.416667 0.666667
vt 0.416667 0.727124
vt 0.416667 0.750000
vt 0.375000 0.699346
vt 0.395833 0.699346
vt 0.416667 0.416667
vt 0.437500 0.583333
vt 0.437500 0.666667
vt 0.437500 0.727124
vt 0.416667 0.699346
vt 0.437500 0.699346
vt 0.437500 0.416667
vt 0.458333 0.500000
vt 0.458333 0.583333
vt 0.458333 0.666667
vt 0.458333 0.727124
vt 0.458333 0.750000
vt 0.458333 0.699346
vt 0.479167 0.699346
vt 0.479167 0.727124
vt 0.458333 0.416667
vt 0.479167 0.500000
vt 0.479167 0.583333
vt 0.479167 0.666667
vt 0.479167 0.750000
vt 0.479167 0.416667
vt 0.125000 0.750000
vt 0.479167 0.750000
vt 0.270833 0.750000
vt 0.000000 0.750000
vt 0.979167 0.750000
vt 0.062500 0.750000
vt 0.041667 0.750000
vt 0.437500 0.750000
vt 0.416667 0.750000
vt 0.416667 0.750000
vt 0.958333 0.750000
vt 0.937500 0.750000
vt 0.916667 0.750000
vt 0.916667 0.750000
vt 0.458333 0.750000
vt 0.458333 0.750000
vt 0.854167 0.750000
vt 0.833333 0.750000
vt 0.895833 0.750000
vt 0.687500 0.750000
vt 0.666667 0.750000
vt 0.812500 0.750000
vt 0.875000 0.750000
vt 0.604167 0.750000
vt 0.583333 0.750000
vt 0.729167 0.750000
vt 0.729167 0.750000
vt 0.791667 0.750000
vt 0.520833 0.750000
vt 0.708333 0.750000
vt 0.354167 0.750000
vt 0.562500 0.750000
vt 0.562500 0.750000
vt 0.625000 0.750000
vt 0.625000 0.750000
vt 0.541667 0.750000
vt 0.541667 0.750000
vt 0.166667 0.750000
vt 0.166667 0.750000
vt 0.229167 0.750000
vt 0.229167 0.750000
vt 0.229167 0.750000
vt 0.083333 0.750000
vt 0.499801 0.500000
vt 0.520634 0.500000
vt 0.520634 0.583364
vt 0.500000 0.582592
vt 0.520635 0.666716
vt 0.499801 0.666716
vt 0.499807 0.333292
vt 0.520833 0.334126
vt 0.520833 0.415928
vt 0.500000 0.417408
vt 0.541667 0.500740
vt 0.541667 0.582592
vt 0.541667 0.665925
vt 0.541667 0.334126
vt 0.541667 0.415928
vt 0.562500 0.500740
vt 0.562500 0.582592
vt 0.562500 0.665925
vt 0.562307 0.333292
vt 0.562301 0.416636
vt 0.583333 0.500740
vt 0.583333 0.582592
vt 0.583333 0.665925
vt 0.583333 0.334126
vt 0.583333 0.417408
vt 0.603968 0.500000
vt 0.603968 0.583364
vt 0.603968 0.666716
vt 0.604167 0.334126
vt 0.604167 0.415928
vt 0.625000 0.500740
vt 0.625000 0.582592
vt 0.625000 0.665925
vt 0.625000 0.334126
vt 0.625000 0.415928
vt 0.645833 0.500740
vt 0.645833 0.582592
vt 0.645833 0.665925
vt 0.645641 0.333292
vt 0.645634 0.416636
vt 0.666667 0.500740
vt 0.666667 0.582592
vt 0.666667 0.665925
vt 0.666667 0.334126
vt 0.666667 0.417408
vt 0.687301 0.500000
vt 0.687301 0.583364
vt 0.687301 0.666716
vt 0.687500 0.334126
vt 0.687500 0.415928
vt 0.708333 0.500740
vt 0.708333 0.582592
vt 0.708333 0.665925
vt 0.708333 0.334126
vt 0.708333 0.415928
vt 0.729167 0.500740
vt 0.729167 0.582592
vt 0.729167 0.665925
vt 0.728974 0.333292
vt 0.728968 0.416636
vt 0.750000 0.500740
vt 0.750000 0.582592
vt 0.750000 0.665925
vt 0.750000 0.334126
vt 0.750000 0.417408
vt 0.770634 0.500000
vt 0.770634 0.583364
vt 0.770635 0.666716
vt 0.770833 0.334126
vt 0.770833 0.415928
vt 0.791667 0.500740
vt 0.791667 0.582592
vt 0.791667 0.665925
vt 0.791667 0.334126
vt 0.791667 0.415928
vt 0.812500 0.500740
vt 0.812500 0.582592
vt 0.812500 0.665925
vt 0.812307 0.333292
vt 0.812301 0.416636
vt 0.833333 0.500740
vt 0.833333 0.582592
vt 0.833333 0.665925
vt 0.833333 0.334126
vt 0.833333 0.417408
vt 0.853968 0.500000
vt 0.853968 0.583364
vt 0.853968 0.666716
vt 0.854167 0.334126
vt 0.854167 0.415928
vt 0.875000 0.500740
vt 0.875000 0.582592
vt 0.875000 0.665925
vt 0.875000 0.334126
vt 0.875000 0.415928
vt 0.895833 0.500740
vt 0.895833 0.582592
vt 0.895833 0.665925
vt 0.895641 0.333292
vt 0.895634 0.416636
vt 0.916667 0.500740
vt 0.916667 0.582592
vt 0.916667 0.665925
vt 0.916667 0.334126
vt 0.916667 0.417408
vt 0.937301 0.500000
vt 0.937301 0.583364
vt 0.937301 0.666716
vt 0.937500 0.334126
vt 0.937699 0.416636
vt 0.958333 0.500740
vt 0.958333 0.584072
vt 0.958333 0.665925
vt 0.958333 0.334126
vt 0.958532 0.416636
vt 0.979167 0.500740
vt 0.979167 0.584072
vt 0.979167 0.665925
vt 0.978974 0.333292
vt 0.978968 0.416636
vt 0.999999 0.500740
vt 0.999996 0.584072
vt 1.000005 0.665925
vt 1.000000 0.334126
vt 1.000002 0.417408
vt 0.000001 0.500740
vt 0.020634 0.500000
vt 0.020634 0.583364
vt 0.000004 0.584072
vt 0.020635 0.666716
vt -0.000005 0.665925
vt 0.000000 0.334126
vt 0.020833 0.334126
vt 0.021032 0.416636
vt -0.000002 0.417408
vt 0.041667 0.500740
vt 0.041667 0.584072
vt 0.041667 0.665925
vt 0.041667 0.334126
vt 0.041866 0.416636
vt 0.062500 0.500740
vt 0.062500 0.584072
vt 0.062500 0.665925
vt 0.062307 0.333292
vt 0.062301 0.416636
vt 0.083333 0.500740
vt 0.083333 0.584072
vt 0.083333 0.665925
vt 0.083333 0.334126
vt 0.083333 0.417408
vt 0.103968 0.500000
vt 0.103968 0.583364
vt 0.103968 0.666716
vt 0.104167 0.334126
vt 0.104366 0.416636
vt 0.125000 0.500740
vt 0.125000 0.584072
vt 0.125000 0.665925
vt 0.125000 0.334126
vt 0.125199 0.416636
vt 0.145833 0.500740
vt 0.145833 0.584072
vt 0.145833 0.665925
vt 0.145641 0.333292
vt 0.145634 0.416636
vt 0.166667 0.500740
vt 0.166667 0.584072
vt 0.166667 0.665925
vt 0.166667 0.334126
vt 0.166667 0.417408
vt 0.187301 0.500000
vt 0.187301 0.583364
vt 0.187301 0.666716
vt 0.187500 0.334126
vt 0.187699 0.416636
vt 0.208333 0.500740
vt 0.208333 0.584072
vt 0.208333 0.665925
vt 0.208333 0.334126
vt 0.208532 0.416636
vt 0.229167 0.500740
vt 0.229167 0.584072
vt 0.229167 0.665925
vt 0.228974 0.333292
vt 0.228968 0.416636
vt 0.250000 0.500740
vt 0.250000 0.584072
vt 0.250000 0.665925
vt 0.250000 0.334126
vt 0.250000 0.417408
vt 0.270634 0.500000
vt 0.270634 0.583364
vt 0.270635 0.666716
vt 0.270833 0.334126
vt 0.271032 0.416636
vt 0.291667 0.500740
vt 0.291667 0.584072
vt 0.291667 0.665925
vt 0.291667 0.334126
vt 0.291866 0.416636
vt 0.312500 0.500740
vt 0.312500 0.584072
vt 0.312500 0.665925
vt 0.312307 0.333292
vt 0.312301 0.416636
vt 0.333333 0.500740
vt 0.333333 0.584072
vt 0.333333 0.665925
vt 0.333333 0.334126
vt 0.333333 0.417408
vt 0.353967 0.500000
vt 0.353968 0.583364
vt 0.353968 0.666716
vt 0.354359 0.333292
vt 0.354366 0.416636
vt 0.375000 0.500740
vt 0.375000 0.584072
vt 0.375199 0.666716
vt 0.375000 0.334126
vt 0.375000 0.415928
vt 0.395833 0.500740
vt 0.395833 0.582592
vt 0.395833 0.667404
vt 0.395641 0.333292
vt 0.395634 0.416636
vt 0.416667 0.500740
vt 0.416667 0.582592
vt 0.416667 0.667404
vt 0.416667 0.334126
vt 0.416667 0.417408
vt 0.437301 0.500000
vt 0.437301 0.583364
vt 0.437301 0.666716
vt 0.437500 0.334126
vt 0.437500 0.415928
vt 0.458333 0.500740
vt 0.458333 0.582592
vt 0.458333 0.667404
vt 0.458333 0.334126
vt 0.458333 0.415928
vt 0.479167 0.500740
vt 0.479366 0.583364
vt 0.479365 0.666716
vt 0.478974 0.333292
vt 0.478968 0.416636
vt 0.468750 0.187500
vt 0.437500 0.187500
vt 0.406250 0.187500
vt 0.500000 0.187500
vt 0.531250 0.187500
vt 0.562500 0.187500
vt 0.593750 0.187500
vt 0.625000 0.187500
vt 0.656250 0.187500
vt 0.687500 0.187500
vt 0.718750 0.187500
vt 0.750000 0.187500
vt 0.781250 0.187500
vt 0.812500 0.187500
vt 0.843750 0.187500
vt 0.875000 0.187500
vt 0.906250 0.187500
vt 0.937500 0.187500
vt 0.968750 0.187500
vt 1.000000 0.187500
vt 0.031250 0.187500
vt 0.062500 0.187500
vt 0.093750 0.187500
vt 0.125000 0.187500
vt 0.156250 0.187500
vt 0.187500 0.187500
vt 0.218750 0.187500
vt 0.250000 0.187500
vt 0.281250 0.187500
vt 0.312500 0.187500
vt 0.343750 0.187500
vt 0.375000 0.187500
vt 0.228974 0.333292
vt 0.229167 0.750000
vt 0.000000 0.750000
vt 0.499807 0.333292
vt 0.687500 0.750000
vt 0.020833 0.334126
vt 0.395641 0.333292
vt 0.395634 0.416636
vt 0.375000 0.415928
vt 0.458333 0.334126
vt 0.375000 0.430869
vt 0.395669 0.431452
vt 0.395833 0.500740
vt 0.041667 0.750000
vt 0.791667 0.750000
vt 0.125000 0.334126
vt 0.145641 0.333292
vt 0.145634 0.416636
vt 0.125164 0.431452
vt 0.145669 0.431452
vt 0.916667 0.334126
vt 0.875000 0.430869
vt 0.895669 0.431452
vt 0.354359 0.333292
vt 0.291866 0.416636
vt 0.270962 0.431322
vt 0.291831 0.431452
vt 0.291667 0.500740
vt 0.708333 0.334126
vt 0.728974 0.333292
vt 0.728968 0.416636
vt 0.854167 0.334126
vt 0.812301 0.416636
vt 0.791667 0.415928
vt 0.166667 0.432088
vt 0.645669 0.431452
vt 0.666667 0.432088
vt 0.666667 0.500740
vt 0.437500 0.334126
vt 0.416667 0.417408
vt 0.791667 0.430869
vt 0.812336 0.431452
vt 0.791667 0.500740
vt 0.020962 0.431322
vt 0.041831 0.431453
vt 0.312336 0.431452
vt 0.312500 0.500740
vt 0.166667 0.334126
vt 0.187500 0.334126
vt 0.187699 0.416636
vt 0.166667 0.417408
vt 0.604167 0.334126
vt 0.625000 0.334126
vt 0.604167 0.415928
vt 0.041667 0.334126
vt 0.062307 0.333292
vt 0.062301 0.416636
vt 0.041866 0.416636
vt 0.750000 0.334126
vt 0.750000 0.417408
vt 0.541667 0.334126
vt 0.541667 0.415928
vt 0.520833 0.415928
vt 0.187629 0.431322
vt 0.187301 0.500000
vt 0.562500 0.500740
vt 0.603968 0.500000
vt 0.750000 0.500740
vt 0.770634 0.500000
vt 0.853968 0.500000
vt 0.937301 0.500000
vt 0.979167 0.500740
vt 0.083333 0.500740
vt 0.208333 0.500740
vt 0.229167 0.500740
vt 0.333333 0.500740
vt 0.416667 0.500740
vt 0.437301 0.500000
vt 0.458333 0.500740
vt 0.479167 0.500740
vt 0.520634 0.500000
vt 0.541667 0.500740
vt 0.062336 0.431452
vt 0.937699 0.416636
vt 0.500000 0.417408
vt 0.666667 0.334126
vt 0.687500 0.415928
vt 0.666667 0.417408
vt 0.604132 0.430739
vt 0.625000 0.430869
vt 0.833333 0.334126
vt 0.833333 0.417408
vt 0.104296 0.431322
vt 0.562336 0.431452
vt 0.583333 0.432088
vt 0.770833 0.334126
vt 0.770833 0.415928
vt 0.854132 0.430739
vt 0.854167 0.415928
vt 0.354366 0.416636
vt 0.228968 0.416636
vt 0.687465 0.430739
vt 0.083333 0.432088
vt 0.645641 0.333292
vt 0.645634 0.416636
vt 0.354295 0.431322
vt 0.833333 0.432088
vt 0.083333 0.334126
vt 0.333333 0.432088
vt 0.208532 0.416636
vt 0.916667 0.432088
vt 0.937629 0.431322
vt 0.541667 0.430869
vt 0.312301 0.416636
vt 0.437465 0.430739
vt 0.458333 0.430869
vt 0.729167 0.750000
vt 1.000001 0.417408
vt 0.770798 0.430739
vt 0.416667 0.432088
vt 0.021032 0.416636
vt -0.000002 0.417408
vt 0.250000 0.432088
vt -0.000001 0.432088
vt 1.000001 0.432088
vt 0.979003 0.431452
vt 0.208497 0.431452
vt 0.479003 0.431452
vt 0.958497 0.431452
vt 0.229003 0.431452
vt 0.750000 0.432088
vt 0.499965 0.431958
vt 0.708333 0.430869
vt 0.520798 0.430739
vt 0.729003 0.431452
s 0
f 137/1/1 291/2/1 91/3/1 43/4/1
f 217/5/2 166/6/2 90/7/2 88/8/2
f 311/9/3 146/10/3 51/10/3 50/11/3
f 187/12/4 216/13/4 72/13/4 71/12/4
f 316/14/5 116/15/5 80/16/5 70/14/5
f 127/17/6 156/18/6 59/19/6 67/20/6
f 321/21/7 246/22/7 87/22/7 86/23/7
f 156/18/8 147/24/8 55/25/8 59/19/8
f 176/26/9 167/27/9 93/28/9 74/29/9
f 146/10/10 137/1/10 43/4/10 51/10/10
f 136/30/11 127/17/11 67/20/11 66/30/11
f 116/15/12 107/31/12 82/32/12 80/16/12
f 106/33/13 97/34/13 56/35/13 62/36/13
f 97/34/14 257/37/14 52/37/14 56/35/14
f 246/22/15 226/38/15 76/39/15 87/22/15
f 236/40/16 227/41/16 96/41/16 95/40/16
f 216/13/17 207/42/17 64/42/17 72/13/17
f 196/43/18 187/12/18 71/12/18 63/44/18
f 126/45/19 117/46/19 45/47/19 54/48/19
f 186/49/20 177/50/20 42/50/20 47/51/20
f 306/52/21 297/53/21 84/54/21 60/52/21
f 107/31/22 176/26/22 74/29/22 82/32/22
f 296/55/23 136/30/23 66/30/23 58/56/23
f 291/2/24 282/57/24 92/57/24 91/3/24
f 281/58/25 106/33/25 62/36/25 61/59/25
f 166/6/26 157/60/26 79/61/26 90/7/26
f 177/50/27 241/62/27 53/62/27 42/50/27
f 332/63/28 331/64/28 44/65/28 83/63/28
f 331/64/29 321/21/29 86/23/29 44/65/29
f 257/37/30 311/9/30 50/11/30 52/37/30
f 147/24/31 281/58/31 61/59/31 55/25/31
f 207/42/32 296/55/32 58/56/32 64/42/32
f 157/60/33 316/14/33 70/14/33 79/61/33
f 117/46/34 306/52/34 60/52/34 45/47/34
f 276/66/35 236/40/35 95/40/35 46/67/35
f 271/68/36 262/69/36 75/69/36 85/70/36
f 167/27/37 252/71/37 94/72/37 93/28/37
f 251/73/38 196/43/38 63/44/38 69/74/38
f 241/62/39 126/45/39 54/48/39 53/62/39
f 226/38/40 217/5/40 88/8/40 76/39/40
f 206/75/41 197/76/41 78/76/41 77/75/41
f 252/71/42 186/49/42 47/51/42 94/72/42
f 282/57/43 276/66/43 46/67/43 92/57/43
f 262/69/44 326/77/44 68/77/44 75/69/44
f 227/41/45 332/63/45 83/63/45 96/41/45
f 326/77/46 206/75/46 77/75/46 68/77/46
f 197/76/47 251/73/47 69/74/47 78/76/47
f 297/53/48 271/68/48 85/70/48 84/54/48
f 219/8/49 164/7/49 165/6/49 218/78/49
f 220/79/50 163/80/50 164/7/50 219/8/50
f 138/1/51 290/3/51 291/2/51 137/1/51
f 221/8/52 162/7/52 163/80/52 220/79/52
f 139/81/53 289/3/53 290/3/53 138/1/53
f 8/8/54 7/7/54 162/7/54 221/8/54
f 140/81/55 288/3/55 289/3/55 139/81/55
f 141/1/56 287/3/56 288/3/56 140/81/56
f 81/4/57 6/3/57 287/3/57 141/1/57
f 218/78/58 165/6/58 166/6/58 217/5/58
f 188/12/59 215/82/59 216/13/59 187/12/59
f 189/83/60 214/13/60 215/82/60 188/12/60
f 190/84/61 213/82/61 214/13/61 189/83/61
f 310/85/62 145/86/62 146/10/62 311/9/62
f 191/84/63 212/13/63 213/82/63 190/84/63
f 309/11/64 144/87/64 145/86/64 310/85/64
f 23/12/65 22/13/65 212/13/65 191/84/65
f 308/88/66 143/89/66 144/87/66 309/11/66
f 315/14/67 115/90/67 116/15/67 316/14/67
f 307/91/68 142/10/68 143/89/68 308/88/68
f 314/14/69 114/16/69 115/90/69 315/14/69
f 48/11/70 41/10/70 142/10/70 307/91/70
f 312/14/71 112/15/71 113/92/71 313/93/71
f 319/23/72 244/22/72 245/22/72 320/23/72
f 24/14/73 15/16/73 112/15/73 312/14/73
f 318/94/74 243/22/74 244/22/74 319/23/74
f 128/95/75 155/96/75 156/18/75 127/17/75
f 317/97/76 242/98/76 243/22/76 318/94/76
f 129/20/77 154/18/77 155/96/77 128/95/77
f 130/20/78 153/96/78 154/18/78 129/20/78
f 131/20/79 152/96/79 153/96/79 130/20/79
f 27/20/80 34/19/80 152/96/80 131/20/80
f 313/93/81 113/92/81 114/16/81 314/14/81
f 320/23/82 245/22/82 246/22/82 321/21/82
f 34/19/83 37/25/83 151/99/83 152/96/83
f 175/29/84 168/27/84 167/27/84 176/26/84
f 174/26/85 169/27/85 168/27/85 175/29/85
f 10/23/86 9/22/86 242/98/86 317/97/86
f 173/29/87 170/100/87 169/27/87 174/26/87
f 155/96/88 148/25/88 147/24/88 156/18/88
f 172/29/89 171/27/89 170/100/89 173/29/89
f 154/18/90 149/101/90 148/25/90 155/96/90
f 21/29/91 4/28/91 171/27/91 172/29/91
f 153/96/92 150/25/92 149/101/92 154/18/92
f 145/86/93 138/1/93 137/1/93 146/10/93
f 152/96/94 151/99/94 150/25/94 153/96/94
f 115/90/95 108/32/95 107/31/95 116/15/95
f 142/10/96 141/1/96 140/81/96 143/89/96
f 114/16/97 109/102/97 108/32/97 115/90/97
f 41/10/98 81/4/98 141/1/98 142/10/98
f 113/92/99 110/103/99 109/102/99 114/16/99
f 135/104/100 128/95/100 127/17/100 136/30/100
f 134/104/101 129/20/101 128/95/101 135/104/101
f 133/105/102 130/20/102 129/20/102 134/104/102
f 132/106/103 131/20/103 130/20/103 133/105/103
f 144/87/104 139/81/104 138/1/104 145/86/104
f 28/30/105 27/20/105 131/20/105 132/106/105
f 143/89/106 140/81/106 139/81/106 144/87/106
f 31/36/107 36/35/107 101/34/107 102/107/107
f 98/34/108 258/108/108 257/37/108 97/34/108
f 112/15/109 111/103/109 110/103/109 113/92/109
f 99/109/110 259/110/110 258/108/110 98/34/110
f 15/16/111 14/32/111 111/103/111 112/15/111
f 100/35/112 260/37/112 259/110/112 99/109/112
f 105/33/113 98/34/113 97/34/113 106/33/113
f 101/34/114 261/37/114 260/37/114 100/35/114
f 104/111/115 99/109/115 98/34/115 105/33/115
f 36/35/116 40/37/116 261/37/116 101/34/116
f 103/112/117 100/35/117 99/109/117 104/111/117
f 102/107/118 101/34/118 100/35/118 103/112/118
f 243/22/119 223/39/119 224/39/119 244/22/119
f 215/82/120 208/113/120 207/42/120 216/13/120
f 242/98/121 222/114/121 223/39/121 243/22/121
f 214/13/122 209/113/122 208/113/122 215/82/122
f 9/22/123 19/39/123 222/114/123 242/98/123
f 235/115/124 228/41/124 227/41/124 236/40/124
f 234/116/125 229/41/125 228/41/125 235/115/125
f 233/40/126 230/41/126 229/41/126 234/116/126
f 245/22/127 225/39/127 226/38/127 246/22/127
f 232/40/128 231/117/128 230/41/128 233/40/128
f 244/22/129 224/39/129 225/39/129 245/22/129
f 2/40/130 1/41/130 231/117/130 232/40/130
f 192/118/131 191/84/131 190/84/131 193/43/131
f 30/44/132 23/12/132 191/84/132 192/118/132
f 213/82/133 210/119/133 209/113/133 214/13/133
f 125/48/134 118/120/134 117/46/134 126/45/134
f 212/13/135 211/121/135 210/119/135 213/82/135
f 124/122/136 119/123/136 118/120/136 125/48/136
f 22/13/137 29/42/137 211/121/137 212/13/137
f 123/48/138 120/124/138 119/123/138 124/122/138
f 195/125/139 188/12/139 187/12/139 196/43/139
f 122/48/140 121/124/140 120/124/140 123/48/140
f 194/43/141 189/83/141 188/12/141 195/125/141
f 193/43/142 190/84/142 189/83/142 194/43/142
f 33/52/143 12/54/143 301/54/143 302/52/143
f 183/126/144 180/127/144 179/50/144 184/128/144
f 108/32/145 175/29/145 176/26/145 107/31/145
f 182/129/146 181/50/146 180/127/146 183/126/146
f 49/51/147 89/50/147 181/50/147 182/129/147
f 305/52/148 298/130/148 297/53/148 306/52/148
f 304/131/149 299/53/149 298/130/149 305/52/149
f 38/48/150 65/47/150 121/124/150 122/48/150
f 303/52/151 300/54/151 299/53/151 304/131/151
f 185/132/152 178/133/152 177/50/152 186/49/152
f 302/52/153 301/54/153 300/54/153 303/52/153
f 184/128/154 179/50/154 178/133/154 185/132/154
f 292/55/155 132/106/155 133/105/155 293/56/155
f 109/102/156 174/26/156 175/29/156 108/32/156
f 35/56/157 28/30/157 132/106/157 292/55/157
f 110/103/158 173/29/158 174/26/158 109/102/158
f 290/3/159 283/57/159 282/57/159 291/2/159
f 111/103/160 172/29/160 173/29/160 110/103/160
f 289/3/161 284/57/161 283/57/161 290/3/161
f 14/32/162 21/29/162 172/29/162 111/103/162
f 288/3/163 285/134/163 284/57/163 289/3/163
f 295/135/164 135/104/164 136/30/164 296/55/164
f 294/55/165 134/104/165 135/104/165 295/135/165
f 293/56/166 133/105/166 134/104/166 294/55/166
f 7/7/167 16/61/167 161/61/167 162/7/167
f 278/136/168 103/112/168 104/111/168 279/137/168
f 277/138/169 102/107/169 103/112/169 278/136/169
f 32/59/170 31/36/170 102/107/170 277/138/170
f 165/6/171 158/139/171 157/60/171 166/6/171
f 287/3/172 286/140/172 285/134/172 288/3/172
f 164/7/173 159/141/173 158/139/173 165/6/173
f 6/3/174 5/57/174 286/140/174 287/3/174
f 163/80/175 160/61/175 159/141/175 164/7/175
f 280/138/176 105/33/176 106/33/176 281/58/176
f 162/7/177 161/61/177 160/61/177 163/80/177
f 279/137/178 104/111/178 105/33/178 280/138/178
f 178/133/179 240/62/179 241/62/179 177/50/179
f 336/142/180 327/65/180 328/65/180 335/143/180
f 179/50/181 239/144/181 240/62/181 178/133/181
f 13/63/182 73/65/182 327/65/182 336/142/182
f 180/127/183 238/62/183 239/144/183 179/50/183
f 330/145/184 320/23/184 321/21/184 331/64/184
f 181/50/185 237/146/185 238/62/185 180/127/185
f 329/145/186 319/23/186 320/23/186 330/145/186
f 89/50/187 39/62/187 237/146/187 181/50/187
f 333/147/188 330/145/188 331/64/188 332/63/188
f 334/143/189 329/145/189 330/145/189 333/147/189
f 335/143/190 328/65/190 329/145/190 334/143/190
f 259/110/191 309/11/191 310/85/191 258/108/191
f 260/37/192 308/88/192 309/11/192 259/110/192
f 261/37/193 307/91/193 308/88/193 260/37/193
f 40/37/194 48/11/194 307/91/194 261/37/194
f 328/65/195 318/94/195 319/23/195 329/145/195
f 148/25/196 280/138/196 281/58/196 147/24/196
f 327/65/197 317/97/197 318/94/197 328/65/197
f 149/101/198 279/137/198 280/138/198 148/25/198
f 73/65/199 10/23/199 317/97/199 327/65/199
f 150/25/200 278/136/200 279/137/200 149/101/200
f 258/108/201 310/85/201 311/9/201 257/37/201
f 151/99/202 277/138/202 278/136/202 150/25/202
f 160/61/203 313/93/203 314/14/203 159/141/203
f 208/113/204 295/135/204 296/55/204 207/42/204
f 161/61/205 312/14/205 313/93/205 160/61/205
f 209/113/206 294/55/206 295/135/206 208/113/206
f 16/61/207 24/14/207 312/14/207 161/61/207
f 210/119/208 293/56/208 294/55/208 209/113/208
f 118/120/209 305/52/209 306/52/209 117/46/209
f 211/121/210 292/55/210 293/56/210 210/119/210
f 29/42/211 35/56/211 292/55/211 211/121/211
f 158/139/212 315/14/212 316/14/212 157/60/212
f 159/141/213 314/14/213 315/14/213 158/139/213
f 37/25/214 32/59/214 277/138/214 151/99/214
f 274/148/215 234/116/215 235/115/215 275/149/215
f 273/150/216 233/40/216 234/116/216 274/148/216
f 272/149/217 232/40/217 233/40/217 273/150/217
f 119/123/218 304/131/218 305/52/218 118/120/218
f 57/67/219 2/40/219 232/40/219 272/149/219
f 120/124/220 303/52/220 304/131/220 119/123/220
f 270/151/221 263/69/221 262/69/221 271/68/221
f 121/124/222 302/52/222 303/52/222 120/124/222
f 269/70/223 264/69/223 263/69/223 270/151/223
f 65/47/224 33/52/224 302/52/224 121/124/224
f 268/70/225 265/69/225 264/69/225 269/70/225
f 275/149/226 235/115/226 236/40/226 276/66/226
f 11/70/227 20/69/227 266/69/227 267/70/227
f 248/152/228 193/43/228 194/43/228 249/74/228
f 168/27/229 253/72/229 252/71/229 167/27/229
f 247/153/230 192/118/230 193/43/230 248/152/230
f 169/27/231 254/71/231 253/72/231 168/27/231
f 25/74/232 30/44/232 192/118/232 247/153/232
f 170/100/233 255/71/233 254/71/233 169/27/233
f 171/27/234 256/72/234 255/71/234 170/100/234
f 4/28/235 3/72/235 256/72/235 171/27/235
f 250/154/236 195/125/236 196/43/236 251/73/236
f 267/70/237 266/69/237 265/69/237 268/70/237
f 249/74/238 194/43/238 195/125/238 250/154/238
f 225/39/239 218/78/239 217/5/239 226/38/239
f 224/39/240 219/8/240 218/78/240 225/39/240
f 223/39/241 220/79/241 219/8/241 224/39/241
f 240/62/242 125/48/242 126/45/242 241/62/242
f 222/114/243 221/8/243 220/79/243 223/39/243
f 239/144/244 124/122/244 125/48/244 240/62/244
f 19/39/245 8/8/245 221/8/245 222/114/245
f 238/62/246 123/48/246 124/122/246 239/144/246
f 205/155/247 198/76/247 197/76/247 206/75/247
f 237/146/248 122/48/248 123/48/248 238/62/248
f 204/156/249 199/76/249 198/76/249 205/155/249
f 39/62/250 38/48/250 122/48/250 237/146/250
f 284/57/251 274/148/251 275/149/251 283/57/251
f 18/75/252 17/76/252 201/76/252 202/157/252
f 285/134/253 273/150/253 274/148/253 284/57/253
f 253/72/254 185/132/254 186/49/254 252/71/254
f 286/140/255 272/149/255 273/150/255 285/134/255
f 254/71/256 184/128/256 185/132/256 253/72/256
f 255/71/257 183/126/257 184/128/257 254/71/257
f 256/72/258 182/129/258 183/126/258 255/71/258
f 3/72/259 49/51/259 182/129/259 256/72/259
f 203/158/260 200/159/260 199/76/260 204/156/260
f 283/57/261 275/149/261 276/66/261 282/57/261
f 202/157/262 201/76/262 200/159/262 203/158/262
f 228/41/263 333/147/263 332/63/263 227/41/263
f 229/41/264 334/143/264 333/147/264 228/41/264
f 5/57/265 57/67/265 272/149/265 286/140/265
f 230/41/266 335/143/266 334/143/266 229/41/266
f 263/69/267 325/77/267 326/77/267 262/69/267
f 231/117/268 336/142/268 335/143/268 230/41/268
f 264/69/269 324/77/269 325/77/269 263/69/269
f 1/41/270 13/63/270 336/142/270 231/117/270
f 265/69/271 323/77/271 324/77/271 264/69/271
f 325/77/272 205/155/272 206/75/272 326/77/272
f 266/69/273 322/77/273 323/77/273 265/69/273
f 20/69/274 26/77/274 322/77/274 266/69/274
f 299/53/275 269/70/275 270/151/275 298/130/275
f 26/77/276 18/75/276 202/157/276 322/77/276
f 300/54/277 268/70/277 269/70/277 299/53/277
f 198/76/278 250/154/278 251/73/278 197/76/278
f 199/76/279 249/74/279 250/154/279 198/76/279
f 200/159/280 248/152/280 249/74/280 199/76/280
f 201/76/281 247/153/281 248/152/281 200/159/281
f 324/77/282 204/156/282 205/155/282 325/77/282
f 17/76/283 25/74/283 247/153/283 201/76/283
f 323/77/284 203/158/284 204/156/284 324/77/284
f 298/130/285 270/151/285 271/68/285 297/53/285
f 322/77/286 202/157/286 203/158/286 323/77/286
f 301/54/287 267/70/287 268/70/287 300/54/287
f 12/54/288 11/70/288 267/70/288 301/54/288
f 368/160/289 337/161/289 338/162/289 339/163/289 340/164/289 341/165/289 342/166/289 343/167/289 344/168/289 345/169/289 346/170/289 347/171/289 348/172/289 349/173/289 350/174/289 351/175/289 352/176/289 353/177/289 354/178/289 355/179/289 356/180/289 357/181/289 358/182/289 359/183/289 360/184/289 361/185/289 362/186/289 363/187/289 364/188/289 365/189/289 366/190/289 367/191/289
f 368/192/290 400/193/290 369/194/290 337/195/290
f 367/196/291 399/197/291 400/193/291 368/192/291
f 366/198/292 398/199/292 399/197/292 367/196/292
f 365/200/293 397/201/293 398/199/293 366/198/293
f 364/202/294 396/203/294 397/201/294 365/200/294
f 363/204/295 395/205/295 396/203/295 364/202/295
f 362/206/296 394/207/296 395/205/296 363/204/296
f 361/208/297 393/209/297 394/207/297 362/206/297
f 360/210/298 392/211/298 393/209/298 361/208/298
f 359/212/299 391/213/299 392/211/299 360/210/299
f 358/214/300 390/215/300 391/213/300 359/212/300
f 357/216/301 389/217/301 390/215/301 358/214/301
f 356/218/302 388/219/302 389/217/302 357/216/302
f 355/220/303 387/221/303 388/219/303 356/218/303
f 354/222/304 386/223/304 387/221/304 355/220/304
f 353/224/305 385/225/305 386/223/305 354/222/305
f 352/226/306 384/227/306 385/225/306 353/224/306
f 351/228/307 383/229/307 384/227/307 352/226/307
f 350/230/308 382/231/308 383/229/308 351/228/308
f 349/232/309 381/233/309 382/231/309 350/230/309
f 348/234/310 380/235/310 381/233/310 349/232/310
f 347/236/311 379/237/311 380/235/311 348/234/311
f 346/238/312 378/239/312 379/237/312 347/236/312
f 345/240/313 377/241/313 378/239/313 346/238/313
f 344/242/314 376/243/314 377/241/314 345/240/314
f 343/244/315 375/245/315 376/243/315 344/242/315
f 342/246/316 374/247/316 375/245/316 343/244/316
f 341/248/317 373/249/317 374/247/317 342/246/317
f 340/250/318 372/251/318 373/249/318 341/248/318
f 339/252/319 371/253/319 372/251/319 340/250/319
f 338/254/320 370/255/320 371/253/320 339/252/320
f 337/256/321 369/257/321 370/255/321 338/254/321
f 400/193/322 432/258/322 401/259/322 369/194/322
f 399/197/323 431/260/323 432/258/323 400/193/323
f 398/199/324 430/261/324 431/260/324 399/197/324
f 397/201/325 429/262/325 430/261/325 398/199/325
f 396/203/326 428/263/326 429/262/326 397/201/326
f 395/205/327 427/264/327 428/263/327 396/203/327
f 394/207/328 426/265/328 427/264/328 395/205/328
f 393/209/329 425/266/329 426/265/329 394/207/329
f 392/211/330 424/267/330 425/266/330 393/209/330
f 391/213/331 423/268/331 424/267/331 392/211/331
f 390/215/332 422/269/332 423/268/332 391/213/332
f 389/217/333 421/270/333 422/269/333 390/215/333
f 388/219/334 420/271/334 421/270/334 389/217/334
f 387/221/335 419/272/335 420/271/335 388/219/335
f 386/223/336 418/273/336 419/272/336 387/221/336
f 385/225/337 417/274/337 418/273/337 386/223/337
f 384/227/338 416/275/338 417/274/338 385/225/338
f 383/229/339 415/276/339 416/275/339 384/227/339
f 382/231/340 414/277/340 415/276/340 383/229/340
f 381/233/341 413/278/341 414/277/341 382/231/341
f 380/235/342 412/279/342 413/278/342 381/233/342
f 379/237/343 411/280/343 412/279/343 380/235/343
f 378/239/344 410/281/344 411/280/344 379/237/344
f 377/241/345 409/282/345 410/281/345 378/239/345
f 376/243/346 408/283/346 409/282/346 377/241/346
f 375/245/347 407/284/347 408/283/347 376/243/347
f 374/247/348 406/285/348 407/284/348 375/245/348
f 373/249/349 405/286/349 406/285/349 374/247/349
f 372/251/350 404/287/350 405/286/350 373/249/350
f 371/253/351 403/288/351 404/287/351 372/251/351
f 370/255/352 402/289/352 403/288/352 371/253/352
f 369/257/353 401/290/353 402/289/353 370/255/353
f 433/224/354 438/291/354 439/292/354 434/293/354
f 434/293/355 439/292/355 440/294/355 435/295/355
f 764/296/356 602/297/356 441/54/356 436/52/356
f 437/298/357 442/299/357 438/291/357 433/224/357
f 438/291/358 443/300/358 444/301/358 439/292/358
f 439/292/359 444/301/359 445/302/359 440/294/359
f 602/297/360 656/303/360 446/304/360 441/54/360
f 442/299/361 447/305/361 443/300/361 438/291/361
f 443/300/362 448/228/362 449/306/362 444/301/362
f 444/301/363 449/306/363 450/307/363 445/302/363
f 656/303/364 703/308/364 451/69/364 446/304/364
f 447/305/365 452/309/365 448/228/365 443/300/365
f 448/228/366 453/310/366 454/311/366 449/306/366
f 449/306/367 454/311/367 455/312/367 450/307/367
f 703/308/368 757/313/368 456/314/368 451/69/368
f 452/309/369 457/315/369 453/310/369 448/228/369
f 453/310/370 458/316/370 459/317/370 454/311/370
f 454/311/371 459/317/371 460/318/371 455/312/371
f 757/313/372 595/319/372 461/320/372 456/314/372
f 457/315/373 462/321/373 458/316/373 453/310/373
f 458/316/374 463/232/374 464/322/374 459/317/374
f 459/317/375 464/322/375 465/323/375 460/318/375
f 595/319/376 649/324/376 466/76/376 461/320/376
f 462/321/377 467/325/377 463/232/377 458/316/377
f 463/232/378 468/326/378 469/327/378 464/322/378
f 464/322/379 469/327/379 470/328/379 465/323/379
f 649/324/380 701/329/380 471/330/380 466/76/380
f 467/325/381 472/331/381 468/326/381 463/232/381
f 468/326/382 473/332/382 474/333/382 469/327/382
f 469/327/383 474/333/383 475/334/383 470/328/383
f 701/329/384 755/335/384 476/336/384 471/330/384
f 472/331/385 477/337/385 473/332/385 468/326/385
f 473/332/386 478/236/386 479/338/386 474/333/386
f 474/333/387 479/338/387 480/339/387 475/334/387
f 755/335/388 593/340/388 481/12/388 476/336/388
f 477/337/389 482/341/389 478/236/389 473/332/389
f 478/236/390 483/342/390 484/343/390 479/338/390
f 479/338/391 484/343/391 485/344/391 480/339/391
f 593/340/392 647/345/392 486/346/392 481/12/392
f 482/341/393 487/347/393 483/342/393 478/236/393
f 483/342/394 488/348/394 489/349/394 484/343/394
f 484/343/395 489/349/395 490/350/395 485/344/395
f 647/345/396 694/351/396 491/352/396 486/346/396
f 487/347/397 492/353/397 488/348/397 483/342/397
f 488/348/398 493/240/398 494/354/398 489/349/398
f 489/349/399 494/354/399 495/355/399 490/350/399
f 694/351/400 748/356/400 496/55/400 491/352/400
f 492/353/401 497/357/401 493/240/401 488/348/401
f 493/240/402 498/358/402 499/359/402 494/354/402
f 494/354/403 499/359/403 500/360/403 495/355/403
f 748/356/404 586/361/404 501/30/404 496/55/404
f 497/357/405 502/362/405 498/358/405 493/240/405
f 498/358/406 503/363/406 504/364/406 499/359/406
f 499/359/407 504/364/407 505/365/407 500/360/407
f 586/361/408 640/366/408 506/367/408 501/30/408
f 502/362/409 507/368/409 503/363/409 498/358/409
f 503/363/410 508/244/410 509/369/410 504/364/410
f 504/364/411 509/369/411 510/370/411 505/365/411
f 640/366/412 692/371/412 511/372/412 506/367/412
f 507/368/413 512/373/413 508/244/413 503/363/413
f 508/244/414 513/374/414 514/375/414 509/369/414
f 509/369/415 514/375/415 515/376/415 510/370/415
f 692/371/416 746/377/416 516/24/416 511/372/416
f 512/373/417 517/378/417 513/374/417 508/244/417
f 513/374/418 518/379/418 519/380/418 514/375/418
f 514/375/419 519/380/419 520/381/419 515/376/419
f 746/377/420 584/382/420 521/59/420 516/24/420
f 517/378/421 522/383/421 518/379/421 513/374/421
f 518/379/422 523/248/422 524/384/422 519/380/422
f 519/380/423 524/384/423 525/385/423 520/381/423
f 584/382/424 638/386/424 526/33/424 521/59/424
f 522/383/425 527/387/425 523/248/425 518/379/425
f 523/248/426 528/388/426 529/389/426 524/384/426
f 524/384/427 529/389/427 530/390/427 525/385/427
f 638/386/428 685/391/428 531/392/428 526/33/428
f 527/387/429 532/393/429 528/388/429 523/248/429
f 528/388/430 533/394/430 534/395/430 529/389/430
f 529/389/431 534/395/431 535/396/431 530/390/431
f 685/391/432 739/397/432 536/108/432 531/392/432
f 532/393/433 537/398/433 533/394/433 528/388/433
f 533/394/434 538/252/434 539/399/434 534/395/434
f 534/395/435 539/399/435 540/400/435 535/396/435
f 739/397/436 577/401/436 541/88/436 536/108/436
f 537/398/437 542/402/437 538/252/437 533/394/437
f 538/252/438 543/403/438 544/404/438 539/399/438
f 539/399/439 544/404/439 545/405/439 540/400/439
f 577/401/440 631/406/440 546/87/440 541/88/440
f 542/402/441 547/407/441 543/403/441 538/252/441
f 543/403/442 548/408/442 549/409/442 544/404/442
f 544/404/443 549/409/443 550/410/443 545/405/443
f 631/406/444 683/411/444 551/412/444 546/87/444
f 765/413/445 603/414/445 602/297/445 764/296/445
f 547/407/446 552/415/446 548/408/446 543/403/446
f 548/408/447 553/256/447 554/416/447 549/409/447
f 549/409/448 554/416/448 555/417/448 550/410/448
f 683/411/449 737/418/449 556/419/449 551/412/449
f 435/295/450 440/294/450 603/414/450 765/413/450
f 603/414/451 657/420/451 656/303/451 602/297/451
f 440/294/452 445/302/452 657/420/452 603/414/452
f 657/420/453 704/421/453 703/308/453 656/303/453
f 552/415/454 561/422/454 553/256/454 548/408/454
f 553/423/455 562/424/455 563/425/455 554/426/455
f 554/426/456 563/425/456 564/427/456 555/428/456
f 737/429/457 575/430/457 565/431/457 556/432/457
f 445/302/458 450/307/458 704/421/458 657/420/458
f 704/421/459 758/433/459 757/313/459 703/308/459
f 450/307/460 455/312/460 758/433/460 704/421/460
f 758/433/461 596/434/461 595/319/461 757/313/461
f 561/435/462 570/436/462 562/424/462 553/423/462
f 562/424/463 571/437/463 572/438/463 563/425/463
f 563/425/464 572/438/464 573/439/464 564/427/464
f 575/430/465 629/440/465 574/441/465 565/431/465
f 596/434/466 650/442/466 649/324/466 595/319/466
f 455/312/467 460/318/467 596/434/467 758/433/467
f 460/318/468 465/323/468 650/442/468 596/434/468
f 650/442/469 702/443/469 701/329/469 649/324/469
f 570/436/470 579/444/470 571/437/470 562/424/470
f 571/437/471 580/196/471 581/445/471 572/438/471
f 572/438/472 581/445/472 582/446/472 573/439/472
f 629/440/473 676/447/473 583/40/473 574/441/473
f 465/323/474 470/328/474 702/443/474 650/442/474
f 702/443/475 756/448/475 755/335/475 701/329/475
f 470/328/476 475/334/476 756/448/476 702/443/476
f 756/448/477 594/449/477 593/340/477 755/335/477
f 579/444/478 588/450/478 580/196/478 571/437/478
f 580/196/479 589/451/479 590/452/479 581/445/479
f 581/445/480 590/452/480 591/453/480 582/446/480
f 676/447/481 730/454/481 592/117/481 583/40/481
f 475/334/482 480/339/482 594/449/482 756/448/482
f 594/449/483 648/455/483 647/345/483 593/340/483
f 480/339/484 485/344/484 648/455/484 594/449/484
f 648/455/485 695/456/485 694/351/485 647/345/485
f 588/450/486 597/457/486 589/451/486 580/196/486
f 589/451/487 598/458/487 599/459/487 590/452/487
f 590/452/488 599/459/488 600/460/488 591/453/488
f 730/454/489 568/461/489 601/462/489 592/117/489
f 485/344/490 490/350/490 695/456/490 648/455/490
f 695/456/491 749/463/491 748/356/491 694/351/491
f 490/350/492 495/355/492 749/463/492 695/456/492
f 749/463/493 587/464/493 586/361/493 748/356/493
f 597/457/494 606/465/494 598/458/494 589/451/494
f 598/458/495 607/200/495 608/466/495 599/459/495
f 599/459/496 608/466/496 609/467/496 600/460/496
f 568/461/497 622/468/497 610/64/497 601/462/497
f 587/464/498 641/469/498 640/366/498 586/361/498
f 495/355/499 500/360/499 587/464/499 749/463/499
f 500/360/500 505/365/500 641/469/500 587/464/500
f 641/469/501 693/470/501 692/371/501 640/366/501
f 606/465/502 615/471/502 607/200/502 598/458/502
f 607/200/503 616/472/503 617/473/503 608/466/503
f 608/466/504 617/473/504 618/474/504 609/467/504
f 622/468/505 674/475/505 619/94/505 610/64/505
f 505/365/506 510/370/506 693/470/506 641/469/506
f 693/470/507 747/476/507 746/377/507 692/371/507
f 510/370/508 515/376/508 747/476/508 693/470/508
f 747/476/509 585/477/509 584/382/509 746/377/509
f 615/471/510 624/478/510 616/472/510 607/200/510
f 616/472/511 625/479/511 626/480/511 617/473/511
f 617/473/512 626/480/512 627/481/512 618/474/512
f 674/475/513 728/482/513 628/483/513 619/94/513
f 515/376/514 520/381/514 585/477/514 747/476/514
f 585/477/515 639/484/515 638/386/515 584/382/515
f 520/381/516 525/385/516 639/484/516 585/477/516
f 639/484/517 686/485/517 685/391/517 638/386/517
f 624/478/518 633/486/518 625/479/518 616/472/518
f 625/479/519 634/204/519 635/487/519 626/480/519
f 626/480/520 635/487/520 636/488/520 627/481/520
f 728/482/521 566/489/521 637/38/521 628/483/521
f 525/385/522 530/390/522 686/485/522 639/484/522
f 686/485/523 740/490/523 739/397/523 685/391/523
f 530/390/524 535/396/524 740/490/524 686/485/524
f 740/490/525 578/491/525 577/401/525 739/397/525
f 633/486/526 642/492/526 634/204/526 625/479/526
f 634/204/527 643/493/527 644/494/527 635/487/527
f 635/487/528 644/494/528 645/495/528 636/488/528
f 566/489/529 620/496/529 646/78/529 637/38/529
f 578/491/530 632/497/530 631/406/530 577/401/530
f 535/396/531 540/400/531 578/491/531 740/490/531
f 540/400/532 545/405/532 632/497/532 578/491/532
f 632/497/533 684/498/533 683/411/533 631/406/533
f 642/492/534 651/499/534 643/493/534 634/204/534
f 643/493/535 652/500/535 653/501/535 644/494/535
f 644/494/536 653/501/536 654/502/536 645/495/536
f 620/496/537 667/503/537 655/504/537 646/78/537
f 545/405/538 550/410/538 684/498/538 632/497/538
f 684/498/539 738/505/539 737/418/539 683/411/539
f 550/410/540 555/417/540 738/505/540 684/498/540
f 738/506/541 576/507/541 575/430/541 737/429/541
f 651/499/542 660/508/542 652/500/542 643/493/542
f 652/500/543 661/208/543 662/509/543 653/501/543
f 653/501/544 662/509/544 663/510/544 654/502/544
f 667/503/545 721/511/545 664/61/545 655/504/545
f 555/428/546 564/427/546 576/507/546 738/506/546
f 576/507/547 630/512/547 629/440/547 575/430/547
f 564/427/548 573/439/548 630/512/548 576/507/548
f 630/512/549 677/513/549 676/447/549 629/440/549
f 660/508/550 669/514/550 661/208/550 652/500/550
f 661/208/551 670/515/551 671/516/551 662/509/551
f 662/509/552 671/516/552 672/517/552 663/510/552
f 721/511/553 559/518/553 673/519/553 664/61/553
f 573/439/554 582/446/554 677/513/554 630/512/554
f 677/513/555 731/520/555 730/454/555 676/447/555
f 582/446/556 591/453/556 731/520/556 677/513/556
f 731/520/557 569/521/557 568/461/557 730/454/557
f 669/514/558 678/522/558 670/515/558 661/208/558
f 670/515/559 679/523/559 680/524/559 671/516/559
f 671/516/560 680/524/560 681/525/560 672/517/560
f 559/518/561 613/526/561 682/16/561 673/519/561
f 569/521/562 623/527/562 622/468/562 568/461/562
f 591/453/563 600/460/563 569/521/563 731/520/563
f 600/460/564 609/467/564 623/527/564 569/521/564
f 623/527/565 675/528/565 674/475/565 622/468/565
f 678/522/566 687/529/566 679/523/566 670/515/566
f 679/523/567 688/212/567 689/530/567 680/524/567
f 680/524/568 689/530/568 690/531/568 681/525/568
f 613/526/569 665/532/569 691/103/569 682/16/569
f 609/467/570 618/474/570 675/528/570 623/527/570
f 675/528/571 729/533/571 728/482/571 674/475/571
f 618/474/572 627/481/572 729/533/572 675/528/572
f 729/533/573 567/534/573 566/489/573 728/482/573
f 687/529/574 696/535/574 688/212/574 679/523/574
f 688/212/575 697/536/575 698/537/575 689/530/575
f 689/530/576 698/537/576 699/538/576 690/531/576
f 665/532/577 719/539/577 700/26/577 691/103/577
f 627/481/578 636/488/578 567/534/578 729/533/578
f 567/534/579 621/540/579 620/496/579 566/489/579
f 636/488/580 645/495/580 621/540/580 567/534/580
f 621/540/581 668/541/581 667/503/581 620/496/581
f 696/535/582 705/542/582 697/536/582 688/212/582
f 697/536/583 706/543/583 707/544/583 698/537/583
f 698/537/584 707/544/584 708/545/584 699/538/584
f 719/539/585 557/546/585 709/28/585 700/26/585
f 645/495/586 654/502/586 668/541/586 621/540/586
f 668/541/587 722/547/587 721/511/587 667/503/587
f 654/502/588 663/510/588 722/547/588 668/541/588
f 722/547/589 560/548/589 559/518/589 721/511/589
f 705/542/590 714/549/590 706/543/590 697/536/590
f 706/543/591 715/216/591 716/550/591 707/544/591
f 707/544/592 716/550/592 717/551/592 708/545/592
f 557/546/593 611/552/593 718/553/593 709/28/593
f 560/548/594 614/554/594 613/526/594 559/518/594
f 663/510/595 672/517/595 560/548/595 722/547/595
f 672/517/596 681/525/596 614/554/596 560/548/596
f 614/554/597 666/555/597 665/532/597 613/526/597
f 714/549/598 723/556/598 715/216/598 706/543/598
f 715/216/599 724/557/599 725/558/599 716/550/599
f 716/550/600 725/558/600 726/559/600 717/551/600
f 611/552/601 712/560/601 727/561/601 718/553/601
f 681/525/602 690/531/602 666/555/602 614/554/602
f 666/555/603 720/562/603 719/539/603 665/532/603
f 690/531/604 699/538/604 720/562/604 666/555/604
f 720/562/605 558/563/605 557/546/605 719/539/605
f 723/556/606 732/564/606 724/557/606 715/216/606
f 724/557/607 733/565/607 734/566/607 725/558/607
f 725/558/608 734/566/608 735/567/608 726/559/608
f 712/560/609 766/568/609 736/569/609 727/561/609
f 699/538/610 708/545/610 558/563/610 720/562/610
f 558/563/611 612/570/611 611/552/611 557/546/611
f 708/545/612 717/551/612 612/570/612 558/563/612
f 612/570/613 713/571/613 712/560/613 611/552/613
f 732/564/614 741/572/614 733/565/614 724/557/614
f 733/565/615 742/220/615 743/573/615 734/566/615
f 734/566/616 743/573/616 744/574/616 735/567/616
f 766/568/617 604/575/617 745/62/617 736/569/617
f 717/551/618 726/559/618 713/571/618 612/570/618
f 713/571/619 767/576/619 766/568/619 712/560/619
f 726/559/620 735/567/620 767/576/620 713/571/620
f 767/576/621 605/577/621 604/575/621 766/568/621
f 741/572/622 750/578/622 742/220/622 733/565/622
f 742/220/623 751/579/623 752/580/623 743/573/623
f 743/573/624 752/580/624 753/581/624 744/574/624
f 604/575/625 658/582/625 754/583/625 745/62/625
f 605/577/626 659/584/626 658/582/626 604/575/626
f 735/567/627 744/574/627 605/577/627 767/576/627
f 659/584/628 711/585/628 710/586/628 658/582/628
f 750/578/629 759/587/629 751/579/629 742/220/629
f 751/579/630 760/588/630 761/589/630 752/580/630
f 752/580/631 761/589/631 762/590/631 753/581/631
f 658/582/632 710/586/632 763/591/632 754/583/632
f 753/581/633 762/590/633 711/585/633 659/584/633
f 744/574/634 753/581/634 659/584/634 605/577/634
f 711/585/635 765/413/635 764/296/635 710/586/635
f 762/590/636 435/295/636 765/413/636 711/585/636
f 759/587/637 768/592/637 760/588/637 751/579/637
f 760/588/638 433/224/638 434/293/638 761/589/638
f 761/589/639 434/293/639 435/295/639 762/590/639
f 710/586/640 764/296/640 436/52/640 763/591/640
f 768/592/641 437/298/641 433/224/641 760/588/641
f 763/591/642 436/52/642 441/54/642 446/304/642 451/69/642 456/314/642 461/320/642 466/76/642 471/330/642 476/336/642 481/12/642 486/346/642 491/352/642 496/55/642 501/30/642 506/367/642 511/372/642 516/24/642 521/59/642 526/33/642 531/392/642 536/108/642 541/88/642 546/87/642 551/412/642 556/432/642 565/431/642 574/441/642 583/40/642 592/117/642 601/462/642 610/64/642 619/94/642 628/483/642 637/38/642 646/78/642 655/504/642 664/61/642 673/519/642 682/16/642 691/103/642 700/26/642 709/28/642 718/553/642 727/561/642 736/569/642 745/62/642 754/583/642
f 782/30/289 781/55/289 780/352/289 779/346/289 778/12/289 777/336/289 776/330/289 775/76/289 774/320/289 773/314/289 772/69/289 771/304/289 770/54/289 769/52/289 816/591/289 815/583/289 814/62/289 813/569/289 812/561/289 811/553/289 810/28/289 809/26/289 808/103/289 807/16/289 806/519/289 805/61/289 804/504/289 803/78/289 802/38/289 801/483/289 800/94/289 799/64/289 798/462/289 797/117/289 796/40/289 795/441/289 794/431/289 793/432/289 792/412/289 791/87/289 790/88/289 789/108/289 788/392/289 787/33/289 786/59/289 785/24/289 784/372/289 783/367/289
f 799/64/643 800/94/643 856/94/643 997/593/643
f 997/593/644 856/94/644 855/94/644 998/64/644
f 998/64/645 855/94/645 854/94/645 999/64/645
f 999/64/646 854/94/646 853/94/646 1000/65/646
f 1000/65/647 853/94/647 10/23/647 73/65/647
f 816/591/648 769/52/648 948/52/648 993/594/648
f 993/594/649 948/52/649 947/52/649 994/591/649
f 994/591/650 947/52/650 946/52/650 995/123/650
f 995/123/651 946/52/651 945/52/651 996/47/651
f 996/47/652 945/52/652 33/52/652 65/47/652
f 806/519/653 807/16/653 876/16/653 909/595/653
f 909/595/654 876/16/654 875/16/654 910/595/654
f 910/595/655 875/16/655 874/16/655 911/595/655
f 911/595/656 874/16/656 873/16/656 912/14/656
f 912/14/657 873/16/657 15/16/657 24/14/657
f 792/412/658 793/432/658 840/596/658 1001/597/658
f 1001/597/659 840/596/659 839/432/659 1002/597/659
f 1002/597/660 839/432/660 838/432/660 1003/597/660
f 1003/597/661 838/432/661 837/432/661 1004/4/661
f 1004/4/662 837/432/662 6/3/662 81/4/662
f 795/441/663 796/40/663 824/598/663 989/599/663
f 989/599/664 824/598/664 823/40/664 990/150/664
f 990/150/665 823/40/665 822/40/665 991/150/665
f 991/150/666 822/40/666 821/40/666 992/67/666
f 992/67/667 821/40/667 2/40/667 57/67/667
f 813/569/668 814/62/668 972/600/668 1005/601/668
f 1005/601/669 972/600/669 971/62/669 1006/602/669
f 1006/602/670 971/62/670 970/62/670 1007/569/670
f 1007/569/671 970/62/671 969/62/671 1008/50/671
f 1008/50/672 969/62/672 39/62/672 89/50/672
f 802/38/673 803/78/673 848/78/673 889/38/673
f 889/38/674 848/78/674 847/78/674 890/38/674
f 890/38/675 847/78/675 846/78/675 891/38/675
f 891/38/676 846/78/676 845/8/676 892/39/676
f 892/39/677 845/8/677 8/8/677 19/39/677
f 812/561/678 813/569/678 1005/601/678 985/49/678
f 985/49/679 1005/601/679 1006/602/679 986/49/679
f 986/49/680 1006/602/680 1007/569/680 987/49/680
f 987/49/681 1007/569/681 1008/50/681 988/129/681
f 988/129/682 1008/50/682 89/50/682 49/51/682
f 791/87/683 792/412/683 1001/597/683 977/603/683
f 977/603/684 1001/597/684 1002/597/684 978/603/684
f 978/603/685 1002/597/685 1003/597/685 979/10/685
f 979/10/686 1003/597/686 1004/4/686 980/10/686
f 980/10/687 1004/4/687 81/4/687 41/10/687
f 798/462/688 799/64/688 997/593/688 865/462/688
f 865/462/689 997/593/689 998/64/689 866/147/689
f 866/147/690 998/64/690 999/64/690 867/462/690
f 867/462/691 999/64/691 1000/65/691 868/63/691
f 868/63/692 1000/65/692 73/65/692 13/63/692
f 789/108/693 790/88/693 984/604/693 973/605/693
f 973/605/694 984/604/694 983/88/694 974/605/694
f 974/605/695 983/88/695 982/91/695 975/606/695
f 975/606/696 982/91/696 981/91/696 976/108/696
f 976/108/697 981/91/697 48/11/697 40/37/697
f 815/583/698 816/591/698 993/594/698 965/48/698
f 965/48/699 993/594/699 994/591/699 966/607/699
f 966/607/700 994/591/700 995/123/700 967/608/700
f 967/608/701 995/123/701 996/47/701 968/583/701
f 968/583/702 996/47/702 65/47/702 38/48/702
f 794/431/703 795/441/703 989/599/703 833/57/703
f 833/57/704 989/599/704 990/150/704 834/57/704
f 834/57/705 990/150/705 991/150/705 835/57/705
f 835/57/706 991/150/706 992/67/706 836/57/706
f 836/57/707 992/67/707 57/67/707 5/57/707
f 785/24/708 786/59/708 944/609/708 961/101/708
f 961/101/709 944/609/709 943/138/709 962/610/709
f 962/610/710 943/138/710 942/59/710 963/101/710
f 963/101/711 942/59/711 941/59/711 964/24/711
f 964/24/712 941/59/712 32/59/712 37/25/712
f 811/553/713 812/561/713 985/49/713 825/553/713
f 825/553/714 985/49/714 986/49/714 826/553/714
f 826/553/715 986/49/715 987/49/715 827/553/715
f 827/553/716 987/49/716 988/129/716 828/72/716
f 828/72/717 988/129/717 49/51/717 3/72/717
f 790/88/718 791/87/718 977/603/718 984/604/718
f 984/604/719 977/603/719 978/603/719 983/88/719
f 983/88/720 978/603/720 979/10/720 982/91/720
f 982/91/721 979/10/721 980/10/721 981/91/721
f 981/91/722 980/10/722 41/10/722 48/11/722
f 781/55/723 782/30/723 928/106/723 953/55/723
f 953/55/724 928/106/724 927/106/724 954/55/724
f 954/55/725 927/106/725 926/30/725 955/55/725
f 955/55/726 926/30/726 925/104/726 956/56/726
f 956/56/727 925/104/727 28/30/727 35/56/727
f 788/392/728 789/108/728 973/605/728 957/34/728
f 957/34/729 973/605/729 974/605/729 958/611/729
f 958/611/730 974/605/730 975/606/730 959/392/730
f 959/392/731 975/606/731 976/108/731 960/35/731
f 960/35/732 976/108/732 40/37/732 36/35/732
f 814/62/733 815/583/733 965/48/733 972/600/733
f 972/600/734 965/48/734 966/607/734 971/62/734
f 971/62/735 966/607/735 967/608/735 970/62/735
f 970/62/736 967/608/736 968/583/736 969/62/736
f 969/62/737 968/583/737 38/48/737 39/62/737
f 777/336/738 778/12/738 908/612/738 933/336/738
f 933/336/739 908/612/739 907/12/739 934/613/739
f 934/613/740 907/12/740 906/12/740 935/613/740
f 935/613/741 906/12/741 905/12/741 936/44/741
f 936/44/742 905/12/742 23/12/742 30/44/742
f 784/372/743 785/24/743 961/101/743 949/372/743
f 949/372/744 961/101/744 962/610/744 950/372/744
f 950/372/745 962/610/745 963/101/745 951/614/745
f 951/614/746 963/101/746 964/24/746 952/19/746
f 952/19/747 964/24/747 37/25/747 34/19/747
f 787/33/748 788/392/748 957/34/748 937/33/748
f 937/33/749 957/34/749 958/611/749 938/615/749
f 938/615/750 958/611/750 959/392/750 939/33/750
f 939/33/751 959/392/751 960/35/751 940/36/751
f 940/36/752 960/35/752 36/35/752 31/36/752
f 773/314/753 774/320/753 888/616/753 917/617/753
f 917/617/754 888/616/754 887/75/754 918/77/754
f 918/77/755 887/75/755 886/75/755 919/77/755
f 919/77/756 886/75/756 885/75/756 920/77/756
f 920/77/757 885/75/757 18/75/757 26/77/757
f 780/352/758 781/55/758 953/55/758 929/618/758
f 929/618/759 953/55/759 954/55/759 930/352/759
f 930/352/760 954/55/760 955/55/760 931/352/760
f 931/352/761 955/55/761 956/56/761 932/619/761
f 932/619/762 956/56/762 35/56/762 29/42/762
f 783/367/763 784/372/763 949/372/763 921/620/763
f 921/620/764 949/372/764 950/372/764 922/620/764
f 922/620/765 950/372/765 951/614/765 923/620/765
f 923/620/766 951/614/766 952/19/766 924/95/766
f 924/95/767 952/19/767 34/19/767 27/20/767
f 769/52/768 770/54/768 864/621/768 948/52/768
f 948/52/769 864/621/769 863/53/769 947/52/769
f 947/52/770 863/53/770 862/54/770 946/52/770
f 946/52/771 862/54/771 861/54/771 945/52/771
f 945/52/772 861/54/772 12/54/772 33/52/772
f 786/59/773 787/33/773 937/33/773 944/609/773
f 944/609/774 937/33/774 938/615/774 943/138/774
f 943/138/775 938/615/775 939/33/775 942/59/775
f 942/59/776 939/33/776 940/36/776 941/59/776
f 941/59/777 940/36/777 31/36/777 32/59/777
f 776/330/778 777/336/778 933/336/778 913/154/778
f 913/154/779 933/336/779 934/613/779 914/74/779
f 914/74/780 934/613/780 935/613/780 915/74/780
f 915/74/781 935/613/781 936/44/781 916/74/781
f 916/74/782 936/44/782 30/44/782 25/74/782
f 779/346/783 780/352/783 929/618/783 901/622/783
f 901/622/784 929/618/784 930/352/784 902/622/784
f 902/622/785 930/352/785 931/352/785 903/622/785
f 903/622/786 931/352/786 932/619/786 904/13/786
f 904/13/787 932/619/787 29/42/787 22/13/787
f 809/26/788 810/28/788 832/623/788 897/26/788
f 897/26/789 832/623/789 831/27/789 898/29/789
f 898/29/790 831/27/790 830/27/790 899/29/790
f 899/29/791 830/27/791 829/28/791 900/29/791
f 900/29/792 829/28/792 4/28/792 21/29/792
f 782/30/793 783/367/793 921/620/793 928/106/793
f 928/106/794 921/620/794 922/620/794 927/106/794
f 927/106/795 922/620/795 923/620/795 926/30/795
f 926/30/796 923/620/796 924/95/796 925/104/796
f 925/104/797 924/95/797 27/20/797 28/30/797
f 772/69/798 773/314/798 917/617/798 893/624/798
f 893/624/799 917/617/799 918/77/799 894/625/799
f 894/625/800 918/77/800 919/77/800 895/625/800
f 895/625/801 919/77/801 920/77/801 896/69/801
f 896/69/802 920/77/802 26/77/802 20/69/802
f 775/76/803 776/330/803 913/154/803 881/626/803
f 881/626/804 913/154/804 914/74/804 882/627/804
f 882/627/805 914/74/805 915/74/805 883/627/805
f 883/627/806 915/74/806 916/74/806 884/76/806
f 884/76/807 916/74/807 25/74/807 17/76/807
f 805/61/808 806/519/808 909/595/808 877/60/808
f 877/60/809 909/595/809 910/595/809 878/60/809
f 878/60/810 910/595/810 911/595/810 879/60/810
f 879/60/811 911/595/811 912/14/811 880/61/811
f 880/61/812 912/14/812 24/14/812 16/61/812
f 778/12/813 779/346/813 901/622/813 908/612/813
f 908/612/814 901/622/814 902/622/814 907/12/814
f 907/12/815 902/622/815 903/622/815 906/12/815
f 906/12/816 903/622/816 904/13/816 905/12/816
f 905/12/817 904/13/817 22/13/817 23/12/817
f 808/103/818 809/26/818 897/26/818 869/103/818
f 869/103/819 897/26/819 898/29/819 870/103/819
f 870/103/820 898/29/820 899/29/820 871/103/820
f 871/103/821 899/29/821 900/29/821 872/32/821
f 872/32/822 900/29/822 21/29/822 14/32/822
f 771/304/823 772/69/823 893/624/823 857/628/823
f 857/628/824 893/624/824 894/625/824 858/629/824
f 858/629/825 894/625/825 895/625/825 859/629/825
f 859/629/826 895/625/826 896/69/826 860/70/826
f 860/70/827 896/69/827 20/69/827 11/70/827
f 801/483/828 802/38/828 889/38/828 849/630/828
f 849/630/829 889/38/829 890/38/829 850/631/829
f 850/631/830 890/38/830 891/38/830 851/631/830
f 851/631/831 891/38/831 892/39/831 852/22/831
f 852/22/832 892/39/832 19/39/832 9/22/832
f 774/320/833 775/76/833 881/626/833 888/616/833
f 888/616/834 881/626/834 882/627/834 887/75/834
f 887/75/835 882/627/835 883/627/835 886/75/835
f 886/75/836 883/627/836 884/76/836 885/75/836
f 885/75/837 884/76/837 17/76/837 18/75/837
f 804/504/838 805/61/838 877/60/838 841/632/838
f 841/632/839 877/60/839 878/60/839 842/504/839
f 842/504/840 878/60/840 879/60/840 843/633/840
f 843/633/841 879/60/841 880/61/841 844/634/841
f 844/634/842 880/61/842 16/61/842 7/7/842
f 807/16/843 808/103/843 869/103/843 876/16/843
f 876/16/844 869/103/844 870/103/844 875/16/844
f 875/16/845 870/103/845 871/103/845 874/16/845
f 874/16/846 871/103/846 872/32/846 873/16/846
f 873/16/847 872/32/847 14/32/847 15/16/847
f 797/117/848 798/462/848 865/462/848 817/635/848
f 817/635/849 865/462/849 866/147/849 818/41/849
f 818/41/850 866/147/850 867/462/850 819/41/850
f 819/41/851 867/462/851 868/63/851 820/41/851
f 820/41/852 868/63/852 13/63/852 1/41/852
f 770/54/853 771/304/853 857/628/853 864/621/853
f 864/621/854 857/628/854 858/629/854 863/53/854
f 863/53/855 858/629/855 859/629/855 862/54/855
f 862/54/856 859/629/856 860/70/856 861/54/856
f 861/54/857 860/70/857 11/70/857 12/54/857
f 800/94/858 801/483/858 849/630/858 856/94/858
f 856/94/859 849/630/859 850/631/859 855/94/859
f 855/94/860 850/631/860 851/631/860 854/94/860
f 854/94/861 851/631/861 852/22/861 853/94/861
f 853/94/862 852/22/862 9/22/862 10/23/862
f 803/78/863 804/504/863 841/632/863 848/78/863
f 848/78/864 841/632/864 842/504/864 847/78/864
f 847/78/865 842/504/865 843/633/865 846/78/865
f 846/78/866 843/633/866 844/634/866 845/8/866
f 845/8/867 844/634/867 7/7/867 8/8/867
f 793/432/868 794/431/868 833/57/868 840/596/868
f 840/596/869 833/57/869 834/57/869 839/432/869
f 839/432/870 834/57/870 835/57/870 838/432/870
f 838/432/871 835/57/871 836/57/871 837/432/871
f 837/432/872 836/57/872 5/57/872 6/3/872
f 810/28/873 811/553/873 825/553/873 832/623/873
f 832/623/874 825/553/874 826/553/874 831/27/874
f 831/27/875 826/553/875 827/553/875 830/27/875
f 830/27/876 827/553/876 828/72/876 829/28/876
f 829/28/877 828/72/877 3/72/877 4/28/877
f 796/40/878 797/117/878 817/635/878 824/598/878
f 824/598/879 817/635/879 818/41/879 823/40/879
f 823/40/880 818/41/880 819/41/880 822/40/880
f 822/40/881 819/41/881 820/41/881 821/40/881
f 821/40/882 820/41/882 1/41/882 2/40/882
f 1009/636/883 1014/637/883 1015/638/883 1010/639/883
f 1010/639/884 1015/638/884 1016/640/884 1011/641/884
f 1012/642/885 1017/643/885 1018/644/885 1013/645/885
f 1013/645/886 1018/644/886 1014/637/886 1009/636/886
f 1014/637/887 1019/646/887 1020/647/887 1015/638/887
f 1015/638/888 1020/647/888 1021/648/888 1016/640/888
f 1017/643/889 1022/649/889 1023/650/889 1018/644/889
f 1018/644/890 1023/650/890 1019/646/890 1014/637/890
f 1019/646/891 1024/651/891 1025/652/891 1020/647/891
f 1020/647/892 1025/652/892 1026/653/892 1021/648/892
f 1022/649/893 1027/654/893 1028/655/893 1023/650/893
f 1023/650/894 1028/655/894 1024/651/894 1019/646/894
f 1024/651/895 1029/656/895 1030/657/895 1025/652/895
f 1025/652/896 1030/657/896 1031/658/896 1026/653/896
f 1027/654/897 1032/659/897 1033/660/897 1028/655/897
f 1028/655/898 1033/660/898 1029/656/898 1024/651/898
f 1029/656/899 1034/661/899 1035/662/899 1030/657/899
f 1030/657/900 1035/662/900 1036/663/900 1031/658/900
f 1032/659/901 1037/664/901 1038/665/901 1033/660/901
f 1033/660/902 1038/665/902 1034/661/902 1029/656/902
f 1034/661/903 1039/666/903 1040/667/903 1035/662/903
f 1035/662/904 1040/667/904 1041/668/904 1036/663/904
f 1037/664/905 1042/669/905 1043/670/905 1038/665/905
f 1038/665/906 1043/670/906 1039/666/906 1034/661/906
f 1039/666/907 1044/671/907 1045/672/907 1040/667/907
f 1040/667/908 1045/672/908 1046/673/908 1041/668/908
f 1042/669/909 1047/674/909 1048/675/909 1043/670/909
f 1043/670/910 1048/675/910 1044/671/910 1039/666/910
f 1044/671/911 1049/676/911 1050/677/911 1045/672/911
f 1045/672/912 1050/677/912 1051/678/912 1046/673/912
f 1047/674/913 1052/679/913 1053/680/913 1048/675/913
f 1048/675/914 1053/680/914 1049/676/914 1044/671/914
f 1049/676/915 1054/681/915 1055/682/915 1050/677/915
f 1050/677/916 1055/682/916 1056/683/916 1051/678/916
f 1052/679/917 1057/684/917 1058/685/917 1053/680/917
f 1053/680/918 1058/685/918 1054/681/918 1049/676/918
f 1054/681/919 1059/686/919 1060/687/919 1055/682/919
f 1055/682/920 1060/687/920 1061/688/920 1056/683/920
f 1057/684/921 1062/689/921 1063/690/921 1058/685/921
f 1058/685/922 1063/690/922 1059/686/922 1054/681/922
f 1059/686/923 1064/691/923 1065/692/923 1060/687/923
f 1060/687/924 1065/692/924 1066/693/924 1061/688/924
f 1062/689/925 1067/694/925 1068/695/925 1063/690/925
f 1063/690/926 1068/695/926 1064/691/926 1059/686/926
f 1064/691/927 1069/696/927 1070/697/927 1065/692/927
f 1065/692/928 1070/697/928 1071/698/928 1066/693/928
f 1067/694/929 1072/699/929 1073/700/929 1068/695/929
f 1068/695/930 1073/700/930 1069/696/930 1064/691/930
f 1069/696/931 1074/701/931 1075/702/931 1070/697/931
f 1070/697/932 1075/702/932 1076/703/932 1071/698/932
f 1072/699/933 1077/704/933 1078/705/933 1073/700/933
f 1073/700/934 1078/705/934 1074/701/934 1069/696/934
f 1074/701/935 1079/706/935 1080/707/935 1075/702/935
f 1075/702/936 1080/707/936 1081/708/936 1076/703/936
f 1077/704/937 1082/709/937 1083/710/937 1078/705/937
f 1078/705/938 1083/710/938 1079/706/938 1074/701/938
f 1079/706/939 1084/711/939 1085/712/939 1080/707/939
f 1080/707/940 1085/712/940 1086/713/940 1081/708/940
f 1082/709/941 1087/714/941 1088/715/941 1083/710/941
f 1083/710/942 1088/715/942 1084/711/942 1079/706/942
f 1084/711/943 1089/716/943 1090/717/943 1085/712/943
f 1085/712/944 1090/717/944 1091/718/944 1086/713/944
f 1087/714/945 1092/719/945 1093/720/945 1088/715/945
f 1088/715/946 1093/720/946 1089/716/946 1084/711/946
f 1089/716/947 1094/721/947 1095/722/947 1090/717/947
f 1090/717/948 1095/722/948 1096/723/948 1091/718/948
f 1092/719/949 1097/724/949 1098/725/949 1093/720/949
f 1093/720/950 1098/725/950 1094/721/950 1089/716/950
f 1094/721/951 1099/726/951 1100/727/951 1095/722/951
f 1095/722/952 1100/727/952 1101/728/952 1096/723/952
f 1097/724/953 1102/729/953 1103/730/953 1098/725/953
f 1098/725/954 1103/730/954 1099/726/954 1094/721/954
f 1099/726/955 1104/731/955 1105/732/955 1100/727/955
f 1100/727/956 1105/732/956 1106/733/956 1101/728/956
f 1102/729/957 1107/734/957 1108/735/957 1103/730/957
f 1103/730/958 1108/735/958 1104/731/958 1099/726/958
f 1104/731/959 1109/736/959 1110/737/959 1105/732/959
f 1105/732/960 1110/737/960 1111/738/960 1106/733/960
f 1107/734/961 1112/739/961 1113/740/961 1108/735/961
f 1108/735/962 1113/740/962 1109/736/962 1104/731/962
f 1109/736/963 1114/741/963 1115/742/963 1110/737/963
f 1110/737/964 1115/742/964 1116/743/964 1111/738/964
f 1112/739/965 1117/744/965 1118/745/965 1113/740/965
f 1113/740/966 1118/745/966 1114/741/966 1109/736/966
f 1114/741/967 1119/746/967 1120/747/967 1115/742/967
f 1115/742/968 1120/747/968 1121/748/968 1116/743/968
f 1117/744/969 1122/749/969 1123/750/969 1118/745/969
f 1118/745/970 1123/750/970 1119/746/970 1114/741/970
f 1119/746/971 1124/751/971 1125/752/971 1120/747/971
f 1120/747/972 1125/752/972 1126/753/972 1121/748/972
f 1122/749/973 1127/754/973 1128/755/973 1123/750/973
f 1123/750/974 1128/755/974 1124/751/974 1119/746/974
f 1124/751/975 1129/756/975 1130/757/975 1125/752/975
f 1125/752/976 1130/757/976 1131/758/976 1126/753/976
f 1127/754/977 1132/759/977 1133/760/977 1128/755/977
f 1128/755/978 1133/760/978 1129/756/978 1124/751/978
f 1129/761/979 1134/762/979 1135/763/979 1130/764/979
f 1130/764/980 1135/763/980 1136/765/980 1131/766/980
f 1132/767/981 1137/768/981 1138/769/981 1133/770/981
f 1133/770/982 1138/769/982 1134/762/982 1129/761/982
f 1134/762/983 1139/771/983 1140/772/983 1135/763/983
f 1135/763/984 1140/772/984 1141/773/984 1136/765/984
f 1137/768/985 1142/774/985 1143/775/985 1138/769/985
f 1138/769/986 1143/775/986 1139/771/986 1134/762/986
f 1139/771/987 1144/776/987 1145/777/987 1140/772/987
f 1140/772/988 1145/777/988 1146/778/988 1141/773/988
f 1142/774/989 1147/779/989 1148/780/989 1143/775/989
f 1143/775/990 1148/780/990 1144/776/990 1139/771/990
f 1144/776/991 1149/781/991 1150/782/991 1145/777/991
f 1145/777/992 1150/782/992 1151/783/992 1146/778/992
f 1147/779/993 1152/784/993 1153/785/993 1148/780/993
f 1148/780/994 1153/785/994 1149/781/994 1144/776/994
f 1149/781/995 1154/786/995 1155/787/995 1150/782/995
f 1150/782/996 1155/787/996 1156/788/996 1151/783/996
f 1152/784/997 1157/789/997 1158/790/997 1153/785/997
f 1153/785/998 1158/790/998 1154/786/998 1149/781/998
f 1154/786/999 1159/791/999 1160/792/999 1155/787/999
f 1155/787/1000 1160/792/1000 1161/793/1000 1156/788/1000
f 1157/789/1001 1162/794/1001 1163/795/1001 1158/790/1001
f 1158/790/1002 1163/795/1002 1159/791/1002 1154/786/1002
f 1159/791/1003 1164/796/1003 1165/797/1003 1160/792/1003
f 1160/792/1004 1165/797/1004 1166/798/1004 1161/793/1004
f 1162/794/1005 1167/799/1005 1168/800/1005 1163/795/1005
f 1163/795/1006 1168/800/1006 1164/796/1006 1159/791/1006
f 1164/796/1007 1169/801/1007 1170/802/1007 1165/797/1007
f 1165/797/1008 1170/802/1008 1171/803/1008 1166/798/1008
f 1167/799/1009 1172/804/1009 1173/805/1009 1168/800/1009
f 1168/800/1010 1173/805/1010 1169/801/1010 1164/796/1010
f 1169/801/1011 1174/806/1011 1175/807/1011 1170/802/1011
f 1170/802/1012 1175/807/1012 1176/808/1012 1171/803/1012
f 1172/804/1013 1177/809/1013 1178/810/1013 1173/805/1013
f 1173/805/1014 1178/810/1014 1174/806/1014 1169/801/1014
f 1174/806/1015 1179/811/1015 1180/812/1015 1175/807/1015
f 1175/807/1016 1180/812/1016 1181/813/1016 1176/808/1016
f 1177/809/1017 1182/814/1017 1183/815/1017 1178/810/1017
f 1178/810/1018 1183/815/1018 1179/811/1018 1174/806/1018
f 1179/811/1019 1184/816/1019 1185/817/1019 1180/812/1019
f 1180/812/1020 1185/817/1020 1186/818/1020 1181/813/1020
f 1182/814/1021 1187/819/1021 1188/820/1021 1183/815/1021
f 1183/815/1022 1188/820/1022 1184/816/1022 1179/811/1022
f 1184/816/1023 1189/821/1023 1190/822/1023 1185/817/1023
f 1185/817/1024 1190/822/1024 1191/823/1024 1186/818/1024
f 1187/819/1025 1192/824/1025 1193/825/1025 1188/820/1025
f 1188/820/1026 1193/825/1026 1189/821/1026 1184/816/1026
f 1189/821/1027 1194/826/1027 1195/827/1027 1190/822/1027
f 1190/822/1028 1195/827/1028 1196/828/1028 1191/823/1028
f 1192/824/1029 1197/829/1029 1198/830/1029 1193/825/1029
f 1193/825/1030 1198/830/1030 1194/826/1030 1189/821/1030
f 1194/826/1031 1199/831/1031 1200/832/1031 1195/827/1031
f 1195/827/1032 1200/832/1032 1201/833/1032 1196/828/1032
f 1197/829/1033 1202/834/1033 1203/835/1033 1198/830/1033
f 1198/830/1034 1203/835/1034 1199/831/1034 1194/826/1034
f 1199/831/1035 1204/836/1035 1205/837/1035 1200/832/1035
f 1200/832/1036 1205/837/1036 1206/838/1036 1201/833/1036
f 1202/834/1037 1207/839/1037 1208/840/1037 1203/835/1037
f 1203/835/1038 1208/840/1038 1204/836/1038 1199/831/1038
f 1204/836/1039 1209/841/1039 1210/842/1039 1205/837/1039
f 1205/837/1040 1210/842/1040 1211/843/1040 1206/838/1040
f 1207/839/1041 1212/844/1041 1213/845/1041 1208/840/1041
f 1208/840/1042 1213/845/1042 1209/841/1042 1204/836/1042
f 1209/841/1043 1214/846/1043 1215/847/1043 1210/842/1043
f 1210/842/1044 1215/847/1044 1216/848/1044 1211/843/1044
f 1212/844/1045 1217/849/1045 1218/850/1045 1213/845/1045
f 1213/845/1046 1218/850/1046 1214/846/1046 1209/841/1046
f 1214/846/1047 1219/851/1047 1220/852/1047 1215/847/1047
f 1215/847/1048 1220/852/1048 1221/853/1048 1216/848/1048
f 1217/849/1049 1222/854/1049 1223/855/1049 1218/850/1049
f 1218/850/1050 1223/855/1050 1219/851/1050 1214/846/1050
f 1219/851/1051 1224/856/1051 1225/857/1051 1220/852/1051
f 1220/852/1052 1225/857/1052 1226/858/1052 1221/853/1052
f 1222/854/1053 1227/859/1053 1228/860/1053 1223/855/1053
f 1223/855/1054 1228/860/1054 1224/856/1054 1219/851/1054
f 1224/856/1055 1229/861/1055 1230/862/1055 1225/857/1055
f 1225/857/1056 1230/862/1056 1231/863/1056 1226/858/1056
f 1227/859/1057 1232/864/1057 1233/865/1057 1228/860/1057
f 1228/860/1058 1233/865/1058 1229/861/1058 1224/856/1058
f 1229/861/1059 1234/866/1059 1235/867/1059 1230/862/1059
f 1230/862/1060 1235/867/1060 1236/868/1060 1231/863/1060
f 1232/864/1061 1237/869/1061 1238/870/1061 1233/865/1061
f 1233/865/1062 1238/870/1062 1234/866/1062 1229/861/1062
f 1234/866/1063 1239/871/1063 1240/872/1063 1235/867/1063
f 1235/867/1064 1240/872/1064 1241/873/1064 1236/868/1064
f 1237/869/1065 1242/874/1065 1243/875/1065 1238/870/1065
f 1238/870/1066 1243/875/1066 1239/871/1066 1234/866/1066
f 1239/871/1067 1244/876/1067 1245/877/1067 1240/872/1067
f 1240/872/1068 1245/877/1068 1246/878/1068 1241/873/1068
f 1242/874/1069 1247/879/1069 1248/880/1069 1243/875/1069
f 1243/875/1070 1248/880/1070 1244/876/1070 1239/871/1070
f 1244/876/1071 1009/636/1071 1010/639/1071 1245/877/1071
f 1245/877/1072 1010/639/1072 1011/641/1072 1246/878/1072
f 1247/879/1073 1012/642/1073 1013/645/1073 1248/880/1073
f 1248/880/1074 1013/645/1074 1009/636/1074 1244/876/1074
f 1147/779/1075 1142/774/1075 46/67/1075 95/40/1075
f 1142/774/1076 1137/768/1076 92/57/1076 46/67/1076
f 1137/768/1077 1132/767/1077 91/3/1077 92/57/1077
f 1132/759/1078 1127/754/1078 43/4/1078 91/3/1078
f 1127/754/1079 1122/749/1079 51/10/1079 43/4/1079
f 1122/749/1080 1117/744/1080 50/11/1080 51/10/1080
f 1117/744/1081 1112/739/1081 52/37/1081 50/11/1081
f 1112/739/1082 1107/734/1082 56/35/1082 52/37/1082
f 1107/734/1083 1102/729/1083 62/36/1083 56/35/1083
f 1102/729/1084 1097/724/1084 61/59/1084 62/36/1084
f 1097/724/1085 1092/719/1085 55/25/1085 61/59/1085
f 1092/719/1086 1087/714/1086 59/19/1086 55/25/1086
f 1087/714/1087 1082/709/1087 67/20/1087 59/19/1087
f 1082/709/1088 1077/704/1088 66/30/1088 67/20/1088
f 1077/704/1089 1072/699/1089 58/56/1089 66/30/1089
f 1072/699/1090 1067/694/1090 64/42/1090 58/56/1090
f 1067/694/1091 1062/689/1091 72/13/1091 64/42/1091
f 1062/689/1092 1057/684/1092 71/12/1092 72/13/1092
f 1057/684/1093 1052/679/1093 63/44/1093 71/12/1093
f 1052/679/1094 1047/674/1094 69/74/1094 63/44/1094
f 1047/674/1095 1042/669/1095 78/76/1095 69/74/1095
f 1042/669/1096 1037/664/1096 77/75/1096 78/76/1096
f 1037/664/1097 1032/659/1097 68/77/1097 77/75/1097
f 1032/659/1098 1027/654/1098 75/69/1098 68/77/1098
f 1027/654/1099 1022/649/1099 85/70/1099 75/69/1099
f 1022/649/1100 1017/643/1100 84/54/1100 85/70/1100
f 1017/643/1101 1012/642/1101 60/52/1101 84/54/1101
f 1012/642/1102 1247/879/1102 45/47/1102 60/52/1102
f 1247/879/1103 1242/874/1103 54/48/1103 45/47/1103
f 1242/874/1104 1237/869/1104 53/62/1104 54/48/1104
f 1237/869/1105 1232/864/1105 42/50/1105 53/62/1105
f 1232/864/1106 1227/859/1106 47/51/1106 42/50/1106
f 1227/859/1107 1222/854/1107 94/72/1107 47/51/1107
f 1222/854/1108 1217/849/1108 93/28/1108 94/72/1108
f 1217/849/1109 1212/844/1109 74/29/1109 93/28/1109
f 1212/844/1110 1207/839/1110 82/32/1110 74/29/1110
f 1207/839/1111 1202/834/1111 80/16/1111 82/32/1111
f 1202/834/1112 1197/829/1112 70/14/1112 80/16/1112
f 1197/829/1113 1192/824/1113 79/61/1113 70/14/1113
f 1192/824/1114 1187/819/1114 90/7/1114 79/61/1114
f 1187/819/1115 1182/814/1115 88/8/1115 90/7/1115
f 1182/814/1116 1177/809/1116 76/39/1116 88/8/1116
f 1177/809/1117 1172/804/1117 87/22/1117 76/39/1117
f 1172/804/1118 1167/799/1118 86/23/1118 87/22/1118
f 1167/799/1119 1162/794/1119 44/65/1119 86/23/1119
f 1162/794/1120 1157/789/1120 83/63/1120 44/65/1120
f 1157/789/1121 1152/784/1121 96/41/1121 83/63/1121
f 1152/784/1122 1147/779/1122 95/40/1122 96/41/1122
f 1433/881/1123 1421/882/1123 1241/873/1123
f 1421/882/1124 1420/883/1124 1231/863/1124
f 1421/882/1125 1231/863/1125 1236/868/1125
f 1421/882/1126 1236/868/1126 1241/873/1126
f 1433/881/1127 1241/873/1127 1246/878/1127
f 1433/881/1128 1011/641/1128 1434/884/1128
f 1434/884/1129 1011/641/1129 1016/640/1129
f 1455/885/1130 1016/640/1130 1021/648/1130
f 1455/885/1131 1026/653/1131 1456/886/1131
f 1456/886/1132 1026/653/1132 1031/658/1132
f 1468/887/1133 1031/658/1133 1036/663/1133
f 1468/887/1134 1041/668/1134 1469/888/1134
f 1469/888/1135 1041/668/1135 1046/673/1135
f 1474/889/1136 1046/673/1136 1051/678/1136
f 1474/889/1137 1056/683/1137 1475/890/1137
f 1475/890/1138 1056/683/1138 1061/688/1138
f 1483/891/1139 1061/688/1139 1066/693/1139
f 1484/892/1140 1066/693/1140 1071/698/1140
f 1484/892/1141 1071/698/1141 1076/703/1141
f 1250/893/1142 1076/703/1142 1081/708/1142
f 1251/894/1143 1081/708/1143 1086/713/1143
f 1251/894/1144 1086/713/1144 1091/718/1144
f 1256/895/1145 1091/718/1145 1096/723/1145
f 1257/896/1146 1096/723/1146 1101/728/1146
f 1106/733/1147 1263/897/1147 1101/728/1147
f 1263/897/1148 1106/733/1148 1111/738/1148
f 1264/898/1149 1111/738/1149 1116/743/1149
f 1121/748/1150 1279/899/1150 1116/743/1150
f 1279/899/1151 1121/748/1151 1126/753/1151
f 1280/900/1152 1126/753/1152 1131/758/1152
f 1136/765/1153 1292/901/1153 1131/766/1153
f 1292/901/1154 1136/765/1154 1141/773/1154
f 1293/902/1155 1141/773/1155 1146/778/1155
f 1293/902/1156 1146/778/1156 1151/783/1156
f 1310/903/1157 1151/783/1157 1156/788/1157
f 1311/904/1158 1156/788/1158 1161/793/1158
f 1311/904/1159 1161/793/1159 1166/798/1159
f 1329/905/1160 1166/798/1160 1171/803/1160
f 1330/906/1161 1171/803/1161 1176/808/1161
f 1330/906/1162 1176/808/1162 1181/813/1162
f 1351/907/1163 1181/813/1163 1186/818/1163
f 1352/908/1164 1186/818/1164 1191/823/1164
f 1352/908/1165 1191/823/1165 1196/828/1165
f 1373/909/1166 1196/828/1166 1201/833/1166
f 1374/910/1167 1201/833/1167 1206/838/1167
f 1374/910/1168 1206/838/1168 1211/843/1168
f 1396/911/1169 1211/843/1169 1216/848/1169
f 1397/912/1170 1216/848/1170 1221/853/1170
f 1421/882/1171 1331/62/1171 1372/50/1171
f 1280/900/1172 1292/901/1172 1423/57/1172
f 1442/824/1173 1462/913/1173 1358/914/1173 1400/61/1173
f 1456/886/1174 1468/887/1174 1393/77/1174
f 1256/895/1175 1328/137/1175 1355/25/1175
f 1280/900/1176 1432/915/1176 1353/81/1176
f 1293/902/1177 1310/903/1177 1380/41/1177
f 1359/643/1178 1308/916/1178 1369/52/1178 1309/54/1178
f 1475/890/1179 1327/13/1179 1312/917/1179
f 1460/918/1180 1324/767/1180 1432/915/1180 1423/57/1180
f 1330/906/1181 1357/114/1181 1334/22/1181
f 1256/895/1182 1355/25/1182 1377/19/1182
f 1258/854/1183 1283/919/1183 1287/920/1183 1270/921/1183
f 1324/759/1184 1298/754/1184 1353/81/1184 1432/915/1184
f 1352/908/1185 1400/61/1185 1358/914/1185
f 1271/879/1186 1254/922/1186 1349/48/1186 1371/124/1186
f 1352/908/1187 1373/909/1187 1368/14/1187
f 1484/892/1188 1419/106/1188 1394/56/1188
f 1524/923/1189 1539/924/1189 1273/925/1189 1253/851/1189
f 1293/902/1190 1350/926/1190 1292/901/1190
f 1250/893/1191 1399/927/1191 1419/106/1191
f 1251/894/1192 1399/927/1192 1250/893/1192
f 1298/754/1193 1262/749/1193 1376/10/1193 1353/81/1193
f 1293/902/1194 1380/41/1194 1391/40/1194
f 1461/928/1195 1427/929/1195 1429/930/1195 1450/795/1195
f 1485/931/1196 1525/932/1196 1441/796/1196 1472/791/1196
f 1310/903/1197 1367/142/1197 1380/41/1197
f 1412/744/1198 1459/933/1198 1370/37/1198 1395/9/1198
f 1459/933/1199 1322/734/1199 1398/35/1199 1370/37/1199
f 1311/904/1200 1367/142/1200 1310/903/1200
f 1297/729/1201 1322/734/1201 1339/735/1201 1305/730/1201
f 1555/934/1202 1533/935/1202 1318/731/1202 1277/726/1202
f 1258/854/1203 1445/936/1203 1417/28/1203 1401/553/1203
f 1322/734/1204 1297/729/1204 1332/33/1204 1398/35/1204
f 1311/904/1205 1326/23/1205 1375/145/1205
f 1259/829/1206 1288/834/1206 1285/937/1206 1269/830/1206
f 1550/938/1207 1522/939/1207 1274/940/1207 1252/826/1207
f 1329/905/1208 1334/22/1208 1326/23/1208
f 1361/941/1209 1425/942/1209 1414/943/1209 1457/690/1209
f 1297/729/1210 1408/944/1210 1328/137/1210 1332/33/1210
f 1249/839/1211 1288/834/1211 1392/15/1211 1379/31/1211
f 1321/709/1212 1467/714/1212 1458/945/1212 1338/946/1212
f 1467/714/1213 1321/709/1213 1399/927/1213 1377/19/1213
f 1330/906/1214 1334/22/1214 1329/905/1214
f 1525/932/1215 1547/947/1215 1443/801/1215 1441/796/1215
f 1532/948/1216 1521/949/1216 1383/950/1216 1403/671/1216
f 1480/864/1217 1464/951/1217 1447/870/1217 1479/952/1217
f 1322/734/1218 1459/933/1218 1452/740/1218 1339/735/1218
f 1526/953/1219 1542/954/1219 1341/711/1219 1306/955/1219
f 1556/956/1220 1541/957/1220 1440/771/1220 1473/762/1220
f 1522/939/1221 1551/958/1221 1301/959/1221 1274/940/1221
f 1260/960/1222 1284/961/1222 1300/962/1222 1268/963/1222
f 1360/964/1223 1424/965/1223 1415/670/1223 1362/966/1223
f 1411/967/1224 1261/968/1224 1267/969/1224 1410/970/1224
f 1351/907/1225 1358/914/1225 1346/8/1225
f 1425/942/1226 1382/971/1226 1386/972/1226 1414/943/1226
f 1359/643/1227 1416/973/1227 1402/974/1227 1363/975/1227
f 1352/908/1228 1358/914/1228 1351/907/1228
f 1547/947/1229 1549/976/1229 1275/977/1229 1443/801/1229
f 1510/978/642 1385/656/642 1294/979/642 1492/666/642 1509/671/642 1511/950/642 1320/681/642 1278/686/642 1493/691/642 1508/980/642 1504/981/642 1335/955/642 1281/711/642 1494/716/642 1507/982/642 1388/726/642 1317/731/642 1282/736/642 1501/983/642 1506/746/642 1389/984/642 1344/761/642 1488/762/642 1500/771/642 1503/776/642 1409/985/642 1343/786/642 1489/791/642 1499/796/642 1497/801/642 1430/977/642 1345/986/642 1490/987/642 1498/821/642 1470/826/642 1431/940/642 1381/959/642 1487/988/642 1495/846/642 1438/851/642 1436/925/642 1387/989/642 1491/990/642 1496/991/642 1437/992/642 1512/636/642 1316/993/642 1502/994/642
f 1364/654/1230 1315/659/1230 1325/660/1230 1384/655/1230
f 1541/957/1231 1517/995/1231 1428/776/1231 1440/771/1231
f 1459/933/1232 1412/744/1232 1405/996/1232 1452/740/1232
f 1308/916/1233 1359/643/1233 1363/975/1233 1314/997/1233
f 1290/998/1234 1337/684/1234 1342/999/1234 1295/1000/1234
f 1545/1001/1235 1515/1002/1235 1454/666/1235 1336/979/1235
f 1467/714/1236 1426/1003/1236 1413/1004/1236 1458/945/1236
f 1352/908/1237 1368/14/1237 1400/61/1237
f 1416/973/1238 1364/654/1238 1384/655/1238 1402/974/1238
f 1553/1005/1239 1485/931/1239 1472/791/1239 1303/786/1239
f 1315/659/1240 1360/964/1240 1362/966/1240 1325/660/1240
f 1529/1006/1241 1537/1007/1241 1291/656/1241 1390/978/1241
f 1319/789/1242 1461/928/1242 1450/795/1242 1476/790/1242
f 1374/910/1243 1333/29/1243 1379/31/1243
f 1289/1008/1244 1321/709/1244 1338/946/1244 1296/1009/1244
f 1513/1010/1245 1555/934/1245 1277/726/1245 1404/982/1245
f 1515/1002/1246 1532/948/1246 1403/671/1246 1454/666/1246
f 1408/944/1247 1297/729/1247 1305/730/1247 1265/1011/1247
f 1396/911/1248 1417/28/1248 1333/29/1248
f 1445/936/1249 1258/854/1249 1270/921/1249 1465/1012/1249
f 1462/913/1250 1442/824/1250 1444/825/1250 1449/1013/1250
f 1373/909/1251 1392/15/1251 1368/14/1251
f 1521/949/1252 1406/1014/1252 1307/681/1252 1383/950/1252
f 1530/1015/1253 1553/1005/1253 1303/786/1253 1276/985/1253
f 1424/965/1254 1366/1016/1254 1365/1017/1254 1415/670/1254
f 1397/912/1255 1417/28/1255 1396/911/1255
f 1486/1018/1256 1524/923/1256 1253/851/1256 1448/846/1256
f 1337/684/1257 1361/941/1257 1457/690/1257 1342/999/1257
f 1263/897/1258 1257/896/1258 1101/728/1258
f 1397/912/1259 1354/128/1259 1401/553/1259
f 1420/883/1260 1397/912/1260 1226/858/1260
f 1271/879/1261 1308/916/1261 1314/997/1261 1272/880/1261
f 1382/971/1262 1289/1008/1262 1296/1009/1262 1386/972/1262
f 1262/749/1263 1298/754/1263 1304/755/1263 1266/750/1263
f 1261/968/1264 1411/967/1264 1350/926/1264 1391/40/1264
f 1360/964/1265 1315/659/1265 1393/77/1265 1422/75/1265
f 1315/659/1266 1364/654/1266 1347/69/1266 1393/77/1266
f 1544/1019/1267 1513/1010/1267 1404/982/1267 1453/716/1267
f 1292/901/1268 1280/900/1268 1131/766/1268
f 1542/954/1269 1544/1019/1269 1453/716/1269 1341/711/1269
f 1351/907/1270 1330/906/1270 1181/813/1270
f 1364/654/1271 1416/973/1271 1313/70/1271 1347/69/1271
f 1411/967/1272 1460/918/1272 1423/57/1272 1350/926/1272
f 1299/1020/1273 1319/789/1273 1476/790/1273 1302/785/1273
f 1397/912/1274 1396/911/1274 1216/848/1274
f 1420/883/1275 1372/50/1275 1354/128/1275
f 1373/909/1276 1352/908/1276 1196/828/1276
f 1534/1021/1277 1486/1018/1277 1448/846/1277 1478/988/1277
f 1421/882/1278 1372/50/1278 1420/883/1278
f 1482/814/1279 1462/913/1279 1449/1013/1279 1477/1022/1279
f 1374/910/1280 1373/909/1280 1201/833/1280
f 1416/973/1281 1359/643/1281 1309/54/1281 1313/70/1281
f 1396/911/1282 1374/910/1282 1211/843/1282
f 1424/965/1283 1360/964/1283 1422/75/1283 1418/76/1283
f 1536/1023/1284 1520/1024/1284 1439/983/1284 1340/736/1284
f 1366/1016/1285 1424/965/1285 1418/76/1285 1378/74/1285
f 1426/1003/1286 1408/944/1286 1265/1011/1286 1413/1004/1286
f 1374/910/1287 1392/15/1287 1373/909/1287
f 1279/899/1288 1264/898/1288 1116/743/1288
f 1299/1020/1289 1261/968/1289 1391/40/1289 1380/41/1289
f 1319/789/1290 1299/1020/1290 1380/41/1290 1367/142/1290
f 1466/844/1291 1445/936/1291 1465/1012/1291 1463/845/1291
f 1280/900/1292 1279/899/1292 1126/753/1292
f 1421/882/1293 1349/48/1293 1331/62/1293
f 1256/895/1294 1251/894/1294 1091/718/1294
f 1257/896/1295 1256/895/1295 1096/723/1295
f 1254/922/1296 1271/879/1296 1272/880/1296 1255/875/1296
f 1250/893/1297 1484/892/1297 1076/703/1297
f 1264/898/1298 1263/897/1298 1111/738/1298
f 1290/998/1299 1366/1016/1299 1378/74/1299 1348/44/1299
f 1433/881/1300 1371/124/1300 1349/48/1300
f 1261/968/1301 1299/1020/1301 1302/785/1301 1267/969/1301
f 1517/995/1302 1530/1015/1302 1276/985/1302 1428/776/1302
f 1412/744/1303 1262/749/1303 1266/750/1303 1405/996/1303
f 1483/891/1304 1475/890/1304 1061/688/1304
f 1337/684/1305 1290/998/1305 1348/44/1305 1312/917/1305
f 1537/1007/1306 1545/1001/1306 1336/979/1306 1291/656/1306
f 1484/892/1307 1483/891/1307 1066/693/1307
f 1293/902/1308 1292/901/1308 1141/773/1308
f 1475/890/1309 1483/891/1309 1327/13/1309
f 1461/928/1310 1319/789/1310 1367/142/1310 1375/145/1310
f 1284/961/1311 1482/814/1311 1477/1022/1311 1300/962/1311
f 1251/894/1312 1250/893/1312 1081/708/1312
f 1468/887/1313 1418/76/1313 1422/75/1313
f 1551/958/1314 1534/1021/1314 1478/988/1314 1301/959/1314
f 1540/1025/1315 1529/1006/1315 1390/978/1315 1435/994/1315
f 1264/898/1316 1370/37/1316 1263/897/1316
f 1310/903/1317 1293/902/1317 1151/783/1317
f 1468/887/1318 1422/75/1318 1393/77/1318
f 1427/929/1319 1461/928/1319 1375/145/1319 1326/23/1319
f 1361/941/1320 1337/684/1320 1312/917/1320 1327/13/1320
f 1469/888/1321 1378/74/1321 1418/76/1321
f 1468/887/1322 1456/886/1322 1031/658/1322
f 1474/889/1323 1469/888/1323 1046/673/1323
f 1456/886/1324 1393/77/1324 1347/69/1324
f 1249/839/1325 1466/844/1325 1463/845/1325 1481/1026/1325
f 1516/1027/1326 1552/1028/1326 1446/991/1326 1471/990/1326
f 1484/892/1327 1250/893/1327 1419/106/1327
f 1279/899/1328 1395/9/1328 1264/898/1328
f 1311/904/1329 1310/903/1329 1156/788/1329
f 1421/882/1330 1433/881/1330 1349/48/1330
f 1329/905/1331 1311/904/1331 1166/798/1331
f 1425/942/1332 1361/941/1332 1327/13/1332 1356/1029/1332
f 1464/951/1333 1254/922/1333 1255/875/1333 1447/870/1333
f 1279/899/1334 1353/81/1334 1376/10/1334
f 1260/960/1335 1427/929/1335 1326/23/1335 1334/22/1335
f 1474/889/1336 1348/44/1336 1378/74/1336
f 1455/885/1337 1347/69/1337 1313/70/1337
f 1468/887/1338 1036/663/1338 1041/668/1338
f 1293/902/1339 1391/40/1339 1350/926/1339
f 1298/754/1340 1324/759/1340 1323/1030/1340 1304/755/1340
f 1251/894/1341 1377/19/1341 1399/927/1341
f 1263/897/1342 1370/37/1342 1398/35/1342
f 1280/900/1343 1353/81/1343 1279/899/1343
f 1474/889/1344 1051/678/1344 1056/683/1344
f 1455/885/1345 1313/70/1345 1309/54/1345
f 1434/884/1346 1455/885/1346 1309/54/1346
f 1433/881/1347 1246/878/1347 1011/641/1347
f 1468/887/1348 1469/888/1348 1418/76/1348
f 1284/961/1349 1260/960/1349 1334/22/1349 1357/114/1349
f 1371/124/1350 1433/881/1350 1369/52/1350
f 1382/971/1351 1425/942/1351 1356/1029/1351 1394/56/1351
f 1330/906/1352 1329/905/1352 1171/803/1352
f 1289/1008/1353 1382/971/1353 1394/56/1353 1419/106/1353
f 1257/896/1354 1332/33/1354 1328/137/1354
f 1482/814/1355 1284/961/1355 1357/114/1355 1346/8/1355
f 1263/897/1356 1332/33/1356 1257/896/1356
f 1433/881/1357 1434/884/1357 1369/52/1357
f 1455/885/1358 1434/884/1358 1016/640/1358
f 1374/910/1359 1379/31/1359 1392/15/1359
f 1397/912/1360 1221/853/1360 1226/858/1360
f 1264/898/1361 1395/9/1361 1370/37/1361
f 1484/892/1362 1394/56/1362 1356/1029/1362
f 1455/885/1363 1021/648/1363 1026/653/1363
f 1397/912/1364 1401/553/1364 1417/28/1364
f 1352/908/1365 1351/907/1365 1186/818/1365
f 1505/1031/1366 1526/953/1366 1306/955/1366 1407/981/1366
f 1256/895/1367 1377/19/1367 1251/894/1367
f 1469/888/1368 1474/889/1368 1378/74/1368
f 1259/829/1369 1442/824/1369 1400/61/1369 1368/14/1369
f 1420/883/1370 1226/858/1370 1231/863/1370
f 1519/1032/1371 1516/1027/1371 1471/990/1371 1286/989/1371
f 1288/834/1372 1249/839/1372 1481/1026/1372 1285/937/1372
f 1330/906/1373 1346/8/1373 1357/114/1373
f 1288/834/1374 1259/829/1374 1368/14/1374 1392/15/1374
f 1466/844/1375 1249/839/1375 1379/31/1375 1333/29/1375
f 1408/944/1376 1426/1003/1376 1355/25/1376 1328/137/1376
f 1445/936/1377 1466/844/1377 1333/29/1377 1417/28/1377
f 1283/919/1378 1480/864/1378 1479/952/1378 1287/920/1378
f 1324/767/1379 1460/918/1379 1451/1033/1379 1323/1034/1379
f 1262/749/1380 1412/744/1380 1395/9/1380 1376/10/1380
f 1464/951/1381 1480/864/1381 1372/50/1381 1331/62/1381
f 1442/824/1382 1259/829/1382 1269/830/1382 1444/825/1382
f 1484/892/1383 1356/1029/1383 1483/891/1383
f 1374/910/1384 1396/911/1384 1333/29/1384
f 1263/897/1385 1398/35/1385 1332/33/1385
f 1330/906/1386 1351/907/1386 1346/8/1386
f 1280/900/1387 1423/57/1387 1432/915/1387
f 1311/904/1388 1329/905/1388 1326/23/1388
f 1455/885/1389 1456/886/1389 1347/69/1389
f 1311/904/1390 1375/145/1390 1367/142/1390
f 1475/890/1391 1312/917/1391 1348/44/1391
f 1279/899/1392 1376/10/1392 1395/9/1392
f 1533/935/1393 1536/1023/1393 1340/736/1393 1318/731/1393
f 1426/1003/1394 1467/714/1394 1377/19/1394 1355/25/1394
f 1321/709/1395 1289/1008/1395 1419/106/1395 1399/927/1395
f 1427/929/1396 1260/960/1396 1268/963/1396 1429/930/1396
f 1539/924/1397 1519/1032/1397 1286/989/1397 1273/925/1397
f 1283/919/1398 1258/854/1398 1401/553/1398 1354/128/1398
f 1480/864/1399 1283/919/1399 1354/128/1399 1372/50/1399
f 1254/922/1400 1464/951/1400 1331/62/1400 1349/48/1400
f 1483/891/1401 1356/1029/1401 1327/13/1401
f 1292/901/1402 1350/926/1402 1423/57/1402
f 1308/916/1403 1271/879/1403 1371/124/1403 1369/52/1403
f 1475/890/1404 1348/44/1404 1474/889/1404
f 1397/912/1405 1420/883/1405 1354/128/1405
f 1462/913/1406 1482/814/1406 1346/8/1406 1358/914/1406
f 1257/896/1407 1328/137/1407 1256/895/1407
f 1460/918/1408 1411/967/1408 1410/970/1408 1451/1033/1408
f 1366/1016/1409 1290/998/1409 1295/1000/1409 1365/1017/1409
f 1434/884/1410 1309/54/1410 1369/52/1410
f 1444/825/1411 1269/830/1411 1550/938/1411 1543/1035/1411
f 1323/1034/1412 1451/1033/1412 1556/956/1412 1518/1036/1412
f 1287/920/1413 1479/952/1413 1519/1032/1413 1539/924/1413
f 1339/735/1414 1452/740/1414 1536/1023/1414 1533/935/1414
f 1479/952/1415 1447/870/1415 1516/1027/1415 1519/1032/1415
f 1296/1009/1416 1338/946/1416 1526/953/1416 1505/1031/1416
f 1447/870/1417 1255/875/1417 1552/1028/1417 1516/1027/1417
f 1402/974/1418 1384/655/1418 1529/1006/1418 1540/1025/1418
f 1481/1026/1419 1463/845/1419 1534/1021/1419 1551/958/1419
f 1304/755/1420 1323/1030/1420 1518/1037/1420 1535/1038/1420
f 1300/962/1421 1477/1022/1421 1514/1039/1421 1549/976/1421
f 1325/660/1422 1362/966/1422 1545/1001/1422 1537/1007/1422
f 1267/969/1423 1302/785/1423 1530/1015/1423 1517/995/1423
f 1255/875/1424 1272/880/1424 1538/1040/1424 1552/1028/1424
f 1405/996/1425 1266/750/1425 1548/1041/1425 1520/1024/1425
f 1452/740/1426 1405/996/1426 1520/1024/1426 1536/1023/1426
f 1463/845/1427 1465/1012/1427 1486/1018/1427 1534/1021/1427
f 1458/945/1428 1413/1004/1428 1544/1019/1428 1542/954/1428
f 1413/1004/1429 1265/1011/1429 1513/1010/1429 1544/1019/1429
f 1477/1022/1430 1449/1013/1430 1531/1042/1430 1514/1039/1430
f 1386/972/1431 1296/1009/1431 1505/1031/1431 1528/1043/1431
f 1272/880/1432 1314/997/1432 1527/1044/1432 1538/1040/1432
f 1266/750/1433 1304/755/1433 1535/1038/1433 1548/1041/1433
f 1465/1012/1434 1270/921/1434 1524/923/1434 1486/1018/1434
f 1302/785/1435 1476/790/1435 1553/1005/1435 1530/1015/1435
f 1295/1000/1436 1342/999/1436 1406/1014/1436 1521/949/1436
f 1415/670/1437 1365/1017/1437 1532/948/1437 1515/1002/1437
f 1342/999/1438 1457/690/1438 1523/1045/1438 1406/1014/1438
f 1265/1011/1439 1305/730/1439 1555/934/1439 1513/1010/1439
f 1384/655/1440 1325/660/1440 1537/1007/1440 1529/1006/1440
f 1476/790/1441 1450/795/1441 1485/931/1441 1553/1005/1441
f 1314/997/1442 1363/975/1442 1554/1046/1442 1527/1044/1442
f 1414/943/1443 1386/972/1443 1528/1043/1443 1546/1047/1443
f 1362/966/1444 1415/670/1444 1515/1002/1444 1545/1001/1444
f 1410/970/1445 1267/969/1445 1517/995/1445 1541/957/1445
f 1363/975/1446 1402/974/1446 1540/1025/1446 1554/1046/1446
f 1268/963/1447 1300/962/1447 1549/976/1447 1547/947/1447
f 1285/937/1448 1481/1026/1448 1551/958/1448 1522/939/1448
f 1451/1033/1449 1410/970/1449 1541/957/1449 1556/956/1449
f 1338/946/1450 1458/945/1450 1542/954/1450 1526/953/1450
f 1365/1017/1451 1295/1000/1451 1521/949/1451 1532/948/1451
f 1449/1013/1452 1444/825/1452 1543/1035/1452 1531/1042/1452
f 1429/930/1453 1268/963/1453 1547/947/1453 1525/932/1453
f 1457/690/1454 1414/943/1454 1546/1047/1454 1523/1045/1454
f 1269/830/1455 1285/937/1455 1522/939/1455 1550/938/1455
f 1305/730/1456 1339/735/1456 1533/935/1456 1555/934/1456
f 1450/795/1457 1429/930/1457 1525/932/1457 1485/931/1457
f 1270/921/1458 1287/920/1458 1539/924/1458 1524/923/1458
f 1693/1/1459 1599/4/1459 1647/3/1459 1847/2/1459
f 1773/5/1460 1644/8/1460 1646/7/1460 1722/6/1460
f 1867/9/1461 1606/11/1461 1607/10/1461 1702/10/1461
f 1743/12/1462 1627/12/1462 1628/13/1462 1772/13/1462
f 1872/14/1463 1626/14/1463 1636/16/1463 1672/15/1463
f 1683/17/1464 1623/20/1464 1615/19/1464 1712/18/1464
f 1877/21/1465 1642/23/1465 1643/22/1465 1802/22/1465
f 1712/18/1466 1615/19/1466 1611/25/1466 1703/24/1466
f 1732/26/1467 1630/29/1467 1649/28/1467 1723/27/1467
f 1702/10/1468 1607/10/1468 1599/4/1468 1693/1/1468
f 1692/30/1469 1622/30/1469 1623/20/1469 1683/17/1469
f 1672/15/1470 1636/16/1470 1638/32/1470 1663/31/1470
f 1662/33/1471 1618/36/1471 1612/35/1471 1653/34/1471
f 1653/34/1472 1612/35/1472 1608/37/1472 1813/37/1472
f 1802/22/1473 1643/22/1473 1632/39/1473 1782/38/1473
f 1792/40/1474 1651/40/1474 1652/41/1474 1783/41/1474
f 1772/13/1475 1628/13/1475 1620/42/1475 1763/42/1475
f 1752/43/1476 1619/44/1476 1627/12/1476 1743/12/1476
f 1682/45/1477 1610/48/1477 1601/47/1477 1673/46/1477
f 1742/49/1478 1603/51/1478 1598/50/1478 1733/50/1478
f 1862/52/1479 1616/52/1479 1640/54/1479 1853/53/1479
f 1663/31/1480 1638/32/1480 1630/29/1480 1732/26/1480
f 1852/55/1481 1614/56/1481 1622/30/1481 1692/30/1481
f 1847/2/1482 1647/3/1482 1648/57/1482 1838/57/1482
f 1837/58/1483 1617/59/1483 1618/36/1483 1662/33/1483
f 1722/6/1484 1646/7/1484 1635/61/1484 1713/60/1484
f 1733/50/1485 1598/50/1485 1609/62/1485 1797/62/1485
f 1888/63/1486 1639/63/1486 1600/65/1486 1887/64/1486
f 1887/64/1487 1600/65/1487 1642/23/1487 1877/21/1487
f 1813/37/1488 1608/37/1488 1606/11/1488 1867/9/1488
f 1703/24/1489 1611/25/1489 1617/59/1489 1837/58/1489
f 1763/42/1490 1620/42/1490 1614/56/1490 1852/55/1490
f 1713/60/1491 1635/61/1491 1626/14/1491 1872/14/1491
f 1673/46/1492 1601/47/1492 1616/52/1492 1862/52/1492
f 1832/66/1493 1602/67/1493 1651/40/1493 1792/40/1493
f 1827/68/1494 1641/70/1494 1631/69/1494 1818/69/1494
f 1723/27/1495 1649/28/1495 1650/72/1495 1808/71/1495
f 1807/73/1496 1625/74/1496 1619/44/1496 1752/43/1496
f 1797/62/1497 1609/62/1497 1610/48/1497 1682/45/1497
f 1782/38/1498 1632/39/1498 1644/8/1498 1773/5/1498
f 1762/75/1499 1633/75/1499 1634/76/1499 1753/76/1499
f 1808/71/1500 1650/72/1500 1603/51/1500 1742/49/1500
f 1838/57/1501 1648/57/1501 1602/67/1501 1832/66/1501
f 1818/69/1502 1631/69/1502 1624/77/1502 1882/77/1502
f 1783/41/1503 1652/41/1503 1639/63/1503 1888/63/1503
f 1882/77/1504 1624/77/1504 1633/75/1504 1762/75/1504
f 1753/76/1505 1634/76/1505 1625/74/1505 1807/73/1505
f 1853/53/1506 1640/54/1506 1641/70/1506 1827/68/1506
f 1775/8/1507 1774/78/1507 1721/6/1507 1720/7/1507
f 1776/79/1508 1775/8/1508 1720/7/1508 1719/80/1508
f 1694/1/1509 1693/1/1509 1847/2/1509 1846/3/1509
f 1777/8/1510 1776/79/1510 1719/80/1510 1718/7/1510
f 1695/81/1511 1694/1/1511 1846/3/1511 1845/3/1511
f 1564/8/1512 1777/8/1512 1718/7/1512 1563/7/1512
f 1696/81/1513 1695/81/1513 1845/3/1513 1844/3/1513
f 1697/1/1514 1696/81/1514 1844/3/1514 1843/3/1514
f 1637/4/1515 1697/1/1515 1843/3/1515 1562/3/1515
f 1774/78/1516 1773/5/1516 1722/6/1516 1721/6/1516
f 1744/12/1517 1743/12/1517 1772/13/1517 1771/82/1517
f 1745/83/1518 1744/12/1518 1771/82/1518 1770/13/1518
f 1746/84/1519 1745/83/1519 1770/13/1519 1769/82/1519
f 1866/85/1520 1867/9/1520 1702/10/1520 1701/86/1520
f 1747/84/1521 1746/84/1521 1769/82/1521 1768/13/1521
f 1865/11/1522 1866/85/1522 1701/86/1522 1700/87/1522
f 1579/12/1523 1747/84/1523 1768/13/1523 1578/13/1523
f 1864/88/1524 1865/11/1524 1700/87/1524 1699/89/1524
f 1871/14/1525 1872/14/1525 1672/15/1525 1671/90/1525
f 1863/91/1526 1864/88/1526 1699/89/1526 1698/10/1526
f 1870/14/1527 1871/14/1527 1671/90/1527 1670/16/1527
f 1604/11/1528 1863/91/1528 1698/10/1528 1597/10/1528
f 1868/14/1529 1869/93/1529 1669/92/1529 1668/15/1529
f 1875/23/1530 1876/23/1530 1801/22/1530 1800/22/1530
f 1580/14/1531 1868/14/1531 1668/15/1531 1571/16/1531
f 1874/94/1532 1875/23/1532 1800/22/1532 1799/22/1532
f 1684/95/1533 1683/17/1533 1712/18/1533 1711/96/1533
f 1873/97/1534 1874/94/1534 1799/22/1534 1798/98/1534
f 1685/20/1535 1684/95/1535 1711/96/1535 1710/18/1535
f 1686/20/1536 1685/20/1536 1710/18/1536 1709/96/1536
f 1687/20/1537 1686/20/1537 1709/96/1537 1708/96/1537
f 1583/20/1538 1687/20/1538 1708/96/1538 1590/19/1538
f 1869/93/1539 1870/14/1539 1670/16/1539 1669/92/1539
f 1876/23/1540 1877/21/1540 1802/22/1540 1801/22/1540
f 1590/19/1541 1708/96/1541 1707/99/1541 1593/25/1541
f 1731/29/1542 1732/26/1542 1723/27/1542 1724/27/1542
f 1730/26/1543 1731/29/1543 1724/27/1543 1725/27/1543
f 1566/23/1544 1873/97/1544 1798/98/1544 1565/22/1544
f 1729/29/1545 1730/26/1545 1725/27/1545 1726/100/1545
f 1711/96/1546 1712/18/1546 1703/24/1546 1704/25/1546
f 1728/29/1547 1729/29/1547 1726/100/1547 1727/27/1547
f 1710/18/1548 1711/96/1548 1704/25/1548 1705/101/1548
f 1577/29/1549 1728/29/1549 1727/27/1549 1560/28/1549
f 1709/96/1550 1710/18/1550 1705/101/1550 1706/25/1550
f 1701/86/1551 1702/10/1551 1693/1/1551 1694/1/1551
f 1708/96/1552 1709/96/1552 1706/25/1552 1707/99/1552
f 1671/90/1553 1672/15/1553 1663/31/1553 1664/32/1553
f 1698/10/1554 1699/89/1554 1696/81/1554 1697/1/1554
f 1670/16/1555 1671/90/1555 1664/32/1555 1665/102/1555
f 1597/10/1556 1698/10/1556 1697/1/1556 1637/4/1556
f 1669/92/1557 1670/16/1557 1665/102/1557 1666/103/1557
f 1691/104/1558 1692/30/1558 1683/17/1558 1684/95/1558
f 1690/104/1559 1691/104/1559 1684/95/1559 1685/20/1559
f 1689/105/1560 1690/104/1560 1685/20/1560 1686/20/1560
f 1688/106/1561 1689/105/1561 1686/20/1561 1687/20/1561
f 1700/87/1562 1701/86/1562 1694/1/1562 1695/81/1562
f 1584/30/1563 1688/106/1563 1687/20/1563 1583/20/1563
f 1699/89/1564 1700/87/1564 1695/81/1564 1696/81/1564
f 1587/36/1565 1658/107/1565 1657/34/1565 1592/35/1565
f 1654/34/1566 1653/34/1566 1813/37/1566 1814/108/1566
f 1668/15/1567 1669/92/1567 1666/103/1567 1667/103/1567
f 1655/109/1568 1654/34/1568 1814/108/1568 1815/110/1568
f 1571/16/1569 1668/15/1569 1667/103/1569 1570/32/1569
f 1656/35/1570 1655/109/1570 1815/110/1570 1816/37/1570
f 1661/33/1571 1662/33/1571 1653/34/1571 1654/34/1571
f 1657/34/1572 1656/35/1572 1816/37/1572 1817/37/1572
f 1660/111/1573 1661/33/1573 1654/34/1573 1655/109/1573
f 1592/35/1574 1657/34/1574 1817/37/1574 1596/37/1574
f 1659/112/1575 1660/111/1575 1655/109/1575 1656/35/1575
f 1658/107/1576 1659/112/1576 1656/35/1576 1657/34/1576
f 1799/22/1577 1800/22/1577 1780/39/1577 1779/39/1577
f 1771/82/1578 1772/13/1578 1763/42/1578 1764/113/1578
f 1798/98/1579 1799/22/1579 1779/39/1579 1778/114/1579
f 1770/13/1580 1771/82/1580 1764/113/1580 1765/113/1580
f 1565/22/1581 1798/98/1581 1778/114/1581 1575/39/1581
f 1791/115/1582 1792/40/1582 1783/41/1582 1784/41/1582
f 1790/116/1583 1791/115/1583 1784/41/1583 1785/41/1583
f 1789/40/1584 1790/116/1584 1785/41/1584 1786/41/1584
f 1801/22/1585 1802/22/1585 1782/38/1585 1781/39/1585
f 1788/40/1586 1789/40/1586 1786/41/1586 1787/117/1586
f 1800/22/1587 1801/22/1587 1781/39/1587 1780/39/1587
f 1558/40/1588 1788/40/1588 1787/117/1588 1557/41/1588
f 1748/118/1589 1749/43/1589 1746/84/1589 1747/84/1589
f 1586/44/1590 1748/118/1590 1747/84/1590 1579/12/1590
f 1769/82/1591 1770/13/1591 1765/113/1591 1766/119/1591
f 1681/48/1592 1682/45/1592 1673/46/1592 1674/120/1592
f 1768/13/1593 1769/82/1593 1766/119/1593 1767/121/1593
f 1680/122/1594 1681/48/1594 1674/120/1594 1675/123/1594
f 1578/13/1595 1768/13/1595 1767/121/1595 1585/42/1595
f 1679/48/1596 1680/122/1596 1675/123/1596 1676/124/1596
f 1751/125/1597 1752/43/1597 1743/12/1597 1744/12/1597
f 1678/48/1598 1679/48/1598 1676/124/1598 1677/124/1598
f 1750/43/1599 1751/125/1599 1744/12/1599 1745/83/1599
f 1749/43/1600 1750/43/1600 1745/83/1600 1746/84/1600
f 1589/52/1601 1858/52/1601 1857/54/1601 1568/54/1601
f 1739/126/1602 1740/128/1602 1735/50/1602 1736/127/1602
f 1664/32/1603 1663/31/1603 1732/26/1603 1731/29/1603
f 1738/129/1604 1739/126/1604 1736/127/1604 1737/50/1604
f 1605/51/1605 1738/129/1605 1737/50/1605 1645/50/1605
f 1861/52/1606 1862/52/1606 1853/53/1606 1854/130/1606
f 1860/131/1607 1861/52/1607 1854/130/1607 1855/53/1607
f 1594/48/1608 1678/48/1608 1677/124/1608 1621/47/1608
f 1859/52/1609 1860/131/1609 1855/53/1609 1856/54/1609
f 1741/132/1610 1742/49/1610 1733/50/1610 1734/133/1610
f 1858/52/1611 1859/52/1611 1856/54/1611 1857/54/1611
f 1740/128/1612 1741/132/1612 1734/133/1612 1735/50/1612
f 1848/55/1613 1849/56/1613 1689/105/1613 1688/106/1613
f 1665/102/1614 1664/32/1614 1731/29/1614 1730/26/1614
f 1591/56/1615 1848/55/1615 1688/106/1615 1584/30/1615
f 1666/103/1616 1665/102/1616 1730/26/1616 1729/29/1616
f 1846/3/1617 1847/2/1617 1838/57/1617 1839/57/1617
f 1667/103/1618 1666/103/1618 1729/29/1618 1728/29/1618
f 1845/3/1619 1846/3/1619 1839/57/1619 1840/57/1619
f 1570/32/1620 1667/103/1620 1728/29/1620 1577/29/1620
f 1844/3/1621 1845/3/1621 1840/57/1621 1841/134/1621
f 1851/135/1622 1852/55/1622 1692/30/1622 1691/104/1622
f 1850/55/1623 1851/135/1623 1691/104/1623 1690/104/1623
f 1849/56/1624 1850/55/1624 1690/104/1624 1689/105/1624
f 1563/7/1625 1718/7/1625 1717/61/1625 1572/61/1625
f 1834/136/1626 1835/137/1626 1660/111/1626 1659/112/1626
f 1833/138/1627 1834/136/1627 1659/112/1627 1658/107/1627
f 1588/59/1628 1833/138/1628 1658/107/1628 1587/36/1628
f 1721/6/1629 1722/6/1629 1713/60/1629 1714/139/1629
f 1843/3/1630 1844/3/1630 1841/134/1630 1842/140/1630
f 1720/7/1631 1721/6/1631 1714/139/1631 1715/141/1631
f 1562/3/1632 1843/3/1632 1842/140/1632 1561/57/1632
f 1719/80/1633 1720/7/1633 1715/141/1633 1716/61/1633
f 1836/138/1634 1837/58/1634 1662/33/1634 1661/33/1634
f 1718/7/1635 1719/80/1635 1716/61/1635 1717/61/1635
f 1835/137/1636 1836/138/1636 1661/33/1636 1660/111/1636
f 1734/133/1637 1733/50/1637 1797/62/1637 1796/62/1637
f 1892/142/1638 1891/143/1638 1884/65/1638 1883/65/1638
f 1735/50/1639 1734/133/1639 1796/62/1639 1795/144/1639
f 1569/63/1640 1892/142/1640 1883/65/1640 1629/65/1640
f 1736/127/1641 1735/50/1641 1795/144/1641 1794/62/1641
f 1886/145/1642 1887/64/1642 1877/21/1642 1876/23/1642
f 1737/50/1643 1736/127/1643 1794/62/1643 1793/146/1643
f 1885/145/1644 1886/145/1644 1876/23/1644 1875/23/1644
f 1645/50/1645 1737/50/1645 1793/146/1645 1595/62/1645
f 1889/147/1646 1888/63/1646 1887/64/1646 1886/145/1646
f 1890/143/1647 1889/147/1647 1886/145/1647 1885/145/1647
f 1891/143/1648 1890/143/1648 1885/145/1648 1884/65/1648
f 1815/110/1649 1814/108/1649 1866/85/1649 1865/11/1649
f 1816/37/1650 1815/110/1650 1865/11/1650 1864/88/1650
f 1817/37/1651 1816/37/1651 1864/88/1651 1863/91/1651
f 1596/37/1652 1817/37/1652 1863/91/1652 1604/11/1652
f 1884/65/1653 1885/145/1653 1875/23/1653 1874/94/1653
f 1704/25/1654 1703/24/1654 1837/58/1654 1836/138/1654
f 1883/65/1655 1884/65/1655 1874/94/1655 1873/97/1655
f 1705/101/1656 1704/25/1656 1836/138/1656 1835/137/1656
f 1629/65/1657 1883/65/1657 1873/97/1657 1566/23/1657
f 1706/25/1658 1705/101/1658 1835/137/1658 1834/136/1658
f 1814/108/1659 1813/37/1659 1867/9/1659 1866/85/1659
f 1707/99/1660 1706/25/1660 1834/136/1660 1833/138/1660
f 1716/61/1661 1715/141/1661 1870/14/1661 1869/93/1661
f 1764/113/1662 1763/42/1662 1852/55/1662 1851/135/1662
f 1717/61/1663 1716/61/1663 1869/93/1663 1868/14/1663
f 1765/113/1664 1764/113/1664 1851/135/1664 1850/55/1664
f 1572/61/1665 1717/61/1665 1868/14/1665 1580/14/1665
f 1766/119/1666 1765/113/1666 1850/55/1666 1849/56/1666
f 1674/120/1667 1673/46/1667 1862/52/1667 1861/52/1667
f 1767/121/1668 1766/119/1668 1849/56/1668 1848/55/1668
f 1585/42/1669 1767/121/1669 1848/55/1669 1591/56/1669
f 1714/139/1670 1713/60/1670 1872/14/1670 1871/14/1670
f 1715/141/1671 1714/139/1671 1871/14/1671 1870/14/1671
f 1593/25/1672 1707/99/1672 1833/138/1672 1588/59/1672
f 1830/148/1673 1831/149/1673 1791/115/1673 1790/116/1673
f 1829/150/1674 1830/148/1674 1790/116/1674 1789/40/1674
f 1828/149/1675 1829/150/1675 1789/40/1675 1788/40/1675
f 1675/123/1676 1674/120/1676 1861/52/1676 1860/131/1676
f 1613/67/1677 1828/149/1677 1788/40/1677 1558/40/1677
f 1676/124/1678 1675/123/1678 1860/131/1678 1859/52/1678
f 1826/151/1679 1827/68/1679 1818/69/1679 1819/69/1679
f 1677/124/1680 1676/124/1680 1859/52/1680 1858/52/1680
f 1825/70/1681 1826/151/1681 1819/69/1681 1820/69/1681
f 1621/47/1682 1677/124/1682 1858/52/1682 1589/52/1682
f 1824/70/1683 1825/70/1683 1820/69/1683 1821/69/1683
f 1831/149/1684 1832/66/1684 1792/40/1684 1791/115/1684
f 1567/70/1685 1823/70/1685 1822/69/1685 1576/69/1685
f 1804/152/1686 1805/74/1686 1750/43/1686 1749/43/1686
f 1724/27/1687 1723/27/1687 1808/71/1687 1809/72/1687
f 1803/153/1688 1804/152/1688 1749/43/1688 1748/118/1688
f 1725/27/1689 1724/27/1689 1809/72/1689 1810/71/1689
f 1581/74/1690 1803/153/1690 1748/118/1690 1586/44/1690
f 1726/100/1691 1725/27/1691 1810/71/1691 1811/71/1691
f 1727/27/1692 1726/100/1692 1811/71/1692 1812/72/1692
f 1560/28/1693 1727/27/1693 1812/72/1693 1559/72/1693
f 1806/154/1694 1807/73/1694 1752/43/1694 1751/125/1694
f 1823/70/1695 1824/70/1695 1821/69/1695 1822/69/1695
f 1805/74/1696 1806/154/1696 1751/125/1696 1750/43/1696
f 1781/39/1697 1782/38/1697 1773/5/1697 1774/78/1697
f 1780/39/1698 1781/39/1698 1774/78/1698 1775/8/1698
f 1779/39/1699 1780/39/1699 1775/8/1699 1776/79/1699
f 1796/62/1700 1797/62/1700 1682/45/1700 1681/48/1700
f 1778/114/1701 1779/39/1701 1776/79/1701 1777/8/1701
f 1795/144/1702 1796/62/1702 1681/48/1702 1680/122/1702
f 1575/39/1703 1778/114/1703 1777/8/1703 1564/8/1703
f 1794/62/1704 1795/144/1704 1680/122/1704 1679/48/1704
f 1761/155/1705 1762/75/1705 1753/76/1705 1754/76/1705
f 1793/146/1706 1794/62/1706 1679/48/1706 1678/48/1706
f 1760/156/1707 1761/155/1707 1754/76/1707 1755/76/1707
f 1595/62/1708 1793/146/1708 1678/48/1708 1594/48/1708
f 1840/57/1709 1839/57/1709 1831/149/1709 1830/148/1709
f 1574/75/1710 1758/157/1710 1757/76/1710 1573/76/1710
f 1841/134/1711 1840/57/1711 1830/148/1711 1829/150/1711
f 1809/72/1712 1808/71/1712 1742/49/1712 1741/132/1712
f 1842/140/1713 1841/134/1713 1829/150/1713 1828/149/1713
f 1810/71/1714 1809/72/1714 1741/132/1714 1740/128/1714
f 1811/71/1715 1810/71/1715 1740/128/1715 1739/126/1715
f 1812/72/1716 1811/71/1716 1739/126/1716 1738/129/1716
f 1559/72/1717 1812/72/1717 1738/129/1717 1605/51/1717
f 1759/158/1718 1760/156/1718 1755/76/1718 1756/159/1718
f 1839/57/1719 1838/57/1719 1832/66/1719 1831/149/1719
f 1758/157/1720 1759/158/1720 1756/159/1720 1757/76/1720
f 1784/41/1721 1783/41/1721 1888/63/1721 1889/147/1721
f 1785/41/1722 1784/41/1722 1889/147/1722 1890/143/1722
f 1561/57/1723 1842/140/1723 1828/149/1723 1613/67/1723
f 1786/41/1724 1785/41/1724 1890/143/1724 1891/143/1724
f 1819/69/1725 1818/69/1725 1882/77/1725 1881/77/1725
f 1787/117/1726 1786/41/1726 1891/143/1726 1892/142/1726
f 1820/69/1727 1819/69/1727 1881/77/1727 1880/77/1727
f 1557/41/1728 1787/117/1728 1892/142/1728 1569/63/1728
f 1821/69/1729 1820/69/1729 1880/77/1729 1879/77/1729
f 1881/77/1730 1882/77/1730 1762/75/1730 1761/155/1730
f 1822/69/1731 1821/69/1731 1879/77/1731 1878/77/1731
f 1576/69/1732 1822/69/1732 1878/77/1732 1582/77/1732
f 1855/53/1733 1854/130/1733 1826/151/1733 1825/70/1733
f 1582/77/1734 1878/77/1734 1758/157/1734 1574/75/1734
f 1856/54/1735 1855/53/1735 1825/70/1735 1824/70/1735
f 1754/76/1736 1753/76/1736 1807/73/1736 1806/154/1736
f 1755/76/1737 1754/76/1737 1806/154/1737 1805/74/1737
f 1756/159/1738 1755/76/1738 1805/74/1738 1804/152/1738
f 1757/76/1739 1756/159/1739 1804/152/1739 1803/153/1739
f 1880/77/1740 1881/77/1740 1761/155/1740 1760/156/1740
f 1573/76/1741 1757/76/1741 1803/153/1741 1581/74/1741
f 1879/77/1742 1880/77/1742 1760/156/1742 1759/158/1742
f 1854/130/1743 1853/53/1743 1827/68/1743 1826/151/1743
f 1878/77/1744 1879/77/1744 1759/158/1744 1758/157/1744
f 1857/54/1745 1856/54/1745 1824/70/1745 1823/70/1745
f 1568/54/1746 1857/54/1746 1823/70/1746 1567/70/1746
f 1924/160/642 1923/191/642 1922/190/642 1921/189/642 1920/188/642 1919/187/642 1918/186/642 1917/185/642 1916/184/642 1915/183/642 1914/182/642 1913/181/642 1912/180/642 1911/179/642 1910/178/642 1909/177/642 1908/176/642 1907/175/642 1906/174/642 1905/173/642 1904/172/642 1903/171/642 1902/170/642 1901/169/642 1900/168/642 1899/167/642 1898/166/642 1897/165/642 1896/164/642 1895/163/642 1894/162/642 1893/161/642
f 1924/192/1747 1893/195/1747 1925/194/1747 1956/193/1747
f 1923/196/1748 1924/192/1748 1956/193/1748 1955/197/1748
f 1922/198/1749 1923/196/1749 1955/197/1749 1954/199/1749
f 1921/200/1750 1922/198/1750 1954/199/1750 1953/201/1750
f 1920/202/1751 1921/200/1751 1953/201/1751 1952/203/1751
f 1919/204/1752 1920/202/1752 1952/203/1752 1951/205/1752
f 1918/206/1753 1919/204/1753 1951/205/1753 1950/207/1753
f 1917/208/1754 1918/206/1754 1950/207/1754 1949/209/1754
f 1916/210/1755 1917/208/1755 1949/209/1755 1948/211/1755
f 1915/212/1756 1916/210/1756 1948/211/1756 1947/213/1756
f 1914/214/1757 1915/212/1757 1947/213/1757 1946/215/1757
f 1913/216/1758 1914/214/1758 1946/215/1758 1945/217/1758
f 1912/218/1759 1913/216/1759 1945/217/1759 1944/219/1759
f 1911/220/1760 1912/218/1760 1944/219/1760 1943/221/1760
f 1910/222/1761 1911/220/1761 1943/221/1761 1942/223/1761
f 1909/224/1762 1910/222/1762 1942/223/1762 1941/225/1762
f 1908/226/1763 1909/224/1763 1941/225/1763 1940/227/1763
f 1907/228/1764 1908/226/1764 1940/227/1764 1939/229/1764
f 1906/230/1765 1907/228/1765 1939/229/1765 1938/231/1765
f 1905/232/1766 1906/230/1766 1938/231/1766 1937/233/1766
f 1904/234/1767 1905/232/1767 1937/233/1767 1936/235/1767
f 1903/236/1768 1904/234/1768 1936/235/1768 1935/237/1768
f 1902/238/1769 1903/236/1769 1935/237/1769 1934/239/1769
f 1901/240/1770 1902/238/1770 1934/239/1770 1933/241/1770
f 1900/242/1771 1901/240/1771 1933/241/1771 1932/243/1771
f 1899/244/1772 1900/242/1772 1932/243/1772 1931/245/1772
f 1898/246/1773 1899/244/1773 1931/245/1773 1930/247/1773
f 1897/248/1774 1898/246/1774 1930/247/1774 1929/249/1774
f 1896/250/1775 1897/248/1775 1929/249/1775 1928/251/1775
f 1895/252/1776 1896/250/1776 1928/251/1776 1927/253/1776
f 1894/254/1777 1895/252/1777 1927/253/1777 1926/255/1777
f 1893/256/1778 1894/254/1778 1926/255/1778 1925/257/1778
f 1956/193/1779 1925/194/1779 1957/259/1779 1988/258/1779
f 1955/197/1780 1956/193/1780 1988/258/1780 1987/260/1780
f 1954/199/1781 1955/197/1781 1987/260/1781 1986/261/1781
f 1953/201/1782 1954/199/1782 1986/261/1782 1985/262/1782
f 1952/203/1783 1953/201/1783 1985/262/1783 1984/263/1783
f 1951/205/1784 1952/203/1784 1984/263/1784 1983/264/1784
f 1950/207/1785 1951/205/1785 1983/264/1785 1982/265/1785
f 1949/209/1786 1950/207/1786 1982/265/1786 1981/266/1786
f 1948/211/1787 1949/209/1787 1981/266/1787 1980/267/1787
f 1947/213/1788 1948/211/1788 1980/267/1788 1979/268/1788
f 1946/215/1789 1947/213/1789 1979/268/1789 1978/269/1789
f 1945/217/1790 1946/215/1790 1978/269/1790 1977/270/1790
f 1944/219/1791 1945/217/1791 1977/270/1791 1976/271/1791
f 1943/221/1792 1944/219/1792 1976/271/1792 1975/272/1792
f 1942/223/1793 1943/221/1793 1975/272/1793 1974/273/1793
f 1941/225/1794 1942/223/1794 1974/273/1794 1973/274/1794
f 1940/227/1795 1941/225/1795 1973/274/1795 1972/275/1795
f 1939/229/1796 1940/227/1796 1972/275/1796 1971/276/1796
f 1938/231/1797 1939/229/1797 1971/276/1797 1970/277/1797
f 1937/233/1798 1938/231/1798 1970/277/1798 1969/278/1798
f 1936/235/1799 1937/233/1799 1969/278/1799 1968/279/1799
f 1935/237/1800 1936/235/1800 1968/279/1800 1967/280/1800
f 1934/239/1801 1935/237/1801 1967/280/1801 1966/281/1801
f 1933/241/1802 1934/239/1802 1966/281/1802 1965/282/1802
f 1932/243/1803 1933/241/1803 1965/282/1803 1964/283/1803
f 1931/245/1804 1932/243/1804 1964/283/1804 1963/284/1804
f 1930/247/1805 1931/245/1805 1963/284/1805 1962/285/1805
f 1929/249/1806 1930/247/1806 1962/285/1806 1961/286/1806
f 1928/251/1807 1929/249/1807 1961/286/1807 1960/287/1807
f 1927/253/1808 1928/251/1808 1960/287/1808 1959/288/1808
f 1926/255/1809 1927/253/1809 1959/288/1809 1958/289/1809
f 1925/257/1810 1926/255/1810 1958/289/1810 1957/290/1810
f 1989/224/1811 1990/293/1811 1995/292/1811 1994/291/1811
f 1990/293/1812 1991/295/1812 1996/294/1812 1995/292/1812
f 2320/296/1813 1992/52/1813 1997/54/1813 2158/297/1813
f 1993/298/1814 1989/224/1814 1994/291/1814 1998/299/1814
f 1994/291/1815 1995/292/1815 2000/301/1815 1999/300/1815
f 1995/292/1816 1996/294/1816 2001/302/1816 2000/301/1816
f 2158/297/1817 1997/54/1817 2002/304/1817 2212/303/1817
f 1998/299/1818 1994/291/1818 1999/300/1818 2003/305/1818
f 1999/300/1819 2000/301/1819 2005/306/1819 2004/228/1819
f 2000/301/1820 2001/302/1820 2006/307/1820 2005/306/1820
f 2212/303/1821 2002/304/1821 2007/69/1821 2259/308/1821
f 2003/305/1822 1999/300/1822 2004/228/1822 2008/309/1822
f 2004/228/1823 2005/306/1823 2010/311/1823 2009/310/1823
f 2005/306/1824 2006/307/1824 2011/312/1824 2010/311/1824
f 2259/308/1825 2007/69/1825 2012/314/1825 2313/313/1825
f 2008/309/1826 2004/228/1826 2009/310/1826 2013/315/1826
f 2009/310/1827 2010/311/1827 2015/317/1827 2014/316/1827
f 2010/311/1828 2011/312/1828 2016/318/1828 2015/317/1828
f 2313/313/1829 2012/314/1829 2017/320/1829 2151/319/1829
f 2013/315/1830 2009/310/1830 2014/316/1830 2018/321/1830
f 2014/316/1831 2015/317/1831 2020/322/1831 2019/232/1831
f 2015/317/1832 2016/318/1832 2021/323/1832 2020/322/1832
f 2151/319/1833 2017/320/1833 2022/76/1833 2205/324/1833
f 2018/321/1834 2014/316/1834 2019/232/1834 2023/325/1834
f 2019/232/1835 2020/322/1835 2025/327/1835 2024/326/1835
f 2020/322/1836 2021/323/1836 2026/328/1836 2025/327/1836
f 2205/324/1837 2022/76/1837 2027/330/1837 2257/329/1837
f 2023/325/1838 2019/232/1838 2024/326/1838 2028/331/1838
f 2024/326/1839 2025/327/1839 2030/333/1839 2029/332/1839
f 2025/327/1840 2026/328/1840 2031/334/1840 2030/333/1840
f 2257/329/1841 2027/330/1841 2032/336/1841 2311/335/1841
f 2028/331/1842 2024/326/1842 2029/332/1842 2033/337/1842
f 2029/332/1843 2030/333/1843 2035/338/1843 2034/236/1843
f 2030/333/1844 2031/334/1844 2036/339/1844 2035/338/1844
f 2311/335/1845 2032/336/1845 2037/12/1845 2149/340/1845
f 2033/337/1846 2029/332/1846 2034/236/1846 2038/341/1846
f 2034/236/1847 2035/338/1847 2040/343/1847 2039/342/1847
f 2035/338/1848 2036/339/1848 2041/344/1848 2040/343/1848
f 2149/340/1849 2037/12/1849 2042/346/1849 2203/345/1849
f 2038/341/1850 2034/236/1850 2039/342/1850 2043/347/1850
f 2039/342/1851 2040/343/1851 2045/349/1851 2044/348/1851
f 2040/343/1852 2041/344/1852 2046/350/1852 2045/349/1852
f 2203/345/1853 2042/346/1853 2047/352/1853 2250/351/1853
f 2043/347/1854 2039/342/1854 2044/348/1854 2048/353/1854
f 2044/348/1855 2045/349/1855 2050/354/1855 2049/240/1855
f 2045/349/1856 2046/350/1856 2051/355/1856 2050/354/1856
f 2250/351/1857 2047/352/1857 2052/55/1857 2304/356/1857
f 2048/353/1858 2044/348/1858 2049/240/1858 2053/357/1858
f 2049/240/1859 2050/354/1859 2055/359/1859 2054/358/1859
f 2050/354/1860 2051/355/1860 2056/360/1860 2055/359/1860
f 2304/356/1861 2052/55/1861 2057/30/1861 2142/361/1861
f 2053/357/1862 2049/240/1862 2054/358/1862 2058/362/1862
f 2054/358/1863 2055/359/1863 2060/364/1863 2059/363/1863
f 2055/359/1864 2056/360/1864 2061/365/1864 2060/364/1864
f 2142/361/1865 2057/30/1865 2062/367/1865 2196/366/1865
f 2058/362/1866 2054/358/1866 2059/363/1866 2063/368/1866
f 2059/363/1867 2060/364/1867 2065/369/1867 2064/244/1867
f 2060/364/1868 2061/365/1868 2066/370/1868 2065/369/1868
f 2196/366/1869 2062/367/1869 2067/372/1869 2248/371/1869
f 2063/368/1870 2059/363/1870 2064/244/1870 2068/373/1870
f 2064/244/1871 2065/369/1871 2070/375/1871 2069/374/1871
f 2065/369/1872 2066/370/1872 2071/376/1872 2070/375/1872
f 2248/371/1873 2067/372/1873 2072/24/1873 2302/377/1873
f 2068/373/1874 2064/244/1874 2069/374/1874 2073/378/1874
f 2069/374/1875 2070/375/1875 2075/380/1875 2074/379/1875
f 2070/375/1876 2071/376/1876 2076/381/1876 2075/380/1876
f 2302/377/1877 2072/24/1877 2077/59/1877 2140/382/1877
f 2073/378/1878 2069/374/1878 2074/379/1878 2078/383/1878
f 2074/379/1879 2075/380/1879 2080/384/1879 2079/248/1879
f 2075/380/1880 2076/381/1880 2081/385/1880 2080/384/1880
f 2140/382/1881 2077/59/1881 2082/33/1881 2194/386/1881
f 2078/383/1882 2074/379/1882 2079/248/1882 2083/387/1882
f 2079/248/1883 2080/384/1883 2085/389/1883 2084/388/1883
f 2080/384/1884 2081/385/1884 2086/390/1884 2085/389/1884
f 2194/386/1885 2082/33/1885 2087/392/1885 2241/391/1885
f 2083/387/1886 2079/248/1886 2084/388/1886 2088/393/1886
f 2084/388/1887 2085/389/1887 2090/395/1887 2089/394/1887
f 2085/389/1888 2086/390/1888 2091/396/1888 2090/395/1888
f 2241/391/1889 2087/392/1889 2092/108/1889 2295/397/1889
f 2088/393/1890 2084/388/1890 2089/394/1890 2093/398/1890
f 2089/394/1891 2090/395/1891 2095/399/1891 2094/252/1891
f 2090/395/1892 2091/396/1892 2096/400/1892 2095/399/1892
f 2295/397/1893 2092/108/1893 2097/88/1893 2133/401/1893
f 2093/398/1894 2089/394/1894 2094/252/1894 2098/402/1894
f 2094/252/1895 2095/399/1895 2100/404/1895 2099/403/1895
f 2095/399/1896 2096/400/1896 2101/405/1896 2100/404/1896
f 2133/401/1897 2097/88/1897 2102/87/1897 2187/406/1897
f 2098/402/1898 2094/252/1898 2099/403/1898 2103/407/1898
f 2099/403/1899 2100/404/1899 2105/409/1899 2104/408/1899
f 2100/404/1900 2101/405/1900 2106/410/1900 2105/409/1900
f 2187/406/1901 2102/87/1901 2107/412/1901 2239/411/1901
f 2321/413/1902 2320/296/1902 2158/297/1902 2159/414/1902
f 2103/407/1903 2099/403/1903 2104/408/1903 2108/415/1903
f 2104/408/1904 2105/409/1904 2110/416/1904 2109/256/1904
f 2105/409/1905 2106/410/1905 2111/417/1905 2110/416/1905
f 2239/411/1906 2107/412/1906 2112/419/1906 2293/418/1906
f 1991/295/1907 2321/413/1907 2159/414/1907 1996/294/1907
f 2159/414/1908 2158/297/1908 2212/303/1908 2213/420/1908
f 1996/294/1909 2159/414/1909 2213/420/1909 2001/302/1909
f 2213/420/1910 2212/303/1910 2259/308/1910 2260/421/1910
f 2108/415/1911 2104/408/1911 2109/256/1911 2117/422/1911
f 2109/423/1912 2110/426/1912 2119/425/1912 2118/424/1912
f 2110/426/1913 2111/428/1913 2120/427/1913 2119/425/1913
f 2293/429/1914 2112/432/1914 2121/431/1914 2131/430/1914
f 2001/302/1915 2213/420/1915 2260/421/1915 2006/307/1915
f 2260/421/1916 2259/308/1916 2313/313/1916 2314/433/1916
f 2006/307/1917 2260/421/1917 2314/433/1917 2011/312/1917
f 2314/433/1918 2313/313/1918 2151/319/1918 2152/434/1918
f 2117/435/1919 2109/423/1919 2118/424/1919 2126/436/1919
f 2118/424/1920 2119/425/1920 2128/438/1920 2127/437/1920
f 2119/425/1921 2120/427/1921 2129/439/1921 2128/438/1921
f 2131/430/1922 2121/431/1922 2130/441/1922 2185/440/1922
f 2152/434/1923 2151/319/1923 2205/324/1923 2206/442/1923
f 2011/312/1924 2314/433/1924 2152/434/1924 2016/318/1924
f 2016/318/1925 2152/434/1925 2206/442/1925 2021/323/1925
f 2206/442/1926 2205/324/1926 2257/329/1926 2258/443/1926
f 2126/436/1927 2118/424/1927 2127/437/1927 2135/444/1927
f 2127/437/1928 2128/438/1928 2137/445/1928 2136/196/1928
f 2128/438/1929 2129/439/1929 2138/446/1929 2137/445/1929
f 2185/440/1930 2130/441/1930 2139/40/1930 2232/447/1930
f 2021/323/1931 2206/442/1931 2258/443/1931 2026/328/1931
f 2258/443/1932 2257/329/1932 2311/335/1932 2312/448/1932
f 2026/328/1933 2258/443/1933 2312/448/1933 2031/334/1933
f 2312/448/1934 2311/335/1934 2149/340/1934 2150/449/1934
f 2135/444/1935 2127/437/1935 2136/196/1935 2144/450/1935
f 2136/196/1936 2137/445/1936 2146/452/1936 2145/451/1936
f 2137/445/1937 2138/446/1937 2147/453/1937 2146/452/1937
f 2232/447/1938 2139/40/1938 2148/117/1938 2286/454/1938
f 2031/334/1939 2312/448/1939 2150/449/1939 2036/339/1939
f 2150/449/1940 2149/340/1940 2203/345/1940 2204/455/1940
f 2036/339/1941 2150/449/1941 2204/455/1941 2041/344/1941
f 2204/455/1942 2203/345/1942 2250/351/1942 2251/456/1942
f 2144/450/1943 2136/196/1943 2145/451/1943 2153/457/1943
f 2145/451/1944 2146/452/1944 2155/459/1944 2154/458/1944
f 2146/452/1945 2147/453/1945 2156/460/1945 2155/459/1945
f 2286/454/1946 2148/117/1946 2157/462/1946 2124/461/1946
f 2041/344/1947 2204/455/1947 2251/456/1947 2046/350/1947
f 2251/456/1948 2250/351/1948 2304/356/1948 2305/463/1948
f 2046/350/1949 2251/456/1949 2305/463/1949 2051/355/1949
f 2305/463/1950 2304/356/1950 2142/361/1950 2143/464/1950
f 2153/457/1951 2145/451/1951 2154/458/1951 2162/465/1951
f 2154/458/1952 2155/459/1952 2164/466/1952 2163/200/1952
f 2155/459/1953 2156/460/1953 2165/467/1953 2164/466/1953
f 2124/461/1954 2157/462/1954 2166/64/1954 2178/468/1954
f 2143/464/1955 2142/361/1955 2196/366/1955 2197/469/1955
f 2051/355/1956 2305/463/1956 2143/464/1956 2056/360/1956
f 2056/360/1957 2143/464/1957 2197/469/1957 2061/365/1957
f 2197/469/1958 2196/366/1958 2248/371/1958 2249/470/1958
f 2162/465/1959 2154/458/1959 2163/200/1959 2171/471/1959
f 2163/200/1960 2164/466/1960 2173/473/1960 2172/472/1960
f 2164/466/1961 2165/467/1961 2174/474/1961 2173/473/1961
f 2178/468/1962 2166/64/1962 2175/94/1962 2230/475/1962
f 2061/365/1963 2197/469/1963 2249/470/1963 2066/370/1963
f 2249/470/1964 2248/371/1964 2302/377/1964 2303/476/1964
f 2066/370/1965 2249/470/1965 2303/476/1965 2071/376/1965
f 2303/476/1966 2302/377/1966 2140/382/1966 2141/477/1966
f 2171/471/1967 2163/200/1967 2172/472/1967 2180/478/1967
f 2172/472/1968 2173/473/1968 2182/480/1968 2181/479/1968
f 2173/473/1969 2174/474/1969 2183/481/1969 2182/480/1969
f 2230/475/1970 2175/94/1970 2184/483/1970 2284/482/1970
f 2071/376/1971 2303/476/1971 2141/477/1971 2076/381/1971
f 2141/477/1972 2140/382/1972 2194/386/1972 2195/484/1972
f 2076/381/1973 2141/477/1973 2195/484/1973 2081/385/1973
f 2195/484/1974 2194/386/1974 2241/391/1974 2242/485/1974
f 2180/478/1975 2172/472/1975 2181/479/1975 2189/486/1975
f 2181/479/1976 2182/480/1976 2191/487/1976 2190/204/1976
f 2182/480/1977 2183/481/1977 2192/488/1977 2191/487/1977
f 2284/482/1978 2184/483/1978 2193/38/1978 2122/489/1978
f 2081/385/1979 2195/484/1979 2242/485/1979 2086/390/1979
f 2242/485/1980 2241/391/1980 2295/397/1980 2296/490/1980
f 2086/390/1981 2242/485/1981 2296/490/1981 2091/396/1981
f 2296/490/1982 2295/397/1982 2133/401/1982 2134/491/1982
f 2189/486/1983 2181/479/1983 2190/204/1983 2198/492/1983
f 2190/204/1984 2191/487/1984 2200/494/1984 2199/493/1984
f 2191/487/1985 2192/488/1985 2201/495/1985 2200/494/1985
f 2122/489/1986 2193/38/1986 2202/78/1986 2176/496/1986
f 2134/491/1987 2133/401/1987 2187/406/1987 2188/497/1987
f 2091/396/1988 2296/490/1988 2134/491/1988 2096/400/1988
f 2096/400/1989 2134/491/1989 2188/497/1989 2101/405/1989
f 2188/497/1990 2187/406/1990 2239/411/1990 2240/498/1990
f 2198/492/1991 2190/204/1991 2199/493/1991 2207/499/1991
f 2199/493/1992 2200/494/1992 2209/501/1992 2208/500/1992
f 2200/494/1993 2201/495/1993 2210/502/1993 2209/501/1993
f 2176/496/1994 2202/78/1994 2211/504/1994 2223/503/1994
f 2101/405/1995 2188/497/1995 2240/498/1995 2106/410/1995
f 2240/498/1996 2239/411/1996 2293/418/1996 2294/505/1996
f 2106/410/1997 2240/498/1997 2294/505/1997 2111/417/1997
f 2294/506/1998 2293/429/1998 2131/430/1998 2132/507/1998
f 2207/499/1999 2199/493/1999 2208/500/1999 2216/508/1999
f 2208/500/2000 2209/501/2000 2218/509/2000 2217/208/2000
f 2209/501/2001 2210/502/2001 2219/510/2001 2218/509/2001
f 2223/503/2002 2211/504/2002 2220/61/2002 2277/511/2002
f 2111/428/2003 2294/506/2003 2132/507/2003 2120/427/2003
f 2132/507/2004 2131/430/2004 2185/440/2004 2186/512/2004
f 2120/427/2005 2132/507/2005 2186/512/2005 2129/439/2005
f 2186/512/2006 2185/440/2006 2232/447/2006 2233/513/2006
f 2216/508/2007 2208/500/2007 2217/208/2007 2225/514/2007
f 2217/208/2008 2218/509/2008 2227/516/2008 2226/515/2008
f 2218/509/2009 2219/510/2009 2228/517/2009 2227/516/2009
f 2277/511/2010 2220/61/2010 2229/519/2010 2115/518/2010
f 2129/439/2011 2186/512/2011 2233/513/2011 2138/446/2011
f 2233/513/2012 2232/447/2012 2286/454/2012 2287/520/2012
f 2138/446/2013 2233/513/2013 2287/520/2013 2147/453/2013
f 2287/520/2014 2286/454/2014 2124/461/2014 2125/521/2014
f 2225/514/2015 2217/208/2015 2226/515/2015 2234/522/2015
f 2226/515/2016 2227/516/2016 2236/524/2016 2235/523/2016
f 2227/516/2017 2228/517/2017 2237/525/2017 2236/524/2017
f 2115/518/2018 2229/519/2018 2238/16/2018 2169/526/2018
f 2125/521/2019 2124/461/2019 2178/468/2019 2179/527/2019
f 2147/453/2020 2287/520/2020 2125/521/2020 2156/460/2020
f 2156/460/2021 2125/521/2021 2179/527/2021 2165/467/2021
f 2179/527/2022 2178/468/2022 2230/475/2022 2231/528/2022
f 2234/522/2023 2226/515/2023 2235/523/2023 2243/529/2023
f 2235/523/2024 2236/524/2024 2245/530/2024 2244/212/2024
f 2236/524/2025 2237/525/2025 2246/531/2025 2245/530/2025
f 2169/526/2026 2238/16/2026 2247/103/2026 2221/532/2026
f 2165/467/2027 2179/527/2027 2231/528/2027 2174/474/2027
f 2231/528/2028 2230/475/2028 2284/482/2028 2285/533/2028
f 2174/474/2029 2231/528/2029 2285/533/2029 2183/481/2029
f 2285/533/2030 2284/482/2030 2122/489/2030 2123/534/2030
f 2243/529/2031 2235/523/2031 2244/212/2031 2252/535/2031
f 2244/212/2032 2245/530/2032 2254/537/2032 2253/536/2032
f 2245/530/2033 2246/531/2033 2255/538/2033 2254/537/2033
f 2221/532/2034 2247/103/2034 2256/26/2034 2275/539/2034
f 2183/481/2035 2285/533/2035 2123/534/2035 2192/488/2035
f 2123/534/2036 2122/489/2036 2176/496/2036 2177/540/2036
f 2192/488/2037 2123/534/2037 2177/540/2037 2201/495/2037
f 2177/540/2038 2176/496/2038 2223/503/2038 2224/541/2038
f 2252/535/2039 2244/212/2039 2253/536/2039 2261/542/2039
f 2253/536/2040 2254/537/2040 2263/544/2040 2262/543/2040
f 2254/537/2041 2255/538/2041 2264/545/2041 2263/544/2041
f 2275/539/2042 2256/26/2042 2265/28/2042 2113/546/2042
f 2201/495/2043 2177/540/2043 2224/541/2043 2210/502/2043
f 2224/541/2044 2223/503/2044 2277/511/2044 2278/547/2044
f 2210/502/2045 2224/541/2045 2278/547/2045 2219/510/2045
f 2278/547/2046 2277/511/2046 2115/518/2046 2116/548/2046
f 2261/542/2047 2253/536/2047 2262/543/2047 2270/549/2047
f 2262/543/2048 2263/544/2048 2272/550/2048 2271/216/2048
f 2263/544/2049 2264/545/2049 2273/551/2049 2272/550/2049
f 2113/546/2050 2265/28/2050 2274/553/2050 2167/552/2050
f 2116/548/2051 2115/518/2051 2169/526/2051 2170/554/2051
f 2219/510/2052 2278/547/2052 2116/548/2052 2228/517/2052
f 2228/517/2053 2116/548/2053 2170/554/2053 2237/525/2053
f 2170/554/2054 2169/526/2054 2221/532/2054 2222/555/2054
f 2270/549/2055 2262/543/2055 2271/216/2055 2279/556/2055
f 2271/216/2056 2272/550/2056 2281/558/2056 2280/557/2056
f 2272/550/2057 2273/551/2057 2282/559/2057 2281/558/2057
f 2167/552/2058 2274/553/2058 2283/561/2058 2268/560/2058
f 2237/525/2059 2170/554/2059 2222/555/2059 2246/531/2059
f 2222/555/2060 2221/532/2060 2275/539/2060 2276/562/2060
f 2246/531/2061 2222/555/2061 2276/562/2061 2255/538/2061
f 2276/562/2062 2275/539/2062 2113/546/2062 2114/563/2062
f 2279/556/2063 2271/216/2063 2280/557/2063 2288/564/2063
f 2280/557/2064 2281/558/2064 2290/566/2064 2289/565/2064
f 2281/558/2065 2282/559/2065 2291/567/2065 2290/566/2065
f 2268/560/2066 2283/561/2066 2292/569/2066 2322/568/2066
f 2255/538/2067 2276/562/2067 2114/563/2067 2264/545/2067
f 2114/563/2068 2113/546/2068 2167/552/2068 2168/570/2068
f 2264/545/2069 2114/563/2069 2168/570/2069 2273/551/2069
f 2168/570/2070 2167/552/2070 2268/560/2070 2269/571/2070
f 2288/564/2071 2280/557/2071 2289/565/2071 2297/572/2071
f 2289/565/2072 2290/566/2072 2299/573/2072 2298/220/2072
f 2290/566/2073 2291/567/2073 2300/574/2073 2299/573/2073
f 2322/568/2074 2292/569/2074 2301/62/2074 2160/575/2074
f 2273/551/2075 2168/570/2075 2269/571/2075 2282/559/2075
f 2269/571/2076 2268/560/2076 2322/568/2076 2323/576/2076
f 2282/559/2077 2269/571/2077 2323/576/2077 2291/567/2077
f 2323/576/2078 2322/568/2078 2160/575/2078 2161/577/2078
f 2297/572/2079 2289/565/2079 2298/220/2079 2306/578/2079
f 2298/220/2080 2299/573/2080 2308/580/2080 2307/579/2080
f 2299/573/2081 2300/574/2081 2309/581/2081 2308/580/2081
f 2160/575/2082 2301/62/2082 2310/583/2082 2214/582/2082
f 2161/577/2083 2160/575/2083 2214/582/2083 2215/584/2083
f 2291/567/2084 2323/576/2084 2161/577/2084 2300/574/2084
f 2215/584/2085 2214/582/2085 2266/586/2085 2267/585/2085
f 2306/578/2086 2298/220/2086 2307/579/2086 2315/587/2086
f 2307/579/2087 2308/580/2087 2317/589/2087 2316/588/2087
f 2308/580/2088 2309/581/2088 2318/590/2088 2317/589/2088
f 2214/582/2089 2310/583/2089 2319/591/2089 2266/586/2089
f 2309/581/2090 2215/584/2090 2267/585/2090 2318/590/2090
f 2300/574/2091 2161/577/2091 2215/584/2091 2309/581/2091
f 2267/585/2092 2266/586/2092 2320/296/2092 2321/413/2092
f 2318/590/2093 2267/585/2093 2321/413/2093 1991/295/2093
f 2315/587/2094 2307/579/2094 2316/588/2094 2324/592/2094
f 2316/588/2095 2317/589/2095 1990/293/2095 1989/224/2095
f 2317/589/2096 2318/590/2096 1991/295/2096 1990/293/2096
f 2266/586/2097 2319/591/2097 1992/52/2097 2320/296/2097
f 2324/592/2098 2316/588/2098 1989/224/2098 1993/298/2098
f 2319/591/289 2310/583/289 2301/62/289 2292/569/289 2283/561/289 2274/553/289 2265/28/289 2256/26/289 2247/103/289 2238/16/289 2229/519/289 2220/61/289 2211/504/289 2202/78/289 2193/38/289 2184/483/289 2175/94/289 2166/64/289 2157/462/289 2148/117/289 2139/40/289 2130/441/289 2121/431/289 2112/432/289 2107/412/289 2102/87/289 2097/88/289 2092/108/289 2087/392/289 2082/33/289 2077/59/289 2072/24/289 2067/372/289 2062/367/289 2057/30/289 2052/55/289 2047/352/289 2042/346/289 2037/12/289 2032/336/289 2027/330/289 2022/76/289 2017/320/289 2012/314/289 2007/69/289 2002/304/289 1997/54/289 1992/52/289
f 2338/30/642 2339/367/642 2340/372/642 2341/24/642 2342/59/642 2343/33/642 2344/392/642 2345/108/642 2346/88/642 2347/87/642 2348/412/642 2349/432/642 2350/431/642 2351/441/642 2352/40/642 2353/117/642 2354/462/642 2355/64/642 2356/94/642 2357/483/642 2358/38/642 2359/78/642 2360/504/642 2361/61/642 2362/519/642 2363/16/642 2364/103/642 2365/26/642 2366/28/642 2367/553/642 2368/561/642 2369/569/642 2370/62/642 2371/583/642 2372/591/642 2325/52/642 2326/54/642 2327/304/642 2328/69/642 2329/314/642 2330/320/642 2331/76/642 2332/330/642 2333/336/642 2334/12/642 2335/346/642 2336/352/642 2337/55/642
f 2355/64/2099 2553/593/2099 2412/94/2099 2356/94/2099
f 2553/593/2100 2554/64/2100 2411/94/2100 2412/94/2100
f 2554/64/2101 2555/64/2101 2410/94/2101 2411/94/2101
f 2555/64/2102 2556/65/2102 2409/94/2102 2410/94/2102
f 2556/65/2103 1629/65/2103 1566/23/2103 2409/94/2103
f 2372/591/2104 2549/594/2104 2504/52/2104 2325/52/2104
f 2549/594/2105 2550/591/2105 2503/52/2105 2504/52/2105
f 2550/591/2106 2551/123/2106 2502/52/2106 2503/52/2106
f 2551/123/2107 2552/47/2107 2501/52/2107 2502/52/2107
f 2552/47/2108 1621/47/2108 1589/52/2108 2501/52/2108
f 2362/519/2109 2465/595/2109 2432/16/2109 2363/16/2109
f 2465/595/2110 2466/595/2110 2431/16/2110 2432/16/2110
f 2466/595/2111 2467/595/2111 2430/16/2111 2431/16/2111
f 2467/595/2112 2468/14/2112 2429/16/2112 2430/16/2112
f 2468/14/2113 1580/14/2113 1571/16/2113 2429/16/2113
f 2348/412/2114 2557/597/2114 2396/596/2114 2349/432/2114
f 2557/597/2115 2558/597/2115 2395/432/2115 2396/596/2115
f 2558/597/2116 2559/597/2116 2394/432/2116 2395/432/2116
f 2559/597/2117 2560/4/2117 2393/432/2117 2394/432/2117
f 2560/4/2118 1637/4/2118 1562/3/2118 2393/432/2118
f 2351/441/2119 2545/599/2119 2380/598/2119 2352/40/2119
f 2545/599/2120 2546/150/2120 2379/40/2120 2380/598/2120
f 2546/150/2121 2547/150/2121 2378/40/2121 2379/40/2121
f 2547/150/2122 2548/67/2122 2377/40/2122 2378/40/2122
f 2548/67/2123 1613/67/2123 1558/40/2123 2377/40/2123
f 2369/569/2124 2561/601/2124 2528/600/2124 2370/62/2124
f 2561/601/2125 2562/602/2125 2527/62/2125 2528/600/2125
f 2562/602/2126 2563/569/2126 2526/62/2126 2527/62/2126
f 2563/569/2127 2564/50/2127 2525/62/2127 2526/62/2127
f 2564/50/2128 1645/50/2128 1595/62/2128 2525/62/2128
f 2358/38/2129 2445/38/2129 2404/78/2129 2359/78/2129
f 2445/38/2130 2446/38/2130 2403/78/2130 2404/78/2130
f 2446/38/2131 2447/38/2131 2402/78/2131 2403/78/2131
f 2447/38/2132 2448/39/2132 2401/8/2132 2402/78/2132
f 2448/39/2133 1575/39/2133 1564/8/2133 2401/8/2133
f 2368/561/2134 2541/49/2134 2561/601/2134 2369/569/2134
f 2541/49/2135 2542/49/2135 2562/602/2135 2561/601/2135
f 2542/49/2136 2543/49/2136 2563/569/2136 2562/602/2136
f 2543/49/2137 2544/129/2137 2564/50/2137 2563/569/2137
f 2544/129/2138 1605/51/2138 1645/50/2138 2564/50/2138
f 2347/87/2139 2533/603/2139 2557/597/2139 2348/412/2139
f 2533/603/2140 2534/603/2140 2558/597/2140 2557/597/2140
f 2534/603/2141 2535/10/2141 2559/597/2141 2558/597/2141
f 2535/10/2142 2536/10/2142 2560/4/2142 2559/597/2142
f 2536/10/2143 1597/10/2143 1637/4/2143 2560/4/2143
f 2354/462/2144 2421/462/2144 2553/593/2144 2355/64/2144
f 2421/462/2145 2422/147/2145 2554/64/2145 2553/593/2145
f 2422/147/2146 2423/462/2146 2555/64/2146 2554/64/2146
f 2423/462/2147 2424/63/2147 2556/65/2147 2555/64/2147
f 2424/63/2148 1569/63/2148 1629/65/2148 2556/65/2148
f 2345/108/2149 2529/605/2149 2540/604/2149 2346/88/2149
f 2529/605/2150 2530/605/2150 2539/88/2150 2540/604/2150
f 2530/605/2151 2531/606/2151 2538/91/2151 2539/88/2151
f 2531/606/2152 2532/108/2152 2537/91/2152 2538/91/2152
f 2532/108/2153 1596/37/2153 1604/11/2153 2537/91/2153
f 2371/583/2154 2521/48/2154 2549/594/2154 2372/591/2154
f 2521/48/2155 2522/607/2155 2550/591/2155 2549/594/2155
f 2522/607/2156 2523/608/2156 2551/123/2156 2550/591/2156
f 2523/608/2157 2524/583/2157 2552/47/2157 2551/123/2157
f 2524/583/2158 1594/48/2158 1621/47/2158 2552/47/2158
f 2350/431/2159 2389/57/2159 2545/599/2159 2351/441/2159
f 2389/57/2160 2390/57/2160 2546/150/2160 2545/599/2160
f 2390/57/2161 2391/57/2161 2547/150/2161 2546/150/2161
f 2391/57/2162 2392/57/2162 2548/67/2162 2547/150/2162
f 2392/57/2163 1561/57/2163 1613/67/2163 2548/67/2163
f 2341/24/2164 2517/101/2164 2500/609/2164 2342/59/2164
f 2517/101/2165 2518/610/2165 2499/138/2165 2500/609/2165
f 2518/610/2166 2519/101/2166 2498/59/2166 2499/138/2166
f 2519/101/2167 2520/24/2167 2497/59/2167 2498/59/2167
f 2520/24/2168 1593/25/2168 1588/59/2168 2497/59/2168
f 2367/553/2169 2381/553/2169 2541/49/2169 2368/561/2169
f 2381/553/2170 2382/553/2170 2542/49/2170 2541/49/2170
f 2382/553/2171 2383/553/2171 2543/49/2171 2542/49/2171
f 2383/553/2172 2384/72/2172 2544/129/2172 2543/49/2172
f 2384/72/2173 1559/72/2173 1605/51/2173 2544/129/2173
f 2346/88/2174 2540/604/2174 2533/603/2174 2347/87/2174
f 2540/604/2175 2539/88/2175 2534/603/2175 2533/603/2175
f 2539/88/2176 2538/91/2176 2535/10/2176 2534/603/2176
f 2538/91/2177 2537/91/2177 2536/10/2177 2535/10/2177
f 2537/91/2178 1604/11/2178 1597/10/2178 2536/10/2178
f 2337/55/2179 2509/55/2179 2484/106/2179 2338/30/2179
f 2509/55/2180 2510/55/2180 2483/106/2180 2484/106/2180
f 2510/55/2181 2511/55/2181 2482/30/2181 2483/106/2181
f 2511/55/2182 2512/56/2182 2481/104/2182 2482/30/2182
f 2512/56/2183 1591/56/2183 1584/30/2183 2481/104/2183
f 2344/392/2184 2513/34/2184 2529/605/2184 2345/108/2184
f 2513/34/2185 2514/611/2185 2530/605/2185 2529/605/2185
f 2514/611/2186 2515/392/2186 2531/606/2186 2530/605/2186
f 2515/392/2187 2516/35/2187 2532/108/2187 2531/606/2187
f 2516/35/2188 1592/35/2188 1596/37/2188 2532/108/2188
f 2370/62/2189 2528/600/2189 2521/48/2189 2371/583/2189
f 2528/600/2190 2527/62/2190 2522/607/2190 2521/48/2190
f 2527/62/2191 2526/62/2191 2523/608/2191 2522/607/2191
f 2526/62/2192 2525/62/2192 2524/583/2192 2523/608/2192
f 2525/62/2193 1595/62/2193 1594/48/2193 2524/583/2193
f 2333/336/2194 2489/336/2194 2464/612/2194 2334/12/2194
f 2489/336/2195 2490/613/2195 2463/12/2195 2464/612/2195
f 2490/613/2196 2491/613/2196 2462/12/2196 2463/12/2196
f 2491/613/2197 2492/44/2197 2461/12/2197 2462/12/2197
f 2492/44/2198 1586/44/2198 1579/12/2198 2461/12/2198
f 2340/372/2199 2505/372/2199 2517/101/2199 2341/24/2199
f 2505/372/2200 2506/372/2200 2518/610/2200 2517/101/2200
f 2506/372/2201 2507/614/2201 2519/101/2201 2518/610/2201
f 2507/614/2202 2508/19/2202 2520/24/2202 2519/101/2202
f 2508/19/2203 1590/19/2203 1593/25/2203 2520/24/2203
f 2343/33/2204 2493/33/2204 2513/34/2204 2344/392/2204
f 2493/33/2205 2494/615/2205 2514/611/2205 2513/34/2205
f 2494/615/2206 2495/33/2206 2515/392/2206 2514/611/2206
f 2495/33/2207 2496/36/2207 2516/35/2207 2515/392/2207
f 2496/36/2208 1587/36/2208 1592/35/2208 2516/35/2208
f 2329/314/2209 2473/617/2209 2444/616/2209 2330/320/2209
f 2473/617/2210 2474/77/2210 2443/75/2210 2444/616/2210
f 2474/77/2211 2475/77/2211 2442/75/2211 2443/75/2211
f 2475/77/2212 2476/77/2212 2441/75/2212 2442/75/2212
f 2476/77/2213 1582/77/2213 1574/75/2213 2441/75/2213
f 2336/352/2214 2485/618/2214 2509/55/2214 2337/55/2214
f 2485/618/2215 2486/352/2215 2510/55/2215 2509/55/2215
f 2486/352/2216 2487/352/2216 2511/55/2216 2510/55/2216
f 2487/352/2217 2488/619/2217 2512/56/2217 2511/55/2217
f 2488/619/2218 1585/42/2218 1591/56/2218 2512/56/2218
f 2339/367/2219 2477/620/2219 2505/372/2219 2340/372/2219
f 2477/620/2220 2478/620/2220 2506/372/2220 2505/372/2220
f 2478/620/2221 2479/620/2221 2507/614/2221 2506/372/2221
f 2479/620/2222 2480/95/2222 2508/19/2222 2507/614/2222
f 2480/95/2223 1583/20/2223 1590/19/2223 2508/19/2223
f 2325/52/2224 2504/52/2224 2420/621/2224 2326/54/2224
f 2504/52/2225 2503/52/2225 2419/53/2225 2420/621/2225
f 2503/52/2226 2502/52/2226 2418/54/2226 2419/53/2226
f 2502/52/2227 2501/52/2227 2417/54/2227 2418/54/2227
f 2501/52/2228 1589/52/2228 1568/54/2228 2417/54/2228
f 2342/59/2229 2500/609/2229 2493/33/2229 2343/33/2229
f 2500/609/2230 2499/138/2230 2494/615/2230 2493/33/2230
f 2499/138/2231 2498/59/2231 2495/33/2231 2494/615/2231
f 2498/59/2232 2497/59/2232 2496/36/2232 2495/33/2232
f 2497/59/2233 1588/59/2233 1587/36/2233 2496/36/2233
f 2332/330/2234 2469/154/2234 2489/336/2234 2333/336/2234
f 2469/154/2235 2470/74/2235 2490/613/2235 2489/336/2235
f 2470/74/2236 2471/74/2236 2491/613/2236 2490/613/2236
f 2471/74/2237 2472/74/2237 2492/44/2237 2491/613/2237
f 2472/74/2238 1581/74/2238 1586/44/2238 2492/44/2238
f 2335/346/2239 2457/622/2239 2485/618/2239 2336/352/2239
f 2457/622/2240 2458/622/2240 2486/352/2240 2485/618/2240
f 2458/622/2241 2459/622/2241 2487/352/2241 2486/352/2241
f 2459/622/2242 2460/13/2242 2488/619/2242 2487/352/2242
f 2460/13/2243 1578/13/2243 1585/42/2243 2488/619/2243
f 2365/26/2244 2453/26/2244 2388/623/2244 2366/28/2244
f 2453/26/2245 2454/29/2245 2387/27/2245 2388/623/2245
f 2454/29/2246 2455/29/2246 2386/27/2246 2387/27/2246
f 2455/29/2247 2456/29/2247 2385/28/2247 2386/27/2247
f 2456/29/2248 1577/29/2248 1560/28/2248 2385/28/2248
f 2338/30/2249 2484/106/2249 2477/620/2249 2339/367/2249
f 2484/106/2250 2483/106/2250 2478/620/2250 2477/620/2250
f 2483/106/2251 2482/30/2251 2479/620/2251 2478/620/2251
f 2482/30/2252 2481/104/2252 2480/95/2252 2479/620/2252
f 2481/104/2253 1584/30/2253 1583/20/2253 2480/95/2253
f 2328/69/2254 2449/624/2254 2473/617/2254 2329/314/2254
f 2449/624/2255 2450/625/2255 2474/77/2255 2473/617/2255
f 2450/625/2256 2451/625/2256 2475/77/2256 2474/77/2256
f 2451/625/2257 2452/69/2257 2476/77/2257 2475/77/2257
f 2452/69/2258 1576/69/2258 1582/77/2258 2476/77/2258
f 2331/76/2259 2437/626/2259 2469/154/2259 2332/330/2259
f 2437/626/2260 2438/627/2260 2470/74/2260 2469/154/2260
f 2438/627/2261 2439/627/2261 2471/74/2261 2470/74/2261
f 2439/627/2262 2440/76/2262 2472/74/2262 2471/74/2262
f 2440/76/2263 1573/76/2263 1581/74/2263 2472/74/2263
f 2361/61/2264 2433/60/2264 2465/595/2264 2362/519/2264
f 2433/60/2265 2434/60/2265 2466/595/2265 2465/595/2265
f 2434/60/2266 2435/60/2266 2467/595/2266 2466/595/2266
f 2435/60/2267 2436/61/2267 2468/14/2267 2467/595/2267
f 2436/61/2268 1572/61/2268 1580/14/2268 2468/14/2268
f 2334/12/2269 2464/612/2269 2457/622/2269 2335/346/2269
f 2464/612/2270 2463/12/2270 2458/622/2270 2457/622/2270
f 2463/12/2271 2462/12/2271 2459/622/2271 2458/622/2271
f 2462/12/2272 2461/12/2272 2460/13/2272 2459/622/2272
f 2461/12/2273 1579/12/2273 1578/13/2273 2460/13/2273
f 2364/103/2274 2425/103/2274 2453/26/2274 2365/26/2274
f 2425/103/2275 2426/103/2275 2454/29/2275 2453/26/2275
f 2426/103/2276 2427/103/2276 2455/29/2276 2454/29/2276
f 2427/103/2277 2428/32/2277 2456/29/2277 2455/29/2277
f 2428/32/2278 1570/32/2278 1577/29/2278 2456/29/2278
f 2327/304/2279 2413/628/2279 2449/624/2279 2328/69/2279
f 2413/628/2280 2414/629/2280 2450/625/2280 2449/624/2280
f 2414/629/2281 2415/629/2281 2451/625/2281 2450/625/2281
f 2415/629/2282 2416/70/2282 2452/69/2282 2451/625/2282
f 2416/70/2283 1567/70/2283 1576/69/2283 2452/69/2283
f 2357/483/2284 2405/630/2284 2445/38/2284 2358/38/2284
f 2405/630/2285 2406/631/2285 2446/38/2285 2445/38/2285
f 2406/631/2286 2407/631/2286 2447/38/2286 2446/38/2286
f 2407/631/2287 2408/22/2287 2448/39/2287 2447/38/2287
f 2408/22/2288 1565/22/2288 1575/39/2288 2448/39/2288
f 2330/320/2289 2444/616/2289 2437/626/2289 2331/76/2289
f 2444/616/2290 2443/75/2290 2438/627/2290 2437/626/2290
f 2443/75/2291 2442/75/2291 2439/627/2291 2438/627/2291
f 2442/75/2292 2441/75/2292 2440/76/2292 2439/627/2292
f 2441/75/2293 1574/75/2293 1573/76/2293 2440/76/2293
f 2360/504/2294 2397/632/2294 2433/60/2294 2361/61/2294
f 2397/632/2295 2398/504/2295 2434/60/2295 2433/60/2295
f 2398/504/2296 2399/633/2296 2435/60/2296 2434/60/2296
f 2399/633/2297 2400/634/2297 2436/61/2297 2435/60/2297
f 2400/634/2298 1563/7/2298 1572/61/2298 2436/61/2298
f 2363/16/2299 2432/16/2299 2425/103/2299 2364/103/2299
f 2432/16/2300 2431/16/2300 2426/103/2300 2425/103/2300
f 2431/16/2301 2430/16/2301 2427/103/2301 2426/103/2301
f 2430/16/2302 2429/16/2302 2428/32/2302 2427/103/2302
f 2429/16/2303 1571/16/2303 1570/32/2303 2428/32/2303
f 2353/117/2304 2373/635/2304 2421/462/2304 2354/462/2304
f 2373/635/2305 2374/41/2305 2422/147/2305 2421/462/2305
f 2374/41/2306 2375/41/2306 2423/462/2306 2422/147/2306
f 2375/41/2307 2376/41/2307 2424/63/2307 2423/462/2307
f 2376/41/2308 1557/41/2308 1569/63/2308 2424/63/2308
f 2326/54/2309 2420/621/2309 2413/628/2309 2327/304/2309
f 2420/621/2310 2419/53/2310 2414/629/2310 2413/628/2310
f 2419/53/2311 2418/54/2311 2415/629/2311 2414/629/2311
f 2418/54/2312 2417/54/2312 2416/70/2312 2415/629/2312
f 2417/54/2313 1568/54/2313 1567/70/2313 2416/70/2313
f 2356/94/2314 2412/94/2314 2405/630/2314 2357/483/2314
f 2412/94/2315 2411/94/2315 2406/631/2315 2405/630/2315
f 2411/94/2316 2410/94/2316 2407/631/2316 2406/631/2316
f 2410/94/2317 2409/94/2317 2408/22/2317 2407/631/2317
f 2409/94/2318 1566/23/2318 1565/22/2318 2408/22/2318
f 2359/78/2319 2404/78/2319 2397/632/2319 2360/504/2319
f 2404/78/2320 2403/78/2320 2398/504/2320 2397/632/2320
f 2403/78/2321 2402/78/2321 2399/633/2321 2398/504/2321
f 2402/78/2322 2401/8/2322 2400/634/2322 2399/633/2322
f 2401/8/2323 1564/8/2323 1563/7/2323 2400/634/2323
f 2349/432/2324 2396/596/2324 2389/57/2324 2350/431/2324
f 2396/596/2325 2395/432/2325 2390/57/2325 2389/57/2325
f 2395/432/2326 2394/432/2326 2391/57/2326 2390/57/2326
f 2394/432/2327 2393/432/2327 2392/57/2327 2391/57/2327
f 2393/432/2328 1562/3/2328 1561/57/2328 2392/57/2328
f 2366/28/2329 2388/623/2329 2381/553/2329 2367/553/2329
f 2388/623/2330 2387/27/2330 2382/553/2330 2381/553/2330
f 2387/27/2331 2386/27/2331 2383/553/2331 2382/553/2331
f 2386/27/2332 2385/28/2332 2384/72/2332 2383/553/2332
f 2385/28/2333 1560/28/2333 1559/72/2333 2384/72/2333
f 2352/40/2334 2380/598/2334 2373/635/2334 2353/117/2334
f 2380/598/2335 2379/40/2335 2374/41/2335 2373/635/2335
f 2379/40/2336 2378/40/2336 2375/41/2336 2374/41/2336
f 2378/40/2337 2377/40/2337 2376/41/2337 2375/41/2337
f 2377/40/2338 1558/40/2338 1557/41/2338 2376/41/2338
f 2565/636/2339 2566/639/2339 2571/638/2339 2570/637/2339
f 2566/639/2340 2567/641/2340 2572/640/2340 2571/638/2340
f 2568/642/2341 2569/645/2341 2574/644/2341 2573/643/2341
f 2569/645/2342 2565/636/2342 2570/637/2342 2574/644/2342
f 2570/637/2343 2571/638/2343 2576/647/2343 2575/646/2343
f 2571/638/2344 2572/640/2344 2577/648/2344 2576/647/2344
f 2573/643/2345 2574/644/2345 2579/650/2345 2578/649/2345
f 2574/644/2346 2570/637/2346 2575/646/2346 2579/650/2346
f 2575/646/2347 2576/647/2347 2581/652/2347 2580/651/2347
f 2576/647/2348 2577/648/2348 2582/653/2348 2581/652/2348
f 2578/649/2349 2579/650/2349 2584/655/2349 2583/654/2349
f 2579/650/2350 2575/646/2350 2580/651/2350 2584/655/2350
f 2580/651/2351 2581/652/2351 2586/657/2351 2585/656/2351
f 2581/652/2352 2582/653/2352 2587/658/2352 2586/657/2352
f 2583/654/2353 2584/655/2353 2589/660/2353 2588/659/2353
f 2584/655/2354 2580/651/2354 2585/656/2354 2589/660/2354
f 2585/656/2355 2586/657/2355 2591/662/2355 2590/661/2355
f 2586/657/2356 2587/658/2356 2592/663/2356 2591/662/2356
f 2588/659/2357 2589/660/2357 2594/665/2357 2593/664/2357
f 2589/660/2358 2585/656/2358 2590/661/2358 2594/665/2358
f 2590/661/2359 2591/662/2359 2596/667/2359 2595/666/2359
f 2591/662/2360 2592/663/2360 2597/668/2360 2596/667/2360
f 2593/664/2361 2594/665/2361 2599/670/2361 2598/669/2361
f 2594/665/2362 2590/661/2362 2595/666/2362 2599/670/2362
f 2595/666/2363 2596/667/2363 2601/672/2363 2600/671/2363
f 2596/667/2364 2597/668/2364 2602/673/2364 2601/672/2364
f 2598/669/2365 2599/670/2365 2604/675/2365 2603/674/2365
f 2599/670/2366 2595/666/2366 2600/671/2366 2604/675/2366
f 2600/671/2367 2601/672/2367 2606/677/2367 2605/676/2367
f 2601/672/2368 2602/673/2368 2607/678/2368 2606/677/2368
f 2603/674/2369 2604/675/2369 2609/680/2369 2608/679/2369
f 2604/675/2370 2600/671/2370 2605/676/2370 2609/680/2370
f 2605/676/2371 2606/677/2371 2611/682/2371 2610/681/2371
f 2606/677/2372 2607/678/2372 2612/683/2372 2611/682/2372
f 2608/679/2373 2609/680/2373 2614/685/2373 2613/684/2373
f 2609/680/2374 2605/676/2374 2610/681/2374 2614/685/2374
f 2610/681/2375 2611/682/2375 2616/687/2375 2615/686/2375
f 2611/682/2376 2612/683/2376 2617/688/2376 2616/687/2376
f 2613/684/2377 2614/685/2377 2619/690/2377 2618/689/2377
f 2614/685/2378 2610/681/2378 2615/686/2378 2619/690/2378
f 2615/686/2379 2616/687/2379 2621/692/2379 2620/691/2379
f 2616/687/2380 2617/688/2380 2622/693/2380 2621/692/2380
f 2618/689/2381 2619/690/2381 2624/695/2381 2623/694/2381
f 2619/690/2382 2615/686/2382 2620/691/2382 2624/695/2382
f 2620/691/2383 2621/692/2383 2626/697/2383 2625/696/2383
f 2621/692/2384 2622/693/2384 2627/698/2384 2626/697/2384
f 2623/694/2385 2624/695/2385 2629/700/2385 2628/699/2385
f 2624/695/2386 2620/691/2386 2625/696/2386 2629/700/2386
f 2625/696/2387 2626/697/2387 2631/702/2387 2630/701/2387
f 2626/697/2388 2627/698/2388 2632/703/2388 2631/702/2388
f 2628/699/2389 2629/700/2389 2634/705/2389 2633/704/2389
f 2629/700/2390 2625/696/2390 2630/701/2390 2634/705/2390
f 2630/701/2391 2631/702/2391 2636/707/2391 2635/706/2391
f 2631/702/2392 2632/703/2392 2637/708/2392 2636/707/2392
f 2633/704/2393 2634/705/2393 2639/710/2393 2638/709/2393
f 2634/705/2394 2630/701/2394 2635/706/2394 2639/710/2394
f 2635/706/2395 2636/707/2395 2641/712/2395 2640/711/2395
f 2636/707/2396 2637/708/2396 2642/713/2396 2641/712/2396
f 2638/709/2397 2639/710/2397 2644/715/2397 2643/714/2397
f 2639/710/2398 2635/706/2398 2640/711/2398 2644/715/2398
f 2640/711/2399 2641/712/2399 2646/717/2399 2645/716/2399
f 2641/712/2400 2642/713/2400 2647/718/2400 2646/717/2400
f 2643/714/2401 2644/715/2401 2649/720/2401 2648/719/2401
f 2644/715/2402 2640/711/2402 2645/716/2402 2649/720/2402
f 2645/716/2403 2646/717/2403 2651/722/2403 2650/721/2403
f 2646/717/2404 2647/718/2404 2652/723/2404 2651/722/2404
f 2648/719/2405 2649/720/2405 2654/725/2405 2653/724/2405
f 2649/720/2406 2645/716/2406 2650/721/2406 2654/725/2406
f 2650/721/2407 2651/722/2407 2656/727/2407 2655/726/2407
f 2651/722/2408 2652/723/2408 2657/728/2408 2656/727/2408
f 2653/724/2409 2654/725/2409 2659/730/2409 2658/729/2409
f 2654/725/2410 2650/721/2410 2655/726/2410 2659/730/2410
f 2655/726/2411 2656/727/2411 2661/732/2411 2660/731/2411
f 2656/727/2412 2657/728/2412 2662/733/2412 2661/732/2412
f 2658/729/2413 2659/730/2413 2664/735/2413 2663/734/2413
f 2659/730/2414 2655/726/2414 2660/731/2414 2664/735/2414
f 2660/731/2415 2661/732/2415 2666/737/2415 2665/736/2415
f 2661/732/2416 2662/733/2416 2667/738/2416 2666/737/2416
f 2663/734/2417 2664/735/2417 2669/740/2417 2668/739/2417
f 2664/735/2418 2660/731/2418 2665/736/2418 2669/740/2418
f 2665/736/2419 2666/737/2419 2671/742/2419 2670/741/2419
f 2666/737/2420 2667/738/2420 2672/743/2420 2671/742/2420
f 2668/739/2421 2669/740/2421 2674/745/2421 2673/744/2421
f 2669/740/2422 2665/736/2422 2670/741/2422 2674/745/2422
f 2670/741/2423 2671/742/2423 2676/747/2423 2675/746/2423
f 2671/742/2424 2672/743/2424 2677/748/2424 2676/747/2424
f 2673/744/2425 2674/745/2425 2679/750/2425 2678/749/2425
f 2674/745/2426 2670/741/2426 2675/746/2426 2679/750/2426
f 2675/746/2427 2676/747/2427 2681/752/2427 2680/751/2427
f 2676/747/2428 2677/748/2428 2682/753/2428 2681/752/2428
f 2678/749/2429 2679/750/2429 2684/755/2429 2683/754/2429
f 2679/750/2430 2675/746/2430 2680/751/2430 2684/755/2430
f 2680/751/2431 2681/752/2431 2686/757/2431 2685/756/2431
f 2681/752/2432 2682/753/2432 2687/758/2432 2686/757/2432
f 2683/754/2433 2684/755/2433 2689/760/2433 2688/759/2433
f 2684/755/2434 2680/751/2434 2685/756/2434 2689/760/2434
f 2685/761/2435 2686/764/2435 2691/763/2435 2690/762/2435
f 2686/764/2436 2687/766/2436 2692/765/2436 2691/763/2436
f 2688/767/2437 2689/770/2437 2694/769/2437 2693/768/2437
f 2689/770/2438 2685/761/2438 2690/762/2438 2694/769/2438
f 2690/762/2439 2691/763/2439 2696/772/2439 2695/771/2439
f 2691/763/2440 2692/765/2440 2697/773/2440 2696/772/2440
f 2693/768/2441 2694/769/2441 2699/775/2441 2698/774/2441
f 2694/769/2442 2690/762/2442 2695/771/2442 2699/775/2442
f 2695/771/2443 2696/772/2443 2701/777/2443 2700/776/2443
f 2696/772/2444 2697/773/2444 2702/778/2444 2701/777/2444
f 2698/774/2445 2699/775/2445 2704/780/2445 2703/779/2445
f 2699/775/2446 2695/771/2446 2700/776/2446 2704/780/2446
f 2700/776/2447 2701/777/2447 2706/782/2447 2705/781/2447
f 2701/777/2448 2702/778/2448 2707/783/2448 2706/782/2448
f 2703/779/2449 2704/780/2449 2709/785/2449 2708/784/2449
f 2704/780/2450 2700/776/2450 2705/781/2450 2709/785/2450
f 2705/781/2451 2706/782/2451 2711/787/2451 2710/786/2451
f 2706/782/2452 2707/783/2452 2712/788/2452 2711/787/2452
f 2708/784/2453 2709/785/2453 2714/790/2453 2713/789/2453
f 2709/785/2454 2705/781/2454 2710/786/2454 2714/790/2454
f 2710/786/2455 2711/787/2455 2716/792/2455 2715/791/2455
f 2711/787/2456 2712/788/2456 2717/793/2456 2716/792/2456
f 2713/789/2457 2714/790/2457 2719/795/2457 2718/794/2457
f 2714/790/2458 2710/786/2458 2715/791/2458 2719/795/2458
f 2715/791/2459 2716/792/2459 2721/797/2459 2720/796/2459
f 2716/792/2460 2717/793/2460 2722/798/2460 2721/797/2460
f 2718/794/2461 2719/795/2461 2724/800/2461 2723/799/2461
f 2719/795/2462 2715/791/2462 2720/796/2462 2724/800/2462
f 2720/796/2463 2721/797/2463 2726/802/2463 2725/801/2463
f 2721/797/2464 2722/798/2464 2727/803/2464 2726/802/2464
f 2723/799/2465 2724/800/2465 2729/805/2465 2728/804/2465
f 2724/800/2466 2720/796/2466 2725/801/2466 2729/805/2466
f 2725/801/2467 2726/802/2467 2731/807/2467 2730/806/2467
f 2726/802/2468 2727/803/2468 2732/808/2468 2731/807/2468
f 2728/804/2469 2729/805/2469 2734/810/2469 2733/809/2469
f 2729/805/2470 2725/801/2470 2730/806/2470 2734/810/2470
f 2730/806/2471 2731/807/2471 2736/812/2471 2735/811/2471
f 2731/807/2472 2732/808/2472 2737/813/2472 2736/812/2472
f 2733/809/2473 2734/810/2473 2739/815/2473 2738/814/2473
f 2734/810/2474 2730/806/2474 2735/811/2474 2739/815/2474
f 2735/811/2475 2736/812/2475 2741/817/2475 2740/816/2475
f 2736/812/2476 2737/813/2476 2742/818/2476 2741/817/2476
f 2738/814/2477 2739/815/2477 2744/820/2477 2743/819/2477
f 2739/815/2478 2735/811/2478 2740/816/2478 2744/820/2478
f 2740/816/2479 2741/817/2479 2746/822/2479 2745/821/2479
f 2741/817/2480 2742/818/2480 2747/823/2480 2746/822/2480
f 2743/819/2481 2744/820/2481 2749/825/2481 2748/824/2481
f 2744/820/2482 2740/816/2482 2745/821/2482 2749/825/2482
f 2745/821/2483 2746/822/2483 2751/827/2483 2750/826/2483
f 2746/822/2484 2747/823/2484 2752/828/2484 2751/827/2484
f 2748/824/2485 2749/825/2485 2754/830/2485 2753/829/2485
f 2749/825/2486 2745/821/2486 2750/826/2486 2754/830/2486
f 2750/826/2487 2751/827/2487 2756/832/2487 2755/831/2487
f 2751/827/2488 2752/828/2488 2757/833/2488 2756/832/2488
f 2753/829/2489 2754/830/2489 2759/835/2489 2758/834/2489
f 2754/830/2490 2750/826/2490 2755/831/2490 2759/835/2490
f 2755/831/2491 2756/832/2491 2761/837/2491 2760/836/2491
f 2756/832/2492 2757/833/2492 2762/838/2492 2761/837/2492
f 2758/834/2493 2759/835/2493 2764/840/2493 2763/839/2493
f 2759/835/2494 2755/831/2494 2760/836/2494 2764/840/2494
f 2760/836/2495 2761/837/2495 2766/842/2495 2765/841/2495
f 2761/837/2496 2762/838/2496 2767/843/2496 2766/842/2496
f 2763/839/2497 2764/840/2497 2769/845/2497 2768/844/2497
f 2764/840/2498 2760/836/2498 2765/841/2498 2769/845/2498
f 2765/841/2499 2766/842/2499 2771/847/2499 2770/846/2499
f 2766/842/2500 2767/843/2500 2772/848/2500 2771/847/2500
f 2768/844/2501 2769/845/2501 2774/850/2501 2773/849/2501
f 2769/845/2502 2765/841/2502 2770/846/2502 2774/850/2502
f 2770/846/2503 2771/847/2503 2776/852/2503 2775/851/2503
f 2771/847/2504 2772/848/2504 2777/853/2504 2776/852/2504
f 2773/849/2505 2774/850/2505 2779/855/2505 2778/854/2505
f 2774/850/2506 2770/846/2506 2775/851/2506 2779/855/2506
f 2775/851/2507 2776/852/2507 2781/857/2507 2780/856/2507
f 2776/852/2508 2777/853/2508 2782/858/2508 2781/857/2508
f 2778/854/2509 2779/855/2509 2784/860/2509 2783/859/2509
f 2779/855/2510 2775/851/2510 2780/856/2510 2784/860/2510
f 2780/856/2511 2781/857/2511 2786/862/2511 2785/861/2511
f 2781/857/2512 2782/858/2512 2787/863/2512 2786/862/2512
f 2783/859/2513 2784/860/2513 2789/865/2513 2788/864/2513
f 2784/860/2514 2780/856/2514 2785/861/2514 2789/865/2514
f 2785/861/2515 2786/862/2515 2791/867/2515 2790/866/2515
f 2786/862/2516 2787/863/2516 2792/868/2516 2791/867/2516
f 2788/864/2517 2789/865/2517 2794/870/2517 2793/869/2517
f 2789/865/2518 2785/861/2518 2790/866/2518 2794/870/2518
f 2790/866/2519 2791/867/2519 2796/872/2519 2795/871/2519
f 2791/867/2520 2792/868/2520 2797/873/2520 2796/872/2520
f 2793/869/2521 2794/870/2521 2799/875/2521 2798/874/2521
f 2794/870/2522 2790/866/2522 2795/871/2522 2799/875/2522
f 2795/871/2523 2796/872/2523 2801/877/2523 2800/876/2523
f 2796/872/2524 2797/873/2524 2802/878/2524 2801/877/2524
f 2798/874/2525 2799/875/2525 2804/880/2525 2803/879/2525
f 2799/875/2526 2795/871/2526 2800/876/2526 2804/880/2526
f 2800/876/2527 2801/877/2527 2566/639/2527 2565/636/2527
f 2801/877/2528 2802/878/2528 2567/641/2528 2566/639/2528
f 2803/879/2529 2804/880/2529 2569/645/2529 2568/642/2529
f 2804/880/2530 2800/876/2530 2565/636/2530 2569/645/2530
f 2703/779/2531 1651/40/2531 1602/67/2531 2698/774/2531
f 2698/774/2532 1602/67/2532 1648/57/2532 2693/768/2532
f 2693/768/2533 1648/57/2533 1647/3/2533 2688/767/2533
f 2688/759/2534 1647/3/2534 1599/4/2534 2683/754/2534
f 2683/754/2535 1599/4/2535 1607/10/2535 2678/749/2535
f 2678/749/2536 1607/10/2536 1606/11/2536 2673/744/2536
f 2673/744/2537 1606/11/2537 1608/37/2537 2668/739/2537
f 2668/739/2538 1608/37/2538 1612/35/2538 2663/734/2538
f 2663/734/2539 1612/35/2539 1618/36/2539 2658/729/2539
f 2658/729/2540 1618/36/2540 1617/59/2540 2653/724/2540
f 2653/724/2541 1617/59/2541 1611/25/2541 2648/719/2541
f 2648/719/2542 1611/25/2542 1615/19/2542 2643/714/2542
f 2643/714/2543 1615/19/2543 1623/20/2543 2638/709/2543
f 2638/709/2544 1623/20/2544 1622/30/2544 2633/704/2544
f 2633/704/2545 1622/30/2545 1614/56/2545 2628/699/2545
f 2628/699/2546 1614/56/2546 1620/42/2546 2623/694/2546
f 2623/694/2547 1620/42/2547 1628/13/2547 2618/689/2547
f 2618/689/2548 1628/13/2548 1627/12/2548 2613/684/2548
f 2613/684/2549 1627/12/2549 1619/44/2549 2608/679/2549
f 2608/679/2550 1619/44/2550 1625/74/2550 2603/674/2550
f 2603/674/2551 1625/74/2551 1634/76/2551 2598/669/2551
f 2598/669/2552 1634/76/2552 1633/75/2552 2593/664/2552
f 2593/664/2553 1633/75/2553 1624/77/2553 2588/659/2553
f 2588/659/2554 1624/77/2554 1631/69/2554 2583/654/2554
f 2583/654/2555 1631/69/2555 1641/70/2555 2578/649/2555
f 2578/649/2556 1641/70/2556 1640/54/2556 2573/643/2556
f 2573/643/2557 1640/54/2557 1616/52/2557 2568/642/2557
f 2568/642/2558 1616/52/2558 1601/47/2558 2803/879/2558
f 2803/879/2559 1601/47/2559 1610/48/2559 2798/874/2559
f 2798/874/2560 1610/48/2560 1609/62/2560 2793/869/2560
f 2793/869/2561 1609/62/2561 1598/50/2561 2788/864/2561
f 2788/864/2562 1598/50/2562 1603/51/2562 2783/859/2562
f 2783/859/2563 1603/51/2563 1650/72/2563 2778/854/2563
f 2778/854/2564 1650/72/2564 1649/28/2564 2773/849/2564
f 2773/849/2565 1649/28/2565 1630/29/2565 2768/844/2565
f 2768/844/2566 1630/29/2566 1638/32/2566 2763/839/2566
f 2763/839/2567 1638/32/2567 1636/16/2567 2758/834/2567
f 2758/834/2568 1636/16/2568 1626/14/2568 2753/829/2568
f 2753/829/2569 1626/14/2569 1635/61/2569 2748/824/2569
f 2748/824/2570 1635/61/2570 1646/7/2570 2743/819/2570
f 2743/819/2571 1646/7/2571 1644/8/2571 2738/814/2571
f 2738/814/2572 1644/8/2572 1632/39/2572 2733/809/2572
f 2733/809/2573 1632/39/2573 1643/22/2573 2728/804/2573
f 2728/804/2574 1643/22/2574 1642/23/2574 2723/799/2574
f 2723/799/2575 1642/23/2575 1600/65/2575 2718/794/2575
f 2718/794/2576 1600/65/2576 1639/63/2576 2713/789/2576
f 2713/789/2577 1639/63/2577 1652/41/2577 2708/784/2577
f 2708/784/2578 1652/41/2578 1651/40/2578 2703/779/2578
f 2989/881/2579 2797/873/2579 2977/882/2579
f 2977/882/2580 2787/863/2580 2976/883/2580
f 2977/882/2581 2792/868/2581 2787/863/2581
f 2977/882/2582 2797/873/2582 2792/868/2582
f 2989/881/2583 2802/878/2583 2797/873/2583
f 2989/881/2584 2990/884/2584 2567/641/2584
f 2990/884/2585 2572/640/2585 2567/641/2585
f 3011/885/2586 2577/648/2586 2572/640/2586
f 3011/885/2587 3012/886/2587 2582/653/2587
f 3012/886/2588 2587/658/2588 2582/653/2588
f 3024/887/2589 2592/663/2589 2587/658/2589
f 3024/887/2590 3025/888/2590 2597/668/2590
f 3025/888/2591 2602/673/2591 2597/668/2591
f 3030/889/2592 2607/678/2592 2602/673/2592
f 3030/889/2593 3031/890/2593 2612/683/2593
f 3031/890/2594 2617/688/2594 2612/683/2594
f 3039/891/2595 2622/693/2595 2617/688/2595
f 3040/892/2596 2627/698/2596 2622/693/2596
f 3040/892/2597 2632/703/2597 2627/698/2597
f 2806/893/2598 2637/708/2598 2632/703/2598
f 2807/894/2599 2642/713/2599 2637/708/2599
f 2807/894/2600 2647/718/2600 2642/713/2600
f 2812/895/2601 2652/723/2601 2647/718/2601
f 2813/896/2602 2657/728/2602 2652/723/2602
f 2662/733/2603 2657/728/2603 2819/897/2603
f 2819/897/2604 2667/738/2604 2662/733/2604
f 2820/898/2605 2672/743/2605 2667/738/2605
f 2677/748/2606 2672/743/2606 2835/899/2606
f 2835/899/2607 2682/753/2607 2677/748/2607
f 2836/900/2608 2687/758/2608 2682/753/2608
f 2692/765/2609 2687/766/2609 2848/901/2609
f 2848/901/2610 2697/773/2610 2692/765/2610
f 2849/902/2611 2702/778/2611 2697/773/2611
f 2849/902/2612 2707/783/2612 2702/778/2612
f 2866/903/2613 2712/788/2613 2707/783/2613
f 2867/904/2614 2717/793/2614 2712/788/2614
f 2867/904/2615 2722/798/2615 2717/793/2615
f 2885/905/2616 2727/803/2616 2722/798/2616
f 2886/906/2617 2732/808/2617 2727/803/2617
f 2886/906/2618 2737/813/2618 2732/808/2618
f 2907/907/2619 2742/818/2619 2737/813/2619
f 2908/908/2620 2747/823/2620 2742/818/2620
f 2908/908/2621 2752/828/2621 2747/823/2621
f 2929/909/2622 2757/833/2622 2752/828/2622
f 2930/910/2623 2762/838/2623 2757/833/2623
f 2930/910/2624 2767/843/2624 2762/838/2624
f 2952/911/2625 2772/848/2625 2767/843/2625
f 2953/912/2626 2777/853/2626 2772/848/2626
f 2977/882/2627 2928/50/2627 2887/62/2627
f 2836/900/2628 2979/57/2628 2848/901/2628
f 2998/824/2629 2956/61/2629 2914/914/2629 3018/913/2629
f 3012/886/2630 2949/77/2630 3024/887/2630
f 2812/895/2631 2911/25/2631 2884/137/2631
f 2836/900/2632 2909/81/2632 2988/915/2632
f 2849/902/2633 2936/41/2633 2866/903/2633
f 2915/643/2634 2865/54/2634 2925/52/2634 2864/916/2634
f 3031/890/2635 2868/917/2635 2883/13/2635
f 3016/918/2636 2979/57/2636 2988/915/2636 2880/767/2636
f 2886/906/2637 2890/22/2637 2913/114/2637
f 2812/895/2638 2933/19/2638 2911/25/2638
f 2814/854/2639 2826/921/2639 2843/920/2639 2839/919/2639
f 2880/759/2640 2988/915/2640 2909/81/2640 2854/754/2640
f 2908/908/2641 2914/914/2641 2956/61/2641
f 2827/879/2642 2927/124/2642 2905/48/2642 2810/922/2642
f 2908/908/2643 2924/14/2643 2929/909/2643
f 3040/892/2644 2950/56/2644 2975/106/2644
f 3080/923/2645 2809/851/2645 2829/925/2645 3095/924/2645
f 2849/902/2646 2848/901/2646 2906/926/2646
f 2806/893/2647 2975/106/2647 2955/927/2647
f 2807/894/2648 2806/893/2648 2955/927/2648
f 2854/754/2649 2909/81/2649 2932/10/2649 2818/749/2649
f 2849/902/2650 2947/40/2650 2936/41/2650
f 3017/928/2651 3006/795/2651 2985/930/2651 2983/929/2651
f 3041/931/2652 3028/791/2652 2997/796/2652 3081/932/2652
f 2866/903/2653 2936/41/2653 2923/142/2653
f 2968/744/2654 2951/9/2654 2926/37/2654 3015/933/2654
f 3015/933/2655 2926/37/2655 2954/35/2655 2878/734/2655
f 2867/904/2656 2866/903/2656 2923/142/2656
f 2853/729/2657 2861/730/2657 2895/735/2657 2878/734/2657
f 3111/934/2658 2833/726/2658 2874/731/2658 3089/935/2658
f 2814/854/2659 2957/553/2659 2973/28/2659 3001/936/2659
f 2878/734/2660 2954/35/2660 2888/33/2660 2853/729/2660
f 2867/904/2661 2931/145/2661 2882/23/2661
f 2815/829/2662 2825/830/2662 2841/937/2662 2844/834/2662
f 3106/938/2663 2808/826/2663 2830/940/2663 3078/939/2663
f 2885/905/2664 2882/23/2664 2890/22/2664
f 2917/941/2665 3013/690/2665 2970/943/2665 2981/942/2665
f 2853/729/2666 2888/33/2666 2884/137/2666 2964/944/2666
f 2805/839/2667 2935/31/2667 2948/15/2667 2844/834/2667
f 2877/709/2668 2894/946/2668 3014/945/2668 3023/714/2668
f 3023/714/2669 2933/19/2669 2955/927/2669 2877/709/2669
f 2886/906/2670 2885/905/2670 2890/22/2670
f 3081/932/2671 2997/796/2671 2999/801/2671 3103/947/2671
f 3088/948/2672 2959/671/2672 2939/950/2672 3077/949/2672
f 3036/864/2673 3035/952/2673 3003/870/2673 3020/951/2673
f 2878/734/2674 2895/735/2674 3008/740/2674 3015/933/2674
f 3082/953/2675 2862/955/2675 2897/711/2675 3098/954/2675
f 3112/956/2676 3029/762/2676 2996/771/2676 3097/957/2676
f 3078/939/2677 2830/940/2677 2857/959/2677 3107/958/2677
f 2816/960/2678 2824/963/2678 2856/962/2678 2840/961/2678
f 2916/964/2679 2918/966/2679 2971/670/2679 2980/965/2679
f 2967/967/2680 2966/970/2680 2823/969/2680 2817/968/2680
f 2907/907/2681 2902/8/2681 2914/914/2681
f 2981/942/2682 2970/943/2682 2942/972/2682 2938/971/2682
f 2915/643/2683 2919/975/2683 2958/974/2683 2972/973/2683
f 2908/908/2684 2907/907/2684 2914/914/2684
f 3103/947/2685 2999/801/2685 2831/977/2685 3105/976/2685
f 3066/978/289 3058/994/289 2872/993/289 3068/636/289 2993/992/289 3052/991/289 3047/990/289 2943/989/289 2992/925/289 2994/851/289 3051/846/289 3043/988/289 2937/959/289 2987/940/289 3026/826/289 3054/821/289 3046/987/289 2901/986/289 2986/977/289 3053/801/289 3055/796/289 3045/791/289 2899/786/289 2965/985/289 3059/776/289 3056/771/289 3044/762/289 2900/761/289 2945/984/289 3062/746/289 3057/983/289 2838/736/289 2873/731/289 2944/726/289 3063/982/289 3050/716/289 2837/711/289 2891/955/289 3060/981/289 3064/980/289 3049/691/289 2834/686/289 2876/681/289 3067/950/289 3065/671/289 3048/666/289 2850/979/289 2941/656/289
f 2920/654/2686 2940/655/2686 2881/660/2686 2871/659/2686
f 3097/957/2687 2996/771/2687 2984/776/2687 3073/995/2687
f 3015/933/2688 3008/740/2688 2961/996/2688 2968/744/2688
f 2864/916/2689 2870/997/2689 2919/975/2689 2915/643/2689
f 2846/998/2690 2851/1000/2690 2898/999/2690 2893/684/2690
f 3101/1001/2691 2892/979/2691 3010/666/2691 3071/1002/2691
f 3023/714/2692 3014/945/2692 2969/1004/2692 2982/1003/2692
f 2908/908/2693 2956/61/2693 2924/14/2693
f 2972/973/2694 2958/974/2694 2940/655/2694 2920/654/2694
f 3109/1005/2695 2859/786/2695 3028/791/2695 3041/931/2695
f 2871/659/2696 2881/660/2696 2918/966/2696 2916/964/2696
f 3085/1006/2697 2946/978/2697 2847/656/2697 3093/1007/2697
f 2875/789/2698 3032/790/2698 3006/795/2698 3017/928/2698
f 2930/910/2699 2935/31/2699 2889/29/2699
f 2845/1008/2700 2852/1009/2700 2894/946/2700 2877/709/2700
f 3069/1010/2701 2960/982/2701 2833/726/2701 3111/934/2701
f 3071/1002/2702 3010/666/2702 2959/671/2702 3088/948/2702
f 2964/944/2703 2821/1011/2703 2861/730/2703 2853/729/2703
f 2952/911/2704 2889/29/2704 2973/28/2704
f 3001/936/2705 3021/1012/2705 2826/921/2705 2814/854/2705
f 3018/913/2706 3005/1013/2706 3000/825/2706 2998/824/2706
f 2929/909/2707 2924/14/2707 2948/15/2707
f 3077/949/2708 2939/950/2708 2863/681/2708 2962/1014/2708
f 3086/1015/2709 2832/985/2709 2859/786/2709 3109/1005/2709
f 2980/965/2710 2971/670/2710 2921/1017/2710 2922/1016/2710
f 2953/912/2711 2952/911/2711 2973/28/2711
f 3042/1018/2712 3004/846/2712 2809/851/2712 3080/923/2712
f 2893/684/2713 2898/999/2713 3013/690/2713 2917/941/2713
f 2819/897/2714 2657/728/2714 2813/896/2714
f 2953/912/2715 2957/553/2715 2910/128/2715
f 2976/883/2716 2782/858/2716 2953/912/2716
f 2827/879/2717 2828/880/2717 2870/997/2717 2864/916/2717
f 2938/971/2718 2942/972/2718 2852/1009/2718 2845/1008/2718
f 2818/749/2719 2822/750/2719 2860/755/2719 2854/754/2719
f 2817/968/2720 2947/40/2720 2906/926/2720 2967/967/2720
f 2916/964/2721 2978/75/2721 2949/77/2721 2871/659/2721
f 2871/659/2722 2949/77/2722 2903/69/2722 2920/654/2722
f 3100/1019/2723 3009/716/2723 2960/982/2723 3069/1010/2723
f 2848/901/2724 2687/766/2724 2836/900/2724
f 3098/954/2725 2897/711/2725 3009/716/2725 3100/1019/2725
f 2907/907/2726 2737/813/2726 2886/906/2726
f 2920/654/2727 2903/69/2727 2869/70/2727 2972/973/2727
f 2967/967/2728 2906/926/2728 2979/57/2728 3016/918/2728
f 2855/1020/2729 2858/785/2729 3032/790/2729 2875/789/2729
f 2953/912/2730 2772/848/2730 2952/911/2730
f 2976/883/2731 2910/128/2731 2928/50/2731
f 2929/909/2732 2752/828/2732 2908/908/2732
f 3090/1021/2733 3034/988/2733 3004/846/2733 3042/1018/2733
f 2977/882/2734 2976/883/2734 2928/50/2734
f 3038/814/2735 3033/1022/2735 3005/1013/2735 3018/913/2735
f 2930/910/2736 2757/833/2736 2929/909/2736
f 2972/973/2737 2869/70/2737 2865/54/2737 2915/643/2737
f 2952/911/2738 2767/843/2738 2930/910/2738
f 2980/965/2739 2974/76/2739 2978/75/2739 2916/964/2739
f 3092/1023/2740 2896/736/2740 2995/983/2740 3076/1024/2740
f 2922/1016/2741 2934/74/2741 2974/76/2741 2980/965/2741
f 2982/1003/2742 2969/1004/2742 2821/1011/2742 2964/944/2742
f 2930/910/2743 2929/909/2743 2948/15/2743
f 2835/899/2744 2672/743/2744 2820/898/2744
f 2855/1020/2745 2936/41/2745 2947/40/2745 2817/968/2745
f 2875/789/2746 2923/142/2746 2936/41/2746 2855/1020/2746
f 3022/844/2747 3019/845/2747 3021/1012/2747 3001/936/2747
f 2836/900/2748 2682/753/2748 2835/899/2748
f 2977/882/2749 2887/62/2749 2905/48/2749
f 2812/895/2750 2647/718/2750 2807/894/2750
f 2813/896/2751 2652/723/2751 2812/895/2751
f 2810/922/2752 2811/875/2752 2828/880/2752 2827/879/2752
f 2806/893/2753 2632/703/2753 3040/892/2753
f 2820/898/2754 2667/738/2754 2819/897/2754
f 2846/998/2755 2904/44/2755 2934/74/2755 2922/1016/2755
f 2989/881/2756 2905/48/2756 2927/124/2756
f 2817/968/2757 2823/969/2757 2858/785/2757 2855/1020/2757
f 3073/995/2758 2984/776/2758 2832/985/2758 3086/1015/2758
f 2968/744/2759 2961/996/2759 2822/750/2759 2818/749/2759
f 3039/891/2760 2617/688/2760 3031/890/2760
f 2893/684/2761 2868/917/2761 2904/44/2761 2846/998/2761
f 3093/1007/2762 2847/656/2762 2892/979/2762 3101/1001/2762
f 3040/892/2763 2622/693/2763 3039/891/2763
f 2849/902/2764 2697/773/2764 2848/901/2764
f 3031/890/2765 2883/13/2765 3039/891/2765
f 3017/928/2766 2931/145/2766 2923/142/2766 2875/789/2766
f 2840/961/2767 2856/962/2767 3033/1022/2767 3038/814/2767
f 2807/894/2768 2637/708/2768 2806/893/2768
f 3024/887/2769 2978/75/2769 2974/76/2769
f 3107/958/2770 2857/959/2770 3034/988/2770 3090/1021/2770
f 3096/1025/2771 2991/994/2771 2946/978/2771 3085/1006/2771
f 2820/898/2772 2819/897/2772 2926/37/2772
f 2866/903/2773 2707/783/2773 2849/902/2773
f 3024/887/2774 2949/77/2774 2978/75/2774
f 2983/929/2775 2882/23/2775 2931/145/2775 3017/928/2775
f 2917/941/2776 2883/13/2776 2868/917/2776 2893/684/2776
f 3025/888/2777 2974/76/2777 2934/74/2777
f 3024/887/2778 2587/658/2778 3012/886/2778
f 3030/889/2779 2602/673/2779 3025/888/2779
f 3012/886/2780 2903/69/2780 2949/77/2780
f 2805/839/2781 3037/1026/2781 3019/845/2781 3022/844/2781
f 3072/1027/2782 3027/990/2782 3002/991/2782 3108/1028/2782
f 3040/892/2783 2975/106/2783 2806/893/2783
f 2835/899/2784 2820/898/2784 2951/9/2784
f 2867/904/2785 2712/788/2785 2866/903/2785
f 2977/882/2786 2905/48/2786 2989/881/2786
f 2885/905/2787 2722/798/2787 2867/904/2787
f 2981/942/2788 2912/1029/2788 2883/13/2788 2917/941/2788
f 3020/951/2789 3003/870/2789 2811/875/2789 2810/922/2789
f 2835/899/2790 2932/10/2790 2909/81/2790
f 2816/960/2791 2890/22/2791 2882/23/2791 2983/929/2791
f 3030/889/2792 2934/74/2792 2904/44/2792
f 3011/885/2793 2869/70/2793 2903/69/2793
f 3024/887/2794 2597/668/2794 2592/663/2794
f 2849/902/2795 2906/926/2795 2947/40/2795
f 2854/754/2796 2860/755/2796 2879/1030/2796 2880/759/2796
f 2807/894/2797 2955/927/2797 2933/19/2797
f 2819/897/2798 2954/35/2798 2926/37/2798
f 2836/900/2799 2835/899/2799 2909/81/2799
f 3030/889/2800 2612/683/2800 2607/678/2800
f 3011/885/2801 2865/54/2801 2869/70/2801
f 2990/884/2802 2865/54/2802 3011/885/2802
f 2989/881/2803 2567/641/2803 2802/878/2803
f 3024/887/2804 2974/76/2804 3025/888/2804
f 2840/961/2805 2913/114/2805 2890/22/2805 2816/960/2805
f 2927/124/2806 2925/52/2806 2989/881/2806
f 2938/971/2807 2950/56/2807 2912/1029/2807 2981/942/2807
f 2886/906/2808 2727/803/2808 2885/905/2808
f 2845/1008/2809 2975/106/2809 2950/56/2809 2938/971/2809
f 2813/896/2810 2884/137/2810 2888/33/2810
f 3038/814/2811 2902/8/2811 2913/114/2811 2840/961/2811
f 2819/897/2812 2813/896/2812 2888/33/2812
f 2989/881/2813 2925/52/2813 2990/884/2813
f 3011/885/2814 2572/640/2814 2990/884/2814
f 2930/910/2815 2948/15/2815 2935/31/2815
f 2953/912/2816 2782/858/2816 2777/853/2816
f 2820/898/2817 2926/37/2817 2951/9/2817
f 3040/892/2818 2912/1029/2818 2950/56/2818
f 3011/885/2819 2582/653/2819 2577/648/2819
f 2953/912/2820 2973/28/2820 2957/553/2820
f 2908/908/2821 2742/818/2821 2907/907/2821
f 3061/1031/2822 2963/981/2822 2862/955/2822 3082/953/2822
f 2812/895/2823 2807/894/2823 2933/19/2823
f 3025/888/2824 2934/74/2824 3030/889/2824
f 2815/829/2825 2924/14/2825 2956/61/2825 2998/824/2825
f 2976/883/2826 2787/863/2826 2782/858/2826
f 3075/1032/2827 2842/989/2827 3027/990/2827 3072/1027/2827
f 2844/834/2828 2841/937/2828 3037/1026/2828 2805/839/2828
f 2886/906/2829 2913/114/2829 2902/8/2829
f 2844/834/2830 2948/15/2830 2924/14/2830 2815/829/2830
f 3022/844/2831 2889/29/2831 2935/31/2831 2805/839/2831
f 2964/944/2832 2884/137/2832 2911/25/2832 2982/1003/2832
f 3001/936/2833 2973/28/2833 2889/29/2833 3022/844/2833
f 2839/919/2834 2843/920/2834 3035/952/2834 3036/864/2834
f 2880/767/2835 2879/1034/2835 3007/1033/2835 3016/918/2835
f 2818/749/2836 2932/10/2836 2951/9/2836 2968/744/2836
f 3020/951/2837 2887/62/2837 2928/50/2837 3036/864/2837
f 2998/824/2838 3000/825/2838 2825/830/2838 2815/829/2838
f 3040/892/2839 3039/891/2839 2912/1029/2839
f 2930/910/2840 2889/29/2840 2952/911/2840
f 2819/897/2841 2888/33/2841 2954/35/2841
f 2886/906/2842 2902/8/2842 2907/907/2842
f 2836/900/2843 2988/915/2843 2979/57/2843
f 2867/904/2844 2882/23/2844 2885/905/2844
f 3011/885/2845 2903/69/2845 3012/886/2845
f 2867/904/2846 2923/142/2846 2931/145/2846
f 3031/890/2847 2904/44/2847 2868/917/2847
f 2835/899/2848 2951/9/2848 2932/10/2848
f 3089/935/2849 2874/731/2849 2896/736/2849 3092/1023/2849
f 2982/1003/2850 2911/25/2850 2933/19/2850 3023/714/2850
f 2877/709/2851 2955/927/2851 2975/106/2851 2845/1008/2851
f 2983/929/2852 2985/930/2852 2824/963/2852 2816/960/2852
f 3095/924/2853 2829/925/2853 2842/989/2853 3075/1032/2853
f 2839/919/2854 2910/128/2854 2957/553/2854 2814/854/2854
f 3036/864/2855 2928/50/2855 2910/128/2855 2839/919/2855
f 2810/922/2856 2905/48/2856 2887/62/2856 3020/951/2856
f 3039/891/2857 2883/13/2857 2912/1029/2857
f 2848/901/2858 2979/57/2858 2906/926/2858
f 2864/916/2859 2925/52/2859 2927/124/2859 2827/879/2859
f 3031/890/2860 3030/889/2860 2904/44/2860
f 2953/912/2861 2910/128/2861 2976/883/2861
f 3018/913/2862 2914/914/2862 2902/8/2862 3038/814/2862
f 2813/896/2863 2812/895/2863 2884/137/2863
f 3016/918/2864 3007/1033/2864 2966/970/2864 2967/967/2864
f 2922/1016/2865 2921/1017/2865 2851/1000/2865 2846/998/2865
f 2990/884/2866 2925/52/2866 2865/54/2866
f 3000/825/2867 3099/1035/2867 3106/938/2867 2825/830/2867
f 2879/1034/2868 3074/1036/2868 3112/956/2868 3007/1033/2868
f 2843/920/2869 3095/924/2869 3075/1032/2869 3035/952/2869
f 2895/735/2870 3089/935/2870 3092/1023/2870 3008/740/2870
f 3035/952/2871 3075/1032/2871 3072/1027/2871 3003/870/2871
f 2852/1009/2872 3061/1031/2872 3082/953/2872 2894/946/2872
f 3003/870/2873 3072/1027/2873 3108/1028/2873 2811/875/2873
f 2958/974/2874 3096/1025/2874 3085/1006/2874 2940/655/2874
f 3037/1026/2875 3107/958/2875 3090/1021/2875 3019/845/2875
f 2860/755/2876 3091/1038/2876 3074/1037/2876 2879/1030/2876
f 2856/962/2877 3105/976/2877 3070/1039/2877 3033/1022/2877
f 2881/660/2878 3093/1007/2878 3101/1001/2878 2918/966/2878
f 2823/969/2879 3073/995/2879 3086/1015/2879 2858/785/2879
f 2811/875/2880 3108/1028/2880 3094/1040/2880 2828/880/2880
f 2961/996/2881 3076/1024/2881 3104/1041/2881 2822/750/2881
f 3008/740/2882 3092/1023/2882 3076/1024/2882 2961/996/2882
f 3019/845/2883 3090/1021/2883 3042/1018/2883 3021/1012/2883
f 3014/945/2884 3098/954/2884 3100/1019/2884 2969/1004/2884
f 2969/1004/2885 3100/1019/2885 3069/1010/2885 2821/1011/2885
f 3033/1022/2886 3070/1039/2886 3087/1042/2886 3005/1013/2886
f 2942/972/2887 3084/1043/2887 3061/1031/2887 2852/1009/2887
f 2828/880/2888 3094/1040/2888 3083/1044/2888 2870/997/2888
f 2822/750/2889 3104/1041/2889 3091/1038/2889 2860/755/2889
f 3021/1012/2890 3042/1018/2890 3080/923/2890 2826/921/2890
f 2858/785/2891 3086/1015/2891 3109/1005/2891 3032/790/2891
f 2851/1000/2892 3077/949/2892 2962/1014/2892 2898/999/2892
f 2971/670/2893 3071/1002/2893 3088/948/2893 2921/1017/2893
f 2898/999/2894 2962/1014/2894 3079/1045/2894 3013/690/2894
f 2821/1011/2895 3069/1010/2895 3111/934/2895 2861/730/2895
f 2940/655/2896 3085/1006/2896 3093/1007/2896 2881/660/2896
f 3032/790/2897 3109/1005/2897 3041/931/2897 3006/795/2897
f 2870/997/2898 3083/1044/2898 3110/1046/2898 2919/975/2898
f 2970/943/2899 3102/1047/2899 3084/1043/2899 2942/972/2899
f 2918/966/2900 3101/1001/2900 3071/1002/2900 2971/670/2900
f 2966/970/2901 3097/957/2901 3073/995/2901 2823/969/2901
f 2919/975/2902 3110/1046/2902 3096/1025/2902 2958/974/2902
f 2824/963/2903 3103/947/2903 3105/976/2903 2856/962/2903
f 2841/937/2904 3078/939/2904 3107/958/2904 3037/1026/2904
f 3007/1033/2905 3112/956/2905 3097/957/2905 2966/970/2905
f 2894/946/2906 3082/953/2906 3098/954/2906 3014/945/2906
f 2921/1017/2907 3088/948/2907 3077/949/2907 2851/1000/2907
f 3005/1013/2908 3087/1042/2908 3099/1035/2908 3000/825/2908
f 2985/930/2909 3081/932/2909 3103/947/2909 2824/963/2909
f 3013/690/2910 3079/1045/2910 3102/1047/2910 2970/943/2910
f 2825/830/2911 3106/938/2911 3078/939/2911 2841/937/2911
f 2861/730/2912 3111/934/2912 3089/935/2912 2895/735/2912
f 3006/795/2913 3041/931/2913 3081/932/2913 2985/930/2913
f 2826/921/2914 3080/923/2914 3095/924/2914 2843/920/2914
f 1497/801/2915 1499/796/2915 3055/796/2915 3053/801/2915
f 1528/1043/2916 1505/1031/2916 3061/1031/2916 3084/1043/2916
f 1273/925/2917 1286/989/2917 2842/989/2917 2829/925/2917
f 1494/716/2918 1281/711/2918 2837/711/2918 3050/716/2918
f 402/289/2919 401/290/2919 1957/290/2919 1958/289/2919
f 1345/986/2920 1430/977/2920 2986/977/2920 2901/986/2920
f 410/281/2921 409/282/2921 1965/282/2921 1966/281/2921
f 418/273/2922 417/274/2922 1973/274/2922 1974/273/2922
f 1441/796/2923 1443/801/2923 2999/801/2923 2997/796/2923
f 426/265/2924 425/266/2924 1981/266/2924 1982/265/2924
f 401/259/2925 432/258/2925 1988/258/2925 1957/259/2925
f 1472/791/2926 1441/796/2926 2997/796/2926 3028/791/2926
f 462/321/2927 457/315/2927 2013/315/2927 2018/321/2927
f 1490/987/2928 1345/986/2928 2901/986/2928 3046/987/2928
f 1499/796/2929 1489/791/2929 3045/791/2929 3055/796/2929
f 1409/985/2930 1503/776/2930 3059/776/2930 2965/985/2930
f 502/362/2931 497/357/2931 2053/357/2931 2058/362/2931
f 1556/956/2932 1473/762/2932 3029/762/2932 3112/956/2932
f 542/402/2933 537/398/2933 2093/398/2933 2098/402/2933
f 1281/711/2934 1335/955/2934 2891/955/2934 2837/711/2934
f 570/436/2935 561/435/2935 2117/435/2935 2126/436/2935
f 642/492/2936 633/486/2936 2189/486/2936 2198/492/2936
f 714/549/2937 705/542/2937 2261/542/2937 2270/549/2937
f 1385/656/2938 1510/978/2938 3066/978/2938 2941/656/2938
f 1274/940/2939 1301/959/2939 2857/959/2939 2830/940/2939
f 1407/981/2940 1306/955/2940 2862/955/2940 2963/981/2940
f 403/288/2941 402/289/2941 1958/289/2941 1959/288/2941
f 411/280/2942 410/281/2942 1966/281/2942 1967/280/2942
f 419/272/2943 418/273/2943 1974/273/2943 1975/272/2943
f 427/264/2944 426/265/2944 1982/265/2944 1983/264/2944
f 447/305/2945 442/299/2945 1998/299/2945 2003/305/2945
f 1498/821/2946 1490/987/2946 3046/987/2946 3054/821/2946
f 1501/983/2947 1282/736/2947 2838/736/2947 3057/983/2947
f 487/347/2948 482/341/2948 2038/341/2948 2043/347/2948
f 1514/1039/2949 1531/1042/2949 3087/1042/2949 3070/1039/2949
f 1282/736/2950 1317/731/2950 2873/731/2950 2838/736/2950
f 1306/955/2951 1341/711/2951 2897/711/2951 2862/955/2951
f 1549/976/2952 1514/1039/2952 3070/1039/2952 3105/976/2952
f 527/387/2953 522/383/2953 2078/383/2953 2083/387/2953
f 1552/1028/2954 1538/1040/2954 3094/1040/2954 3108/1028/2954
f 579/444/2955 570/436/2955 2126/436/2955 2135/444/2955
f 651/499/2956 642/492/2956 2198/492/2956 2207/499/2956
f 723/556/2957 714/549/2957 2270/549/2957 2279/556/2957
f 1540/1025/2958 1435/994/2958 2991/994/2958 3096/1025/2958
f 1523/1045/2959 1546/1047/2959 3102/1047/2959 3079/1045/2959
f 1275/977/2960 1549/976/2960 3105/976/2960 2831/977/2960
f 552/415/2961 547/407/2961 2103/407/2961 2108/415/2961
f 588/450/2962 579/444/2962 2135/444/2962 2144/450/2962
f 1291/656/2963 1336/979/2963 2892/979/2963 2847/656/2963
f 660/508/2964 651/499/2964 2207/499/2964 2216/508/2964
f 732/564/2965 723/556/2965 2279/556/2965 2288/564/2965
f 1496/991/2966 1491/990/2966 3047/990/2966 3052/991/2966
f 1443/801/2967 1275/977/2967 2831/977/2967 2999/801/2967
f 1531/1042/2968 1543/1035/2968 3099/1035/2968 3087/1042/2968
f 1383/950/2969 1307/681/2969 2863/681/2969 2939/950/2969
f 1390/978/2970 1291/656/2970 2847/656/2970 2946/978/2970
f 1307/681/2971 1406/1014/2971 2962/1014/2971 2863/681/2971
f 404/287/2972 403/288/2972 1959/288/2972 1960/287/2972
f 412/279/2973 411/280/2973 1967/280/2973 1968/279/2973
f 420/271/2974 419/272/2974 1975/272/2974 1976/271/2974
f 1387/989/2975 1436/925/2975 2992/925/2975 2943/989/2975
f 428/263/2976 427/264/2976 1983/264/2976 1984/263/2976
f 1454/666/2977 1403/671/2977 2959/671/2977 3010/666/2977
f 1491/990/2978 1387/989/2978 2943/989/2978 3047/990/2978
f 472/331/2979 467/325/2979 2023/325/2979 2028/331/2979
f 512/373/2980 507/368/2980 2063/368/2980 2068/373/2980
f 1550/938/2981 1252/826/2981 2808/826/2981 3106/938/2981
f 1554/1046/2982 1540/1025/2982 3096/1025/2982 3110/1046/2982
f 537/398/2983 532/393/2983 2088/393/2983 2093/398/2983
f 1509/671/2984 1492/666/2984 3048/666/2984 3065/671/2984
f 1453/716/2985 1404/982/2985 2960/982/2985 3009/716/2985
f 597/457/2986 588/450/2986 2144/450/2986 2153/457/2986
f 1428/776/2987 1276/985/2987 2832/985/2987 2984/776/2987
f 669/514/2988 660/508/2988 2216/508/2988 2225/514/2988
f 741/572/2989 732/564/2989 2288/564/2989 2297/572/2989
f 1276/985/2990 1303/786/2990 2859/786/2990 2832/985/2990
f 405/286/2991 404/287/2991 1960/287/2991 1961/286/2991
f 413/278/2992 412/279/2992 1968/279/2992 1969/278/2992
f 1436/925/2993 1438/851/2993 2994/851/2993 2992/925/2993
f 1340/736/2994 1439/983/2994 2995/983/2994 2896/736/2994
f 1440/771/2995 1428/776/2995 2984/776/2995 2996/771/2995
f 421/270/2996 420/271/2996 1976/271/2996 1977/270/2996
f 429/262/2997 428/263/2997 1984/263/2997 1985/262/2997
f 457/315/2998 452/309/2998 2008/309/2998 2013/315/2998
f 1502/994/2999 1316/993/2999 2872/993/2999 3058/994/2999
f 1503/776/3000 1500/771/3000 3056/771/3000 3059/776/3000
f 1388/726/3001 1507/982/3001 3063/982/3001 2944/726/3001
f 1316/993/3002 1512/636/3002 3068/636/3002 2872/993/3002
f 497/357/3003 492/353/3003 2048/353/3003 2053/357/3003
f 1252/826/3004 1274/940/3004 2830/940/3004 2808/826/3004
f 1389/984/3005 1506/746/3005 3062/746/3005 2945/984/3005
f 1253/851/3006 1273/925/3006 2829/925/3006 2809/851/3006
f 1301/959/3007 1478/988/3007 3034/988/3007 2857/959/3007
f 1317/731/3008 1388/726/3008 2944/726/3008 2873/731/3008
f 1404/982/3009 1277/726/3009 2833/726/3009 2960/982/3009
f 1277/726/3010 1318/731/3010 2874/731/3010 2833/726/3010
f 406/285/3011 405/286/3011 1961/286/3011 1962/285/3011
f 1381/959/3012 1431/940/3012 2987/940/3012 2937/959/3012
f 414/277/3013 413/278/3013 1969/278/3013 1970/277/3013
f 422/269/3014 421/270/3014 1977/270/3014 1978/269/3014
f 1448/846/3015 1253/851/3015 2809/851/3015 3004/846/3015
f 430/261/3016 429/262/3016 1985/262/3016 1986/261/3016
f 442/299/3017 437/298/3017 1993/298/3017 1998/299/3017
f 1487/988/3018 1381/959/3018 2937/959/3018 3043/988/3018
f 1437/992/3019 1496/991/3019 3052/991/3019 2993/992/3019
f 482/341/3020 477/337/3020 2033/337/3020 2038/341/3020
f 1508/980/3021 1493/691/3021 3049/691/3021 3064/980/3021
f 1511/950/3022 1509/671/3022 3065/671/3022 3067/950/3022
f 1512/636/3023 1437/992/3023 2993/992/3023 3068/636/3023
f 522/383/3024 517/378/3024 2073/378/3024 2078/383/3024
f 1341/711/3025 1453/716/3025 3009/716/3025 2897/711/3025
f 606/465/3026 597/457/3026 2153/457/3026 2162/465/3026
f 1506/746/3027 1501/983/3027 3057/983/3027 3062/746/3027
f 678/522/3028 669/514/3028 2225/514/3028 2234/522/3028
f 750/578/3029 741/572/3029 2297/572/3029 2306/578/3029
f 437/298/3030 768/592/3030 2324/592/3030 1993/298/3030
f 1278/686/3031 1320/681/3031 2876/681/3031 2834/686/3031
f 1294/979/3032 1385/656/3032 2941/656/3032 2850/979/3032
f 407/284/3033 406/285/3033 1962/285/3033 1963/284/3033
f 1435/994/3034 1390/978/3034 2946/978/3034 2991/994/3034
f 415/276/3035 414/277/3035 1970/277/3035 1971/276/3035
f 423/268/3036 422/269/3036 1978/269/3036 1979/268/3036
f 431/260/3037 430/261/3037 1986/261/3037 1987/260/3037
f 1471/990/3038 1446/991/3038 3002/991/3038 3027/990/3038
f 467/325/3039 462/321/3039 2018/321/3039 2023/325/3039
f 1492/666/3040 1294/979/3040 2850/979/3040 3048/666/3040
f 1493/691/3041 1278/686/3041 2834/686/3041 3049/691/3041
f 1438/851/3042 1495/846/3042 3051/846/3042 2994/851/3042
f 1430/977/3043 1497/801/3043 3053/801/3043 2986/977/3043
f 1470/826/3044 1498/821/3044 3054/821/3044 3026/826/3044
f 507/368/3045 502/362/3045 2058/362/3045 2063/368/3045
f 1535/1038/3046 1518/1037/3046 3074/1037/3046 3091/1038/3046
f 1318/731/3047 1340/736/3047 2896/736/3047 2874/731/3047
f 1286/989/3048 1471/990/3048 3027/990/3048 2842/989/3048
f 1507/982/3049 1494/716/3049 3050/716/3049 3063/982/3049
f 1446/991/3050 1552/1028/3050 3108/1028/3050 3002/991/3050
f 1518/1036/3051 1556/956/3051 3112/956/3051 3074/1036/3051
f 547/407/3052 542/402/3052 2098/402/3052 2103/407/3052
f 1510/978/3053 1502/994/3053 3058/994/3053 3066/978/3053
f 615/471/3054 606/465/3054 2162/465/3054 2171/471/3054
f 687/529/3055 678/522/3055 2234/522/3055 2243/529/3055
f 1406/1014/3056 1523/1045/3056 3079/1045/3056 2962/1014/3056
f 759/587/3057 750/578/3057 2306/578/3057 2315/587/3057
f 1538/1040/3058 1527/1044/3058 3083/1044/3058 3094/1040/3058
f 1543/1035/3059 1550/938/3059 3106/938/3059 3099/1035/3059
f 1527/1044/3060 1554/1046/3060 3110/1046/3060 3083/1044/3060
f 532/393/3061 527/387/3061 2083/387/3061 2088/393/3061
f 624/478/3062 615/471/3062 2171/471/3062 2180/478/3062
f 696/535/3063 687/529/3063 2243/529/3063 2252/535/3063
f 1335/955/3064 1504/981/3064 3060/981/3064 2891/955/3064
f 768/592/3065 759/587/3065 2315/587/3065 2324/592/3065
f 416/275/3066 415/276/3066 1971/276/3066 1972/275/3066
f 1403/671/3067 1383/950/3067 2939/950/3067 2959/671/3067
f 1343/786/3068 1409/985/3068 2965/985/3068 2899/786/3068
f 408/283/3069 407/284/3069 1963/284/3069 1964/283/3069
f 424/267/3070 423/268/3070 1979/268/3070 1980/267/3070
f 432/258/3071 431/260/3071 1987/260/3071 1988/258/3071
f 1431/940/3072 1470/826/3072 3026/826/3072 2987/940/3072
f 1303/786/3073 1472/791/3073 3028/791/3073 2859/786/3073
f 452/309/3074 447/305/3074 2003/305/3074 2008/309/3074
f 1489/791/3075 1343/786/3075 2899/786/3075 3045/791/3075
f 1495/846/3076 1487/988/3076 3043/988/3076 3051/846/3076
f 1505/1031/3077 1407/981/3077 2963/981/3077 3061/1031/3077
f 492/353/3078 487/347/3078 2043/347/3078 2048/353/3078
f 1439/983/3079 1520/1024/3079 3076/1024/3079 2995/983/3079
f 1548/1041/3080 1535/1038/3080 3091/1038/3080 3104/1041/3080
f 517/378/3081 512/373/3081 2068/373/3081 2073/378/3081
f 1546/1047/3082 1528/1043/3082 3084/1043/3082 3102/1047/3082
f 1520/1024/3083 1548/1041/3083 3104/1041/3083 3076/1024/3083
f 561/422/3084 552/415/3084 2108/415/3084 2117/422/3084
f 633/486/3085 624/478/3085 2180/478/3085 2189/486/3085
f 705/542/3086 696/535/3086 2252/535/3086 2261/542/3086
f 1473/762/3087 1440/771/3087 2996/771/3087 3029/762/3087
f 409/282/3088 408/283/3088 1964/283/3088 1965/282/3088
f 417/274/3089 416/275/3089 1972/275/3089 1973/274/3089
f 425/266/3090 424/267/3090 1980/267/3090 1981/266/3090
f 1336/979/3091 1454/666/3091 3010/666/3091 2892/979/3091
f 1478/988/3092 1448/846/3092 3004/846/3092 3034/988/3092
f 1488/762/3093 1344/761/3093 2900/761/3093 3044/762/3093
f 1500/771/3094 1488/762/3094 3044/762/3094 3056/771/3094
f 477/337/3095 472/331/3095 2028/331/3095 2033/337/3095
f 1504/981/3096 1508/980/3096 3064/980/3096 3060/981/3096
f 1320/681/3097 1511/950/3097 3067/950/3097 2876/681/3097
f 1344/761/3098 1389/984/3098 2945/984/3098 2900/761/3098
