# Blender 4.1.1
# www.blender.org
mtllib chessKnight.mtl
o Cylinder.011
v -0.056927 0.184153 0.035407
v -0.060730 0.184153 0.027099
v 0.046480 0.184153 0.050073
v 0.040016 0.184153 0.056180
v -0.065171 0.184153 0.009243
v -0.065733 0.184153 -0.000000
v -0.008580 0.184153 0.070207
v -0.017013 0.184153 0.068400
v -0.032867 0.184153 0.061326
v -0.040016 0.184153 0.056180
v 0.063493 0.184153 -0.018328
v 0.065171 0.184153 -0.009243
v -0.052150 0.184153 0.043108
v 0.025155 0.184153 0.065423
v 0.017013 0.184153 0.068400
v -0.000000 0.184153 0.070813
v 0.046480 0.184153 -0.050073
v 0.052150 0.184153 -0.043108
v -0.025155 0.184153 0.065423
v 0.060730 0.184153 -0.027099
v 0.032867 0.184153 0.061326
v 0.017013 0.184153 -0.068400
v 0.025155 0.184153 -0.065423
v 0.008580 0.184153 0.070208
v 0.040016 0.184153 -0.056180
v 0.056927 0.184153 -0.035407
v -0.017013 0.184153 -0.068400
v -0.008580 0.184153 -0.070208
v 0.008580 0.184153 -0.070208
v 0.032867 0.184153 -0.061326
v -0.046480 0.184153 -0.050073
v -0.040016 0.184153 -0.056180
v 0.065733 0.184153 -0.000000
v -0.025155 0.184153 -0.065423
v -0.000000 0.184153 -0.070813
v -0.052150 0.184153 -0.043108
v -0.032867 0.184153 -0.061326
v 0.063493 0.184153 0.018328
v 0.060730 0.184153 0.027099
v -0.056927 0.184153 -0.035407
v -0.063493 0.184153 -0.018328
v 0.060399 0.261770 0.033046
v -0.069150 0.261770 -0.008625
v -0.049319 0.261770 0.046733
v 0.069146 0.261770 0.008627
v -0.067370 0.261770 0.017106
v 0.055330 0.261770 0.040233
v -0.060730 0.184153 -0.027099
v 0.052150 0.184153 0.043108
v -0.064437 0.261770 -0.025290
v -0.067370 0.261770 -0.017104
v -0.060402 0.261770 -0.033043
v 0.064434 0.261770 0.025292
v 0.067366 0.261770 0.017106
v -0.034874 0.261770 -0.057233
v -0.055334 0.261770 -0.040231
v -0.063493 0.184153 0.018328
v -0.000002 0.261770 -0.066088
v -0.026692 0.261770 -0.061057
v 0.069743 0.261770 0.000001
v -0.042460 0.261770 -0.052431
v -0.049319 0.261770 -0.046731
v 0.034870 0.261770 -0.057233
v 0.009102 0.261770 -0.065522
v 0.065171 0.184153 0.009243
v -0.009105 0.261770 -0.065522
v -0.018053 0.261770 -0.063836
v 0.060399 0.261770 -0.033043
v 0.042456 0.261770 -0.052431
v 0.009102 0.261770 0.065525
v 0.026688 0.261770 -0.061057
v 0.018049 0.261770 -0.063836
v -0.046480 0.184153 0.050073
v 0.034870 0.261770 0.057236
v 0.064434 0.261770 -0.025290
v -0.026692 0.261770 0.061059
v 0.055330 0.261770 -0.040231
v 0.049315 0.261770 -0.046731
v -0.000002 0.261770 0.066090
v 0.018049 0.261770 0.063838
v -0.065171 0.184153 -0.009243
v 0.026688 0.261770 0.061059
v -0.055334 0.261770 0.040233
v 0.069146 0.261770 -0.008625
v 0.067366 0.261770 -0.017104
v -0.042460 0.261770 0.052433
v -0.034874 0.261770 0.057236
v -0.018053 0.261770 0.063838
v 0.056927 0.184153 0.035407
v -0.009105 0.261770 0.065525
v -0.069746 0.261770 0.000001
v -0.069150 0.261770 0.008628
v 0.042456 0.261770 0.052433
v 0.049315 0.261770 0.046733
v -0.064437 0.261770 0.025292
v -0.060402 0.261770 0.033046
v -0.049951 0.249382 -0.037225
v -0.045152 0.236348 -0.034462
v -0.041489 0.220032 -0.032374
v -0.043457 0.204005 -0.034607
v -0.046938 0.197230 -0.038092
v -0.041835 0.197230 -0.044246
v -0.038733 0.204005 -0.040197
v -0.036979 0.220032 -0.037604
v -0.040244 0.236348 -0.040029
v -0.044521 0.249382 -0.043239
v 0.024092 0.249382 0.056497
v 0.021777 0.236348 0.052303
v 0.020013 0.220032 0.049131
v 0.020962 0.204005 0.052521
v 0.022641 0.197230 0.057810
v 0.015313 0.197230 0.060441
v 0.014177 0.204005 0.054911
v 0.013535 0.220032 0.051367
v 0.014728 0.236348 0.054683
v 0.016293 0.249382 0.059068
v 0.062419 0.249382 0.007983
v 0.056421 0.236348 0.007390
v 0.051848 0.220032 0.006941
v 0.054307 0.204005 0.007420
v 0.058658 0.197230 0.008167
v 0.057148 0.197230 0.016195
v 0.052910 0.204005 0.014713
v 0.050514 0.220032 0.013764
v 0.054969 0.236348 0.014653
v 0.060812 0.249382 0.015828
v -0.016297 0.249382 -0.059065
v -0.014731 0.236348 -0.054681
v -0.013535 0.220032 -0.051367
v -0.014177 0.204005 -0.054911
v -0.015313 0.197230 -0.060441
v -0.007722 0.197230 -0.062038
v -0.007150 0.204005 -0.056361
v -0.006826 0.220032 -0.052725
v -0.007430 0.236348 -0.056126
v -0.008220 0.249382 -0.060626
v -0.062423 0.249382 -0.007981
v -0.056425 0.236348 -0.007388
v -0.051848 0.220032 -0.006941
v -0.054307 0.204005 -0.007420
v -0.058658 0.197230 -0.008167
v -0.057148 0.197230 -0.016195
v -0.052910 0.204005 -0.014713
v -0.050514 0.220032 -0.013764
v -0.054973 0.236348 -0.014651
v -0.060816 0.249382 -0.015826
v -0.031482 0.249382 -0.052956
v -0.028457 0.236348 -0.049026
v -0.026148 0.220032 -0.046055
v -0.027388 0.204005 -0.049232
v -0.029582 0.197230 -0.054190
v -0.022641 0.197230 -0.057810
v -0.020962 0.204005 -0.052521
v -0.020013 0.220032 -0.049131
v -0.021781 0.236348 -0.052301
v -0.024096 0.249382 -0.056494
v -0.000002 0.249382 0.061151
v -0.000002 0.236348 0.056612
v -0.000000 0.220032 0.053179
v -0.000000 0.204005 0.056848
v -0.000000 0.197230 0.062573
v -0.007723 0.197230 0.062038
v -0.007150 0.204005 0.056361
v -0.006826 0.220032 0.052725
v -0.007430 0.236348 0.056128
v -0.008220 0.249382 0.060628
v 0.038326 0.249382 0.048515
v 0.034643 0.236348 0.044914
v 0.031836 0.220032 0.042190
v 0.033346 0.204005 0.045100
v 0.036017 0.197230 0.049643
v 0.029582 0.197230 0.054190
v 0.027388 0.204005 0.049232
v 0.026148 0.220032 0.046055
v 0.028453 0.236348 0.049028
v 0.031478 0.249382 0.052959
v 0.054523 0.249382 0.030576
v 0.049284 0.236348 0.028307
v 0.045290 0.220032 0.026590
v 0.047437 0.204005 0.028424
v 0.051238 0.197230 0.031287
v 0.046938 0.197230 0.038092
v 0.043457 0.204005 0.034607
v 0.041489 0.220032 0.032374
v 0.045148 0.236348 0.034464
v 0.049947 0.249382 0.037227
v 0.024092 0.249382 -0.056494
v 0.021777 0.236348 -0.052301
v 0.020013 0.220032 -0.049131
v 0.020962 0.204005 -0.052521
v 0.022641 0.197230 -0.057810
v 0.029582 0.197230 -0.054190
v 0.027388 0.204005 -0.049232
v 0.026148 0.220032 -0.046055
v 0.028453 0.236348 -0.049026
v 0.031478 0.249382 -0.052956
v 0.044517 0.249382 -0.043239
v 0.040240 0.236348 -0.040029
v 0.036979 0.220032 -0.037604
v 0.038733 0.204005 -0.040197
v 0.041835 0.197230 -0.044246
v 0.046938 0.197230 -0.038092
v 0.043457 0.204005 -0.034607
v 0.041489 0.220032 -0.032374
v 0.045148 0.236348 -0.034462
v 0.049947 0.249382 -0.037225
v 0.008216 0.249382 -0.060626
v 0.007426 0.236348 -0.056126
v 0.006826 0.220032 -0.052725
v 0.007150 0.204005 -0.056361
v 0.007722 0.197230 -0.062038
v 0.015313 0.197230 -0.060441
v 0.014177 0.204005 -0.054911
v 0.013535 0.220032 -0.051367
v 0.014728 0.236348 -0.054681
v 0.016293 0.249382 -0.059065
v -0.016297 0.249382 0.059068
v -0.014731 0.236348 0.054683
v -0.013535 0.220032 0.051367
v -0.014177 0.204005 0.054911
v -0.015313 0.197230 0.060441
v -0.022641 0.197230 0.057810
v -0.020962 0.204005 0.052521
v -0.020013 0.220032 0.049131
v -0.021781 0.236348 0.052303
v -0.024096 0.249382 0.056497
v -0.054527 0.249382 0.030576
v -0.049288 0.236348 0.028307
v -0.045290 0.220032 0.026590
v -0.047437 0.204005 0.028424
v -0.051238 0.197230 0.031287
v -0.054661 0.197230 0.023946
v -0.050606 0.204005 0.021755
v -0.048315 0.220032 0.020351
v -0.052580 0.236348 0.021665
v -0.058169 0.249382 0.023402
v 0.054661 0.197230 0.023946
v 0.050606 0.204005 0.021755
v 0.048315 0.220032 0.020351
v 0.052576 0.236348 0.021665
v 0.058165 0.249382 0.023402
v -0.029582 0.197230 0.054190
v -0.027388 0.204005 0.049232
v -0.026148 0.220032 0.046055
v -0.028457 0.236348 0.049028
v -0.031482 0.249382 0.052959
v 0.036017 0.197230 -0.049643
v 0.033346 0.204005 -0.045100
v 0.031836 0.220032 -0.042190
v 0.034643 0.236348 -0.044912
v 0.038326 0.249382 -0.048513
v 0.044517 0.249382 0.043241
v 0.040240 0.236348 0.040031
v 0.036979 0.220032 0.037604
v 0.038733 0.204005 0.040197
v 0.041835 0.197230 0.044246
v -0.054527 0.249382 -0.030574
v -0.049288 0.236348 -0.028304
v -0.045290 0.220032 -0.026590
v -0.047437 0.204005 -0.028424
v -0.051238 0.197230 -0.031287
v 0.058165 0.249382 -0.023400
v 0.052576 0.236348 -0.021663
v 0.048315 0.220032 -0.020351
v 0.050606 0.204005 -0.021755
v 0.054661 0.197230 -0.023946
v 0.057148 0.197230 -0.016195
v 0.052910 0.204005 -0.014713
v 0.050514 0.220032 -0.013764
v 0.054969 0.236348 -0.014651
v 0.060812 0.249382 -0.015826
v -0.057148 0.197230 0.016195
v -0.052910 0.204005 0.014713
v -0.050514 0.220032 0.013764
v -0.054973 0.236348 0.014653
v -0.060816 0.249382 0.015828
v -0.036017 0.197230 -0.049643
v -0.033346 0.204005 -0.045100
v -0.031836 0.220032 -0.042190
v -0.034647 0.236348 -0.044912
v -0.038329 0.249382 -0.048513
v -0.062423 0.249382 0.007983
v -0.056425 0.236348 0.007390
v -0.051848 0.220032 0.006941
v -0.054307 0.204005 0.007420
v -0.058658 0.197230 0.008167
v -0.059164 0.197230 -0.000000
v -0.054776 0.204005 -0.000000
v -0.052296 0.220032 -0.000000
v -0.056912 0.236348 0.000001
v -0.062962 0.249382 0.000001
v -0.000000 0.197230 -0.062573
v -0.000000 0.204005 -0.056848
v -0.000000 0.220032 -0.053179
v -0.000002 0.236348 -0.056610
v -0.000002 0.249382 -0.061149
v 0.062419 0.249382 -0.007981
v 0.056421 0.236348 -0.007388
v 0.051848 0.220032 -0.006941
v 0.054307 0.204005 -0.007420
v 0.058658 0.197230 -0.008167
v 0.059164 0.197230 -0.000000
v 0.054776 0.204005 -0.000000
v 0.052296 0.220032 -0.000000
v 0.056908 0.236348 0.000001
v 0.062958 0.249382 0.000001
v -0.054661 0.197230 -0.023946
v -0.050606 0.204005 -0.021755
v -0.048315 0.220032 -0.020351
v -0.052580 0.236348 -0.021663
v -0.058169 0.249382 -0.023400
v 0.007722 0.197230 0.062038
v 0.007150 0.204005 0.056361
v 0.006826 0.220032 0.052725
v 0.007426 0.236348 0.056128
v 0.008216 0.249382 0.060628
v -0.036017 0.197230 0.049643
v -0.033346 0.204005 0.045100
v -0.031836 0.220032 0.042190
v -0.034647 0.236348 0.044914
v -0.038329 0.249382 0.048515
v 0.051238 0.197230 -0.031287
v 0.047437 0.204005 -0.028424
v 0.045290 0.220032 -0.026590
v 0.049284 0.236348 -0.028304
v 0.054523 0.249382 -0.030574
v -0.041835 0.197230 0.044246
v -0.038733 0.204005 0.040197
v -0.036979 0.220032 0.037604
v -0.040244 0.236348 0.040031
v -0.044521 0.249382 0.043241
v -0.049951 0.249382 0.037227
v -0.045152 0.236348 0.034464
v -0.041489 0.220032 0.032374
v -0.043457 0.204005 0.034607
v -0.046938 0.197230 0.038092
v -0.000000 -0.000132 -0.164652
v 0.029818 -0.000132 -0.161489
v 0.058489 -0.000132 -0.152119
v 0.084913 -0.000132 -0.136903
v 0.108074 -0.000132 -0.116427
v 0.127082 -0.000132 -0.091476
v 0.141206 -0.000132 -0.063010
v 0.149903 -0.000132 -0.032122
v 0.152840 -0.000132 -0.000000
v 0.149903 -0.000132 0.032122
v 0.141206 -0.000132 0.063010
v 0.127082 -0.000132 0.091476
v 0.108074 -0.000132 0.116427
v 0.084913 -0.000132 0.136903
v 0.058489 -0.000132 0.152119
v 0.029818 -0.000132 0.161489
v -0.000000 -0.000132 0.164652
v -0.029818 -0.000132 0.161489
v -0.058489 -0.000132 0.152119
v -0.084913 -0.000132 0.136903
v -0.108074 -0.000132 0.116427
v -0.127082 -0.000132 0.091476
v -0.141206 -0.000132 0.063010
v -0.149903 -0.000132 0.032122
v -0.152840 -0.000132 -0.000000
v -0.149903 -0.000132 -0.032122
v -0.141206 -0.000132 -0.063010
v -0.127082 -0.000132 -0.091476
v -0.108074 -0.000132 -0.116427
v -0.084913 -0.000132 -0.136903
v -0.058489 -0.000132 -0.152119
v -0.029818 -0.000132 -0.161489
v -0.000000 0.024008 -0.164652
v 0.029818 0.024008 -0.161489
v 0.058489 0.024008 -0.152119
v 0.084913 0.024008 -0.136903
v 0.108074 0.024008 -0.116427
v 0.127082 0.024008 -0.091476
v 0.141206 0.024008 -0.063010
v 0.149903 0.024008 -0.032122
v 0.152840 0.024008 -0.000000
v 0.149903 0.024008 0.032122
v 0.141206 0.024008 0.063010
v 0.127082 0.024008 0.091476
v 0.108074 0.024008 0.116427
v 0.084913 0.024008 0.136903
v 0.058489 0.024008 0.152119
v 0.029818 0.024008 0.161489
v -0.000000 0.024008 0.164652
v -0.029818 0.024008 0.161489
v -0.058489 0.024008 0.152119
v -0.084913 0.024008 0.136903
v -0.108074 0.024008 0.116427
v -0.127082 0.024008 0.091476
v -0.141206 0.024008 0.063010
v -0.149903 0.024008 0.032122
v -0.152840 0.024008 -0.000000
v -0.149903 0.024008 -0.032122
v -0.141206 0.024008 -0.063010
v -0.127082 0.024008 -0.091476
v -0.108074 0.024008 -0.116427
v -0.084913 0.024008 -0.136903
v -0.058489 0.024008 -0.152119
v -0.029818 0.024008 -0.161489
v -0.000000 0.037537 -0.147865
v 0.026778 0.037537 -0.145024
v 0.052526 0.037537 -0.136610
v 0.076256 0.037537 -0.122945
v 0.097056 0.037537 -0.104556
v 0.114125 0.037537 -0.082149
v 0.126809 0.037537 -0.056586
v 0.134620 0.037537 -0.028847
v 0.137257 0.037537 -0.000000
v 0.134620 0.037537 0.028847
v 0.126809 0.037537 0.056586
v 0.114125 0.037537 0.082149
v 0.097056 0.037537 0.104556
v 0.076256 0.037537 0.122945
v 0.052526 0.037537 0.136610
v 0.026778 0.037537 0.145024
v -0.000000 0.037537 0.147865
v -0.026778 0.037537 0.145024
v -0.052526 0.037537 0.136610
v -0.076256 0.037537 0.122945
v -0.097056 0.037537 0.104556
v -0.114125 0.037537 0.082149
v -0.126809 0.037537 0.056586
v -0.134620 0.037537 0.028847
v -0.137257 0.037537 -0.000000
v -0.134620 0.037537 -0.028847
v -0.126809 0.037537 -0.056586
v -0.114125 0.037537 -0.082149
v -0.097056 0.037537 -0.104556
v -0.076256 0.037537 -0.122945
v -0.052526 0.037537 -0.136610
v -0.026778 0.037537 -0.145024
v 0.141948 0.058792 -0.000000
v 0.138145 0.080153 -0.000000
v 0.120960 0.096799 -0.000000
v 0.105380 0.134841 -0.000000
v 0.138145 0.037431 -0.000000
v 0.140734 0.058792 -0.019960
v 0.136963 0.080153 -0.019425
v 0.119925 0.096799 -0.017009
v 0.104478 0.134841 -0.014818
v 0.136963 0.037431 -0.019425
v 0.137111 0.058792 -0.039578
v 0.133438 0.080153 -0.038518
v 0.116838 0.096799 -0.033726
v 0.101789 0.134841 -0.029382
v 0.133438 0.037431 -0.038518
v 0.131143 0.058792 -0.058519
v 0.127629 0.080153 -0.056951
v 0.111752 0.096799 -0.049867
v 0.097358 0.134841 -0.043444
v 0.127629 0.037431 -0.056951
v 0.122931 0.058792 -0.076459
v 0.119637 0.080153 -0.074411
v 0.104754 0.096799 -0.065154
v 0.091262 0.134841 -0.056762
v 0.119637 0.037431 -0.074411
v 0.112615 0.058792 -0.093091
v 0.109598 0.080153 -0.090597
v 0.095964 0.096799 -0.079327
v 0.083603 0.134841 -0.069109
v 0.109598 0.037431 -0.090597
v 0.100373 0.058792 -0.108130
v 0.097683 0.080153 -0.105232
v 0.085532 0.096799 -0.092142
v 0.074515 0.134841 -0.080274
v 0.097683 0.037431 -0.105232
v 0.086413 0.058792 -0.121318
v 0.084097 0.080153 -0.118068
v 0.073636 0.096799 -0.103381
v 0.064151 0.134841 -0.090065
v 0.084097 0.037431 -0.118068
v 0.070974 0.058792 -0.132431
v 0.069072 0.080153 -0.128883
v 0.060480 0.096799 -0.112850
v 0.052690 0.134841 -0.098315
v 0.069072 0.037431 -0.128883
v 0.054321 0.058792 -0.141278
v 0.052866 0.080153 -0.137493
v 0.046289 0.096799 -0.120389
v 0.040327 0.134841 -0.104883
v 0.052866 0.037431 -0.137493
v 0.036739 0.058792 -0.147708
v 0.035754 0.080153 -0.143750
v 0.031307 0.096799 -0.125868
v 0.027274 0.134841 -0.109656
v 0.035754 0.037431 -0.143750
v 0.018528 0.058792 -0.151610
v 0.018031 0.080153 -0.147548
v 0.015788 0.096799 -0.129193
v 0.013755 0.134841 -0.112553
v 0.018031 0.037431 -0.147548
v 0.000000 0.058792 -0.152919
v 0.000000 0.080153 -0.148821
v -0.000000 0.096799 -0.130308
v -0.000000 0.134841 -0.113524
v 0.000000 0.037431 -0.148821
v -0.018528 0.058792 -0.151610
v -0.018032 0.080153 -0.147548
v -0.015788 0.096799 -0.129193
v -0.013755 0.134841 -0.112553
v -0.018032 0.037431 -0.147548
v -0.036739 0.058792 -0.147708
v -0.035754 0.080153 -0.143750
v -0.031307 0.096799 -0.125868
v -0.027274 0.134841 -0.109656
v -0.035754 0.037431 -0.143750
v -0.054321 0.058792 -0.141278
v -0.052866 0.080153 -0.137493
v -0.046289 0.096799 -0.120389
v -0.040327 0.134841 -0.104883
v -0.052866 0.037431 -0.137493
v -0.070974 0.058792 -0.132431
v -0.069072 0.080153 -0.128883
v -0.060480 0.096799 -0.112850
v -0.052690 0.134841 -0.098315
v -0.069072 0.037431 -0.128883
v -0.086413 0.058792 -0.121318
v -0.084097 0.080153 -0.118068
v -0.073636 0.096799 -0.103381
v -0.064151 0.134841 -0.090065
v -0.084097 0.037431 -0.118068
v -0.100373 0.058792 -0.108130
v -0.097683 0.080153 -0.105232
v -0.085532 0.096799 -0.092142
v -0.074515 0.134841 -0.080274
v -0.097683 0.037431 -0.105232
v -0.112615 0.058792 -0.093091
v -0.109598 0.080153 -0.090597
v -0.095964 0.096799 -0.079327
v -0.083603 0.134841 -0.069109
v -0.109598 0.037431 -0.090597
v -0.122931 0.058792 -0.076459
v -0.119637 0.080153 -0.074411
v -0.104754 0.096799 -0.065154
v -0.091262 0.134841 -0.056762
v -0.119637 0.037431 -0.074411
v -0.131143 0.058792 -0.058519
v -0.127629 0.080153 -0.056951
v -0.111752 0.096799 -0.049867
v -0.097358 0.134841 -0.043444
v -0.127629 0.037431 -0.056951
v -0.137111 0.058792 -0.039578
v -0.133438 0.080153 -0.038518
v -0.116838 0.096799 -0.033726
v -0.101789 0.134841 -0.029382
v -0.133438 0.037431 -0.038518
v -0.140734 0.058792 -0.019960
v -0.136963 0.080153 -0.019425
v -0.119925 0.096799 -0.017009
v -0.104478 0.134841 -0.014818
v -0.136963 0.037431 -0.019425
v -0.141948 0.058792 -0.000000
v -0.138145 0.080153 -0.000000
v -0.120960 0.096799 -0.000000
v -0.105380 0.134841 -0.000000
v 0.066352 0.118969 0.093155
v 0.069025 0.108476 0.096908
v 0.014227 0.118969 0.116415
v 0.014800 0.108476 0.121105
v -0.138145 0.037431 -0.000000
v -0.140734 0.058792 0.019960
v -0.136963 0.080153 0.019425
v -0.119925 0.096799 0.017009
v -0.104478 0.134841 0.014818
v -0.041711 0.118969 0.108481
v -0.043391 0.108476 0.112852
v -0.086472 0.118969 0.071480
v -0.089956 0.108476 0.074360
v -0.136963 0.037431 0.019425
v -0.137111 0.058792 0.039578
v -0.133438 0.080153 0.038518
v -0.116838 0.096799 0.033726
v -0.101789 0.134841 0.029382
v -0.108063 0.118969 0.015326
v -0.112417 0.108476 0.015944
v -0.100699 0.118969 -0.044935
v -0.104756 0.108476 -0.046745
v -0.133438 0.037431 0.038518
v -0.131143 0.058792 0.058519
v -0.127629 0.080153 0.056951
v -0.111752 0.096799 0.049867
v -0.097358 0.134841 0.043444
v -0.066352 0.118969 -0.093155
v -0.069025 0.108476 -0.096908
v -0.014227 0.118969 -0.116415
v -0.014800 0.108476 -0.121105
v -0.127629 0.037431 0.056951
v -0.122931 0.058792 0.076459
v -0.119637 0.080153 0.074411
v -0.104754 0.096799 0.065154
v -0.091262 0.134841 0.056762
v 0.041711 0.118969 -0.108482
v 0.043391 0.108476 -0.112852
v 0.086472 0.118969 -0.071480
v 0.089956 0.108476 -0.074360
v -0.119637 0.037431 0.074411
v -0.112615 0.058792 0.093091
v -0.109598 0.080153 0.090597
v -0.095964 0.096799 0.079327
v -0.083603 0.134841 0.069109
v 0.108063 0.118969 -0.015326
v 0.112417 0.108476 -0.015944
v 0.100699 0.118969 0.044935
v 0.104756 0.108476 0.046745
v -0.109598 0.037431 0.090597
v -0.100373 0.058792 0.108130
v -0.097683 0.080153 0.105232
v -0.085532 0.096799 0.092142
v -0.074515 0.134841 0.080274
v 0.077072 0.118969 0.083028
v 0.080176 0.108476 0.086373
v 0.028210 0.118969 0.113419
v 0.029347 0.108476 0.117988
v -0.097683 0.037431 0.105232
v -0.086413 0.058792 0.121318
v -0.084097 0.080153 0.118068
v -0.073636 0.096799 0.103380
v -0.064151 0.134841 0.090065
v -0.028210 0.118969 0.113419
v -0.029347 0.108476 0.117988
v -0.077072 0.118969 0.083028
v -0.080177 0.108476 0.086373
v -0.084097 0.037431 0.118068
v -0.070974 0.058792 0.132431
v -0.069072 0.080153 0.128883
v -0.060480 0.096799 0.112850
v -0.052690 0.134841 0.098315
v -0.105282 0.118969 0.030390
v -0.109523 0.108476 0.031615
v -0.105282 0.118969 -0.030390
v -0.109523 0.108476 -0.031615
v -0.069072 0.037431 0.128883
v -0.054321 0.058792 0.141278
v -0.052866 0.080153 0.137493
v -0.046289 0.096799 0.120389
v -0.040327 0.134841 0.104883
v -0.077072 0.118969 -0.083028
v -0.080177 0.108476 -0.086373
v -0.028210 0.118969 -0.113419
v -0.029347 0.108476 -0.117988
v -0.052866 0.037431 0.137493
v -0.036739 0.058792 0.147708
v -0.035755 0.080153 0.143750
v -0.031307 0.096799 0.125868
v -0.027274 0.134841 0.109656
v 0.028210 0.118969 -0.113419
v 0.029347 0.108476 -0.117988
v 0.077072 0.118969 -0.083028
v 0.080176 0.108476 -0.086373
v -0.035755 0.037431 0.143750
v -0.018528 0.058792 0.151610
v -0.018032 0.080153 0.147548
v -0.015789 0.096799 0.129193
v -0.013755 0.134841 0.112553
v 0.105282 0.118969 -0.030390
v 0.109523 0.108476 -0.031615
v 0.105282 0.118969 0.030390
v 0.109523 0.108476 0.031615
v -0.018032 0.037431 0.147548
v 0.000000 0.058792 0.152919
v 0.000000 0.080153 0.148821
v -0.000000 0.096799 0.130308
v -0.000000 0.134841 0.113524
v 0.041711 0.118969 0.108481
v 0.043391 0.108476 0.112852
v -0.014227 0.118969 0.116415
v -0.014800 0.108476 0.121105
v 0.000000 0.037431 0.148821
v 0.018528 0.058792 0.151610
v 0.018031 0.080153 0.147548
v 0.015788 0.096799 0.129193
v 0.013755 0.134841 0.112553
v -0.066353 0.118969 0.093155
v -0.069025 0.108476 0.096908
v -0.100699 0.118969 0.044934
v -0.104756 0.108476 0.046745
v 0.018031 0.037431 0.147548
v 0.036739 0.058792 0.147708
v 0.035754 0.080153 0.143750
v 0.031307 0.096799 0.125868
v 0.027274 0.134841 0.109656
v -0.108063 0.118969 -0.015326
v -0.112417 0.108476 -0.015944
v -0.086472 0.118969 -0.071480
v -0.089956 0.108476 -0.074360
v 0.035754 0.037431 0.143750
v 0.054321 0.058792 0.141278
v 0.052866 0.080153 0.137493
v 0.046289 0.096799 0.120389
v 0.040327 0.134841 0.104883
v -0.041711 0.118969 -0.108482
v -0.043391 0.108476 -0.112852
v 0.014227 0.118969 -0.116415
v 0.014800 0.108476 -0.121105
v 0.052866 0.037431 0.137493
v 0.070974 0.058792 0.132431
v 0.069072 0.080153 0.128883
v 0.060480 0.096799 0.112850
v 0.052690 0.134841 0.098315
v 0.066352 0.118969 -0.093155
v 0.069025 0.108476 -0.096908
v 0.100699 0.118969 -0.044935
v 0.104756 0.108476 -0.046745
v 0.069072 0.037431 0.128883
v 0.086413 0.058792 0.121318
v 0.084097 0.080153 0.118068
v 0.073636 0.096799 0.103381
v 0.064151 0.134841 0.090065
v 0.108063 0.118969 0.015326
v 0.112417 0.108476 0.015944
v 0.086472 0.118969 0.071480
v 0.089956 0.108476 0.074360
v 0.084097 0.037431 0.118068
v 0.100372 0.058792 0.108130
v 0.097683 0.080153 0.105232
v 0.085532 0.096799 0.092142
v 0.074515 0.134841 0.080274
v 0.054498 0.118969 0.101688
v 0.056693 0.108476 0.105785
v -0.000000 0.118969 0.117420
v -0.000000 0.108476 0.122150
v 0.097683 0.037431 0.105232
v 0.112615 0.058792 0.093091
v 0.109598 0.080153 0.090597
v 0.095964 0.096799 0.079327
v 0.083603 0.134841 0.069109
v -0.054498 0.118969 0.101688
v -0.056693 0.108476 0.105785
v -0.094393 0.118969 0.058710
v -0.098196 0.108476 0.061075
v 0.109598 0.037431 0.090597
v 0.122931 0.058792 0.076459
v 0.119637 0.080153 0.074411
v 0.104754 0.096799 0.065154
v 0.091262 0.134841 0.056762
v -0.108996 0.118969 -0.000000
v -0.113387 0.108476 -0.000000
v -0.094393 0.118969 -0.058710
v -0.098196 0.108476 -0.061075
v 0.119637 0.037431 0.074411
v 0.131143 0.058792 0.058519
v 0.127629 0.080153 0.056951
v 0.111752 0.096799 0.049867
v 0.097358 0.134841 0.043444
v -0.054498 0.118969 -0.101688
v -0.056693 0.108476 -0.105785
v -0.000000 0.118969 -0.117420
v -0.000000 0.108476 -0.122150
v 0.127629 0.037431 0.056951
v 0.137111 0.058792 0.039578
v 0.133438 0.080153 0.038518
v 0.116838 0.096799 0.033726
v 0.101789 0.134841 0.029382
v 0.054498 0.118969 -0.101688
v 0.056693 0.108476 -0.105785
v 0.094393 0.118969 -0.058710
v 0.098196 0.108476 -0.061075
v 0.133438 0.037431 0.038518
v 0.140734 0.058792 0.019960
v 0.136963 0.080153 0.019425
v 0.119925 0.096799 0.017009
v 0.104478 0.134841 0.014818
v 0.108996 0.118969 -0.000000
v 0.113387 0.108476 -0.000000
v 0.094393 0.118969 0.058710
v 0.098196 0.108476 0.061075
v 0.136963 0.037431 0.019425
v 0.098304 0.134841 -0.000000
v 0.097463 0.134841 -0.013823
v 0.094955 0.134841 -0.027409
v 0.090821 0.134841 -0.040527
v 0.085134 0.134841 -0.052951
v 0.077990 0.134841 -0.064469
v 0.069512 0.134841 -0.074884
v 0.059844 0.134841 -0.084017
v 0.049152 0.134841 -0.091713
v 0.037619 0.134841 -0.097840
v 0.025443 0.134841 -0.102293
v 0.012831 0.134841 -0.104996
v -0.000000 0.134841 -0.105902
v -0.012831 0.134841 -0.104996
v -0.025443 0.134841 -0.102293
v -0.037619 0.134841 -0.097840
v -0.049152 0.134841 -0.091713
v -0.059844 0.134841 -0.084017
v -0.069512 0.134841 -0.074884
v -0.077990 0.134841 -0.064469
v -0.085134 0.134841 -0.052951
v -0.090821 0.134841 -0.040527
v -0.094955 0.134841 -0.027409
v -0.097463 0.134841 -0.013823
v -0.098304 0.134841 -0.000000
v -0.097463 0.134841 0.013823
v -0.094955 0.134841 0.027409
v -0.090821 0.134841 0.040527
v -0.085134 0.134841 0.052951
v -0.077990 0.134841 0.064469
v -0.069512 0.134841 0.074884
v -0.059844 0.134841 0.084017
v -0.049152 0.134841 0.091713
v -0.037619 0.134841 0.097840
v -0.025443 0.134841 0.102293
v -0.012831 0.134841 0.104996
v -0.000000 0.134841 0.105902
v 0.012831 0.134841 0.104996
v 0.025443 0.134841 0.102293
v 0.037619 0.134841 0.097840
v 0.049152 0.134841 0.091713
v 0.059844 0.134841 0.084017
v 0.069512 0.134841 0.074884
v 0.077990 0.134841 0.064469
v 0.085134 0.134841 0.052951
v 0.090821 0.134841 0.040527
v 0.094955 0.134841 0.027409
v 0.097463 0.134841 0.013823
v -0.076100 0.148365 0.047332
v -0.068766 0.158049 0.042771
v -0.061998 0.172287 0.038561
v -0.058180 0.178633 0.036186
v -0.062067 0.178633 0.027696
v -0.066140 0.172287 0.029513
v -0.073360 0.158049 0.032735
v -0.081184 0.148365 0.036226
v 0.062135 0.148365 0.066937
v 0.056148 0.158049 0.060487
v 0.050621 0.172287 0.054534
v 0.047504 0.178633 0.051175
v 0.040897 0.178633 0.057417
v 0.043581 0.172287 0.061185
v 0.048338 0.158049 0.067865
v 0.053493 0.148365 0.075102
v -0.087121 0.148365 0.012356
v -0.078725 0.158049 0.011165
v -0.070977 0.172287 0.010066
v -0.066606 0.178633 0.009446
v -0.067180 0.178633 -0.000000
v -0.071590 0.172287 -0.000000
v -0.079405 0.158049 -0.000000
v -0.087873 0.148365 -0.000000
v -0.011470 0.148365 0.093854
v -0.010364 0.158049 0.084810
v -0.009344 0.172287 0.076463
v -0.008769 0.178633 0.071753
v -0.017388 0.178633 0.069906
v -0.018529 0.172287 0.074495
v -0.020551 0.158049 0.082627
v -0.022743 0.148365 0.091438
v -0.043936 0.148365 0.081981
v -0.039702 0.158049 0.074081
v -0.035795 0.172287 0.066790
v -0.033590 0.178633 0.062676
v -0.040897 0.178633 0.057417
v -0.043581 0.172287 0.061185
v -0.048339 0.158049 0.067865
v -0.053493 0.148365 0.075102
v 0.084878 0.148365 -0.024501
v 0.076699 0.158049 -0.022140
v 0.069150 0.172287 -0.019961
v 0.064891 0.178633 -0.018731
v 0.066606 0.178633 -0.009447
v 0.070977 0.172287 -0.010067
v 0.078725 0.158049 -0.011165
v 0.087121 0.148365 -0.012356
v -0.069714 0.148365 0.057628
v -0.062996 0.158049 0.052074
v -0.056796 0.172287 0.046949
v -0.053298 0.178633 0.044058
v 0.033627 0.148365 0.087458
v 0.030387 0.158049 0.079030
v 0.027396 0.172287 0.071252
v 0.025709 0.178633 0.066863
v 0.017388 0.178633 0.069906
v 0.018529 0.172287 0.074495
v 0.020551 0.158049 0.082627
v 0.022743 0.148365 0.091438
v -0.000000 0.148365 0.094664
v -0.000000 0.158049 0.085541
v -0.000000 0.172287 0.077122
v -0.000000 0.178633 0.072372
v 0.062135 0.148365 -0.066937
v 0.056148 0.158049 -0.060487
v 0.050621 0.172287 -0.054534
v 0.047504 0.178633 -0.051175
v 0.053298 0.178633 -0.044058
v 0.056796 0.172287 -0.046949
v 0.062996 0.158049 -0.052074
v 0.069714 0.148365 -0.057628
v -0.033627 0.148365 0.087458
v -0.030387 0.158049 0.079030
v -0.027396 0.172287 0.071252
v -0.025709 0.178633 0.066863
v 0.081184 0.148365 -0.036226
v 0.073360 0.158049 -0.032735
v 0.066140 0.172287 -0.029513
v 0.062067 0.178633 -0.027696
v 0.043936 0.148365 0.081981
v 0.039702 0.158049 0.074081
v 0.035795 0.172287 0.066790
v 0.033590 0.178633 0.062676
v 0.022743 0.148365 -0.091438
v 0.020551 0.158049 -0.082627
v 0.018529 0.172287 -0.074495
v 0.017388 0.178633 -0.069906
v 0.025709 0.178633 -0.066863
v 0.027396 0.172287 -0.071252
v 0.030387 0.158049 -0.079030
v 0.033627 0.148365 -0.087458
v 0.011470 0.148365 0.093854
v 0.010364 0.158049 0.084810
v 0.009344 0.172287 0.076463
v 0.008769 0.178633 0.071753
v 0.053493 0.148365 -0.075102
v 0.048339 0.158049 -0.067865
v 0.043581 0.172287 -0.061185
v 0.040897 0.178633 -0.057417
v 0.076100 0.148365 -0.047332
v 0.068766 0.158049 -0.042771
v 0.061998 0.172287 -0.038561
v 0.058180 0.178633 -0.036186
v -0.022743 0.148365 -0.091438
v -0.020551 0.158049 -0.082627
v -0.018529 0.172287 -0.074495
v -0.017388 0.178633 -0.069906
v -0.008769 0.178633 -0.071753
v -0.009344 0.172287 -0.076463
v -0.010364 0.158049 -0.084810
v -0.011470 0.148365 -0.093854
v 0.011470 0.148365 -0.093854
v 0.010364 0.158049 -0.084810
v 0.009344 0.172287 -0.076463
v 0.008769 0.178633 -0.071753
v 0.043936 0.148365 -0.081981
v 0.039702 0.158049 -0.074081
v 0.035795 0.172287 -0.066790
v 0.033590 0.178633 -0.062676
v -0.062135 0.148365 -0.066937
v -0.056148 0.158049 -0.060487
v -0.050622 0.172287 -0.054534
v -0.047504 0.178633 -0.051175
v -0.040897 0.178633 -0.057417
v -0.043581 0.172287 -0.061185
v -0.048339 0.158049 -0.067865
v -0.053493 0.148365 -0.075102
v 0.067180 0.178633 -0.000000
v 0.071590 0.172287 -0.000000
v 0.079405 0.158049 -0.000000
v 0.087873 0.148365 -0.000000
v -0.033627 0.148365 -0.087458
v -0.030387 0.158049 -0.079030
v -0.027396 0.172287 -0.071252
v -0.025709 0.178633 -0.066863
v -0.000000 0.148365 -0.094664
v -0.000000 0.158049 -0.085541
v -0.000000 0.172287 -0.077122
v -0.000000 0.178633 -0.072372
v -0.069714 0.148365 -0.057628
v -0.062996 0.158049 -0.052074
v -0.056796 0.172287 -0.046949
v -0.053298 0.178633 -0.044058
v -0.043936 0.148365 -0.081981
v -0.039702 0.158049 -0.074081
v -0.035795 0.172287 -0.066790
v -0.033590 0.178633 -0.062676
v 0.084878 0.148365 0.024501
v 0.076699 0.158049 0.022140
v 0.069150 0.172287 0.019961
v 0.064891 0.178633 0.018731
v 0.062067 0.178633 0.027696
v 0.066140 0.172287 0.029513
v 0.073360 0.158049 0.032735
v 0.081184 0.148365 0.036226
v -0.076100 0.148365 -0.047332
v -0.068766 0.158049 -0.042771
v -0.061998 0.172287 -0.038561
v -0.058180 0.178633 -0.036186
v -0.084878 0.148365 -0.024501
v -0.076699 0.158049 -0.022140
v -0.069150 0.172287 -0.019961
v -0.064891 0.178633 -0.018731
v -0.062067 0.178633 -0.027696
v -0.066140 0.172287 -0.029513
v -0.073360 0.158049 -0.032735
v -0.081184 0.148365 -0.036226
v 0.069714 0.148365 0.057628
v 0.062996 0.158049 0.052074
v 0.056796 0.172287 0.046949
v 0.053298 0.178633 0.044058
v -0.084878 0.148365 0.024501
v -0.076699 0.158049 0.022140
v -0.069150 0.172287 0.019961
v -0.064891 0.178633 0.018731
v 0.087121 0.148365 0.012356
v 0.078725 0.158049 0.011165
v 0.070977 0.172287 0.010066
v 0.066606 0.178633 0.009446
v -0.062135 0.148365 0.066937
v -0.056148 0.158049 0.060487
v -0.050622 0.172287 0.054534
v -0.047504 0.178633 0.051175
v -0.087121 0.148365 -0.012356
v -0.078725 0.158049 -0.011165
v -0.070977 0.172287 -0.010067
v -0.066606 0.178633 -0.009447
v 0.076100 0.148365 0.047332
v 0.068766 0.158049 0.042771
v 0.061998 0.172287 0.038561
v 0.058180 0.178633 0.036186
v 0.083632 0.269585 0.000100
v 0.081420 0.273617 0.000001
v 0.075273 0.276635 0.000090
v 0.075273 0.262536 0.000090
v 0.081420 0.265554 0.000001
v 0.082931 0.269585 -0.010240
v 0.080710 0.273655 -0.009966
v 0.074642 0.276635 -0.009216
v 0.074693 0.262564 -0.009312
v 0.080645 0.265487 -0.010054
v 0.080770 0.269624 -0.020496
v 0.078647 0.273617 -0.019958
v 0.072772 0.276607 -0.018466
v 0.072772 0.262564 -0.018466
v 0.078570 0.265487 -0.019938
v 0.077256 0.269624 -0.030306
v 0.075226 0.273617 -0.029509
v 0.069606 0.276607 -0.027304
v 0.069582 0.262536 -0.027198
v 0.075238 0.265515 -0.029411
v 0.072420 0.269624 -0.039597
v 0.070517 0.273617 -0.038556
v 0.065249 0.276607 -0.035674
v 0.065249 0.262564 -0.035674
v 0.070517 0.265554 -0.038556
v 0.066421 0.269585 -0.048141
v 0.064643 0.273655 -0.046851
v 0.059783 0.276635 -0.043327
v 0.059777 0.262564 -0.043434
v 0.064540 0.265487 -0.046897
v 0.059138 0.269624 -0.056000
v 0.057584 0.273617 -0.054527
v 0.053283 0.276607 -0.050451
v 0.053283 0.262564 -0.050451
v 0.057528 0.265487 -0.054474
v 0.050919 0.269624 -0.062830
v 0.049581 0.273617 -0.061178
v 0.045878 0.276607 -0.056605
v 0.045913 0.262536 -0.056503
v 0.049644 0.265515 -0.061099
v 0.041829 0.269624 -0.068585
v 0.040730 0.273617 -0.066782
v 0.037689 0.276607 -0.061790
v 0.037689 0.262564 -0.061790
v 0.040730 0.265554 -0.066782
v 0.032125 0.269585 -0.073142
v 0.031265 0.273655 -0.071182
v 0.028917 0.276635 -0.065828
v 0.028855 0.262564 -0.065918
v 0.031152 0.265487 -0.071174
v 0.021671 0.269624 -0.076497
v 0.021103 0.273617 -0.074486
v 0.019528 0.276607 -0.068918
v 0.019528 0.262564 -0.068918
v 0.021082 0.265487 -0.074413
v 0.010949 0.269624 -0.078518
v 0.010662 0.273617 -0.076454
v 0.009868 0.276607 -0.070739
v 0.009952 0.262536 -0.070667
v 0.010759 0.265515 -0.076415
v 0.000040 0.269624 -0.079196
v 0.000040 0.273617 -0.077114
v 0.000040 0.276607 -0.071349
v 0.000040 0.262564 -0.071349
v 0.000040 0.265554 -0.077114
v -0.010768 0.269585 -0.078545
v -0.010479 0.273655 -0.076440
v -0.009687 0.276635 -0.070690
v -0.009788 0.262564 -0.070739
v -0.010572 0.265487 -0.076379
v -0.021592 0.269624 -0.076497
v -0.021023 0.273617 -0.074486
v -0.019449 0.276607 -0.068918
v -0.019449 0.262564 -0.068918
v -0.021002 0.265487 -0.074413
v -0.031944 0.269624 -0.073167
v -0.031103 0.273617 -0.071244
v -0.028775 0.276607 -0.065918
v -0.028664 0.262536 -0.065896
v -0.030999 0.265515 -0.071256
v -0.041749 0.269624 -0.068585
v -0.040650 0.273617 -0.066782
v -0.037609 0.276607 -0.061790
v -0.037609 0.262564 -0.061790
v -0.040650 0.265554 -0.066782
v -0.050766 0.269585 -0.062901
v -0.049404 0.273655 -0.061215
v -0.045685 0.276635 -0.056611
v -0.045798 0.262564 -0.056605
v -0.049453 0.265487 -0.061118
v -0.059059 0.269624 -0.055999
v -0.057505 0.273617 -0.054527
v -0.053204 0.276607 -0.050451
v -0.053204 0.262564 -0.050451
v -0.057449 0.265487 -0.054474
v -0.066267 0.269624 -0.048211
v -0.064524 0.273617 -0.046943
v -0.059698 0.276607 -0.043434
v -0.059590 0.262536 -0.043467
v -0.064440 0.265515 -0.047003
v -0.072341 0.269624 -0.039597
v -0.070438 0.273617 -0.038556
v -0.065170 0.276607 -0.035674
v -0.065170 0.262564 -0.035674
v -0.070438 0.265554 -0.038556
v -0.077150 0.269585 -0.030402
v -0.075082 0.273655 -0.029588
v -0.069431 0.276635 -0.027362
v -0.069526 0.262564 -0.027304
v -0.075159 0.265515 -0.029411
v -0.080690 0.269624 -0.020496
v -0.078491 0.273684 -0.019938
v -0.072692 0.276607 -0.018466
v -0.072692 0.262564 -0.018466
v -0.078567 0.265515 -0.019858
v -0.082823 0.269624 -0.010336
v -0.080566 0.273684 -0.010054
v -0.074614 0.276607 -0.009312
v -0.074538 0.262536 -0.009392
v -0.080604 0.265515 -0.010156
v -0.083538 0.269624 0.000001
v -0.081261 0.273684 0.000001
v -0.075258 0.276607 0.000001
v -0.075258 0.262564 0.000001
v -0.081341 0.265554 0.000001
v -0.082851 0.269585 0.010243
v -0.080630 0.273655 0.009968
v -0.074562 0.276635 0.009219
v -0.074614 0.262564 0.009314
v -0.080604 0.265515 0.010158
v -0.080690 0.269624 0.020499
v -0.078491 0.273684 0.019940
v -0.072692 0.276607 0.018468
v -0.072692 0.262564 0.018468
v -0.078515 0.265515 0.020046
v -0.077176 0.269624 0.030309
v -0.075073 0.273684 0.029483
v -0.069526 0.276607 0.027306
v -0.069502 0.262536 0.027201
v -0.075159 0.265515 0.029413
v -0.072341 0.269624 0.039600
v -0.070369 0.273684 0.038521
v -0.065170 0.276607 0.035676
v -0.065170 0.262564 0.035676
v -0.070438 0.265554 0.038559
v -0.066342 0.269585 0.048144
v -0.064563 0.273655 0.046854
v -0.059704 0.276635 0.043329
v -0.059698 0.262564 0.043437
v -0.064440 0.265515 0.047006
v -0.059059 0.269624 0.056002
v -0.057449 0.273684 0.054476
v -0.053204 0.276607 0.050454
v -0.053204 0.262564 0.050454
v -0.057414 0.265515 0.054579
v -0.050839 0.269624 0.062832
v -0.049453 0.273684 0.061121
v -0.045798 0.276607 0.056607
v -0.045833 0.262536 0.056505
v -0.049565 0.265515 0.061101
v -0.041749 0.269624 0.068588
v -0.040611 0.273684 0.066719
v -0.037609 0.276607 0.061793
v -0.037609 0.262564 0.061793
v -0.040650 0.265554 0.066784
v -0.032046 0.269585 0.073145
v -0.031186 0.273655 0.071185
v -0.028837 0.276635 0.065830
v -0.028775 0.262564 0.065921
v -0.030999 0.265515 0.071258
v -0.021592 0.269624 0.076500
v -0.021002 0.273684 0.074415
v -0.019449 0.276607 0.068921
v -0.019449 0.262564 0.068921
v -0.020918 0.265515 0.074487
v -0.010869 0.269624 0.078521
v -0.010572 0.273684 0.076381
v -0.009789 0.276607 0.070741
v -0.009873 0.262536 0.070669
v -0.010679 0.265515 0.076417
v 0.000040 0.269624 0.079198
v 0.000040 0.273684 0.077041
v 0.000040 0.276607 0.071352
v 0.000040 0.262564 0.071352
v 0.000040 0.265554 0.077116
v 0.010848 0.269585 0.078547
v 0.010558 0.273655 0.076442
v 0.009767 0.276635 0.070692
v 0.009868 0.262564 0.070741
v 0.010759 0.265515 0.076417
v 0.021671 0.269624 0.076500
v 0.021082 0.273684 0.074415
v 0.019528 0.276607 0.068921
v 0.019528 0.262564 0.068921
v 0.021193 0.265515 0.074438
v 0.032024 0.269624 0.073170
v 0.031152 0.273684 0.071176
v 0.028855 0.276607 0.065921
v 0.028744 0.262536 0.065898
v 0.031079 0.265515 0.071258
v 0.041829 0.269624 0.068588
v 0.040690 0.273684 0.066719
v 0.037689 0.276607 0.061793
v 0.037689 0.262564 0.061793
v 0.040730 0.265554 0.066784
v 0.050845 0.269585 0.062903
v 0.049484 0.273655 0.061218
v 0.045765 0.276635 0.056613
v 0.045913 0.262536 0.056505
v 0.049644 0.265515 0.061101
v 0.059138 0.269624 0.056002
v 0.057528 0.273684 0.054476
v 0.053304 0.276635 0.050348
v 0.053283 0.262564 0.050454
v 0.057528 0.265487 0.054476
v 0.066347 0.269624 0.048213
v 0.064603 0.273617 0.046946
v 0.059668 0.276645 0.043357
v 0.059669 0.262536 0.043470
v 0.064520 0.265515 0.047006
v 0.072420 0.269624 0.039600
v 0.070517 0.273617 0.038559
v 0.065130 0.276645 0.035611
v 0.065249 0.262564 0.035676
v 0.070517 0.265554 0.038559
v 0.077229 0.269585 0.030405
v 0.075161 0.273655 0.029590
v 0.069510 0.276635 0.027364
v 0.069606 0.262564 0.027306
v 0.075152 0.265487 0.029483
v 0.080770 0.269624 0.020499
v 0.078647 0.273617 0.019960
v 0.072639 0.276645 0.018434
v 0.072772 0.262564 0.018468
v 0.078570 0.265487 0.019940
v 0.082903 0.269624 0.010338
v 0.080710 0.273655 0.009968
v 0.074642 0.276635 0.009219
v 0.074617 0.262536 0.009394
v 0.080683 0.265515 0.010158
v -0.035738 0.282447 0.064659
v -0.042567 0.410274 0.064670
v 0.090717 0.303991 0.064659
v 0.062380 0.384762 0.048494
v -0.035738 0.282447 0.000695
v -0.035738 0.282447 0.032677
v -0.047929 0.317109 0.064659
v -0.059802 0.351770 0.064659
v -0.052524 0.387581 0.064659
v -0.065421 0.410274 0.032688
v 0.090717 0.303991 0.032677
v 0.090717 0.303991 0.000695
v 0.062380 0.384762 -0.000100
v 0.062380 0.384762 0.024197
v 0.021832 0.386432 0.064659
v 0.056142 0.351770 0.064659
v 0.090717 0.317109 0.064659
v -0.013267 0.282447 0.064659
v 0.021394 0.282447 0.064659
v 0.056056 0.282447 0.064659
v 0.062516 0.384762 0.048494
v -0.013181 0.409125 0.086107
v -0.042481 0.410274 0.086107
v -0.013267 0.282447 0.000695
v 0.021394 0.282447 0.000695
v 0.056056 0.282447 0.000695
v 0.056056 0.282447 0.032677
v 0.056056 0.317109 0.074328
v 0.021394 0.317109 0.074328
v -0.013267 0.317109 0.060239
v 0.021480 0.351770 0.074328
v -0.013181 0.351770 0.074328
v -0.059716 0.351770 0.064659
v -0.012830 0.386432 0.064659
v -0.052087 0.387581 0.064659
v -0.052173 0.387581 0.064659
v 0.090717 0.317109 0.000695
v 0.090717 0.317109 0.032677
v 0.056142 0.351770 0.000695
v 0.056142 0.351770 0.032677
v 0.021832 0.386432 0.000695
v 0.021832 0.386432 0.032677
v -0.047929 0.317109 0.032677
v -0.059802 0.351770 0.032677
v -0.052524 0.387581 0.032677
v -0.034754 0.428310 0.024206
v 0.062516 0.427437 0.048494
v -0.013181 0.432743 0.086107
v -0.047445 0.433892 0.086154
v 0.083544 0.385067 0.042304
v 0.083544 0.385067 0.000695
v 0.083544 0.385067 0.021500
v 0.084687 0.391217 0.048494
v 0.106018 0.383078 -0.000100
v 0.106018 0.383078 0.048494
v 0.084687 0.427437 0.048494
v 0.106018 0.383078 0.024197
v 0.106155 0.383078 0.048494
v 0.106155 0.427437 0.048494
v 0.121051 0.427437 0.048494
v 0.121051 0.427437 -0.000100
v 0.121051 0.427437 0.024197
v 0.121188 0.427437 0.048494
v -0.052824 0.505065 0.064659
v -0.051928 0.505065 0.064659
v -0.052439 0.505065 0.064659
v -0.047445 0.433892 0.086107
v -0.019046 0.503916 0.064659
v -0.032391 0.428310 0.024206
v -0.047530 0.433892 0.086107
v 0.009213 0.539289 0.064659
v 0.009213 0.539289 0.000695
v 0.009213 0.539289 0.032677
v 0.028821 0.525042 0.064659
v 0.028821 0.525042 0.000695
v 0.028821 0.525042 0.032677
v 0.029001 0.525042 0.064659
v 0.029001 0.525042 0.000695
v 0.029001 0.525042 0.032677
v -0.070679 0.505065 0.064659
v -0.071576 0.505065 0.064659
v -0.025503 0.428310 0.048494
v -0.048228 0.521789 0.064659
v -0.025503 0.428310 0.024197
v -0.025438 0.428310 0.048494
v -0.071276 0.505065 0.032677
v -0.071276 0.505065 0.064659
v -0.047540 0.521789 0.064659
v -0.047540 0.521789 0.000695
v -0.047540 0.521789 0.032677
v 0.009213 0.600364 0.064659
v 0.009213 0.552009 0.000695
v 0.009213 0.600364 0.032677
v -0.066980 0.521789 0.064659
v -0.066083 0.521789 0.064659
v -0.066594 0.521789 0.064659
v -0.066083 0.521789 0.032677
v -0.061449 0.282447 0.000695
v -0.061449 0.282447 0.032677
v -0.068278 0.410274 0.032677
v -0.068278 0.410274 0.000695
v -0.073640 0.317109 0.032677
v -0.073640 0.317109 0.000695
v -0.085513 0.351770 0.032677
v -0.085513 0.351770 0.000695
v -0.078236 0.387581 0.032677
v -0.078236 0.387581 0.000695
v -0.034561 0.428310 0.024197
v -0.034561 0.428310 -0.000100
v -0.092391 0.521789 0.032677
v -0.092391 0.521789 0.000695
v -0.045036 0.428310 0.024197
v -0.045036 0.428310 -0.000100
v -0.096987 0.505065 0.000695
v -0.096987 0.505065 0.032677
v 0.001178 0.584278 0.032677
v -0.092305 0.521789 0.032677
v 0.053990 0.500904 0.000695
v 0.053990 0.500904 0.032677
v 0.053990 0.511192 0.000695
v 0.053990 0.511192 0.032677
v 0.028279 0.584278 0.000695
v 0.028279 0.584278 0.032677
v -0.035738 0.282596 -0.063826
v -0.042567 0.410423 -0.063837
v 0.090717 0.304140 -0.063826
v 0.062380 0.384911 -0.047661
v -0.035738 0.282596 0.000138
v -0.035738 0.282596 -0.031844
v -0.047929 0.317258 -0.063826
v -0.059802 0.351919 -0.063826
v -0.052524 0.387730 -0.063826
v -0.065421 0.410423 -0.031855
v 0.090717 0.304140 -0.031844
v 0.090717 0.304140 0.000138
v 0.062380 0.384911 0.000933
v 0.062380 0.384911 -0.023364
v 0.021832 0.386581 -0.063826
v 0.056142 0.351919 -0.063826
v 0.090717 0.317258 -0.063826
v -0.013267 0.282596 -0.063826
v 0.021394 0.282596 -0.063826
v 0.056056 0.282596 -0.063826
v 0.062516 0.384911 -0.047661
v -0.013181 0.409274 -0.085274
v -0.042481 0.410423 -0.085274
v -0.013267 0.282596 0.000138
v 0.021394 0.282596 0.000138
v 0.056056 0.282596 0.000138
v 0.056056 0.282596 -0.031844
v 0.056056 0.317258 -0.073495
v 0.021394 0.317258 -0.073495
v -0.013267 0.317258 -0.059405
v 0.021480 0.351919 -0.073495
v -0.013181 0.351919 -0.073495
v -0.059716 0.351919 -0.063826
v -0.012830 0.386581 -0.063826
v -0.052087 0.387730 -0.063826
v -0.052173 0.387730 -0.063826
v 0.090717 0.317258 0.000138
v 0.090717 0.317258 -0.031844
v 0.056142 0.351919 0.000138
v 0.056142 0.351919 -0.031844
v 0.021832 0.386581 0.000138
v 0.021832 0.386581 -0.031844
v -0.047929 0.317258 -0.031844
v -0.059802 0.351919 -0.031844
v -0.052524 0.387730 -0.031844
v -0.034754 0.428459 -0.023372
v 0.062516 0.427586 -0.047661
v -0.013181 0.432892 -0.085274
v -0.047445 0.434041 -0.085321
v 0.083544 0.385215 -0.041471
v 0.083544 0.385215 0.000138
v 0.083544 0.385215 -0.020666
v 0.084687 0.391366 -0.047661
v 0.106018 0.383227 0.000933
v 0.106018 0.383227 -0.047661
v 0.084687 0.427586 -0.047661
v 0.106018 0.383227 -0.023364
v 0.106155 0.383227 -0.047661
v 0.106155 0.427586 -0.047661
v 0.121051 0.427586 -0.047661
v 0.121051 0.427586 0.000933
v 0.121051 0.427586 -0.023364
v 0.121188 0.427586 -0.047661
v -0.052824 0.505214 -0.063826
v -0.051928 0.505214 -0.063826
v -0.052439 0.505214 -0.063826
v -0.047445 0.434041 -0.085274
v -0.019046 0.504065 -0.063826
v -0.032391 0.428459 -0.023372
v -0.047530 0.434041 -0.085274
v 0.009213 0.539438 -0.063826
v 0.009213 0.539438 0.000138
v 0.009213 0.539438 -0.031844
v 0.028821 0.525191 -0.063826
v 0.028821 0.525191 0.000138
v 0.028821 0.525191 -0.031844
v 0.029001 0.525191 -0.063826
v 0.029001 0.525191 0.000138
v 0.029001 0.525191 -0.031844
v -0.070679 0.505214 -0.063826
v -0.071576 0.505214 -0.063826
v -0.025503 0.428459 -0.047661
v -0.048228 0.521938 -0.063826
v -0.025503 0.428459 -0.023364
v -0.025438 0.428459 -0.047661
v -0.071276 0.505214 -0.031844
v -0.071276 0.505214 -0.063826
v -0.047540 0.521938 -0.063826
v -0.047540 0.521938 0.000138
v -0.047540 0.521938 -0.031844
v 0.009213 0.600513 -0.063826
v 0.009213 0.552158 0.000138
v 0.009213 0.600513 -0.031844
v -0.066980 0.521938 -0.063826
v -0.066083 0.521938 -0.063826
v -0.066594 0.521938 -0.063826
v -0.066083 0.521938 -0.031844
v -0.061449 0.282596 0.000138
v -0.061449 0.282596 -0.031844
v -0.068278 0.410423 -0.031844
v -0.068278 0.410423 0.000138
v -0.073640 0.317258 -0.031844
v -0.073640 0.317258 0.000138
v -0.085513 0.351919 -0.031844
v -0.085513 0.351919 0.000138
v -0.078236 0.387730 -0.031844
v -0.078236 0.387730 0.000138
v -0.034561 0.428459 -0.023364
v -0.034561 0.428459 0.000933
v -0.092391 0.521938 -0.031844
v -0.092391 0.521938 0.000138
v -0.045036 0.428459 -0.023364
v -0.045036 0.428459 0.000933
v -0.096987 0.505214 0.000138
v -0.096987 0.505214 -0.031844
v 0.001178 0.584427 -0.031844
v -0.092305 0.521938 -0.031844
v 0.053990 0.501053 0.000138
v 0.053990 0.501053 -0.031844
v 0.053990 0.511341 0.000138
v 0.053990 0.511341 -0.031844
v 0.028279 0.584427 0.000138
v 0.028279 0.584427 -0.031844
vn -0.8757 -0.4791 -0.0599
vn -0.1738 -0.3739 0.9110
vn -0.8327 -0.4686 -0.2948
vn 0.2861 -0.3814 -0.8790
vn 0.1738 -0.3739 0.9110
vn -0.2861 -0.3814 -0.8790
vn -0.4934 -0.4045 0.7701
vn -0.3933 -0.3918 -0.8318
vn 0.4933 -0.4045 0.7701
vn -0.8614 -0.4755 -0.1787
vn -0.1737 -0.3739 -0.9110
vn 0.2861 -0.3814 0.8790
vn -0.6652 -0.4329 -0.6084
vn -0.7341 -0.4466 -0.5116
vn -0.3933 -0.3918 0.8318
vn -0.7902 -0.4588 0.4064
vn 0.1738 -0.3739 -0.9110
vn 0.3933 -0.3918 -0.8318
vn 0.8614 -0.4755 0.1787
vn 0.7341 -0.4466 0.5116
vn 0.8757 -0.4791 -0.0599
vn 0.3933 -0.3918 0.8318
vn -0.0583 -0.3701 -0.9272
vn -0.8757 -0.4791 0.0599
vn -0.5845 -0.4185 -0.6951
vn -0.0583 -0.3701 0.9272
vn 0.7902 -0.4588 0.4064
vn -0.6652 -0.4329 0.6084
vn -0.5845 -0.4185 0.6951
vn -0.7902 -0.4588 -0.4064
vn -0.4934 -0.4045 -0.7701
vn 0.0583 -0.3701 -0.9272
vn 0.0583 -0.3701 0.9272
vn 0.8757 -0.4791 0.0599
vn -0.8327 -0.4686 0.2948
vn 0.8327 -0.4686 -0.2948
vn 0.5845 -0.4185 0.6951
vn 0.4934 -0.4045 -0.7701
vn 0.8327 -0.4686 0.2948
vn -0.2861 -0.3814 0.8790
vn 0.6652 -0.4329 -0.6084
vn 0.6652 -0.4329 0.6084
vn -0.8614 -0.4755 0.1787
vn 0.7902 -0.4588 -0.4064
vn -0.7341 -0.4466 0.5116
vn 0.7341 -0.4466 -0.5116
vn 0.5845 -0.4185 -0.6951
vn 0.8614 -0.4755 -0.1787
vn -0.1918 -0.2081 0.9591
vn -0.1954 0.2200 0.9557
vn -0.9056 -0.4199 -0.0604
vn -0.1566 0.6411 0.7513
vn -0.9604 -0.2714 -0.0626
vn -0.1763 0.5291 0.8300
vn -0.9862 0.1529 -0.0629
vn -0.8379 0.5433 -0.0524
vn -0.8921 0.4485 -0.0548
vn -0.1809 -0.3319 0.9258
vn 0.2977 -0.3381 -0.8928
vn 0.3156 -0.2123 -0.9248
vn 0.3216 0.2154 -0.9220
vn -0.8616 -0.4111 -0.2977
vn 0.2590 0.6350 -0.7278
vn -0.9136 -0.2650 -0.3085
vn 0.2904 0.5237 -0.8009
vn -0.9373 0.1598 -0.3096
vn 0.1809 -0.3319 0.9258
vn -0.7919 0.5542 -0.2565
vn 0.1918 -0.2080 0.9591
vn -0.8478 0.4568 -0.2695
vn 0.1566 0.6411 0.7513
vn -0.5431 -0.2264 0.8085
vn 0.1763 0.5291 0.8300
vn -0.5545 0.2009 0.8076
vn -0.2977 -0.3381 -0.8928
vn -0.4523 0.6152 0.6458
vn -0.3156 -0.2124 -0.9248
vn -0.3216 0.2154 -0.9220
vn -0.2590 0.6350 -0.7278
vn -0.2904 0.5237 -0.8009
vn 0.1954 0.2200 0.9557
vn -0.5125 -0.3575 0.7807
vn -0.3992 0.5159 -0.7579
vn 0.5125 -0.3575 0.7807
vn 0.5432 -0.2263 0.8086
vn -0.5009 0.5064 0.7019
vn 0.5545 0.2009 0.8076
vn -0.4089 -0.3469 -0.8441
vn 0.4523 0.6152 0.6458
vn -0.4334 -0.2186 -0.8743
vn 0.5009 0.5064 0.7019
vn -0.4421 0.2089 -0.8723
vn -0.8909 -0.4169 -0.1804
vn -0.3580 0.6262 -0.6926
vn 0.2977 -0.3381 0.8928
vn -0.8224 0.5470 -0.1561
vn 0.3156 -0.2125 0.9248
vn -0.8773 0.4513 -0.1634
vn 0.3216 0.2154 0.9220
vn -0.1809 -0.3319 -0.9258
vn -0.1918 -0.2079 -0.9592
vn -0.1954 0.2200 -0.9557
vn -0.1566 0.6411 -0.7513
vn -0.9448 -0.2692 -0.1869
vn -0.1763 0.5291 -0.8300
vn -0.9699 0.1553 -0.1877
vn -0.6759 0.4848 -0.5550
vn -0.7604 -0.3927 -0.5172
vn 0.2590 0.6350 0.7278
vn -0.8060 -0.2516 -0.5357
vn 0.2904 0.5237 0.8009
vn -0.8255 0.1741 -0.5368
vn -0.6897 -0.3812 -0.6157
vn -0.6892 0.5762 -0.4394
vn -0.7309 -0.2433 -0.6376
vn -0.7464 0.4742 -0.4670
vn -0.7478 0.1829 -0.6382
vn -0.6196 0.5893 -0.5184
vn -0.4421 0.2089 0.8723
vn 0.1809 -0.3319 -0.9258
vn -0.3580 0.6262 0.6926
vn 0.1918 -0.2079 -0.9592
vn -0.3992 0.5159 0.7579
vn -0.8180 -0.4029 0.4106
vn -0.8672 -0.2591 0.4254
vn -0.8890 0.1662 0.4266
vn -0.4089 -0.3469 0.8441
vn -0.7471 0.5642 0.3515
vn -0.4334 -0.2188 0.8742
vn -0.8039 0.4646 0.3712
vn 0.3580 0.6262 -0.6926
vn 0.3992 0.5159 -0.7579
vn 0.1954 0.2200 -0.9557
vn 0.8909 -0.4169 0.1804
vn 0.1566 0.6411 -0.7513
vn 0.9448 -0.2691 0.1869
vn 0.1763 0.5291 -0.8300
vn 0.9699 0.1553 0.1877
vn 0.4089 -0.3469 -0.8441
vn 0.8224 0.5470 0.1561
vn 0.4335 -0.2186 -0.8743
vn 0.4421 0.2089 -0.8723
vn 0.8921 0.4485 -0.0547
vn 0.8255 0.1741 0.5368
vn 0.4089 -0.3469 0.8441
vn 0.6892 0.5762 0.4394
vn 0.7464 0.4742 0.4670
vn 0.9056 -0.4199 -0.0604
vn 0.9605 -0.2712 -0.0626
vn 0.8773 0.4513 0.1634
vn 0.9862 0.1529 -0.0629
vn 0.7604 -0.3927 0.5172
vn 0.8379 0.5433 -0.0524
vn 0.8061 -0.2515 0.5357
vn -0.0524 0.6443 -0.7630
vn 0.4334 -0.2187 0.8742
vn -0.0591 0.5319 -0.8447
vn 0.4421 0.2089 0.8723
vn -0.9056 -0.4199 0.0604
vn 0.3580 0.6262 0.6926
vn -0.9604 -0.2714 0.0626
vn 0.3992 0.5159 0.7579
vn -0.9862 0.1529 0.0629
vn -0.0607 -0.3287 -0.9425
vn -0.0643 -0.2056 -0.9765
vn -0.0655 0.2224 -0.9728
vn -0.0591 0.5319 0.8447
vn -0.6570 0.1921 -0.7290
vn -0.5400 0.6026 -0.5875
vn -0.5936 0.4958 -0.6338
vn -0.0607 -0.3287 0.9425
vn -0.8379 0.5433 0.0524
vn -0.0643 -0.2058 0.9765
vn -0.8921 0.4485 0.0548
vn -0.0655 0.2224 0.9728
vn -0.6066 -0.3692 -0.7041
vn -0.0524 0.6443 0.7630
vn -0.6429 -0.2347 -0.7291
vn 0.8180 -0.4029 0.4106
vn -0.6196 0.5893 0.5184
vn 0.8672 -0.2589 0.4254
vn -0.6759 0.4848 0.5550
vn 0.8890 0.1662 0.4266
vn -0.6066 -0.3692 0.7041
vn 0.7471 0.5642 0.3515
vn -0.6428 -0.2348 0.7291
vn 0.8039 0.4646 0.3712
vn -0.6897 -0.3812 0.6157
vn -0.7309 -0.2434 0.6376
vn -0.7478 0.1829 0.6382
vn -0.8672 -0.2590 -0.4254
vn -0.8890 0.1662 -0.4266
vn -0.7471 0.5642 -0.3515
vn -0.8039 0.4646 -0.3712
vn -0.6570 0.1921 0.7290
vn -0.5125 -0.3575 -0.7807
vn -0.5400 0.6026 0.5875
vn -0.5432 -0.2263 -0.8086
vn -0.5936 0.4958 0.6338
vn -0.5545 0.2009 -0.8076
vn -0.8180 -0.4029 -0.4106
vn -0.4523 0.6152 -0.6458
vn 0.0655 0.2224 0.9728
vn 0.0607 -0.3287 -0.9425
vn 0.0524 0.6443 0.7630
vn 0.0643 -0.2056 -0.9765
vn 0.0591 0.5319 0.8447
vn 0.0655 0.2224 -0.9728
vn 0.9056 -0.4199 0.0604
vn 0.0524 0.6443 -0.7630
vn 0.0591 0.5319 -0.8447
vn 0.0607 -0.3287 0.9425
vn 0.0643 -0.2058 0.9765
vn -0.5009 0.5064 -0.7019
vn -0.9136 -0.2651 0.3085
vn -0.9373 0.1598 0.3096
vn -0.7919 0.5542 0.2565
vn 0.9605 -0.2712 0.0626
vn -0.8478 0.4568 0.2695
vn 0.9862 0.1529 0.0629
vn 0.8616 -0.4111 -0.2977
vn 0.8379 0.5433 0.0524
vn 0.9136 -0.2648 -0.3085
vn 0.8921 0.4485 0.0547
vn 0.9373 0.1598 -0.3096
vn -0.8616 -0.4111 0.2977
vn 0.8478 0.4568 -0.2695
vn 0.5545 0.2009 -0.8076
vn 0.6066 -0.3692 0.7041
vn 0.4523 0.6152 -0.6458
vn 0.6429 -0.2346 0.7291
vn 0.5009 0.5064 -0.7019
vn 0.6570 0.1921 0.7290
vn 0.5400 0.6026 0.5875
vn 0.5936 0.4958 0.6338
vn 0.5125 -0.3575 -0.7807
vn 0.7919 0.5542 -0.2565
vn 0.5432 -0.2261 -0.8086
vn -0.2977 -0.3381 0.8928
vn -0.3156 -0.2125 0.9248
vn -0.3216 0.2154 0.9220
vn 0.8616 -0.4111 0.2977
vn -0.2590 0.6350 0.7278
vn 0.9136 -0.2649 0.3085
vn -0.2904 0.5237 0.8009
vn 0.9373 0.1598 0.3096
vn 0.6897 -0.3812 -0.6157
vn 0.7919 0.5542 0.2565
vn 0.7310 -0.2432 -0.6376
vn 0.8478 0.4568 0.2695
vn -0.9448 -0.2693 0.1869
vn 0.6759 0.4848 -0.5550
vn -0.9699 0.1553 0.1877
vn 0.6897 -0.3812 0.6157
vn -0.8224 0.5470 0.1561
vn 0.7309 -0.2433 0.6376
vn 0.7478 0.1829 0.6382
vn 0.6196 0.5893 0.5184
vn 0.6759 0.4848 0.5550
vn 0.7478 0.1829 -0.6382
vn -0.8909 -0.4169 0.1804
vn 0.6196 0.5893 -0.5184
vn -0.7604 -0.3927 0.5172
vn -0.8060 -0.2517 0.5357
vn -0.8773 0.4513 0.1634
vn -0.8255 0.1741 0.5368
vn 0.8180 -0.4029 -0.4106
vn -0.6892 0.5762 0.4394
vn 0.8672 -0.2588 -0.4254
vn -0.7464 0.4742 0.4670
vn 0.8890 0.1662 -0.4266
vn 0.7604 -0.3927 -0.5172
vn 0.7471 0.5642 -0.3515
vn 0.8039 0.4646 -0.3712
vn 0.9448 -0.2690 -0.1869
vn 0.7464 0.4742 -0.4670
vn 0.9699 0.1553 -0.1877
vn 0.6066 -0.3692 -0.7041
vn 0.6429 -0.2345 -0.7292
vn 0.6570 0.1921 -0.7290
vn 0.5400 0.6026 -0.5875
vn 0.8061 -0.2515 -0.5357
vn 0.5936 0.4958 -0.6338
vn 0.8255 0.1741 -0.5368
vn 0.8909 -0.4169 -0.1804
vn 0.6892 0.5762 -0.4394
vn 0.8224 0.5470 -0.1561
vn 0.8773 0.4513 -0.1634
vn -0.0000 -1.0000 -0.0000
vn -0.1055 -0.0000 -0.9944
vn -0.3106 -0.0000 -0.9505
vn -0.4990 -0.0000 -0.8666
vn -0.6624 -0.0000 -0.7492
vn -0.7955 -0.0000 -0.6060
vn -0.8958 -0.0000 -0.4445
vn -0.9626 -0.0000 -0.2710
vn -0.9958 -0.0000 -0.0910
vn -0.9958 -0.0000 0.0910
vn -0.9626 -0.0000 0.2710
vn -0.8958 -0.0000 0.4445
vn -0.7955 -0.0000 0.6060
vn -0.6624 -0.0000 0.7492
vn -0.4990 -0.0000 0.8666
vn -0.3106 -0.0000 0.9505
vn -0.1055 -0.0000 0.9944
vn 0.1055 -0.0000 0.9944
vn 0.3106 -0.0000 0.9505
vn 0.4990 -0.0000 0.8666
vn 0.6624 -0.0000 0.7492
vn 0.7955 -0.0000 0.6060
vn 0.8958 -0.0000 0.4445
vn 0.9626 -0.0000 0.2710
vn 0.9958 -0.0000 0.0910
vn 0.9958 -0.0000 -0.0910
vn 0.9626 -0.0000 -0.2710
vn 0.8958 -0.0000 -0.4445
vn 0.7955 -0.0000 -0.6060
vn 0.6624 -0.0000 -0.7492
vn 0.4990 -0.0000 -0.8666
vn 0.3106 -0.0000 -0.9505
vn 0.1055 -0.0000 -0.9944
vn -0.0664 0.7769 -0.6261
vn -0.1963 0.7751 -0.6006
vn -0.3174 0.7717 -0.5511
vn -0.4247 0.7674 -0.4804
vn -0.5144 0.7628 -0.3919
vn -0.5837 0.7586 -0.2896
vn -0.6307 0.7554 -0.1776
vn -0.6544 0.7538 -0.0598
vn -0.6544 0.7538 0.0598
vn -0.6307 0.7554 0.1776
vn -0.5837 0.7586 0.2896
vn -0.5144 0.7628 0.3919
vn -0.4247 0.7674 0.4804
vn -0.3174 0.7717 0.5511
vn -0.1963 0.7751 0.6006
vn -0.0664 0.7769 0.6261
vn 0.0664 0.7769 0.6261
vn 0.1963 0.7751 0.6006
vn 0.3174 0.7717 0.5511
vn 0.4247 0.7674 0.4804
vn 0.5144 0.7628 0.3919
vn 0.5837 0.7586 0.2896
vn 0.6307 0.7554 0.1776
vn 0.6544 0.7538 0.0598
vn 0.6544 0.7538 -0.0598
vn 0.6307 0.7554 -0.1776
vn 0.5837 0.7586 -0.2896
vn 0.5144 0.7628 -0.3919
vn 0.4247 0.7674 -0.4804
vn 0.3174 0.7717 -0.5511
vn 0.1963 0.7751 -0.6006
vn 0.0664 0.7769 -0.6261
vn 0.9828 0.1750 -0.0598
vn 0.6951 0.7176 -0.0423
vn 0.9733 0.2217 -0.0592
vn 0.9828 -0.1750 -0.0598
vn 0.9681 0.1754 -0.1788
vn 0.6840 0.7184 -0.1263
vn 0.9588 0.2222 -0.1770
vn 0.9681 -0.1754 -0.1788
vn 0.9389 0.1762 -0.2958
vn 0.6619 0.7200 -0.2086
vn 0.9297 0.2232 -0.2930
vn 0.9389 -0.1762 -0.2958
vn 0.8949 0.1773 -0.4096
vn 0.6289 0.7223 -0.2879
vn 0.8860 0.2246 -0.4056
vn 0.8949 -0.1773 -0.4096
vn 0.8361 0.1787 -0.5186
vn 0.5852 0.7251 -0.3630
vn 0.8278 0.2263 -0.5134
vn 0.8361 -0.1787 -0.5186
vn 0.7628 0.1803 -0.6210
vn 0.5315 0.7282 -0.4327
vn 0.7550 0.2283 -0.6147
vn 0.7628 -0.1803 -0.6210
vn 0.6753 0.1820 -0.7148
vn 0.4682 0.7315 -0.4956
vn 0.6683 0.2304 -0.7073
vn 0.6753 -0.1820 -0.7148
vn 0.5743 0.1837 -0.7978
vn 0.3963 0.7348 -0.5505
vn 0.5682 0.2325 -0.7894
vn 0.5743 -0.1837 -0.7978
vn 0.4610 0.1852 -0.8678
vn 0.3167 0.7377 -0.5962
vn 0.4561 0.2344 -0.8585
vn 0.4610 -0.1852 -0.8678
vn 0.3374 0.1865 -0.9227
vn 0.2310 0.7401 -0.6316
vn 0.3337 0.2360 -0.9126
vn 0.3374 -0.1865 -0.9227
vn 0.2058 0.1874 -0.9605
vn 0.1405 0.7419 -0.6557
vn 0.2035 0.2372 -0.9499
vn 0.2058 -0.1874 -0.9605
vn 0.0692 0.1879 -0.9797
vn 0.0472 0.7428 -0.6679
vn 0.0684 0.2378 -0.9689
vn 0.0692 -0.1879 -0.9797
vn -0.0692 0.1879 -0.9797
vn -0.0472 0.7428 -0.6679
vn -0.0684 0.2378 -0.9689
vn -0.0692 -0.1879 -0.9797
vn -0.2058 0.1874 -0.9605
vn -0.1405 0.7419 -0.6557
vn -0.2035 0.2372 -0.9499
vn -0.2058 -0.1874 -0.9605
vn -0.3374 0.1865 -0.9227
vn -0.2310 0.7401 -0.6316
vn -0.3337 0.2360 -0.9126
vn -0.3374 -0.1865 -0.9227
vn -0.4610 0.1852 -0.8678
vn -0.3167 0.7377 -0.5962
vn -0.4561 0.2344 -0.8585
vn -0.4610 -0.1852 -0.8678
vn -0.5743 0.1837 -0.7978
vn -0.3963 0.7348 -0.5505
vn -0.5682 0.2325 -0.7894
vn -0.5743 -0.1837 -0.7978
vn -0.6753 0.1820 -0.7148
vn -0.4682 0.7315 -0.4956
vn -0.6683 0.2304 -0.7073
vn -0.6753 -0.1820 -0.7148
vn -0.7628 0.1803 -0.6210
vn -0.5315 0.7282 -0.4327
vn -0.7550 0.2283 -0.6147
vn -0.7628 -0.1803 -0.6210
vn -0.8361 0.1787 -0.5186
vn -0.5852 0.7251 -0.3630
vn -0.8278 0.2263 -0.5134
vn -0.8361 -0.1787 -0.5186
vn -0.8949 0.1773 -0.4096
vn -0.6289 0.7223 -0.2879
vn -0.8860 0.2246 -0.4056
vn -0.8949 -0.1773 -0.4096
vn -0.9389 0.1762 -0.2958
vn -0.6619 0.7200 -0.2086
vn -0.9297 0.2232 -0.2930
vn -0.9389 -0.1762 -0.2958
vn -0.9681 0.1754 -0.1788
vn -0.6840 0.7184 -0.1263
vn -0.9588 0.2222 -0.1770
vn 0.9210 0.3854 -0.0560
vn -0.9681 -0.1754 -0.1788
vn -0.9828 0.1750 -0.0598
vn -0.6951 0.7176 -0.0423
vn -0.9733 0.2217 -0.0592
vn 0.8379 0.5435 -0.0510
vn 0.9071 0.3862 -0.1675
vn 0.8249 0.5444 -0.1523
vn 0.8792 0.3877 -0.2770
vn -0.9828 -0.1750 -0.0598
vn -0.9828 0.1750 0.0598
vn -0.6951 0.7176 0.0423
vn -0.9733 0.2217 0.0592
vn 0.7990 0.5461 -0.2518
vn 0.8373 0.3898 -0.3833
vn 0.7602 0.5486 -0.3480
vn 0.7816 0.3925 -0.4848
vn -0.9828 -0.1750 0.0598
vn -0.9681 0.1754 0.1788
vn -0.6840 0.7184 0.1263
vn -0.9588 0.2222 0.1770
vn 0.7123 0.3956 -0.5798
vn 0.7088 0.5517 -0.4396
vn 0.6450 0.5552 -0.5251
vn 0.6298 0.3988 -0.6666
vn -0.9681 -0.1754 0.1788
vn -0.9389 0.1762 0.2958
vn -0.6619 0.7200 0.2086
vn -0.9297 0.2232 0.2930
vn 0.5694 0.5590 -0.6027
vn 0.5349 0.4020 -0.7431
vn 0.4830 0.5626 -0.6710
vn 0.4290 0.4050 -0.8075
vn -0.9389 -0.1762 0.2958
vn -0.8949 0.1773 0.4096
vn -0.6289 0.7223 0.2879
vn -0.8860 0.2246 0.4056
vn 0.3868 0.5660 -0.7280
vn 0.3136 0.4074 -0.8577
vn 0.2825 0.5688 -0.7725
vn 0.1912 0.4092 -0.8922
vn -0.8949 -0.1773 0.4096
vn -0.8361 0.1787 0.5186
vn -0.5852 0.7251 0.3630
vn -0.8278 0.2263 0.5134
vn 0.1720 0.5708 -0.8029
vn 0.0642 0.4101 -0.9098
vn 0.0578 0.5718 -0.8184
vn -0.0642 0.4101 -0.9098
vn -0.8361 -0.1787 0.5186
vn -0.7628 0.1803 0.6210
vn -0.5315 0.7282 0.4327
vn -0.7550 0.2283 0.6147
vn -0.1912 0.4092 -0.8922
vn -0.0578 0.5718 -0.8184
vn -0.1720 0.5708 -0.8029
vn -0.3136 0.4074 -0.8577
vn -0.7628 -0.1803 0.6210
vn -0.6753 0.1820 0.7148
vn -0.4682 0.7315 0.4956
vn -0.6683 0.2304 0.7073
vn -0.2825 0.5688 -0.7725
vn -0.4290 0.4050 -0.8075
vn -0.3868 0.5660 -0.7280
vn -0.5349 0.4020 -0.7431
vn -0.6753 -0.1820 0.7148
vn -0.5743 0.1837 0.7978
vn -0.3963 0.7348 0.5505
vn -0.5682 0.2325 0.7894
vn -0.4830 0.5626 -0.6710
vn -0.6298 0.3988 -0.6666
vn -0.5694 0.5590 -0.6027
vn -0.7123 0.3956 -0.5798
vn -0.5743 -0.1837 0.7978
vn -0.4610 0.1852 0.8678
vn -0.3167 0.7377 0.5962
vn -0.4561 0.2344 0.8585
vn -0.6450 0.5552 -0.5251
vn -0.7816 0.3925 -0.4848
vn -0.7088 0.5517 -0.4396
vn -0.8373 0.3898 -0.3833
vn -0.4610 -0.1852 0.8678
vn -0.3374 0.1865 0.9227
vn -0.2310 0.7401 0.6316
vn -0.3337 0.2360 0.9126
vn -0.8792 0.3877 -0.2770
vn -0.7602 0.5486 -0.3480
vn -0.7990 0.5461 -0.2518
vn -0.9071 0.3862 -0.1675
vn -0.3374 -0.1865 0.9227
vn -0.2058 0.1874 0.9605
vn -0.1405 0.7419 0.6557
vn -0.2035 0.2372 0.9499
vn -0.8249 0.5444 -0.1523
vn -0.9210 0.3854 -0.0560
vn -0.8379 0.5435 -0.0510
vn -0.9210 0.3854 0.0560
vn -0.2058 -0.1874 0.9605
vn -0.0692 0.1879 0.9797
vn -0.0472 0.7428 0.6679
vn -0.0684 0.2378 0.9689
vn -0.8379 0.5435 0.0510
vn -0.9071 0.3862 0.1675
vn -0.8249 0.5444 0.1523
vn -0.8792 0.3877 0.2770
vn -0.0692 -0.1879 0.9797
vn 0.0692 0.1879 0.9797
vn 0.0472 0.7428 0.6679
vn 0.0684 0.2378 0.9689
vn -0.7990 0.5461 0.2518
vn -0.8373 0.3898 0.3833
vn -0.7602 0.5486 0.3480
vn -0.7816 0.3925 0.4848
vn 0.0692 -0.1879 0.9797
vn 0.2058 0.1874 0.9605
vn 0.1405 0.7419 0.6557
vn 0.2035 0.2372 0.9499
vn -0.7123 0.3956 0.5798
vn -0.7088 0.5517 0.4396
vn -0.6450 0.5552 0.5251
vn -0.6298 0.3988 0.6666
vn 0.2058 -0.1874 0.9605
vn 0.3374 0.1865 0.9227
vn 0.2310 0.7401 0.6316
vn 0.3337 0.2360 0.9126
vn -0.5694 0.5590 0.6027
vn -0.5349 0.4020 0.7431
vn -0.4830 0.5626 0.6710
vn -0.4290 0.4050 0.8075
vn 0.3374 -0.1865 0.9227
vn 0.4610 0.1852 0.8678
vn 0.3167 0.7377 0.5962
vn 0.4561 0.2344 0.8585
vn -0.3868 0.5660 0.7281
vn -0.3136 0.4074 0.8577
vn -0.2825 0.5688 0.7725
vn -0.1912 0.4092 0.8922
vn 0.4610 -0.1852 0.8678
vn 0.5743 0.1837 0.7978
vn 0.3963 0.7348 0.5505
vn 0.5682 0.2325 0.7894
vn -0.1720 0.5708 0.8029
vn -0.0642 0.4101 0.9098
vn -0.0578 0.5718 0.8184
vn 0.0642 0.4101 0.9098
vn 0.5743 -0.1837 0.7978
vn 0.6753 0.1820 0.7148
vn 0.4682 0.7315 0.4956
vn 0.6683 0.2304 0.7073
vn 0.1912 0.4092 0.8922
vn 0.0578 0.5718 0.8184
vn 0.1720 0.5708 0.8029
vn 0.3136 0.4074 0.8577
vn 0.6753 -0.1820 0.7148
vn 0.7628 0.1803 0.6210
vn 0.5315 0.7282 0.4327
vn 0.7550 0.2283 0.6146
vn 0.2825 0.5688 0.7725
vn 0.4290 0.4050 0.8075
vn 0.3868 0.5660 0.7280
vn 0.5349 0.4020 0.7431
vn 0.7628 -0.1803 0.6210
vn 0.8361 0.1787 0.5186
vn 0.5852 0.7251 0.3630
vn 0.8278 0.2263 0.5134
vn 0.4830 0.5626 0.6710
vn 0.6298 0.3988 0.6666
vn 0.5694 0.5590 0.6027
vn 0.7123 0.3956 0.5798
vn 0.8361 -0.1787 0.5186
vn 0.8949 0.1773 0.4096
vn 0.6289 0.7223 0.2879
vn 0.8860 0.2246 0.4056
vn 0.6450 0.5552 0.5251
vn 0.7816 0.3925 0.4848
vn 0.7088 0.5517 0.4396
vn 0.8373 0.3898 0.3833
vn 0.8949 -0.1773 0.4096
vn 0.9389 0.1762 0.2958
vn 0.6619 0.7200 0.2086
vn 0.9297 0.2232 0.2930
vn 0.8792 0.3877 0.2770
vn 0.7602 0.5486 0.3480
vn 0.9071 0.3862 0.1675
vn 0.9389 -0.1762 0.2958
vn 0.9681 0.1754 0.1788
vn 0.6840 0.7184 0.1263
vn 0.9588 0.2222 0.1770
vn 0.8249 0.5444 0.1523
vn 0.7990 0.5461 0.2518
vn 0.9210 0.3854 0.0560
vn 0.8379 0.5435 0.0510
vn 0.9681 -0.1754 0.1788
vn 0.9828 0.1750 0.0598
vn 0.6951 0.7176 0.0423
vn 0.9733 0.2217 0.0592
vn 0.9828 -0.1750 0.0598
vn -0.0000 1.0000 -0.0000
vn -0.5358 0.6255 0.5671
vn -0.5082 0.6725 0.5380
vn -0.5965 0.4955 0.6314
vn -0.5568 0.5854 0.5893
vn -0.6626 0.2629 0.7013
vn 0.7909 0.6101 0.0481
vn 0.7520 0.6576 0.0458
vn 0.8754 0.4805 0.0533
vn 0.8202 0.5699 0.0499
vn 0.9656 0.2532 0.0587
vn 0.1615 0.6372 0.7536
vn 0.1529 0.6838 0.7135
vn 0.1806 0.5070 0.8428
vn 0.1681 0.5972 0.7843
vn 0.2017 0.2705 0.9414
vn -0.7909 0.6101 -0.0481
vn -0.7520 0.6575 -0.0458
vn -0.8754 0.4805 -0.0533
vn -0.8202 0.5699 -0.0499
vn -0.9656 0.2532 -0.0588
vn -0.7538 0.6127 0.2375
vn -0.7164 0.6601 0.2257
vn -0.8351 0.4831 0.2631
vn -0.7820 0.5725 0.2464
vn -0.9223 0.2548 0.2906
vn 0.7168 0.6152 0.3281
vn 0.6811 0.6625 0.3118
vn 0.7949 0.4855 0.3639
vn 0.7439 0.5750 0.3405
vn 0.8789 0.2564 0.4023
vn -0.2653 0.6352 0.7254
vn -0.2512 0.6819 0.6870
vn -0.2964 0.5051 0.8106
vn -0.2760 0.5952 0.7547
vn -0.3308 0.2692 0.9045
vn 0.6679 0.6183 0.4143
vn 0.6343 0.6656 0.3934
vn 0.7415 0.4885 0.4599
vn 0.6934 0.5782 0.4301
vn 0.8210 0.2583 0.5092
vn -0.7785 0.6110 -0.1437
vn -0.7401 0.6584 -0.1367
vn -0.8619 0.4814 -0.1592
vn -0.8075 0.5708 -0.1491
vn -0.9512 0.2537 -0.1756
vn -0.6074 0.6218 0.4944
vn -0.5764 0.6690 0.4693
vn -0.6752 0.4919 0.5497
vn -0.6308 0.5817 0.5135
vn -0.7487 0.2605 0.6095
vn -0.7168 0.6152 -0.3281
vn -0.6811 0.6625 -0.3118
vn -0.7949 0.4855 -0.3639
vn -0.7439 0.5750 -0.3405
vn -0.8789 0.2564 -0.4023
vn 0.7785 0.6110 0.1437
vn 0.7401 0.6584 0.1367
vn 0.8619 0.4814 0.1592
vn 0.8075 0.5708 0.1491
vn 0.9512 0.2537 0.1756
vn -0.7785 0.6110 0.1437
vn -0.7401 0.6584 0.1367
vn -0.8619 0.4814 0.1591
vn -0.8075 0.5708 0.1491
vn -0.9512 0.2537 0.1756
vn -0.4541 0.6291 -0.6309
vn -0.4305 0.6760 -0.5980
vn -0.5062 0.4991 -0.7033
vn -0.4721 0.5891 -0.6558
vn -0.5633 0.2652 -0.7825
vn 0.6074 0.6218 0.4944
vn 0.5764 0.6690 0.4693
vn 0.6752 0.4919 0.5497
vn 0.6308 0.5817 0.5135
vn 0.7487 0.2605 0.6095
vn -0.7538 0.6127 -0.2375
vn -0.7164 0.6601 -0.2257
vn -0.8351 0.4831 -0.2631
vn -0.7820 0.5725 -0.2464
vn -0.9223 0.2548 -0.2906
vn -0.0542 0.6382 -0.7680
vn -0.0513 0.6848 -0.7270
vn -0.0607 0.5081 -0.8592
vn -0.0564 0.5983 -0.7993
vn -0.0678 0.2712 -0.9601
vn -0.6679 0.6183 -0.4143
vn -0.6343 0.6656 -0.3934
vn -0.7415 0.4885 -0.4599
vn -0.6934 0.5782 -0.4301
vn -0.8210 0.2583 -0.5092
vn 0.7538 0.6127 0.2375
vn 0.7164 0.6601 0.2257
vn 0.8351 0.4831 0.2631
vn 0.7820 0.5725 0.2464
vn 0.9223 0.2548 0.2906
vn 0.3634 0.6324 -0.6841
vn 0.3443 0.6792 -0.6481
vn 0.4057 0.5024 -0.7636
vn 0.3780 0.5925 -0.7114
vn 0.4521 0.2674 -0.8510
vn -0.3634 0.6324 -0.6841
vn -0.3443 0.6792 -0.6481
vn -0.4057 0.5024 -0.7636
vn -0.3780 0.5925 -0.7114
vn -0.4521 0.2674 -0.8510
vn -0.6074 0.6218 -0.4944
vn -0.5764 0.6690 -0.4693
vn -0.6752 0.4919 -0.5497
vn -0.6308 0.5817 -0.5135
vn -0.7487 0.2605 -0.6095
vn 0.6679 0.6183 -0.4143
vn 0.6343 0.6656 -0.3934
vn 0.7415 0.4885 -0.4599
vn 0.6934 0.5782 -0.4301
vn 0.8210 0.2583 -0.5092
vn 0.0542 0.6382 -0.7680
vn 0.0513 0.6848 -0.7270
vn 0.0607 0.5081 -0.8592
vn 0.0564 0.5983 -0.7993
vn 0.0678 0.2712 -0.9601
vn -0.2653 0.6352 -0.7254
vn -0.2512 0.6819 -0.6870
vn -0.2964 0.5051 -0.8106
vn -0.2760 0.5952 -0.7547
vn -0.3308 0.2692 -0.9045
vn 0.7909 0.6101 -0.0481
vn 0.7520 0.6575 -0.0458
vn 0.8754 0.4805 -0.0533
vn 0.8202 0.5699 -0.0499
vn 0.9656 0.2532 -0.0587
vn -0.5358 0.6255 -0.5671
vn -0.5082 0.6725 -0.5380
vn -0.5965 0.4955 -0.6314
vn -0.5568 0.5854 -0.5893
vn -0.6626 0.2629 -0.7013
vn 0.4541 0.6291 -0.6309
vn 0.4305 0.6760 -0.5980
vn 0.5062 0.4991 -0.7033
vn 0.4721 0.5891 -0.6558
vn 0.5633 0.2652 -0.7825
vn 0.1615 0.6372 -0.7536
vn 0.1529 0.6838 -0.7135
vn 0.1806 0.5070 -0.8428
vn 0.1681 0.5972 -0.7843
vn 0.2017 0.2705 -0.9414
vn 0.4541 0.6291 0.6309
vn 0.4305 0.6760 0.5980
vn 0.5062 0.4991 0.7033
vn 0.4721 0.5891 0.6558
vn 0.5633 0.2652 0.7825
vn -0.1615 0.6372 -0.7536
vn -0.1529 0.6838 -0.7135
vn -0.1806 0.5070 -0.8428
vn -0.1681 0.5972 -0.7843
vn -0.2017 0.2705 -0.9414
vn 0.7168 0.6152 -0.3281
vn 0.6811 0.6625 -0.3118
vn 0.7949 0.4855 -0.3639
vn 0.7439 0.5750 -0.3405
vn 0.8789 0.2564 -0.4023
vn 0.5358 0.6255 -0.5671
vn 0.5082 0.6725 -0.5380
vn 0.5965 0.4955 -0.6314
vn 0.5568 0.5854 -0.5893
vn 0.6626 0.2629 -0.7013
vn 0.0542 0.6382 0.7680
vn 0.0513 0.6848 0.7270
vn 0.0607 0.5081 0.8592
vn 0.0564 0.5983 0.7993
vn 0.0678 0.2712 0.9601
vn 0.2653 0.6352 -0.7254
vn 0.2512 0.6819 -0.6870
vn 0.2964 0.5051 -0.8106
vn 0.2760 0.5952 -0.7547
vn 0.3308 0.2692 -0.9045
vn 0.3634 0.6324 0.6841
vn 0.3443 0.6792 0.6481
vn 0.4057 0.5024 0.7636
vn 0.3780 0.5925 0.7114
vn 0.4521 0.2674 0.8510
vn 0.7538 0.6127 -0.2375
vn 0.7164 0.6601 -0.2257
vn 0.8351 0.4831 -0.2631
vn 0.7820 0.5725 -0.2464
vn 0.9223 0.2548 -0.2906
vn -0.3634 0.6324 0.6841
vn -0.3443 0.6792 0.6481
vn -0.4057 0.5024 0.7636
vn -0.3780 0.5925 0.7114
vn -0.4521 0.2674 0.8510
vn 0.6074 0.6218 -0.4944
vn 0.5764 0.6690 -0.4693
vn 0.6752 0.4919 -0.5497
vn 0.6308 0.5817 -0.5135
vn 0.7487 0.2605 -0.6095
vn -0.0542 0.6382 0.7680
vn -0.0513 0.6848 0.7270
vn -0.0607 0.5081 0.8592
vn -0.0564 0.5983 0.7993
vn -0.0678 0.2712 0.9601
vn 0.2653 0.6352 0.7254
vn 0.2512 0.6819 0.6870
vn 0.2964 0.5051 0.8106
vn 0.2760 0.5952 0.7547
vn 0.3308 0.2692 0.9045
vn -0.6679 0.6183 0.4143
vn -0.6343 0.6656 0.3934
vn -0.7415 0.4885 0.4599
vn -0.6934 0.5782 0.4301
vn -0.8210 0.2583 0.5092
vn 0.7785 0.6110 -0.1437
vn 0.7401 0.6584 -0.1367
vn 0.8619 0.4814 -0.1592
vn 0.8075 0.5708 -0.1491
vn 0.9512 0.2537 -0.1756
vn -0.4541 0.6291 0.6309
vn -0.4305 0.6760 0.5980
vn -0.5062 0.4991 0.7033
vn -0.4721 0.5891 0.6558
vn -0.5633 0.2652 0.7825
vn -0.1615 0.6372 0.7536
vn -0.1529 0.6838 0.7135
vn -0.1806 0.5070 0.8428
vn -0.1681 0.5972 0.7843
vn -0.2017 0.2705 0.9414
vn -0.7909 0.6101 0.0481
vn -0.7520 0.6575 0.0458
vn -0.8754 0.4805 0.0533
vn -0.8202 0.5699 0.0499
vn -0.9656 0.2532 0.0588
vn 0.5358 0.6255 0.5671
vn 0.5082 0.6725 0.5380
vn 0.5965 0.4955 0.6314
vn 0.5568 0.5854 0.5893
vn 0.6626 0.2629 0.7013
vn -0.7168 0.6152 0.3281
vn -0.6811 0.6625 0.3118
vn -0.7949 0.4855 0.3639
vn -0.7439 0.5750 0.3405
vn -0.8789 0.2564 0.4023
vn 0.8751 0.4802 -0.0599
vn 0.4390 0.8980 -0.0288
vn 0.4390 -0.8980 -0.0288
vn 0.8731 -0.4837 -0.0616
vn 0.8585 0.4806 -0.1791
vn 0.4314 0.8975 -0.0913
vn 0.4299 -0.8984 -0.0902
vn 0.8567 -0.4829 -0.1811
vn 0.8263 0.4792 -0.2960
vn 0.4179 0.8961 -0.1497
vn 0.4147 -0.8977 -0.1486
vn 0.8287 -0.4757 -0.2949
vn 0.7795 0.4773 -0.4057
vn 0.3954 0.8951 -0.2058
vn 0.3937 -0.8960 -0.2057
vn 0.7826 -0.4714 -0.4066
vn 0.7192 0.4750 -0.5071
vn 0.3655 0.8949 -0.2561
vn 0.3655 -0.8949 -0.2561
vn 0.7192 -0.4750 -0.5071
vn 0.6476 0.4725 -0.5978
vn 0.3289 0.8936 -0.3054
vn 0.3281 -0.8945 -0.3037
vn 0.6451 -0.4748 -0.5987
vn 0.5642 0.4699 -0.6789
vn 0.2895 0.8915 -0.3484
vn 0.2873 -0.8932 -0.3458
vn 0.5667 -0.4665 -0.6792
vn 0.4729 0.4675 -0.7469
vn 0.2436 0.8903 -0.3848
vn 0.2422 -0.8911 -0.3837
vn 0.4750 -0.4616 -0.7492
vn 0.3747 0.4653 -0.8019
vn 0.1941 0.8901 -0.4124
vn 0.1941 -0.8901 -0.4124
vn 0.3747 -0.4653 -0.8019
vn 0.2723 0.4635 -0.8432
vn 0.1395 0.8891 -0.4358
vn 0.1396 -0.8901 -0.4340
vn 0.2699 -0.4659 -0.8427
vn 0.1642 0.4623 -0.8714
vn 0.0853 0.8877 -0.4525
vn 0.0847 -0.8894 -0.4492
vn 0.1662 -0.4589 -0.8728
vn 0.0550 0.4617 -0.8853
vn 0.0286 0.8873 -0.4603
vn 0.0278 -0.8882 -0.4586
vn 0.0557 -0.4559 -0.8883
vn -0.0550 0.4617 -0.8853
vn -0.0272 0.8882 -0.4586
vn -0.0273 -0.8882 -0.4586
vn -0.0550 -0.4617 -0.8853
vn -0.1632 0.4623 -0.8716
vn -0.0856 0.8885 -0.4507
vn -0.0847 -0.8894 -0.4492
vn -0.1651 -0.4647 -0.8700
vn -0.2713 0.4636 -0.8435
vn -0.1406 0.8883 -0.4372
vn -0.1396 -0.8901 -0.4340
vn -0.2703 -0.4601 -0.8457
vn -0.3747 0.4653 -0.8019
vn -0.1937 0.8892 -0.4145
vn -0.1936 -0.8901 -0.4127
vn -0.3755 -0.4594 -0.8049
vn -0.4729 0.4675 -0.7469
vn -0.2417 0.8911 -0.3840
vn -0.2417 -0.8911 -0.3840
vn -0.4729 -0.4675 -0.7469
vn -0.5634 0.4699 -0.6796
vn -0.2890 0.8924 -0.3467
vn -0.2873 -0.8932 -0.3458
vn -0.5643 -0.4723 -0.6772
vn -0.6468 0.4725 -0.5986
vn -0.3306 0.8928 -0.3060
vn -0.3281 -0.8945 -0.3037
vn -0.6470 -0.4690 -0.6012
vn -0.7192 0.4750 -0.5071
vn -0.3661 0.8940 -0.2582
vn -0.3652 -0.8949 -0.2566
vn -0.7214 -0.4691 -0.5094
vn -0.7795 0.4773 -0.4057
vn -0.3934 0.8960 -0.2062
vn -0.3939 -0.8958 -0.2061
vn -0.7801 -0.4749 -0.4074
vn -0.8247 0.4827 -0.2947
vn -0.4146 0.8977 -0.1491
vn -0.4152 -0.8975 -0.1484
vn -0.8287 -0.4757 -0.2950
vn -0.8545 0.4876 -0.1794
vn -0.4299 0.8984 -0.0902
vn -0.4299 -0.8984 -0.0902
vn -0.8620 -0.4736 -0.1809
vn -0.8706 0.4883 -0.0602
vn -0.4375 0.8987 -0.0303
vn -0.4393 -0.8979 -0.0297
vn -0.8777 -0.4753 -0.0613
vn -0.8727 0.4848 0.0585
vn -0.4375 0.8987 0.0303
vn -0.4397 -0.8977 0.0294
vn -0.8759 -0.4789 0.0593
vn -0.8562 0.4841 0.1804
vn -0.4300 0.8984 0.0897
vn -0.4302 -0.8982 0.0906
vn -0.8598 -0.4770 0.1823
vn -0.8226 0.4862 0.2947
vn -0.4147 0.8977 0.1486
vn -0.4147 -0.8977 0.1486
vn -0.8298 -0.4722 0.2973
vn -0.7761 0.4843 0.4039
vn -0.3924 0.8968 0.2042
vn -0.3937 -0.8960 0.2057
vn -0.7826 -0.4714 0.4066
vn -0.7186 0.4785 0.5046
vn -0.3634 0.8957 0.2562
vn -0.3656 -0.8947 0.2566
vn -0.7209 -0.4726 0.5069
vn -0.6450 0.4759 0.5978
vn -0.3285 0.8945 0.3033
vn -0.3282 -0.8943 0.3042
vn -0.6471 -0.4689 0.6012
vn -0.5618 0.4769 0.6760
vn -0.2873 0.8932 0.3458
vn -0.2873 -0.8932 0.3458
vn -0.5665 -0.4630 0.6817
vn -0.4709 0.4744 0.7438
vn -0.2418 0.8920 0.3819
vn -0.2422 -0.8911 0.3837
vn -0.4750 -0.4616 0.7492
vn -0.3755 0.4688 0.7995
vn -0.1923 0.8909 0.4114
vn -0.1940 -0.8899 0.4129
vn -0.3763 -0.4630 0.8025
vn -0.2702 0.4670 0.8420
vn -0.1401 0.8900 0.4338
vn -0.1394 -0.8899 0.4344
vn -0.2703 -0.4600 0.8458
vn -0.1636 0.4692 0.8678
vn -0.0847 0.8894 0.4492
vn -0.0847 -0.8894 0.4492
vn -0.1649 -0.4555 0.8749
vn -0.0548 0.4686 0.8817
vn -0.0284 0.8891 0.4568
vn -0.0278 -0.8882 0.4586
vn -0.0557 -0.4559 0.8883
vn 0.0532 0.4652 0.8836
vn 0.0284 0.8891 0.4568
vn 0.0276 -0.8880 0.4590
vn 0.0539 -0.4593 0.8866
vn 0.1645 0.4658 0.8695
vn 0.0841 0.8894 0.4493
vn 0.0850 -0.8892 0.4495
vn 0.1662 -0.4588 0.8728
vn 0.2702 0.4705 0.8400
vn 0.1396 0.8901 0.4340
vn 0.1396 -0.8901 0.4340
vn 0.2724 -0.4567 0.8469
vn 0.3732 0.4722 0.7986
vn 0.1923 0.8909 0.4114
vn 0.1936 -0.8901 0.4127
vn 0.3755 -0.4594 0.8049
vn 0.4705 0.4709 0.7463
vn 0.2418 0.8920 0.3819
vn 0.2422 -0.8911 0.3837
vn 0.4726 -0.4651 0.7486
vn 0.5635 0.4734 0.6771
vn 0.2869 0.8934 0.3457
vn 0.2873 -0.8932 0.3458
vn 0.5668 -0.4688 0.6775
vn 0.6443 0.4760 0.5986
vn 0.3298 0.8945 0.3017
vn 0.3281 -0.8945 0.3037
vn 0.6470 -0.4690 0.6012
vn 0.7192 0.4750 0.5071
vn 0.3634 0.8957 0.2562
vn 0.3652 -0.8949 0.2566
vn 0.7214 -0.4691 0.5094
vn 0.7795 0.4773 0.4057
vn 0.3913 0.8968 0.2066
vn 0.3934 -0.8960 0.2062
vn 0.7795 -0.4773 0.4057
vn 0.8259 0.4792 0.2971
vn 0.4154 0.8977 0.1467
vn 0.4147 -0.8977 0.1486
vn 0.8255 -0.4816 0.2944
vn 0.8578 0.4817 0.1795
vn 0.4295 0.8983 0.0922
vn 0.4299 -0.8984 0.0902
vn 0.8597 -0.4771 0.1823
vn 0.8745 0.4813 0.0605
vn 0.4393 0.8979 0.0291
vn 0.4393 -0.8979 0.0297
vn 0.8756 -0.4789 0.0630
vn -0.1339 -0.9899 0.0468
vn -0.1401 -0.9897 0.0294
vn -0.1426 -0.9897 0.0099
vn -0.1411 -0.9900 -0.0088
vn -0.1382 -0.9899 -0.0301
vn -0.1353 -0.9896 -0.0485
vn -0.1280 -0.9895 -0.0666
vn -0.1178 -0.9897 -0.0819
vn -0.1052 -0.9895 -0.0988
vn -0.0939 -0.9891 -0.1130
vn -0.0791 -0.9890 -0.1249
vn -0.0630 -0.9892 -0.1326
vn -0.0441 -0.9891 -0.1405
vn -0.0277 -0.9888 -0.1469
vn -0.0093 -0.9888 -0.1493
vn 0.0082 -0.9890 -0.1475
vn 0.0283 -0.9891 -0.1444
vn 0.0454 -0.9889 -0.1413
vn 0.0625 -0.9891 -0.1337
vn 0.0767 -0.9894 -0.1230
vn 0.0926 -0.9896 -0.1098
vn 0.1060 -0.9895 -0.0981
vn 0.1172 -0.9897 -0.0826
vn 0.1245 -0.9900 -0.0659
vn 0.1320 -0.9902 -0.0461
vn 0.1381 -0.9900 -0.0290
vn 0.1389 -0.9903 -0.0106
vn 0.1371 -0.9905 0.0096
vn 0.1362 -0.9902 0.0297
vn 0.1334 -0.9899 0.0478
vn 0.1264 -0.9898 0.0658
vn 0.1164 -0.9899 0.0809
vn 0.1040 -0.9898 0.0977
vn 0.0926 -0.9896 0.1098
vn 0.0767 -0.9894 0.1230
vn 0.0626 -0.9893 0.1317
vn 0.0439 -0.9892 0.1399
vn 0.0276 -0.9888 0.1465
vn 0.0093 -0.9888 0.1491
vn -0.0082 -0.9890 0.1477
vn -0.0284 -0.9890 0.1448
vn -0.0457 -0.9888 0.1419
vn -0.0629 -0.9889 0.1346
vn -0.0774 -0.9893 0.1240
vn -0.0936 -0.9894 0.1109
vn -0.1072 -0.9893 0.0992
vn -0.1186 -0.9894 0.0837
vn -0.1262 -0.9898 0.0668
vn -0.0411 -0.9992 -0.0000
vn -0.9207 0.3897 0.0188
vn 0.5279 -0.8493 -0.0000
vn -0.0004 -0.0003 1.0000
vn 0.0007 -0.0009 1.0000
vn 0.4450 -0.0000 0.8955
vn -0.0000 -0.0000 1.0000
vn -0.6314 0.6325 0.4486
vn -0.9523 0.3050 -0.0000
vn -0.3983 -0.2981 0.8675
vn -0.2167 0.7147 0.6650
vn -0.1368 0.6743 0.7257
vn -0.0438 0.7080 0.7049
vn 0.0769 0.0769 0.9941
vn 0.1261 0.0429 0.9911
vn 0.1946 -0.1946 0.9614
vn -0.0000 -0.2687 0.9632
vn -0.1986 -0.0740 0.9773
vn 0.2595 0.2589 0.9304
vn -0.2617 -0.3629 0.8943
vn 0.1332 0.2650 0.9550
vn 0.0042 0.2687 0.9632
vn -0.2029 0.0432 0.9782
vn -0.0000 -0.9947 0.1028
vn -0.0000 0.9947 -0.1027
vn 0.0854 -0.6837 0.7248
vn -0.0266 -0.6807 0.7321
vn 1.0000 -0.0000 -0.0000
vn 0.7080 0.7062 -0.0000
vn 0.7107 0.7035 -0.0000
vn -0.9434 -0.3318 -0.0000
vn -0.9460 -0.3241 -0.0000
vn -0.9800 0.1991 -0.0000
vn -0.9399 -0.0610 0.3358
vn 0.0144 -0.9999 -0.0000
vn 0.2069 -0.7151 0.6677
vn -0.0043 -0.2112 0.9774
vn 0.7268 0.6868 -0.0000
vn -0.0968 -0.2366 0.9668
vn -0.2518 -0.6600 0.7078
vn 0.0109 0.2897 0.9570
vn -0.0881 -0.9961 -0.0000
vn -0.0000 -0.0000 -1.0000
vn -0.0000 0.2039 -0.9790
vn 0.4211 0.4578 0.7830
vn 0.9471 -0.3210 -0.0000
vn 0.0690 -0.0970 0.9929
vn -0.0000 0.1634 -0.9866
vn 0.0392 0.7901 0.6117
vn -0.8589 -0.5122 -0.0000
vn -0.8580 -0.2024 -0.4720
vn -0.0000 -0.1689 0.9856
vn -0.9975 -0.0700 -0.0000
vn 0.5843 0.8115 -0.0000
vn -0.0000 -0.1098 0.9940
vn -0.4204 0.8561 0.3004
vn -0.0000 0.9960 -0.0898
vn -0.9867 -0.0757 -0.1440
vn -0.6074 0.6337 -0.4791
vn -0.8107 0.5855 -0.0000
vn -0.0403 -0.3624 -0.9312
vn -0.0035 0.4304 0.9026
vn -0.0000 0.9892 -0.1468
vn 0.1395 0.9894 -0.0396
vn -0.9550 0.2965 -0.0076
vn -0.4717 0.8818 -0.0000
vn -0.9157 0.4018 -0.0000
vn -0.9643 0.2650 -0.0000
vn -0.8281 -0.5605 -0.0000
vn -0.9433 -0.3319 -0.0000
vn -0.6508 -0.7592 -0.0000
vn 0.0411 0.9992 -0.0000
vn 0.9207 -0.3897 0.0188
vn -0.5279 0.8493 -0.0000
vn 0.0004 0.0003 1.0000
vn -0.0007 0.0009 1.0000
vn -0.4450 -0.0000 0.8955
vn 0.1506 0.5509 0.8209
vn 0.2629 0.5125 0.8175
vn 0.3409 0.5930 0.7295
vn 0.2321 -0.9049 0.3569
vn 0.2648 -0.9101 0.3187
vn 0.3741 0.8621 0.3418
vn -0.0769 -0.0769 0.9941
vn -0.1261 -0.0429 0.9911
vn -0.1946 0.1946 0.9614
vn -0.0000 0.2687 0.9632
vn 0.1986 0.0740 0.9773
vn -0.2595 -0.2589 0.9304
vn 0.2617 0.3629 0.8943
vn -0.1332 -0.2650 0.9550
vn -0.0042 -0.2687 0.9632
vn 0.2029 -0.0432 0.9782
vn -0.0000 0.9947 0.1027
vn -0.0000 -0.9947 -0.1027
vn -0.0854 0.6837 0.7248
vn 0.0266 0.6807 0.7321
vn -1.0000 -0.0000 -0.0000
vn -0.7080 -0.7062 -0.0000
vn -0.7107 -0.7035 -0.0000
vn 0.9434 0.3318 -0.0000
vn 0.9460 0.3241 -0.0000
vn 0.9800 -0.1991 -0.0000
vn 0.9399 0.0610 0.3358
vn -0.0144 0.9999 -0.0000
vn -0.2069 0.7151 0.6677
vn 0.0043 0.2112 0.9774
vn -0.7268 -0.6868 -0.0000
vn 0.0968 0.2366 0.9668
vn 0.2518 0.6600 0.7078
vn -0.0109 -0.2897 0.9570
vn 0.0881 0.9961 -0.0000
vn -0.4211 -0.4578 0.7830
vn -0.0000 -0.2039 -0.9790
vn -0.9471 0.3210 -0.0000
vn -0.0690 0.0970 0.9929
vn -0.0000 -0.1634 -0.9866
vn 0.4391 0.8434 0.3097
vn 0.8589 0.5122 -0.0000
vn 0.8580 0.2024 -0.4720
vn -0.0000 0.1689 0.9856
vn 0.9975 0.0700 -0.0000
vn -0.5843 -0.8115 -0.0000
vn -0.0000 0.1098 0.9940
vn 0.4204 -0.8561 0.3004
vn -0.0000 -0.9960 -0.0898
vn 0.9867 0.0757 -0.1440
vn 0.6074 -0.6337 -0.4791
vn 0.8107 -0.5855 -0.0000
vn 0.0035 -0.4304 0.9026
vn 0.0403 0.3624 -0.9312
vn -0.0000 -0.9892 -0.1468
vn -0.1395 -0.9894 -0.0396
vn 0.9550 -0.2965 -0.0076
vn 0.4717 -0.8818 -0.0000
vn 0.9157 -0.4018 -0.0000
vn 0.9643 -0.2650 -0.0000
vn 0.8281 0.5605 -0.0000
vn 0.9433 0.3319 -0.0000
vn 0.6508 0.7592 -0.0000
vn -0.0012 0.0004 -1.0000
vn 0.0373 0.0271 0.9989
vn 0.9618 -0.2643 -0.0707
vn -0.0000 -0.9661 -0.2583
vn 0.9396 0.3306 0.0884
vn -0.6920 0.6257 0.3601
vn -0.0000 0.8778 0.4790
vn 0.9038 -0.4280 -0.0000
vn -0.1190 0.9749 0.1879
vn -0.5860 0.8103 -0.0000
vn -0.3128 0.9432 0.1121
vn -0.3623 0.9289 0.0761
vn -0.3906 0.9202 0.0267
vn -0.0000 0.9914 -0.1312
vn -0.3883 0.9211 -0.0269
vn -0.1329 0.9901 -0.0456
vn -0.1178 0.9910 -0.0638
vn -0.1052 0.9917 -0.0742
vn -0.0667 0.9959 -0.0617
vn -0.0591 0.9960 -0.0676
vn -0.0450 0.9961 -0.0756
vn -0.0368 0.9962 -0.0788
vn -0.0026 0.9967 -0.0813
vn 0.0050 0.9968 -0.0799
vn 0.0145 0.9969 -0.0768
vn -0.0000 0.9965 -0.0836
vn 0.0411 0.9958 -0.0824
vn 0.0506 0.9955 -0.0799
vn 0.0622 0.9953 -0.0749
vn 0.0714 0.9950 -0.0691
vn 0.0851 0.9947 -0.0571
vn 0.0925 0.9945 -0.0482
vn 0.2396 0.9671 -0.0858
vn 0.2699 0.9612 -0.0575
vn 0.2889 0.9572 -0.0196
vn 0.2900 0.9568 0.0201
vn 0.2735 0.9601 0.0584
vn 0.2449 0.9656 0.0869
vn 0.4646 0.8508 0.2457
vn -0.0000 0.1976 0.9803
vn -0.0000 0.7202 0.6938
vn -0.1463 0.9734 0.1761
vn -0.1668 0.9736 0.1560
vn -0.0261 0.9963 -0.0813
vn -0.0000 0.9565 -0.2916
vn -0.2488 -0.9645 -0.0883
vn -0.0178 0.9965 -0.0820
vn 0.0247 0.9961 -0.0842
vn -0.0000 0.9789 -0.2042
vn 0.3966 0.9180 -0.0000
vn -0.3564 0.9313 -0.0748
vn -0.0000 -0.4405 0.8977
vn -0.2784 -0.9586 -0.0594
vn -0.2963 -0.9549 -0.0205
vn -0.2962 -0.9549 0.0201
vn -0.2778 -0.9588 0.0591
vn -0.2472 -0.9649 0.0886
vn -0.4584 -0.8561 0.2386
vn -0.4284 -0.8513 0.3029
vn -0.3624 -0.8701 0.3341
vn -0.2843 0.8956 0.3422
vn -0.2464 0.8876 0.3891
vn -0.3226 -0.6410 0.6964
vn -0.2532 -0.5796 0.7745
vn -0.1462 -0.6140 0.7757
vn -0.0362 -0.8120 0.5825
vn 0.0431 -0.7431 0.6678
vn 0.1268 -0.7152 0.6873
vn 0.2034 -0.7475 0.6323
vn 0.4170 0.1730 0.8923
vn 0.9545 -0.2981 -0.0000
vn 0.6147 -0.6590 0.4335
vn 0.6788 -0.6455 0.3502
vn -0.0000 -0.8884 0.4591
vn 0.3678 -0.9267 -0.0772
vn 0.1170 -0.9752 0.1878
vn 0.5984 -0.8012 -0.0000
vn 0.0248 -0.9961 -0.0845
vn 0.3666 -0.9272 0.0770
vn 0.3976 -0.9172 0.0275
vn -0.9075 0.4201 -0.0000
vn 0.3980 -0.9170 -0.0272
vn 0.1362 -0.9895 -0.0488
vn 0.1238 -0.9902 -0.0644
vn 0.1107 -0.9910 -0.0754
vn 0.0594 -0.9957 -0.0714
vn 0.0490 -0.9958 -0.0774
vn 0.0404 -0.9959 -0.0808
vn 0.0053 -0.9964 -0.0848
vn -0.0027 -0.9965 -0.0833
vn -0.0172 -0.9968 -0.0786
vn -0.0000 -0.9962 -0.0868
vn -0.0402 -0.9955 -0.0861
vn -0.0500 -0.9953 -0.0835
vn -0.0642 -0.9949 -0.0773
vn -0.0754 -0.9947 -0.0702
vn -0.0861 -0.9944 -0.0607
vn -0.0953 -0.9942 -0.0493
vn 0.3155 -0.9422 0.1127
vn 0.0906 -0.9921 -0.0866
vn 0.1472 -0.9735 0.1752
vn -0.0000 -0.7558 0.6548
vn -0.0000 -0.3298 0.9440
vn 0.1681 -0.9734 0.1556
vn -0.4043 -0.9146 -0.0000
vn -0.0000 -0.9505 -0.3106
vn -0.0000 -0.9930 -0.1182
vn 0.0161 -0.9962 -0.0853
vn -0.0281 -0.9958 -0.0875
vn -0.0000 -0.9769 -0.2139
vn -0.0000 0.3217 0.9468
vt 0.979167 0.750000
vt 0.000000 0.750000
vt 0.000000 0.750000
vt 0.979167 0.750000
vt 0.208333 0.750000
vt 0.229167 0.750000
vt 0.229167 0.750000
vt 0.208333 0.750000
vt 0.937500 0.750000
vt 0.958333 0.750000
vt 0.937500 0.750000
vt 0.687500 0.750000
vt 0.708333 0.750000
vt 0.270833 0.750000
vt 0.291667 0.750000
vt 0.291667 0.750000
vt 0.791667 0.750000
vt 0.812500 0.750000
vt 0.812500 0.750000
vt 0.791667 0.750000
vt 0.145833 0.750000
vt 0.166667 0.750000
vt 0.145833 0.750000
vt 0.833333 0.750000
vt 0.833333 0.750000
vt 0.333333 0.750000
vt 0.354167 0.750000
vt 0.354167 0.750000
vt 0.333333 0.750000
vt 0.770833 0.750000
vt 0.312500 0.750000
vt 0.312500 0.750000
vt 0.875000 0.750000
vt 0.895833 0.750000
vt 0.895833 0.750000
vt 0.875000 0.750000
vt 0.916667 0.750000
vt 0.187500 0.750000
vt 0.187500 0.750000
vt 0.062500 0.750000
vt 0.083333 0.750000
vt 0.729167 0.750000
vt 0.666667 0.750000
vt 0.666667 0.750000
vt 0.458333 0.750000
vt 0.479167 0.750000
vt 0.479167 0.750000
vt 0.458333 0.750000
vt 0.395833 0.750000
vt 0.416667 0.750000
vt 0.395833 0.750000
vt 0.500000 0.750000
vt 0.520833 0.750000
vt 0.520833 0.750000
vt 0.750000 0.750000
vt 0.750000 0.750000
vt 0.020833 0.750000
vt 0.854167 0.750000
vt 0.854167 0.750000
vt 0.250000 0.750000
vt 0.250000 0.750000
vt 0.437500 0.750000
vt 0.104167 0.750000
vt 0.125000 0.750000
vt 0.125000 0.750000
vt 0.041667 0.750000
vt 0.041667 0.750000
vt 0.541667 0.750000
vt 0.562500 0.750000
vt 0.541667 0.750000
vt 0.375000 0.750000
vt 0.375000 0.750000
vt 0.645833 0.750000
vt 0.645833 0.750000
vt 0.604167 0.750000
vt 0.625000 0.750000
vt 0.583333 0.750000
vt 0.208333 0.750000
vt 0.208333 0.750000
vt 0.229167 0.750000
vt 0.979167 0.750000
vt 0.708333 0.750000
vt 0.687500 0.750000
vt 0.687500 0.750000
vt 0.937500 0.750000
vt 0.958333 0.750000
vt 0.958333 0.750000
vt 0.937500 0.750000
vt 0.958333 0.750000
vt 0.291667 0.750000
vt 0.937500 0.750000
vt 0.291667 0.750000
vt 0.270833 0.750000
vt 0.145833 0.750000
vt 0.791667 0.750000
vt 0.812500 0.750000
vt 0.145833 0.750000
vt 0.166667 0.750000
vt 0.833333 0.750000
vt 0.354167 0.750000
vt 0.833333 0.750000
vt 0.312500 0.750000
vt 0.312500 0.750000
vt 0.770833 0.750000
vt 0.770833 0.750000
vt 0.770833 0.750000
vt 0.875000 0.750000
vt 0.916667 0.750000
vt 0.895833 0.750000
vt 0.916667 0.750000
vt 0.875000 0.750000
vt 0.875000 0.750000
vt 0.729167 0.750000
vt 0.187500 0.750000
vt 0.062500 0.750000
vt 0.062500 0.750000
vt 0.083333 0.750000
vt 0.666667 0.750000
vt 0.729167 0.750000
vt 0.479167 0.750000
vt 0.729167 0.750000
vt 0.458333 0.750000
vt 0.479167 0.750000
vt 0.479167 0.750000
vt 0.666667 0.750000
vt 0.395833 0.750000
vt 0.416667 0.750000
vt 0.395833 0.750000
vt 0.395833 0.750000
vt 0.520833 0.750000
vt 0.500000 0.750000
vt 0.395833 0.750000
vt 0.416667 0.750000
vt 0.020833 0.750000
vt 0.750000 0.750000
vt 0.854167 0.750000
vt 0.854167 0.750000
vt 0.854167 0.750000
vt 0.250000 0.750000
vt 0.020833 0.750000
vt 0.250000 0.750000
vt 0.104167 0.750000
vt 0.104167 0.750000
vt 0.437500 0.750000
vt 0.125000 0.750000
vt 0.437500 0.750000
vt 0.104167 0.750000
vt 0.041667 0.750000
vt 0.041667 0.750000
vt 0.041667 0.750000
vt 0.541667 0.750000
vt 0.645833 0.750000
vt 0.645833 0.750000
vt 0.645833 0.750000
vt 0.604167 0.750000
vt 0.604167 0.750000
vt 0.604167 0.750000
vt 0.604167 0.750000
vt 0.625000 0.750000
vt 0.703178 0.485388
vt 0.750000 0.490000
vt 0.796822 0.485388
vt 0.841844 0.471731
vt 0.883337 0.449553
vt 0.919706 0.419706
vt 0.949553 0.383337
vt 0.971731 0.341844
vt 0.985388 0.296822
vt 0.990000 0.250000
vt 0.985388 0.203178
vt 0.971731 0.158156
vt 0.949553 0.116663
vt 0.919706 0.080294
vt 0.883337 0.050447
vt 0.841844 0.028269
vt 0.796822 0.014612
vt 0.750000 0.010000
vt 0.703178 0.014612
vt 0.658156 0.028269
vt 0.616663 0.050447
vt 0.580294 0.080294
vt 0.550447 0.116663
vt 0.528269 0.158156
vt 0.514612 0.203178
vt 0.510000 0.250000
vt 0.514612 0.296822
vt 0.528269 0.341844
vt 0.550447 0.383337
vt 0.580294 0.419706
vt 0.616663 0.449553
vt 0.658156 0.471731
vt 0.031250 0.500000
vt 0.031250 0.533333
vt 0.000000 0.533333
vt 0.000000 0.500000
vt 0.062500 0.500000
vt 0.062500 0.533333
vt 0.093750 0.500000
vt 0.093750 0.533333
vt 0.125000 0.500000
vt 0.125000 0.533333
vt 0.156250 0.500000
vt 0.156250 0.533333
vt 0.187500 0.500000
vt 0.187500 0.533333
vt 0.218750 0.500000
vt 0.218750 0.533333
vt 0.250000 0.500000
vt 0.250000 0.533333
vt 0.281250 0.500000
vt 0.281250 0.533333
vt 0.312500 0.500000
vt 0.312500 0.533333
vt 0.343750 0.500000
vt 0.343750 0.533333
vt 0.375000 0.500000
vt 0.375000 0.533333
vt 0.406250 0.500000
vt 0.406250 0.533333
vt 0.437500 0.500000
vt 0.437500 0.533333
vt 0.468750 0.500000
vt 0.468750 0.533333
vt 0.500000 0.500000
vt 0.500000 0.533333
vt 0.531250 0.500000
vt 0.531250 0.533333
vt 0.562500 0.500000
vt 0.562500 0.533333
vt 0.593750 0.500000
vt 0.593750 0.533333
vt 0.625000 0.500000
vt 0.625000 0.533333
vt 0.656250 0.500000
vt 0.656250 0.533333
vt 0.687500 0.500000
vt 0.687500 0.533333
vt 0.718750 0.500000
vt 0.718750 0.533333
vt 0.750000 0.500000
vt 0.750000 0.533333
vt 0.781250 0.500000
vt 0.781250 0.533333
vt 0.812500 0.500000
vt 0.812500 0.533333
vt 0.843750 0.500000
vt 0.843750 0.533333
vt 0.875000 0.500000
vt 0.875000 0.533333
vt 0.906250 0.500000
vt 0.906250 0.533333
vt 0.937500 0.500000
vt 0.937500 0.533333
vt 0.968750 0.500000
vt 0.968750 0.533333
vt 1.000000 0.500000
vt 1.000000 0.533333
vt 0.031250 0.556962
vt 0.000000 0.556962
vt 0.062500 0.556962
vt 0.093750 0.556962
vt 0.125000 0.556962
vt 0.156250 0.556962
vt 0.187500 0.556962
vt 0.218750 0.556962
vt 0.250000 0.556962
vt 0.281250 0.556962
vt 0.312500 0.556962
vt 0.343750 0.556962
vt 0.375000 0.556962
vt 0.406250 0.556962
vt 0.437500 0.556962
vt 0.468750 0.556962
vt 0.500000 0.556962
vt 0.531250 0.556962
vt 0.562500 0.556962
vt 0.593750 0.556962
vt 0.625000 0.556962
vt 0.656250 0.556962
vt 0.687500 0.556962
vt 0.718750 0.556962
vt 0.750000 0.556962
vt 0.781250 0.556962
vt 0.812500 0.556962
vt 0.843750 0.556962
vt 0.875000 0.556962
vt 0.906250 0.556962
vt 0.937500 0.556962
vt 0.968750 0.556962
vt 1.000000 0.556962
vt 0.520833 0.500000
vt 0.520833 0.583333
vt 0.500000 0.583333
vt 0.520833 0.666667
vt 0.500000 0.666667
vt 0.500000 0.727124
vt 0.520833 0.727124
vt 0.500000 0.416667
vt 0.520833 0.416667
vt 0.541667 0.500000
vt 0.541667 0.583333
vt 0.541667 0.666667
vt 0.541667 0.727124
vt 0.541667 0.750000
vt 0.541667 0.416667
vt 0.562500 0.583333
vt 0.562500 0.666667
vt 0.562500 0.727124
vt 0.562500 0.416667
vt 0.583333 0.500000
vt 0.583333 0.583333
vt 0.583333 0.666667
vt 0.583333 0.727124
vt 0.583333 0.750000
vt 0.583333 0.416667
vt 0.604167 0.500000
vt 0.604167 0.583333
vt 0.604167 0.666667
vt 0.604167 0.727124
vt 0.604167 0.750000
vt 0.604167 0.416667
vt 0.625000 0.583333
vt 0.625000 0.666667
vt 0.625000 0.727124
vt 0.625000 0.416667
vt 0.645833 0.500000
vt 0.645833 0.583333
vt 0.645833 0.666667
vt 0.645833 0.727124
vt 0.645833 0.750000
vt 0.645833 0.416667
vt 0.666667 0.500000
vt 0.666667 0.583333
vt 0.666667 0.666667
vt 0.666667 0.727124
vt 0.666667 0.750000
vt 0.666667 0.416667
vt 0.687500 0.583333
vt 0.687500 0.666667
vt 0.687500 0.727124
vt 0.687500 0.416667
vt 0.708333 0.500000
vt 0.708333 0.583333
vt 0.708333 0.666667
vt 0.708333 0.727124
vt 0.708333 0.750000
vt 0.708333 0.416667
vt 0.729167 0.500000
vt 0.729167 0.583333
vt 0.729167 0.666667
vt 0.729167 0.727124
vt 0.729167 0.750000
vt 0.729167 0.416667
vt 0.750000 0.583333
vt 0.750000 0.666667
vt 0.750000 0.727124
vt 0.750000 0.416667
vt 0.770833 0.500000
vt 0.770833 0.583333
vt 0.770833 0.666667
vt 0.770833 0.727124
vt 0.770833 0.416667
vt 0.791667 0.500000
vt 0.791667 0.583333
vt 0.791667 0.666667
vt 0.791667 0.727124
vt 0.791667 0.750000
vt 0.791667 0.416667
vt 0.812500 0.583333
vt 0.812500 0.666667
vt 0.812500 0.727124
vt 0.812500 0.750000
vt 0.812500 0.416667
vt 0.833333 0.500000
vt 0.833333 0.583333
vt 0.833333 0.666667
vt 0.833333 0.727124
vt 0.833333 0.416667
vt 0.854167 0.500000
vt 0.854167 0.583333
vt 0.854167 0.666667
vt 0.854167 0.727124
vt 0.854167 0.416667
vt 0.875000 0.583333
vt 0.875000 0.666667
vt 0.875000 0.727124
vt 0.875000 0.416667
vt 0.895833 0.500000
vt 0.895833 0.583333
vt 0.895833 0.666667
vt 0.895833 0.727124
vt 0.895833 0.750000
vt 0.895833 0.416667
vt 0.916667 0.500000
vt 0.916667 0.583333
vt 0.916667 0.666667
vt 0.916667 0.727124
vt 0.916667 0.416667
vt 0.937500 0.583333
vt 0.937500 0.666667
vt 0.937500 0.727124
vt 0.937500 0.416667
vt 0.958333 0.500000
vt 0.958333 0.583333
vt 0.958333 0.666667
vt 0.958333 0.727124
vt 0.958333 0.416667
vt 0.979167 0.500000
vt 0.979167 0.583333
vt 0.979167 0.666667
vt 0.979167 0.727124
vt 0.979167 0.750000
vt 0.500000 0.699346
vt 0.520833 0.699347
vt 0.979167 0.416667
vt 1.000000 0.583333
vt 1.000000 0.666667
vt 1.000000 0.727124
vt 1.000000 0.750000
vt 0.541667 0.699346
vt 0.562500 0.699346
vt 1.000000 0.416667
vt 0.000000 0.500000
vt 0.020833 0.500000
vt 0.020833 0.583333
vt 0.000000 0.583333
vt 0.020833 0.666667
vt 0.000000 0.666667
vt 0.000000 0.727124
vt 0.020833 0.727124
vt 0.020833 0.750000
vt 0.000000 0.750000
vt 0.583333 0.699346
vt 0.604167 0.699346
vt 0.000000 0.416667
vt 0.020833 0.416667
vt 0.041667 0.500000
vt 0.041667 0.583333
vt 0.041667 0.666667
vt 0.041667 0.727124
vt 0.041667 0.750000
vt 0.625000 0.699346
vt 0.645833 0.699346
vt 0.041667 0.416667
vt 0.062500 0.583333
vt 0.062500 0.666667
vt 0.062500 0.727124
vt 0.666667 0.699346
vt 0.687500 0.699346
vt 0.062500 0.416667
vt 0.083333 0.500000
vt 0.083333 0.583333
vt 0.083333 0.666667
vt 0.083333 0.727124
vt 0.708333 0.699346
vt 0.729167 0.699346
vt 0.083333 0.416667
vt 0.104167 0.500000
vt 0.104167 0.583333
vt 0.104167 0.666667
vt 0.104167 0.727124
vt 0.104167 0.750000
vt 0.750000 0.699346
vt 0.770833 0.699346
vt 0.104167 0.416667
vt 0.125000 0.583333
vt 0.125000 0.666667
vt 0.125000 0.727124
vt 0.791667 0.699346
vt 0.812500 0.699346
vt 0.125000 0.416667
vt 0.145833 0.500000
vt 0.145833 0.583333
vt 0.145833 0.666667
vt 0.145833 0.727124
vt 0.833333 0.699346
vt 0.854167 0.699346
vt 0.145833 0.416667
vt 0.166667 0.500000
vt 0.166667 0.583333
vt 0.166667 0.666667
vt 0.166667 0.727124
vt 0.166667 0.750000
vt 0.875000 0.699346
vt 0.895833 0.699346
vt 0.166667 0.416667
vt 0.187500 0.583333
vt 0.187500 0.666667
vt 0.187500 0.727124
vt 0.916667 0.699346
vt 0.937500 0.699346
vt 0.187500 0.416667
vt 0.208333 0.500000
vt 0.208333 0.583333
vt 0.208333 0.666667
vt 0.208333 0.727124
vt 0.958333 0.699346
vt 0.979167 0.699346
vt 0.208333 0.416667
vt 0.229167 0.500000
vt 0.229167 0.583333
vt 0.229167 0.666667
vt 0.229167 0.727124
vt 0.229167 0.750000
vt 1.000000 0.699346
vt 0.000000 0.699346
vt 0.020833 0.699346
vt 0.229167 0.416667
vt 0.250000 0.583333
vt 0.250000 0.666667
vt 0.250000 0.727124
vt 0.041667 0.699346
vt 0.062500 0.699346
vt 0.250000 0.416667
vt 0.270833 0.500000
vt 0.270833 0.583333
vt 0.270833 0.666667
vt 0.270833 0.727124
vt 0.270833 0.750000
vt 0.083333 0.699346
vt 0.104167 0.699346
vt 0.270833 0.416667
vt 0.291667 0.500000
vt 0.291667 0.583333
vt 0.291667 0.666667
vt 0.291667 0.727124
vt 0.125000 0.699346
vt 0.145833 0.699346
vt 0.291667 0.416667
vt 0.312500 0.583333
vt 0.312500 0.666667
vt 0.312500 0.727124
vt 0.166667 0.699346
vt 0.187500 0.699346
vt 0.312500 0.416667
vt 0.333333 0.500000
vt 0.333333 0.583333
vt 0.333333 0.666667
vt 0.333333 0.727124
vt 0.208333 0.699346
vt 0.229167 0.699347
vt 0.333333 0.416667
vt 0.354167 0.500000
vt 0.354167 0.583333
vt 0.354167 0.666667
vt 0.354167 0.727124
vt 0.250000 0.699346
vt 0.270833 0.699346
vt 0.354167 0.416667
vt 0.375000 0.583333
vt 0.375000 0.666667
vt 0.375000 0.727124
vt 0.375000 0.750000
vt 0.291667 0.699346
vt 0.312500 0.699346
vt 0.375000 0.416667
vt 0.395833 0.500000
vt 0.395833 0.583333
vt 0.395833 0.666667
vt 0.395833 0.727124
vt 0.395833 0.750000
vt 0.333333 0.699346
vt 0.354167 0.699346
vt 0.395833 0.416667
vt 0.416667 0.500000
vt 0.416667 0.583333
vt 0.416667 0.666667
vt 0.416667 0.727124
vt 0.416667 0.750000
vt 0.375000 0.699346
vt 0.395833 0.699346
vt 0.416667 0.416667
vt 0.437500 0.583333
vt 0.437500 0.666667
vt 0.437500 0.727124
vt 0.416667 0.699346
vt 0.437500 0.699346
vt 0.437500 0.416667
vt 0.458333 0.500000
vt 0.458333 0.583333
vt 0.458333 0.666667
vt 0.458333 0.727124
vt 0.458333 0.750000
vt 0.458333 0.699346
vt 0.479167 0.699346
vt 0.479167 0.727124
vt 0.458333 0.416667
vt 0.479167 0.500000
vt 0.479167 0.583333
vt 0.479167 0.666667
vt 0.479167 0.750000
vt 0.479167 0.416667
vt 0.125000 0.750000
vt 0.479167 0.750000
vt 0.270833 0.750000
vt 0.000000 0.750000
vt 0.979167 0.750000
vt 0.062500 0.750000
vt 0.041667 0.750000
vt 0.437500 0.750000
vt 0.416667 0.750000
vt 0.416667 0.750000
vt 0.958333 0.750000
vt 0.937500 0.750000
vt 0.916667 0.750000
vt 0.916667 0.750000
vt 0.458333 0.750000
vt 0.458333 0.750000
vt 0.854167 0.750000
vt 0.833333 0.750000
vt 0.895833 0.750000
vt 0.687500 0.750000
vt 0.666667 0.750000
vt 0.812500 0.750000
vt 0.875000 0.750000
vt 0.604167 0.750000
vt 0.583333 0.750000
vt 0.729167 0.750000
vt 0.729167 0.750000
vt 0.791667 0.750000
vt 0.520833 0.750000
vt 0.708333 0.750000
vt 0.354167 0.750000
vt 0.562500 0.750000
vt 0.562500 0.750000
vt 0.625000 0.750000
vt 0.625000 0.750000
vt 0.541667 0.750000
vt 0.541667 0.750000
vt 0.166667 0.750000
vt 0.166667 0.750000
vt 0.229167 0.750000
vt 0.229167 0.750000
vt 0.229167 0.750000
vt 0.083333 0.750000
vt 0.499801 0.500000
vt 0.520634 0.500000
vt 0.520634 0.583364
vt 0.500000 0.582592
vt 0.520635 0.666716
vt 0.499801 0.666716
vt 0.499807 0.333292
vt 0.520833 0.334126
vt 0.520833 0.415928
vt 0.500000 0.417408
vt 0.541667 0.500740
vt 0.541667 0.582592
vt 0.541667 0.665925
vt 0.541667 0.334126
vt 0.541667 0.415928
vt 0.562500 0.500740
vt 0.562500 0.582592
vt 0.562500 0.665925
vt 0.562307 0.333292
vt 0.562301 0.416636
vt 0.583333 0.500740
vt 0.583333 0.582592
vt 0.583333 0.665925
vt 0.583333 0.334126
vt 0.583333 0.417408
vt 0.603968 0.500000
vt 0.603968 0.583364
vt 0.603968 0.666716
vt 0.604167 0.334126
vt 0.604167 0.415928
vt 0.625000 0.500740
vt 0.625000 0.582592
vt 0.625000 0.665925
vt 0.625000 0.334126
vt 0.625000 0.415928
vt 0.645833 0.500740
vt 0.645833 0.582592
vt 0.645833 0.665925
vt 0.645641 0.333292
vt 0.645634 0.416636
vt 0.666667 0.500740
vt 0.666667 0.582592
vt 0.666667 0.665925
vt 0.666667 0.334126
vt 0.666667 0.417408
vt 0.687301 0.500000
vt 0.687301 0.583364
vt 0.687301 0.666716
vt 0.687500 0.334126
vt 0.687500 0.415928
vt 0.708333 0.500740
vt 0.708333 0.582592
vt 0.708333 0.665925
vt 0.708333 0.334126
vt 0.708333 0.415928
vt 0.729167 0.500740
vt 0.729167 0.582592
vt 0.729167 0.665925
vt 0.728974 0.333292
vt 0.728968 0.416636
vt 0.750000 0.500740
vt 0.750000 0.582592
vt 0.750000 0.665925
vt 0.750000 0.334126
vt 0.750000 0.417408
vt 0.770634 0.500000
vt 0.770634 0.583364
vt 0.770635 0.666716
vt 0.770833 0.334126
vt 0.770833 0.415928
vt 0.791667 0.500740
vt 0.791667 0.582592
vt 0.791667 0.665925
vt 0.791667 0.334126
vt 0.791667 0.415928
vt 0.812500 0.500740
vt 0.812500 0.582592
vt 0.812500 0.665925
vt 0.812307 0.333292
vt 0.812301 0.416636
vt 0.833333 0.500740
vt 0.833333 0.582592
vt 0.833333 0.665925
vt 0.833333 0.334126
vt 0.833333 0.417408
vt 0.853968 0.500000
vt 0.853968 0.583364
vt 0.853968 0.666716
vt 0.854167 0.334126
vt 0.854167 0.415928
vt 0.875000 0.500740
vt 0.875000 0.582592
vt 0.875000 0.665925
vt 0.875000 0.334126
vt 0.875000 0.415928
vt 0.895833 0.500740
vt 0.895833 0.582592
vt 0.895833 0.665925
vt 0.895641 0.333292
vt 0.895634 0.416636
vt 0.916667 0.500740
vt 0.916667 0.582592
vt 0.916667 0.665925
vt 0.916667 0.334126
vt 0.916667 0.417408
vt 0.937301 0.500000
vt 0.937301 0.583364
vt 0.937301 0.666716
vt 0.937500 0.334126
vt 0.937699 0.416636
vt 0.958333 0.500740
vt 0.958333 0.584072
vt 0.958333 0.665925
vt 0.958333 0.334126
vt 0.958532 0.416636
vt 0.979167 0.500740
vt 0.979167 0.584072
vt 0.979167 0.665925
vt 0.978974 0.333292
vt 0.978968 0.416636
vt 0.999999 0.500740
vt 0.999996 0.584072
vt 1.000005 0.665925
vt 1.000000 0.334126
vt 1.000002 0.417408
vt 0.000001 0.500740
vt 0.020634 0.500000
vt 0.020634 0.583364
vt 0.000004 0.584072
vt 0.020635 0.666716
vt -0.000005 0.665925
vt 0.000000 0.334126
vt 0.020833 0.334126
vt 0.021032 0.416636
vt -0.000002 0.417408
vt 0.041667 0.500740
vt 0.041667 0.584072
vt 0.041667 0.665925
vt 0.041667 0.334126
vt 0.041866 0.416636
vt 0.062500 0.500740
vt 0.062500 0.584072
vt 0.062500 0.665925
vt 0.062307 0.333292
vt 0.062301 0.416636
vt 0.083333 0.500740
vt 0.083333 0.584072
vt 0.083333 0.665925
vt 0.083333 0.334126
vt 0.083333 0.417408
vt 0.103968 0.500000
vt 0.103968 0.583364
vt 0.103968 0.666716
vt 0.104167 0.334126
vt 0.104366 0.416636
vt 0.125000 0.500740
vt 0.125000 0.584072
vt 0.125000 0.665925
vt 0.125000 0.334126
vt 0.125199 0.416636
vt 0.145833 0.500740
vt 0.145833 0.584072
vt 0.145833 0.665925
vt 0.145641 0.333292
vt 0.145634 0.416636
vt 0.166667 0.500740
vt 0.166667 0.584072
vt 0.166667 0.665925
vt 0.166667 0.334126
vt 0.166667 0.417408
vt 0.187301 0.500000
vt 0.187301 0.583364
vt 0.187301 0.666716
vt 0.187500 0.334126
vt 0.187699 0.416636
vt 0.208333 0.500740
vt 0.208333 0.584072
vt 0.208333 0.665925
vt 0.208333 0.334126
vt 0.208532 0.416636
vt 0.229167 0.500740
vt 0.229167 0.584072
vt 0.229167 0.665925
vt 0.228974 0.333292
vt 0.228968 0.416636
vt 0.250000 0.500740
vt 0.250000 0.584072
vt 0.250000 0.665925
vt 0.250000 0.334126
vt 0.250000 0.417408
vt 0.270634 0.500000
vt 0.270634 0.583364
vt 0.270635 0.666716
vt 0.270833 0.334126
vt 0.271032 0.416636
vt 0.291667 0.500740
vt 0.291667 0.584072
vt 0.291667 0.665925
vt 0.291667 0.334126
vt 0.291866 0.416636
vt 0.312500 0.500740
vt 0.312500 0.584072
vt 0.312500 0.665925
vt 0.312307 0.333292
vt 0.312301 0.416636
vt 0.333333 0.500740
vt 0.333333 0.584072
vt 0.333333 0.665925
vt 0.333333 0.334126
vt 0.333333 0.417408
vt 0.353967 0.500000
vt 0.353968 0.583364
vt 0.353968 0.666716
vt 0.354359 0.333292
vt 0.354366 0.416636
vt 0.375000 0.500740
vt 0.375000 0.584072
vt 0.375199 0.666716
vt 0.375000 0.334126
vt 0.375000 0.415928
vt 0.395833 0.500740
vt 0.395833 0.582592
vt 0.395833 0.667404
vt 0.395641 0.333292
vt 0.395634 0.416636
vt 0.416667 0.500740
vt 0.416667 0.582592
vt 0.416667 0.667404
vt 0.416667 0.334126
vt 0.416667 0.417408
vt 0.437301 0.500000
vt 0.437301 0.583364
vt 0.437301 0.666716
vt 0.437500 0.334126
vt 0.437500 0.415928
vt 0.458333 0.500740
vt 0.458333 0.582592
vt 0.458333 0.667404
vt 0.458333 0.334126
vt 0.458333 0.415928
vt 0.479167 0.500740
vt 0.479366 0.583364
vt 0.479365 0.666716
vt 0.478974 0.333292
vt 0.478968 0.416636
vt 0.562500 0.687500
vt 0.625000 0.687500
vt 0.562500 0.937500
vt 0.625000 0.937500
vt 0.625000 1.000000
vt 0.562500 1.000000
vt 0.312500 0.687500
vt 0.375000 0.687500
vt 0.562500 0.062500
vt 0.625000 0.062500
vt 0.625000 0.875000
vt 0.625000 0.812500
vt 0.375000 0.062500
vt 0.375000 0.000000
vt 0.375000 0.937500
vt 0.312500 0.625000
vt 0.375000 0.625000
vt 0.437500 0.937500
vt 0.437500 1.000000
vt 0.375000 1.000000
vt 0.500000 0.937500
vt 0.500000 1.000000
vt 0.437500 0.812500
vt 0.375000 0.812500
vt 0.437500 0.875000
vt 0.375000 0.875000
vt 0.500000 0.750000
vt 0.500000 0.812500
vt 0.500000 0.875000
vt 0.562500 0.812500
vt 0.562500 0.875000
vt 0.437500 0.687500
vt 0.500000 0.687500
vt 0.437500 0.625000
vt 0.500000 0.625000
vt 0.562500 0.625000
vt 0.625000 0.625000
vt 0.437500 0.000000
vt 0.437500 0.062500
vt 0.500000 0.000000
vt 0.500000 0.062500
vt 0.562500 0.000000
vt 0.625000 0.000000
vt 0.687500 0.687500
vt 0.687500 0.625000
vt 0.750000 0.687500
vt 0.875000 0.687500
vt 0.812500 0.687500
vt 0.625000 0.125000
vt 0.437500 0.125000
vt 0.375000 0.125000
vt 0.500000 0.125000
vt 0.562500 0.125000
vt 0.250000 0.625000
vt 0.125000 0.625000
vt 0.000000 0.000000
vt 0.187500 0.625000
s 0
f 137/1/1 291/2/1 91/3/1 43/4/1
f 217/5/2 166/6/2 90/7/2 88/8/2
f 311/9/3 146/10/3 51/10/3 50/11/3
f 187/12/4 216/13/4 72/13/4 71/12/4
f 316/14/5 116/15/5 80/16/5 70/14/5
f 127/17/6 156/18/6 59/19/6 67/20/6
f 321/21/7 246/22/7 87/22/7 86/23/7
f 156/18/8 147/24/8 55/25/8 59/19/8
f 176/26/9 167/27/9 93/28/9 74/29/9
f 146/10/10 137/1/10 43/4/10 51/10/10
f 136/30/11 127/17/11 67/20/11 66/30/11
f 116/15/12 107/31/12 82/32/12 80/16/12
f 106/33/13 97/34/13 56/35/13 62/36/13
f 97/34/14 257/37/14 52/37/14 56/35/14
f 246/22/15 226/38/15 76/39/15 87/22/15
f 236/40/16 227/41/16 96/41/16 95/40/16
f 216/13/17 207/42/17 64/42/17 72/13/17
f 196/43/18 187/12/18 71/12/18 63/44/18
f 126/45/19 117/46/19 45/47/19 54/48/19
f 186/49/20 177/50/20 42/50/20 47/51/20
f 306/52/21 297/53/21 84/54/21 60/52/21
f 107/31/22 176/26/22 74/29/22 82/32/22
f 296/55/23 136/30/23 66/30/23 58/56/23
f 291/2/24 282/57/24 92/57/24 91/3/24
f 281/58/25 106/33/25 62/36/25 61/59/25
f 166/6/26 157/60/26 79/61/26 90/7/26
f 177/50/27 241/62/27 53/62/27 42/50/27
f 332/63/28 331/64/28 44/65/28 83/63/28
f 331/64/29 321/21/29 86/23/29 44/65/29
f 257/37/30 311/9/30 50/11/30 52/37/30
f 147/24/31 281/58/31 61/59/31 55/25/31
f 207/42/32 296/55/32 58/56/32 64/42/32
f 157/60/33 316/14/33 70/14/33 79/61/33
f 117/46/34 306/52/34 60/52/34 45/47/34
f 276/66/35 236/40/35 95/40/35 46/67/35
f 271/68/36 262/69/36 75/69/36 85/70/36
f 167/27/37 252/71/37 94/72/37 93/28/37
f 251/73/38 196/43/38 63/44/38 69/74/38
f 241/62/39 126/45/39 54/48/39 53/62/39
f 226/38/40 217/5/40 88/8/40 76/39/40
f 206/75/41 197/76/41 78/76/41 77/75/41
f 252/71/42 186/49/42 47/51/42 94/72/42
f 282/57/43 276/66/43 46/67/43 92/57/43
f 262/69/44 326/77/44 68/77/44 75/69/44
f 227/41/45 332/63/45 83/63/45 96/41/45
f 326/77/46 206/75/46 77/75/46 68/77/46
f 197/76/47 251/73/47 69/74/47 78/76/47
f 297/53/48 271/68/48 85/70/48 84/54/48
f 219/8/49 164/7/49 165/6/49 218/78/49
f 220/79/50 163/80/50 164/7/50 219/8/50
f 138/1/51 290/3/51 291/2/51 137/1/51
f 221/8/52 162/7/52 163/80/52 220/79/52
f 139/81/53 289/3/53 290/3/53 138/1/53
f 8/8/54 7/7/54 162/7/54 221/8/54
f 140/81/55 288/3/55 289/3/55 139/81/55
f 141/1/56 287/3/56 288/3/56 140/81/56
f 81/4/57 6/3/57 287/3/57 141/1/57
f 218/78/58 165/6/58 166/6/58 217/5/58
f 188/12/59 215/82/59 216/13/59 187/12/59
f 189/83/60 214/13/60 215/82/60 188/12/60
f 190/84/61 213/82/61 214/13/61 189/83/61
f 310/85/62 145/86/62 146/10/62 311/9/62
f 191/84/63 212/13/63 213/82/63 190/84/63
f 309/11/64 144/87/64 145/86/64 310/85/64
f 23/12/65 22/13/65 212/13/65 191/84/65
f 308/88/66 143/89/66 144/87/66 309/11/66
f 315/14/67 115/90/67 116/15/67 316/14/67
f 307/91/68 142/10/68 143/89/68 308/88/68
f 314/14/69 114/16/69 115/90/69 315/14/69
f 48/11/70 41/10/70 142/10/70 307/91/70
f 312/14/71 112/15/71 113/92/71 313/93/71
f 319/23/72 244/22/72 245/22/72 320/23/72
f 24/14/73 15/16/73 112/15/73 312/14/73
f 318/94/74 243/22/74 244/22/74 319/23/74
f 128/95/75 155/96/75 156/18/75 127/17/75
f 317/97/76 242/98/76 243/22/76 318/94/76
f 129/20/77 154/18/77 155/96/77 128/95/77
f 130/20/78 153/96/78 154/18/78 129/20/78
f 131/20/79 152/96/79 153/96/79 130/20/79
f 27/20/80 34/19/80 152/96/80 131/20/80
f 313/93/81 113/92/81 114/16/81 314/14/81
f 320/23/82 245/22/82 246/22/82 321/21/82
f 34/19/83 37/25/83 151/99/83 152/96/83
f 175/29/84 168/27/84 167/27/84 176/26/84
f 174/26/85 169/27/85 168/27/85 175/29/85
f 10/23/86 9/22/86 242/98/86 317/97/86
f 173/29/87 170/100/87 169/27/87 174/26/87
f 155/96/88 148/25/88 147/24/88 156/18/88
f 172/29/89 171/27/89 170/100/89 173/29/89
f 154/18/90 149/101/90 148/25/90 155/96/90
f 21/29/91 4/28/91 171/27/91 172/29/91
f 153/96/92 150/25/92 149/101/92 154/18/92
f 145/86/93 138/1/93 137/1/93 146/10/93
f 152/96/94 151/99/94 150/25/94 153/96/94
f 115/90/95 108/32/95 107/31/95 116/15/95
f 142/10/96 141/1/96 140/81/96 143/89/96
f 114/16/97 109/102/97 108/32/97 115/90/97
f 41/10/98 81/4/98 141/1/98 142/10/98
f 113/92/99 110/103/99 109/102/99 114/16/99
f 135/104/100 128/95/100 127/17/100 136/30/100
f 134/104/101 129/20/101 128/95/101 135/104/101
f 133/105/102 130/20/102 129/20/102 134/104/102
f 132/106/103 131/20/103 130/20/103 133/105/103
f 144/87/104 139/81/104 138/1/104 145/86/104
f 28/30/105 27/20/105 131/20/105 132/106/105
f 143/89/106 140/81/106 139/81/106 144/87/106
f 31/36/107 36/35/107 101/34/107 102/107/107
f 98/34/108 258/108/108 257/37/108 97/34/108
f 112/15/109 111/103/109 110/103/109 113/92/109
f 99/109/110 259/110/110 258/108/110 98/34/110
f 15/16/111 14/32/111 111/103/111 112/15/111
f 100/35/112 260/37/112 259/110/112 99/109/112
f 105/33/113 98/34/113 97/34/113 106/33/113
f 101/34/114 261/37/114 260/37/114 100/35/114
f 104/111/115 99/109/115 98/34/115 105/33/115
f 36/35/116 40/37/116 261/37/116 101/34/116
f 103/112/117 100/35/117 99/109/117 104/111/117
f 102/107/118 101/34/118 100/35/118 103/112/118
f 243/22/119 223/39/119 224/39/119 244/22/119
f 215/82/120 208/113/120 207/42/120 216/13/120
f 242/98/121 222/114/121 223/39/121 243/22/121
f 214/13/122 209/113/122 208/113/122 215/82/122
f 9/22/123 19/39/123 222/114/123 242/98/123
f 235/115/124 228/41/124 227/41/124 236/40/124
f 234/116/125 229/41/125 228/41/125 235/115/125
f 233/40/126 230/41/126 229/41/126 234/116/126
f 245/22/127 225/39/127 226/38/127 246/22/127
f 232/40/128 231/117/128 230/41/128 233/40/128
f 244/22/129 224/39/129 225/39/129 245/22/129
f 2/40/130 1/41/130 231/117/130 232/40/130
f 192/118/131 191/84/131 190/84/131 193/43/131
f 30/44/132 23/12/132 191/84/132 192/118/132
f 213/82/133 210/119/133 209/113/133 214/13/133
f 125/48/134 118/120/134 117/46/134 126/45/134
f 212/13/135 211/121/135 210/119/135 213/82/135
f 124/122/136 119/123/136 118/120/136 125/48/136
f 22/13/137 29/42/137 211/121/137 212/13/137
f 123/48/138 120/124/138 119/123/138 124/122/138
f 195/125/139 188/12/139 187/12/139 196/43/139
f 122/48/140 121/124/140 120/124/140 123/48/140
f 194/43/141 189/83/141 188/12/141 195/125/141
f 193/43/142 190/84/142 189/83/142 194/43/142
f 33/52/143 12/54/143 301/54/143 302/52/143
f 183/126/144 180/127/144 179/50/144 184/128/144
f 108/32/145 175/29/145 176/26/145 107/31/145
f 182/129/146 181/50/146 180/127/146 183/126/146
f 49/51/147 89/50/147 181/50/147 182/129/147
f 305/52/148 298/130/148 297/53/148 306/52/148
f 304/131/149 299/53/149 298/130/149 305/52/149
f 38/48/150 65/47/150 121/124/150 122/48/150
f 303/52/151 300/54/151 299/53/151 304/131/151
f 185/132/152 178/133/152 177/50/152 186/49/152
f 302/52/153 301/54/153 300/54/153 303/52/153
f 184/128/154 179/50/154 178/133/154 185/132/154
f 292/55/155 132/106/155 133/105/155 293/56/155
f 109/102/156 174/26/156 175/29/156 108/32/156
f 35/56/157 28/30/157 132/106/157 292/55/157
f 110/103/158 173/29/158 174/26/158 109/102/158
f 290/3/159 283/57/159 282/57/159 291/2/159
f 111/103/160 172/29/160 173/29/160 110/103/160
f 289/3/161 284/57/161 283/57/161 290/3/161
f 14/32/162 21/29/162 172/29/162 111/103/162
f 288/3/163 285/134/163 284/57/163 289/3/163
f 295/135/164 135/104/164 136/30/164 296/55/164
f 294/55/165 134/104/165 135/104/165 295/135/165
f 293/56/166 133/105/166 134/104/166 294/55/166
f 7/7/167 16/61/167 161/61/167 162/7/167
f 278/136/168 103/112/168 104/111/168 279/137/168
f 277/138/169 102/107/169 103/112/169 278/136/169
f 32/59/170 31/36/170 102/107/170 277/138/170
f 165/6/171 158/139/171 157/60/171 166/6/171
f 287/3/172 286/140/172 285/134/172 288/3/172
f 164/7/173 159/141/173 158/139/173 165/6/173
f 6/3/174 5/57/174 286/140/174 287/3/174
f 163/80/175 160/61/175 159/141/175 164/7/175
f 280/138/176 105/33/176 106/33/176 281/58/176
f 162/7/177 161/61/177 160/61/177 163/80/177
f 279/137/178 104/111/178 105/33/178 280/138/178
f 178/133/179 240/62/179 241/62/179 177/50/179
f 336/142/180 327/65/180 328/65/180 335/143/180
f 179/50/181 239/144/181 240/62/181 178/133/181
f 13/63/182 73/65/182 327/65/182 336/142/182
f 180/127/183 238/62/183 239/144/183 179/50/183
f 330/145/184 320/23/184 321/21/184 331/64/184
f 181/50/185 237/146/185 238/62/185 180/127/185
f 329/145/186 319/23/186 320/23/186 330/145/186
f 89/50/187 39/62/187 237/146/187 181/50/187
f 333/147/188 330/145/188 331/64/188 332/63/188
f 334/143/189 329/145/189 330/145/189 333/147/189
f 335/143/190 328/65/190 329/145/190 334/143/190
f 259/110/191 309/11/191 310/85/191 258/108/191
f 260/37/192 308/88/192 309/11/192 259/110/192
f 261/37/193 307/91/193 308/88/193 260/37/193
f 40/37/194 48/11/194 307/91/194 261/37/194
f 328/65/195 318/94/195 319/23/195 329/145/195
f 148/25/196 280/138/196 281/58/196 147/24/196
f 327/65/197 317/97/197 318/94/197 328/65/197
f 149/101/198 279/137/198 280/138/198 148/25/198
f 73/65/199 10/23/199 317/97/199 327/65/199
f 150/25/200 278/136/200 279/137/200 149/101/200
f 258/108/201 310/85/201 311/9/201 257/37/201
f 151/99/202 277/138/202 278/136/202 150/25/202
f 160/61/203 313/93/203 314/14/203 159/141/203
f 208/113/204 295/135/204 296/55/204 207/42/204
f 161/61/205 312/14/205 313/93/205 160/61/205
f 209/113/206 294/55/206 295/135/206 208/113/206
f 16/61/207 24/14/207 312/14/207 161/61/207
f 210/119/208 293/56/208 294/55/208 209/113/208
f 118/120/209 305/52/209 306/52/209 117/46/209
f 211/121/210 292/55/210 293/56/210 210/119/210
f 29/42/211 35/56/211 292/55/211 211/121/211
f 158/139/212 315/14/212 316/14/212 157/60/212
f 159/141/213 314/14/213 315/14/213 158/139/213
f 37/25/214 32/59/214 277/138/214 151/99/214
f 274/148/215 234/116/215 235/115/215 275/149/215
f 273/150/216 233/40/216 234/116/216 274/148/216
f 272/149/217 232/40/217 233/40/217 273/150/217
f 119/123/218 304/131/218 305/52/218 118/120/218
f 57/67/219 2/40/219 232/40/219 272/149/219
f 120/124/220 303/52/220 304/131/220 119/123/220
f 270/151/221 263/69/221 262/69/221 271/68/221
f 121/124/222 302/52/222 303/52/222 120/124/222
f 269/70/223 264/69/223 263/69/223 270/151/223
f 65/47/224 33/52/224 302/52/224 121/124/224
f 268/70/225 265/69/225 264/69/225 269/70/225
f 275/149/226 235/115/226 236/40/226 276/66/226
f 11/70/227 20/69/227 266/69/227 267/70/227
f 248/152/228 193/43/228 194/43/228 249/74/228
f 168/27/229 253/72/229 252/71/229 167/27/229
f 247/153/230 192/118/230 193/43/230 248/152/230
f 169/27/231 254/71/231 253/72/231 168/27/231
f 25/74/232 30/44/232 192/118/232 247/153/232
f 170/100/233 255/71/233 254/71/233 169/27/233
f 171/27/234 256/72/234 255/71/234 170/100/234
f 4/28/235 3/72/235 256/72/235 171/27/235
f 250/154/236 195/125/236 196/43/236 251/73/236
f 267/70/237 266/69/237 265/69/237 268/70/237
f 249/74/238 194/43/238 195/125/238 250/154/238
f 225/39/239 218/78/239 217/5/239 226/38/239
f 224/39/240 219/8/240 218/78/240 225/39/240
f 223/39/241 220/79/241 219/8/241 224/39/241
f 240/62/242 125/48/242 126/45/242 241/62/242
f 222/114/243 221/8/243 220/79/243 223/39/243
f 239/144/244 124/122/244 125/48/244 240/62/244
f 19/39/245 8/8/245 221/8/245 222/114/245
f 238/62/246 123/48/246 124/122/246 239/144/246
f 205/155/247 198/76/247 197/76/247 206/75/247
f 237/146/248 122/48/248 123/48/248 238/62/248
f 204/156/249 199/76/249 198/76/249 205/155/249
f 39/62/250 38/48/250 122/48/250 237/146/250
f 284/57/251 274/148/251 275/149/251 283/57/251
f 18/75/252 17/76/252 201/76/252 202/157/252
f 285/134/253 273/150/253 274/148/253 284/57/253
f 253/72/254 185/132/254 186/49/254 252/71/254
f 286/140/255 272/149/255 273/150/255 285/134/255
f 254/71/256 184/128/256 185/132/256 253/72/256
f 255/71/257 183/126/257 184/128/257 254/71/257
f 256/72/258 182/129/258 183/126/258 255/71/258
f 3/72/259 49/51/259 182/129/259 256/72/259
f 203/158/260 200/159/260 199/76/260 204/156/260
f 283/57/261 275/149/261 276/66/261 282/57/261
f 202/157/262 201/76/262 200/159/262 203/158/262
f 228/41/263 333/147/263 332/63/263 227/41/263
f 229/41/264 334/143/264 333/147/264 228/41/264
f 5/57/265 57/67/265 272/149/265 286/140/265
f 230/41/266 335/143/266 334/143/266 229/41/266
f 263/69/267 325/77/267 326/77/267 262/69/267
f 231/117/268 336/142/268 335/143/268 230/41/268
f 264/69/269 324/77/269 325/77/269 263/69/269
f 1/41/270 13/63/270 336/142/270 231/117/270
f 265/69/271 323/77/271 324/77/271 264/69/271
f 325/77/272 205/155/272 206/75/272 326/77/272
f 266/69/273 322/77/273 323/77/273 265/69/273
f 20/69/274 26/77/274 322/77/274 266/69/274
f 299/53/275 269/70/275 270/151/275 298/130/275
f 26/77/276 18/75/276 202/157/276 322/77/276
f 300/54/277 268/70/277 269/70/277 299/53/277
f 198/76/278 250/154/278 251/73/278 197/76/278
f 199/76/279 249/74/279 250/154/279 198/76/279
f 200/159/280 248/152/280 249/74/280 199/76/280
f 201/76/281 247/153/281 248/152/281 200/159/281
f 324/77/282 204/156/282 205/155/282 325/77/282
f 17/76/283 25/74/283 247/153/283 201/76/283
f 323/77/284 203/158/284 204/156/284 324/77/284
f 298/130/285 270/151/285 271/68/285 297/53/285
f 322/77/286 202/157/286 203/158/286 323/77/286
f 301/54/287 267/70/287 268/70/287 300/54/287
f 12/54/288 11/70/288 267/70/288 301/54/288
f 368/160/289 337/161/289 338/162/289 339/163/289 340/164/289 341/165/289 342/166/289 343/167/289 344/168/289 345/169/289 346/170/289 347/171/289 348/172/289 349/173/289 350/174/289 351/175/289 352/176/289 353/177/289 354/178/289 355/179/289 356/180/289 357/181/289 358/182/289 359/183/289 360/184/289 361/185/289 362/186/289 363/187/289 364/188/289 365/189/289 366/190/289 367/191/289
f 368/192/290 400/193/290 369/194/290 337/195/290
f 367/196/291 399/197/291 400/193/291 368/192/291
f 366/198/292 398/199/292 399/197/292 367/196/292
f 365/200/293 397/201/293 398/199/293 366/198/293
f 364/202/294 396/203/294 397/201/294 365/200/294
f 363/204/295 395/205/295 396/203/295 364/202/295
f 362/206/296 394/207/296 395/205/296 363/204/296
f 361/208/297 393/209/297 394/207/297 362/206/297
f 360/210/298 392/211/298 393/209/298 361/208/298
f 359/212/299 391/213/299 392/211/299 360/210/299
f 358/214/300 390/215/300 391/213/300 359/212/300
f 357/216/301 389/217/301 390/215/301 358/214/301
f 356/218/302 388/219/302 389/217/302 357/216/302
f 355/220/303 387/221/303 388/219/303 356/218/303
f 354/222/304 386/223/304 387/221/304 355/220/304
f 353/224/305 385/225/305 386/223/305 354/222/305
f 352/226/306 384/227/306 385/225/306 353/224/306
f 351/228/307 383/229/307 384/227/307 352/226/307
f 350/230/308 382/231/308 383/229/308 351/228/308
f 349/232/309 381/233/309 382/231/309 350/230/309
f 348/234/310 380/235/310 381/233/310 349/232/310
f 347/236/311 379/237/311 380/235/311 348/234/311
f 346/238/312 378/239/312 379/237/312 347/236/312
f 345/240/313 377/241/313 378/239/313 346/238/313
f 344/242/314 376/243/314 377/241/314 345/240/314
f 343/244/315 375/245/315 376/243/315 344/242/315
f 342/246/316 374/247/316 375/245/316 343/244/316
f 341/248/317 373/249/317 374/247/317 342/246/317
f 340/250/318 372/251/318 373/249/318 341/248/318
f 339/252/319 371/253/319 372/251/319 340/250/319
f 338/254/320 370/255/320 371/253/320 339/252/320
f 337/256/321 369/257/321 370/255/321 338/254/321
f 400/193/322 432/258/322 401/259/322 369/194/322
f 399/197/323 431/260/323 432/258/323 400/193/323
f 398/199/324 430/261/324 431/260/324 399/197/324
f 397/201/325 429/262/325 430/261/325 398/199/325
f 396/203/326 428/263/326 429/262/326 397/201/326
f 395/205/327 427/264/327 428/263/327 396/203/327
f 394/207/328 426/265/328 427/264/328 395/205/328
f 393/209/329 425/266/329 426/265/329 394/207/329
f 392/211/330 424/267/330 425/266/330 393/209/330
f 391/213/331 423/268/331 424/267/331 392/211/331
f 390/215/332 422/269/332 423/268/332 391/213/332
f 389/217/333 421/270/333 422/269/333 390/215/333
f 388/219/334 420/271/334 421/270/334 389/217/334
f 387/221/335 419/272/335 420/271/335 388/219/335
f 386/223/336 418/273/336 419/272/336 387/221/336
f 385/225/337 417/274/337 418/273/337 386/223/337
f 384/227/338 416/275/338 417/274/338 385/225/338
f 383/229/339 415/276/339 416/275/339 384/227/339
f 382/231/340 414/277/340 415/276/340 383/229/340
f 381/233/341 413/278/341 414/277/341 382/231/341
f 380/235/342 412/279/342 413/278/342 381/233/342
f 379/237/343 411/280/343 412/279/343 380/235/343
f 378/239/344 410/281/344 411/280/344 379/237/344
f 377/241/345 409/282/345 410/281/345 378/239/345
f 376/243/346 408/283/346 409/282/346 377/241/346
f 375/245/347 407/284/347 408/283/347 376/243/347
f 374/247/348 406/285/348 407/284/348 375/245/348
f 373/249/349 405/286/349 406/285/349 374/247/349
f 372/251/350 404/287/350 405/286/350 373/249/350
f 371/253/351 403/288/351 404/287/351 372/251/351
f 370/255/352 402/289/352 403/288/352 371/253/352
f 369/257/353 401/290/353 402/289/353 370/255/353
f 433/224/354 438/291/354 439/292/354 434/293/354
f 434/293/355 439/292/355 440/294/355 435/295/355
f 764/296/356 602/297/356 441/54/356 436/52/356
f 437/298/357 442/299/357 438/291/357 433/224/357
f 438/291/358 443/300/358 444/301/358 439/292/358
f 439/292/359 444/301/359 445/302/359 440/294/359
f 602/297/360 656/303/360 446/304/360 441/54/360
f 442/299/361 447/305/361 443/300/361 438/291/361
f 443/300/362 448/228/362 449/306/362 444/301/362
f 444/301/363 449/306/363 450/307/363 445/302/363
f 656/303/364 703/308/364 451/69/364 446/304/364
f 447/305/365 452/309/365 448/228/365 443/300/365
f 448/228/366 453/310/366 454/311/366 449/306/366
f 449/306/367 454/311/367 455/312/367 450/307/367
f 703/308/368 757/313/368 456/314/368 451/69/368
f 452/309/369 457/315/369 453/310/369 448/228/369
f 453/310/370 458/316/370 459/317/370 454/311/370
f 454/311/371 459/317/371 460/318/371 455/312/371
f 757/313/372 595/319/372 461/320/372 456/314/372
f 457/315/373 462/321/373 458/316/373 453/310/373
f 458/316/374 463/232/374 464/322/374 459/317/374
f 459/317/375 464/322/375 465/323/375 460/318/375
f 595/319/376 649/324/376 466/76/376 461/320/376
f 462/321/377 467/325/377 463/232/377 458/316/377
f 463/232/378 468/326/378 469/327/378 464/322/378
f 464/322/379 469/327/379 470/328/379 465/323/379
f 649/324/380 701/329/380 471/330/380 466/76/380
f 467/325/381 472/331/381 468/326/381 463/232/381
f 468/326/382 473/332/382 474/333/382 469/327/382
f 469/327/383 474/333/383 475/334/383 470/328/383
f 701/329/384 755/335/384 476/336/384 471/330/384
f 472/331/385 477/337/385 473/332/385 468/326/385
f 473/332/386 478/236/386 479/338/386 474/333/386
f 474/333/387 479/338/387 480/339/387 475/334/387
f 755/335/388 593/340/388 481/12/388 476/336/388
f 477/337/389 482/341/389 478/236/389 473/332/389
f 478/236/390 483/342/390 484/343/390 479/338/390
f 479/338/391 484/343/391 485/344/391 480/339/391
f 593/340/392 647/345/392 486/346/392 481/12/392
f 482/341/393 487/347/393 483/342/393 478/236/393
f 483/342/394 488/348/394 489/349/394 484/343/394
f 484/343/395 489/349/395 490/350/395 485/344/395
f 647/345/396 694/351/396 491/352/396 486/346/396
f 487/347/397 492/353/397 488/348/397 483/342/397
f 488/348/398 493/240/398 494/354/398 489/349/398
f 489/349/399 494/354/399 495/355/399 490/350/399
f 694/351/400 748/356/400 496/55/400 491/352/400
f 492/353/401 497/357/401 493/240/401 488/348/401
f 493/240/402 498/358/402 499/359/402 494/354/402
f 494/354/403 499/359/403 500/360/403 495/355/403
f 748/356/404 586/361/404 501/30/404 496/55/404
f 497/357/405 502/362/405 498/358/405 493/240/405
f 498/358/406 503/363/406 504/364/406 499/359/406
f 499/359/407 504/364/407 505/365/407 500/360/407
f 586/361/408 640/366/408 506/367/408 501/30/408
f 502/362/409 507/368/409 503/363/409 498/358/409
f 503/363/410 508/244/410 509/369/410 504/364/410
f 504/364/411 509/369/411 510/370/411 505/365/411
f 640/366/412 692/371/412 511/372/412 506/367/412
f 507/368/413 512/373/413 508/244/413 503/363/413
f 508/244/414 513/374/414 514/375/414 509/369/414
f 509/369/415 514/375/415 515/376/415 510/370/415
f 692/371/416 746/377/416 516/24/416 511/372/416
f 512/373/417 517/378/417 513/374/417 508/244/417
f 513/374/418 518/379/418 519/380/418 514/375/418
f 514/375/419 519/380/419 520/381/419 515/376/419
f 746/377/420 584/382/420 521/59/420 516/24/420
f 517/378/421 522/383/421 518/379/421 513/374/421
f 518/379/422 523/248/422 524/384/422 519/380/422
f 519/380/423 524/384/423 525/385/423 520/381/423
f 584/382/424 638/386/424 526/33/424 521/59/424
f 522/383/425 527/387/425 523/248/425 518/379/425
f 523/248/426 528/388/426 529/389/426 524/384/426
f 524/384/427 529/389/427 530/390/427 525/385/427
f 638/386/428 685/391/428 531/392/428 526/33/428
f 527/387/429 532/393/429 528/388/429 523/248/429
f 528/388/430 533/394/430 534/395/430 529/389/430
f 529/389/431 534/395/431 535/396/431 530/390/431
f 685/391/432 739/397/432 536/108/432 531/392/432
f 532/393/433 537/398/433 533/394/433 528/388/433
f 533/394/434 538/252/434 539/399/434 534/395/434
f 534/395/435 539/399/435 540/400/435 535/396/435
f 739/397/436 577/401/436 541/88/436 536/108/436
f 537/398/437 542/402/437 538/252/437 533/394/437
f 538/252/438 543/403/438 544/404/438 539/399/438
f 539/399/439 544/404/439 545/405/439 540/400/439
f 577/401/440 631/406/440 546/87/440 541/88/440
f 542/402/441 547/407/441 543/403/441 538/252/441
f 543/403/442 548/408/442 549/409/442 544/404/442
f 544/404/443 549/409/443 550/410/443 545/405/443
f 631/406/444 683/411/444 551/412/444 546/87/444
f 765/413/445 603/414/445 602/297/445 764/296/445
f 547/407/446 552/415/446 548/408/446 543/403/446
f 548/408/447 553/256/447 554/416/447 549/409/447
f 549/409/448 554/416/448 555/417/448 550/410/448
f 683/411/449 737/418/449 556/419/449 551/412/449
f 435/295/450 440/294/450 603/414/450 765/413/450
f 603/414/451 657/420/451 656/303/451 602/297/451
f 440/294/452 445/302/452 657/420/452 603/414/452
f 657/420/453 704/421/453 703/308/453 656/303/453
f 552/415/454 561/422/454 553/256/454 548/408/454
f 553/423/455 562/424/455 563/425/455 554/426/455
f 554/426/456 563/425/456 564/427/456 555/428/456
f 737/429/457 575/430/457 565/431/457 556/432/457
f 445/302/458 450/307/458 704/421/458 657/420/458
f 704/421/459 758/433/459 757/313/459 703/308/459
f 450/307/460 455/312/460 758/433/460 704/421/460
f 758/433/461 596/434/461 595/319/461 757/313/461
f 561/435/462 570/436/462 562/424/462 553/423/462
f 562/424/463 571/437/463 572/438/463 563/425/463
f 563/425/464 572/438/464 573/439/464 564/427/464
f 575/430/465 629/440/465 574/441/465 565/431/465
f 596/434/466 650/442/466 649/324/466 595/319/466
f 455/312/467 460/318/467 596/434/467 758/433/467
f 460/318/468 465/323/468 650/442/468 596/434/468
f 650/442/469 702/443/469 701/329/469 649/324/469
f 570/436/470 579/444/470 571/437/470 562/424/470
f 571/437/471 580/196/471 581/445/471 572/438/471
f 572/438/472 581/445/472 582/446/472 573/439/472
f 629/440/473 676/447/473 583/40/473 574/441/473
f 465/323/474 470/328/474 702/443/474 650/442/474
f 702/443/475 756/448/475 755/335/475 701/329/475
f 470/328/476 475/334/476 756/448/476 702/443/476
f 756/448/477 594/449/477 593/340/477 755/335/477
f 579/444/478 588/450/478 580/196/478 571/437/478
f 580/196/479 589/451/479 590/452/479 581/445/479
f 581/445/480 590/452/480 591/453/480 582/446/480
f 676/447/481 730/454/481 592/117/481 583/40/481
f 475/334/482 480/339/482 594/449/482 756/448/482
f 594/449/483 648/455/483 647/345/483 593/340/483
f 480/339/484 485/344/484 648/455/484 594/449/484
f 648/455/485 695/456/485 694/351/485 647/345/485
f 588/450/486 597/457/486 589/451/486 580/196/486
f 589/451/487 598/458/487 599/459/487 590/452/487
f 590/452/488 599/459/488 600/460/488 591/453/488
f 730/454/489 568/461/489 601/462/489 592/117/489
f 485/344/490 490/350/490 695/456/490 648/455/490
f 695/456/491 749/463/491 748/356/491 694/351/491
f 490/350/492 495/355/492 749/463/492 695/456/492
f 749/463/493 587/464/493 586/361/493 748/356/493
f 597/457/494 606/465/494 598/458/494 589/451/494
f 598/458/495 607/200/495 608/466/495 599/459/495
f 599/459/496 608/466/496 609/467/496 600/460/496
f 568/461/497 622/468/497 610/64/497 601/462/497
f 587/464/498 641/469/498 640/366/498 586/361/498
f 495/355/499 500/360/499 587/464/499 749/463/499
f 500/360/500 505/365/500 641/469/500 587/464/500
f 641/469/501 693/470/501 692/371/501 640/366/501
f 606/465/502 615/471/502 607/200/502 598/458/502
f 607/200/503 616/472/503 617/473/503 608/466/503
f 608/466/504 617/473/504 618/474/504 609/467/504
f 622/468/505 674/475/505 619/94/505 610/64/505
f 505/365/506 510/370/506 693/470/506 641/469/506
f 693/470/507 747/476/507 746/377/507 692/371/507
f 510/370/508 515/376/508 747/476/508 693/470/508
f 747/476/509 585/477/509 584/382/509 746/377/509
f 615/471/510 624/478/510 616/472/510 607/200/510
f 616/472/511 625/479/511 626/480/511 617/473/511
f 617/473/512 626/480/512 627/481/512 618/474/512
f 674/475/513 728/482/513 628/483/513 619/94/513
f 515/376/514 520/381/514 585/477/514 747/476/514
f 585/477/515 639/484/515 638/386/515 584/382/515
f 520/381/516 525/385/516 639/484/516 585/477/516
f 639/484/517 686/485/517 685/391/517 638/386/517
f 624/478/518 633/486/518 625/479/518 616/472/518
f 625/479/519 634/204/519 635/487/519 626/480/519
f 626/480/520 635/487/520 636/488/520 627/481/520
f 728/482/521 566/489/521 637/38/521 628/483/521
f 525/385/522 530/390/522 686/485/522 639/484/522
f 686/485/523 740/490/523 739/397/523 685/391/523
f 530/390/524 535/396/524 740/490/524 686/485/524
f 740/490/525 578/491/525 577/401/525 739/397/525
f 633/486/526 642/492/526 634/204/526 625/479/526
f 634/204/527 643/493/527 644/494/527 635/487/527
f 635/487/528 644/494/528 645/495/528 636/488/528
f 566/489/529 620/496/529 646/78/529 637/38/529
f 578/491/530 632/497/530 631/406/530 577/401/530
f 535/396/531 540/400/531 578/491/531 740/490/531
f 540/400/532 545/405/532 632/497/532 578/491/532
f 632/497/533 684/498/533 683/411/533 631/406/533
f 642/492/534 651/499/534 643/493/534 634/204/534
f 643/493/535 652/500/535 653/501/535 644/494/535
f 644/494/536 653/501/536 654/502/536 645/495/536
f 620/496/537 667/503/537 655/504/537 646/78/537
f 545/405/538 550/410/538 684/498/538 632/497/538
f 684/498/539 738/505/539 737/418/539 683/411/539
f 550/410/540 555/417/540 738/505/540 684/498/540
f 738/506/541 576/507/541 575/430/541 737/429/541
f 651/499/542 660/508/542 652/500/542 643/493/542
f 652/500/543 661/208/543 662/509/543 653/501/543
f 653/501/544 662/509/544 663/510/544 654/502/544
f 667/503/545 721/511/545 664/61/545 655/504/545
f 555/428/546 564/427/546 576/507/546 738/506/546
f 576/507/547 630/512/547 629/440/547 575/430/547
f 564/427/548 573/439/548 630/512/548 576/507/548
f 630/512/549 677/513/549 676/447/549 629/440/549
f 660/508/550 669/514/550 661/208/550 652/500/550
f 661/208/551 670/515/551 671/516/551 662/509/551
f 662/509/552 671/516/552 672/517/552 663/510/552
f 721/511/553 559/518/553 673/519/553 664/61/553
f 573/439/554 582/446/554 677/513/554 630/512/554
f 677/513/555 731/520/555 730/454/555 676/447/555
f 582/446/556 591/453/556 731/520/556 677/513/556
f 731/520/557 569/521/557 568/461/557 730/454/557
f 669/514/558 678/522/558 670/515/558 661/208/558
f 670/515/559 679/523/559 680/524/559 671/516/559
f 671/516/560 680/524/560 681/525/560 672/517/560
f 559/518/561 613/526/561 682/16/561 673/519/561
f 569/521/562 623/527/562 622/468/562 568/461/562
f 591/453/563 600/460/563 569/521/563 731/520/563
f 600/460/564 609/467/564 623/527/564 569/521/564
f 623/527/565 675/528/565 674/475/565 622/468/565
f 678/522/566 687/529/566 679/523/566 670/515/566
f 679/523/567 688/212/567 689/530/567 680/524/567
f 680/524/568 689/530/568 690/531/568 681/525/568
f 613/526/569 665/532/569 691/103/569 682/16/569
f 609/467/570 618/474/570 675/528/570 623/527/570
f 675/528/571 729/533/571 728/482/571 674/475/571
f 618/474/572 627/481/572 729/533/572 675/528/572
f 729/533/573 567/534/573 566/489/573 728/482/573
f 687/529/574 696/535/574 688/212/574 679/523/574
f 688/212/575 697/536/575 698/537/575 689/530/575
f 689/530/576 698/537/576 699/538/576 690/531/576
f 665/532/577 719/539/577 700/26/577 691/103/577
f 627/481/578 636/488/578 567/534/578 729/533/578
f 567/534/579 621/540/579 620/496/579 566/489/579
f 636/488/580 645/495/580 621/540/580 567/534/580
f 621/540/581 668/541/581 667/503/581 620/496/581
f 696/535/582 705/542/582 697/536/582 688/212/582
f 697/536/583 706/543/583 707/544/583 698/537/583
f 698/537/584 707/544/584 708/545/584 699/538/584
f 719/539/585 557/546/585 709/28/585 700/26/585
f 645/495/586 654/502/586 668/541/586 621/540/586
f 668/541/587 722/547/587 721/511/587 667/503/587
f 654/502/588 663/510/588 722/547/588 668/541/588
f 722/547/589 560/548/589 559/518/589 721/511/589
f 705/542/590 714/549/590 706/543/590 697/536/590
f 706/543/591 715/216/591 716/550/591 707/544/591
f 707/544/592 716/550/592 717/551/592 708/545/592
f 557/546/593 611/552/593 718/553/593 709/28/593
f 560/548/594 614/554/594 613/526/594 559/518/594
f 663/510/595 672/517/595 560/548/595 722/547/595
f 672/517/596 681/525/596 614/554/596 560/548/596
f 614/554/597 666/555/597 665/532/597 613/526/597
f 714/549/598 723/556/598 715/216/598 706/543/598
f 715/216/599 724/557/599 725/558/599 716/550/599
f 716/550/600 725/558/600 726/559/600 717/551/600
f 611/552/601 712/560/601 727/561/601 718/553/601
f 681/525/602 690/531/602 666/555/602 614/554/602
f 666/555/603 720/562/603 719/539/603 665/532/603
f 690/531/604 699/538/604 720/562/604 666/555/604
f 720/562/605 558/563/605 557/546/605 719/539/605
f 723/556/606 732/564/606 724/557/606 715/216/606
f 724/557/607 733/565/607 734/566/607 725/558/607
f 725/558/608 734/566/608 735/567/608 726/559/608
f 712/560/609 766/568/609 736/569/609 727/561/609
f 699/538/610 708/545/610 558/563/610 720/562/610
f 558/563/611 612/570/611 611/552/611 557/546/611
f 708/545/612 717/551/612 612/570/612 558/563/612
f 612/570/613 713/571/613 712/560/613 611/552/613
f 732/564/614 741/572/614 733/565/614 724/557/614
f 733/565/615 742/220/615 743/573/615 734/566/615
f 734/566/616 743/573/616 744/574/616 735/567/616
f 766/568/617 604/575/617 745/62/617 736/569/617
f 717/551/618 726/559/618 713/571/618 612/570/618
f 713/571/619 767/576/619 766/568/619 712/560/619
f 726/559/620 735/567/620 767/576/620 713/571/620
f 767/576/621 605/577/621 604/575/621 766/568/621
f 741/572/622 750/578/622 742/220/622 733/565/622
f 742/220/623 751/579/623 752/580/623 743/573/623
f 743/573/624 752/580/624 753/581/624 744/574/624
f 604/575/625 658/582/625 754/583/625 745/62/625
f 605/577/626 659/584/626 658/582/626 604/575/626
f 735/567/627 744/574/627 605/577/627 767/576/627
f 659/584/628 711/585/628 710/586/628 658/582/628
f 750/578/629 759/587/629 751/579/629 742/220/629
f 751/579/630 760/588/630 761/589/630 752/580/630
f 752/580/631 761/589/631 762/590/631 753/581/631
f 658/582/632 710/586/632 763/591/632 754/583/632
f 753/581/633 762/590/633 711/585/633 659/584/633
f 744/574/634 753/581/634 659/584/634 605/577/634
f 711/585/635 765/413/635 764/296/635 710/586/635
f 762/590/636 435/295/636 765/413/636 711/585/636
f 759/587/637 768/592/637 760/588/637 751/579/637
f 760/588/638 433/224/638 434/293/638 761/589/638
f 761/589/639 434/293/639 435/295/639 762/590/639
f 710/586/640 764/296/640 436/52/640 763/591/640
f 768/592/641 437/298/641 433/224/641 760/588/641
f 763/591/642 436/52/642 441/54/642 446/304/642 451/69/642 456/314/642 461/320/642 466/76/642 471/330/642 476/336/642 481/12/642 486/346/642 491/352/642 496/55/642 501/30/642 506/367/642 511/372/642 516/24/642 521/59/642 526/33/642 531/392/642 536/108/642 541/88/642 546/87/642 551/412/642 556/432/642 565/431/642 574/441/642 583/40/642 592/117/642 601/462/642 610/64/642 619/94/642 628/483/642 637/38/642 646/78/642 655/504/642 664/61/642 673/519/642 682/16/642 691/103/642 700/26/642 709/28/642 718/553/642 727/561/642 736/569/642 745/62/642 754/583/642
f 782/30/289 781/55/289 780/352/289 779/346/289 778/12/289 777/336/289 776/330/289 775/76/289 774/320/289 773/314/289 772/69/289 771/304/289 770/54/289 769/52/289 816/591/289 815/583/289 814/62/289 813/569/289 812/561/289 811/553/289 810/28/289 809/26/289 808/103/289 807/16/289 806/519/289 805/61/289 804/504/289 803/78/289 802/38/289 801/483/289 800/94/289 799/64/289 798/462/289 797/117/289 796/40/289 795/441/289 794/431/289 793/432/289 792/412/289 791/87/289 790/88/289 789/108/289 788/392/289 787/33/289 786/59/289 785/24/289 784/372/289 783/367/289
f 799/64/643 800/94/643 856/94/643 997/593/643
f 997/593/644 856/94/644 855/94/644 998/64/644
f 998/64/645 855/94/645 854/94/645 999/64/645
f 999/64/646 854/94/646 853/94/646 1000/65/646
f 1000/65/647 853/94/647 10/23/647 73/65/647
f 816/591/648 769/52/648 948/52/648 993/594/648
f 993/594/649 948/52/649 947/52/649 994/591/649
f 994/591/650 947/52/650 946/52/650 995/123/650
f 995/123/651 946/52/651 945/52/651 996/47/651
f 996/47/652 945/52/652 33/52/652 65/47/652
f 806/519/653 807/16/653 876/16/653 909/595/653
f 909/595/654 876/16/654 875/16/654 910/595/654
f 910/595/655 875/16/655 874/16/655 911/595/655
f 911/595/656 874/16/656 873/16/656 912/14/656
f 912/14/657 873/16/657 15/16/657 24/14/657
f 792/412/658 793/432/658 840/596/658 1001/597/658
f 1001/597/659 840/596/659 839/432/659 1002/597/659
f 1002/597/660 839/432/660 838/432/660 1003/597/660
f 1003/597/661 838/432/661 837/432/661 1004/4/661
f 1004/4/662 837/432/662 6/3/662 81/4/662
f 795/441/663 796/40/663 824/598/663 989/599/663
f 989/599/664 824/598/664 823/40/664 990/150/664
f 990/150/665 823/40/665 822/40/665 991/150/665
f 991/150/666 822/40/666 821/40/666 992/67/666
f 992/67/667 821/40/667 2/40/667 57/67/667
f 813/569/668 814/62/668 972/600/668 1005/601/668
f 1005/601/669 972/600/669 971/62/669 1006/602/669
f 1006/602/670 971/62/670 970/62/670 1007/569/670
f 1007/569/671 970/62/671 969/62/671 1008/50/671
f 1008/50/672 969/62/672 39/62/672 89/50/672
f 802/38/673 803/78/673 848/78/673 889/38/673
f 889/38/674 848/78/674 847/78/674 890/38/674
f 890/38/675 847/78/675 846/78/675 891/38/675
f 891/38/676 846/78/676 845/8/676 892/39/676
f 892/39/677 845/8/677 8/8/677 19/39/677
f 812/561/678 813/569/678 1005/601/678 985/49/678
f 985/49/679 1005/601/679 1006/602/679 986/49/679
f 986/49/680 1006/602/680 1007/569/680 987/49/680
f 987/49/681 1007/569/681 1008/50/681 988/129/681
f 988/129/682 1008/50/682 89/50/682 49/51/682
f 791/87/683 792/412/683 1001/597/683 977/603/683
f 977/603/684 1001/597/684 1002/597/684 978/603/684
f 978/603/685 1002/597/685 1003/597/685 979/10/685
f 979/10/686 1003/597/686 1004/4/686 980/10/686
f 980/10/687 1004/4/687 81/4/687 41/10/687
f 798/462/688 799/64/688 997/593/688 865/462/688
f 865/462/689 997/593/689 998/64/689 866/147/689
f 866/147/690 998/64/690 999/64/690 867/462/690
f 867/462/691 999/64/691 1000/65/691 868/63/691
f 868/63/692 1000/65/692 73/65/692 13/63/692
f 789/108/693 790/88/693 984/604/693 973/605/693
f 973/605/694 984/604/694 983/88/694 974/605/694
f 974/605/695 983/88/695 982/91/695 975/606/695
f 975/606/696 982/91/696 981/91/696 976/108/696
f 976/108/697 981/91/697 48/11/697 40/37/697
f 815/583/698 816/591/698 993/594/698 965/48/698
f 965/48/699 993/594/699 994/591/699 966/607/699
f 966/607/700 994/591/700 995/123/700 967/608/700
f 967/608/701 995/123/701 996/47/701 968/583/701
f 968/583/702 996/47/702 65/47/702 38/48/702
f 794/431/703 795/441/703 989/599/703 833/57/703
f 833/57/704 989/599/704 990/150/704 834/57/704
f 834/57/705 990/150/705 991/150/705 835/57/705
f 835/57/706 991/150/706 992/67/706 836/57/706
f 836/57/707 992/67/707 57/67/707 5/57/707
f 785/24/708 786/59/708 944/609/708 961/101/708
f 961/101/709 944/609/709 943/138/709 962/610/709
f 962/610/710 943/138/710 942/59/710 963/101/710
f 963/101/711 942/59/711 941/59/711 964/24/711
f 964/24/712 941/59/712 32/59/712 37/25/712
f 811/553/713 812/561/713 985/49/713 825/553/713
f 825/553/714 985/49/714 986/49/714 826/553/714
f 826/553/715 986/49/715 987/49/715 827/553/715
f 827/553/716 987/49/716 988/129/716 828/72/716
f 828/72/717 988/129/717 49/51/717 3/72/717
f 790/88/718 791/87/718 977/603/718 984/604/718
f 984/604/719 977/603/719 978/603/719 983/88/719
f 983/88/720 978/603/720 979/10/720 982/91/720
f 982/91/721 979/10/721 980/10/721 981/91/721
f 981/91/722 980/10/722 41/10/722 48/11/722
f 781/55/723 782/30/723 928/106/723 953/55/723
f 953/55/724 928/106/724 927/106/724 954/55/724
f 954/55/725 927/106/725 926/30/725 955/55/725
f 955/55/726 926/30/726 925/104/726 956/56/726
f 956/56/727 925/104/727 28/30/727 35/56/727
f 788/392/728 789/108/728 973/605/728 957/34/728
f 957/34/729 973/605/729 974/605/729 958/611/729
f 958/611/730 974/605/730 975/606/730 959/392/730
f 959/392/731 975/606/731 976/108/731 960/35/731
f 960/35/732 976/108/732 40/37/732 36/35/732
f 814/62/733 815/583/733 965/48/733 972/600/733
f 972/600/734 965/48/734 966/607/734 971/62/734
f 971/62/735 966/607/735 967/608/735 970/62/735
f 970/62/736 967/608/736 968/583/736 969/62/736
f 969/62/737 968/583/737 38/48/737 39/62/737
f 777/336/738 778/12/738 908/612/738 933/336/738
f 933/336/739 908/612/739 907/12/739 934/613/739
f 934/613/740 907/12/740 906/12/740 935/613/740
f 935/613/741 906/12/741 905/12/741 936/44/741
f 936/44/742 905/12/742 23/12/742 30/44/742
f 784/372/743 785/24/743 961/101/743 949/372/743
f 949/372/744 961/101/744 962/610/744 950/372/744
f 950/372/745 962/610/745 963/101/745 951/614/745
f 951/614/746 963/101/746 964/24/746 952/19/746
f 952/19/747 964/24/747 37/25/747 34/19/747
f 787/33/748 788/392/748 957/34/748 937/33/748
f 937/33/749 957/34/749 958/611/749 938/615/749
f 938/615/750 958/611/750 959/392/750 939/33/750
f 939/33/751 959/392/751 960/35/751 940/36/751
f 940/36/752 960/35/752 36/35/752 31/36/752
f 773/314/753 774/320/753 888/616/753 917/617/753
f 917/617/754 888/616/754 887/75/754 918/77/754
f 918/77/755 887/75/755 886/75/755 919/77/755
f 919/77/756 886/75/756 885/75/756 920/77/756
f 920/77/757 885/75/757 18/75/757 26/77/757
f 780/352/758 781/55/758 953/55/758 929/618/758
f 929/618/759 953/55/759 954/55/759 930/352/759
f 930/352/760 954/55/760 955/55/760 931/352/760
f 931/352/761 955/55/761 956/56/761 932/619/761
f 932/619/762 956/56/762 35/56/762 29/42/762
f 783/367/763 784/372/763 949/372/763 921/620/763
f 921/620/764 949/372/764 950/372/764 922/620/764
f 922/620/765 950/372/765 951/614/765 923/620/765
f 923/620/766 951/614/766 952/19/766 924/95/766
f 924/95/767 952/19/767 34/19/767 27/20/767
f 769/52/768 770/54/768 864/621/768 948/52/768
f 948/52/769 864/621/769 863/53/769 947/52/769
f 947/52/770 863/53/770 862/54/770 946/52/770
f 946/52/771 862/54/771 861/54/771 945/52/771
f 945/52/772 861/54/772 12/54/772 33/52/772
f 786/59/773 787/33/773 937/33/773 944/609/773
f 944/609/774 937/33/774 938/615/774 943/138/774
f 943/138/775 938/615/775 939/33/775 942/59/775
f 942/59/776 939/33/776 940/36/776 941/59/776
f 941/59/777 940/36/777 31/36/777 32/59/777
f 776/330/778 777/336/778 933/336/778 913/154/778
f 913/154/779 933/336/779 934/613/779 914/74/779
f 914/74/780 934/613/780 935/613/780 915/74/780
f 915/74/781 935/613/781 936/44/781 916/74/781
f 916/74/782 936/44/782 30/44/782 25/74/782
f 779/346/783 780/352/783 929/618/783 901/622/783
f 901/622/784 929/618/784 930/352/784 902/622/784
f 902/622/785 930/352/785 931/352/785 903/622/785
f 903/622/786 931/352/786 932/619/786 904/13/786
f 904/13/787 932/619/787 29/42/787 22/13/787
f 809/26/788 810/28/788 832/623/788 897/26/788
f 897/26/789 832/623/789 831/27/789 898/29/789
f 898/29/790 831/27/790 830/27/790 899/29/790
f 899/29/791 830/27/791 829/28/791 900/29/791
f 900/29/792 829/28/792 4/28/792 21/29/792
f 782/30/793 783/367/793 921/620/793 928/106/793
f 928/106/794 921/620/794 922/620/794 927/106/794
f 927/106/795 922/620/795 923/620/795 926/30/795
f 926/30/796 923/620/796 924/95/796 925/104/796
f 925/104/797 924/95/797 27/20/797 28/30/797
f 772/69/798 773/314/798 917/617/798 893/624/798
f 893/624/799 917/617/799 918/77/799 894/625/799
f 894/625/800 918/77/800 919/77/800 895/625/800
f 895/625/801 919/77/801 920/77/801 896/69/801
f 896/69/802 920/77/802 26/77/802 20/69/802
f 775/76/803 776/330/803 913/154/803 881/626/803
f 881/626/804 913/154/804 914/74/804 882/627/804
f 882/627/805 914/74/805 915/74/805 883/627/805
f 883/627/806 915/74/806 916/74/806 884/76/806
f 884/76/807 916/74/807 25/74/807 17/76/807
f 805/61/808 806/519/808 909/595/808 877/60/808
f 877/60/809 909/595/809 910/595/809 878/60/809
f 878/60/810 910/595/810 911/595/810 879/60/810
f 879/60/811 911/595/811 912/14/811 880/61/811
f 880/61/812 912/14/812 24/14/812 16/61/812
f 778/12/813 779/346/813 901/622/813 908/612/813
f 908/612/814 901/622/814 902/622/814 907/12/814
f 907/12/815 902/622/815 903/622/815 906/12/815
f 906/12/816 903/622/816 904/13/816 905/12/816
f 905/12/817 904/13/817 22/13/817 23/12/817
f 808/103/818 809/26/818 897/26/818 869/103/818
f 869/103/819 897/26/819 898/29/819 870/103/819
f 870/103/820 898/29/820 899/29/820 871/103/820
f 871/103/821 899/29/821 900/29/821 872/32/821
f 872/32/822 900/29/822 21/29/822 14/32/822
f 771/304/823 772/69/823 893/624/823 857/628/823
f 857/628/824 893/624/824 894/625/824 858/629/824
f 858/629/825 894/625/825 895/625/825 859/629/825
f 859/629/826 895/625/826 896/69/826 860/70/826
f 860/70/827 896/69/827 20/69/827 11/70/827
f 801/483/828 802/38/828 889/38/828 849/630/828
f 849/630/829 889/38/829 890/38/829 850/631/829
f 850/631/830 890/38/830 891/38/830 851/631/830
f 851/631/831 891/38/831 892/39/831 852/22/831
f 852/22/832 892/39/832 19/39/832 9/22/832
f 774/320/833 775/76/833 881/626/833 888/616/833
f 888/616/834 881/626/834 882/627/834 887/75/834
f 887/75/835 882/627/835 883/627/835 886/75/835
f 886/75/836 883/627/836 884/76/836 885/75/836
f 885/75/837 884/76/837 17/76/837 18/75/837
f 804/504/838 805/61/838 877/60/838 841/632/838
f 841/632/839 877/60/839 878/60/839 842/504/839
f 842/504/840 878/60/840 879/60/840 843/633/840
f 843/633/841 879/60/841 880/61/841 844/634/841
f 844/634/842 880/61/842 16/61/842 7/7/842
f 807/16/843 808/103/843 869/103/843 876/16/843
f 876/16/844 869/103/844 870/103/844 875/16/844
f 875/16/845 870/103/845 871/103/845 874/16/845
f 874/16/846 871/103/846 872/32/846 873/16/846
f 873/16/847 872/32/847 14/32/847 15/16/847
f 797/117/848 798/462/848 865/462/848 817/635/848
f 817/635/849 865/462/849 866/147/849 818/41/849
f 818/41/850 866/147/850 867/462/850 819/41/850
f 819/41/851 867/462/851 868/63/851 820/41/851
f 820/41/852 868/63/852 13/63/852 1/41/852
f 770/54/853 771/304/853 857/628/853 864/621/853
f 864/621/854 857/628/854 858/629/854 863/53/854
f 863/53/855 858/629/855 859/629/855 862/54/855
f 862/54/856 859/629/856 860/70/856 861/54/856
f 861/54/857 860/70/857 11/70/857 12/54/857
f 800/94/858 801/483/858 849/630/858 856/94/858
f 856/94/859 849/630/859 850/631/859 855/94/859
f 855/94/860 850/631/860 851/631/860 854/94/860
f 854/94/861 851/631/861 852/22/861 853/94/861
f 853/94/862 852/22/862 9/22/862 10/23/862
f 803/78/863 804/504/863 841/632/863 848/78/863
f 848/78/864 841/632/864 842/504/864 847/78/864
f 847/78/865 842/504/865 843/633/865 846/78/865
f 846/78/866 843/633/866 844/634/866 845/8/866
f 845/8/867 844/634/867 7/7/867 8/8/867
f 793/432/868 794/431/868 833/57/868 840/596/868
f 840/596/869 833/57/869 834/57/869 839/432/869
f 839/432/870 834/57/870 835/57/870 838/432/870
f 838/432/871 835/57/871 836/57/871 837/432/871
f 837/432/872 836/57/872 5/57/872 6/3/872
f 810/28/873 811/553/873 825/553/873 832/623/873
f 832/623/874 825/553/874 826/553/874 831/27/874
f 831/27/875 826/553/875 827/553/875 830/27/875
f 830/27/876 827/553/876 828/72/876 829/28/876
f 829/28/877 828/72/877 3/72/877 4/28/877
f 796/40/878 797/117/878 817/635/878 824/598/878
f 824/598/879 817/635/879 818/41/879 823/40/879
f 823/40/880 818/41/880 819/41/880 822/40/880
f 822/40/881 819/41/881 820/41/881 821/40/881
f 821/40/882 820/41/882 1/41/882 2/40/882
f 1009/636/883 1014/637/883 1015/638/883 1010/639/883
f 1010/639/884 1015/638/884 1016/640/884 1011/641/884
f 1012/642/885 1017/643/885 1018/644/885 1013/645/885
f 1013/645/886 1018/644/886 1014/637/886 1009/636/886
f 1014/637/887 1019/646/887 1020/647/887 1015/638/887
f 1015/638/888 1020/647/888 1021/648/888 1016/640/888
f 1017/643/889 1022/649/889 1023/650/889 1018/644/889
f 1018/644/890 1023/650/890 1019/646/890 1014/637/890
f 1019/646/891 1024/651/891 1025/652/891 1020/647/891
f 1020/647/892 1025/652/892 1026/653/892 1021/648/892
f 1022/649/893 1027/654/893 1028/655/893 1023/650/893
f 1023/650/894 1028/655/894 1024/651/894 1019/646/894
f 1024/651/895 1029/656/895 1030/657/895 1025/652/895
f 1025/652/896 1030/657/896 1031/658/896 1026/653/896
f 1027/654/897 1032/659/897 1033/660/897 1028/655/897
f 1028/655/898 1033/660/898 1029/656/898 1024/651/898
f 1029/656/899 1034/661/899 1035/662/899 1030/657/899
f 1030/657/900 1035/662/900 1036/663/900 1031/658/900
f 1032/659/901 1037/664/901 1038/665/901 1033/660/901
f 1033/660/902 1038/665/902 1034/661/902 1029/656/902
f 1034/661/903 1039/666/903 1040/667/903 1035/662/903
f 1035/662/904 1040/667/904 1041/668/904 1036/663/904
f 1037/664/905 1042/669/905 1043/670/905 1038/665/905
f 1038/665/906 1043/670/906 1039/666/906 1034/661/906
f 1039/666/907 1044/671/907 1045/672/907 1040/667/907
f 1040/667/908 1045/672/908 1046/673/908 1041/668/908
f 1042/669/909 1047/674/909 1048/675/909 1043/670/909
f 1043/670/910 1048/675/910 1044/671/910 1039/666/910
f 1044/671/911 1049/676/911 1050/677/911 1045/672/911
f 1045/672/912 1050/677/912 1051/678/912 1046/673/912
f 1047/674/913 1052/679/913 1053/680/913 1048/675/913
f 1048/675/914 1053/680/914 1049/676/914 1044/671/914
f 1049/676/915 1054/681/915 1055/682/915 1050/677/915
f 1050/677/916 1055/682/916 1056/683/916 1051/678/916
f 1052/679/917 1057/684/917 1058/685/917 1053/680/917
f 1053/680/918 1058/685/918 1054/681/918 1049/676/918
f 1054/681/919 1059/686/919 1060/687/919 1055/682/919
f 1055/682/920 1060/687/920 1061/688/920 1056/683/920
f 1057/684/921 1062/689/921 1063/690/921 1058/685/921
f 1058/685/922 1063/690/922 1059/686/922 1054/681/922
f 1059/686/923 1064/691/923 1065/692/923 1060/687/923
f 1060/687/924 1065/692/924 1066/693/924 1061/688/924
f 1062/689/925 1067/694/925 1068/695/925 1063/690/925
f 1063/690/926 1068/695/926 1064/691/926 1059/686/926
f 1064/691/927 1069/696/927 1070/697/927 1065/692/927
f 1065/692/928 1070/697/928 1071/698/928 1066/693/928
f 1067/694/929 1072/699/929 1073/700/929 1068/695/929
f 1068/695/930 1073/700/930 1069/696/930 1064/691/930
f 1069/696/931 1074/701/931 1075/702/931 1070/697/931
f 1070/697/932 1075/702/932 1076/703/932 1071/698/932
f 1072/699/933 1077/704/933 1078/705/933 1073/700/933
f 1073/700/934 1078/705/934 1074/701/934 1069/696/934
f 1074/701/935 1079/706/935 1080/707/935 1075/702/935
f 1075/702/936 1080/707/936 1081/708/936 1076/703/936
f 1077/704/937 1082/709/937 1083/710/937 1078/705/937
f 1078/705/938 1083/710/938 1079/706/938 1074/701/938
f 1079/706/939 1084/711/939 1085/712/939 1080/707/939
f 1080/707/940 1085/712/940 1086/713/940 1081/708/940
f 1082/709/941 1087/714/941 1088/715/941 1083/710/941
f 1083/710/942 1088/715/942 1084/711/942 1079/706/942
f 1084/711/943 1089/716/943 1090/717/943 1085/712/943
f 1085/712/944 1090/717/944 1091/718/944 1086/713/944
f 1087/714/945 1092/719/945 1093/720/945 1088/715/945
f 1088/715/946 1093/720/946 1089/716/946 1084/711/946
f 1089/716/947 1094/721/947 1095/722/947 1090/717/947
f 1090/717/948 1095/722/948 1096/723/948 1091/718/948
f 1092/719/949 1097/724/949 1098/725/949 1093/720/949
f 1093/720/950 1098/725/950 1094/721/950 1089/716/950
f 1094/721/951 1099/726/951 1100/727/951 1095/722/951
f 1095/722/952 1100/727/952 1101/728/952 1096/723/952
f 1097/724/953 1102/729/953 1103/730/953 1098/725/953
f 1098/725/954 1103/730/954 1099/726/954 1094/721/954
f 1099/726/955 1104/731/955 1105/732/955 1100/727/955
f 1100/727/956 1105/732/956 1106/733/956 1101/728/956
f 1102/729/957 1107/734/957 1108/735/957 1103/730/957
f 1103/730/958 1108/735/958 1104/731/958 1099/726/958
f 1104/731/959 1109/736/959 1110/737/959 1105/732/959
f 1105/732/960 1110/737/960 1111/738/960 1106/733/960
f 1107/734/961 1112/739/961 1113/740/961 1108/735/961
f 1108/735/962 1113/740/962 1109/736/962 1104/731/962
f 1109/736/963 1114/741/963 1115/742/963 1110/737/963
f 1110/737/964 1115/742/964 1116/743/964 1111/738/964
f 1112/739/965 1117/744/965 1118/745/965 1113/740/965
f 1113/740/966 1118/745/966 1114/741/966 1109/736/966
f 1114/741/967 1119/746/967 1120/747/967 1115/742/967
f 1115/742/968 1120/747/968 1121/748/968 1116/743/968
f 1117/744/969 1122/749/969 1123/750/969 1118/745/969
f 1118/745/970 1123/750/970 1119/746/970 1114/741/970
f 1119/746/971 1124/751/971 1125/752/971 1120/747/971
f 1120/747/972 1125/752/972 1126/753/972 1121/748/972
f 1122/749/973 1127/754/973 1128/755/973 1123/750/973
f 1123/750/974 1128/755/974 1124/751/974 1119/746/974
f 1124/751/975 1129/756/975 1130/757/975 1125/752/975
f 1125/752/976 1130/757/976 1131/758/976 1126/753/976
f 1127/754/977 1132/759/977 1133/760/977 1128/755/977
f 1128/755/978 1133/760/978 1129/756/978 1124/751/978
f 1129/761/979 1134/762/979 1135/763/979 1130/764/979
f 1130/764/980 1135/763/980 1136/765/980 1131/766/980
f 1132/767/981 1137/768/981 1138/769/981 1133/770/981
f 1133/770/982 1138/769/982 1134/762/982 1129/761/982
f 1134/762/983 1139/771/983 1140/772/983 1135/763/983
f 1135/763/984 1140/772/984 1141/773/984 1136/765/984
f 1137/768/985 1142/774/985 1143/775/985 1138/769/985
f 1138/769/986 1143/775/986 1139/771/986 1134/762/986
f 1139/771/987 1144/776/987 1145/777/987 1140/772/987
f 1140/772/988 1145/777/988 1146/778/988 1141/773/988
f 1142/774/989 1147/779/989 1148/780/989 1143/775/989
f 1143/775/990 1148/780/990 1144/776/990 1139/771/990
f 1144/776/991 1149/781/991 1150/782/991 1145/777/991
f 1145/777/992 1150/782/992 1151/783/992 1146/778/992
f 1147/779/993 1152/784/993 1153/785/993 1148/780/993
f 1148/780/994 1153/785/994 1149/781/994 1144/776/994
f 1149/781/995 1154/786/995 1155/787/995 1150/782/995
f 1150/782/996 1155/787/996 1156/788/996 1151/783/996
f 1152/784/997 1157/789/997 1158/790/997 1153/785/997
f 1153/785/998 1158/790/998 1154/786/998 1149/781/998
f 1154/786/999 1159/791/999 1160/792/999 1155/787/999
f 1155/787/1000 1160/792/1000 1161/793/1000 1156/788/1000
f 1157/789/1001 1162/794/1001 1163/795/1001 1158/790/1001
f 1158/790/1002 1163/795/1002 1159/791/1002 1154/786/1002
f 1159/791/1003 1164/796/1003 1165/797/1003 1160/792/1003
f 1160/792/1004 1165/797/1004 1166/798/1004 1161/793/1004
f 1162/794/1005 1167/799/1005 1168/800/1005 1163/795/1005
f 1163/795/1006 1168/800/1006 1164/796/1006 1159/791/1006
f 1164/796/1007 1169/801/1007 1170/802/1007 1165/797/1007
f 1165/797/1008 1170/802/1008 1171/803/1008 1166/798/1008
f 1167/799/1009 1172/804/1009 1173/805/1009 1168/800/1009
f 1168/800/1010 1173/805/1010 1169/801/1010 1164/796/1010
f 1169/801/1011 1174/806/1011 1175/807/1011 1170/802/1011
f 1170/802/1012 1175/807/1012 1176/808/1012 1171/803/1012
f 1172/804/1013 1177/809/1013 1178/810/1013 1173/805/1013
f 1173/805/1014 1178/810/1014 1174/806/1014 1169/801/1014
f 1174/806/1015 1179/811/1015 1180/812/1015 1175/807/1015
f 1175/807/1016 1180/812/1016 1181/813/1016 1176/808/1016
f 1177/809/1017 1182/814/1017 1183/815/1017 1178/810/1017
f 1178/810/1018 1183/815/1018 1179/811/1018 1174/806/1018
f 1179/811/1019 1184/816/1019 1185/817/1019 1180/812/1019
f 1180/812/1020 1185/817/1020 1186/818/1020 1181/813/1020
f 1182/814/1021 1187/819/1021 1188/820/1021 1183/815/1021
f 1183/815/1022 1188/820/1022 1184/816/1022 1179/811/1022
f 1184/816/1023 1189/821/1023 1190/822/1023 1185/817/1023
f 1185/817/1024 1190/822/1024 1191/823/1024 1186/818/1024
f 1187/819/1025 1192/824/1025 1193/825/1025 1188/820/1025
f 1188/820/1026 1193/825/1026 1189/821/1026 1184/816/1026
f 1189/821/1027 1194/826/1027 1195/827/1027 1190/822/1027
f 1190/822/1028 1195/827/1028 1196/828/1028 1191/823/1028
f 1192/824/1029 1197/829/1029 1198/830/1029 1193/825/1029
f 1193/825/1030 1198/830/1030 1194/826/1030 1189/821/1030
f 1194/826/1031 1199/831/1031 1200/832/1031 1195/827/1031
f 1195/827/1032 1200/832/1032 1201/833/1032 1196/828/1032
f 1197/829/1033 1202/834/1033 1203/835/1033 1198/830/1033
f 1198/830/1034 1203/835/1034 1199/831/1034 1194/826/1034
f 1199/831/1035 1204/836/1035 1205/837/1035 1200/832/1035
f 1200/832/1036 1205/837/1036 1206/838/1036 1201/833/1036
f 1202/834/1037 1207/839/1037 1208/840/1037 1203/835/1037
f 1203/835/1038 1208/840/1038 1204/836/1038 1199/831/1038
f 1204/836/1039 1209/841/1039 1210/842/1039 1205/837/1039
f 1205/837/1040 1210/842/1040 1211/843/1040 1206/838/1040
f 1207/839/1041 1212/844/1041 1213/845/1041 1208/840/1041
f 1208/840/1042 1213/845/1042 1209/841/1042 1204/836/1042
f 1209/841/1043 1214/846/1043 1215/847/1043 1210/842/1043
f 1210/842/1044 1215/847/1044 1216/848/1044 1211/843/1044
f 1212/844/1045 1217/849/1045 1218/850/1045 1213/845/1045
f 1213/845/1046 1218/850/1046 1214/846/1046 1209/841/1046
f 1214/846/1047 1219/851/1047 1220/852/1047 1215/847/1047
f 1215/847/1048 1220/852/1048 1221/853/1048 1216/848/1048
f 1217/849/1049 1222/854/1049 1223/855/1049 1218/850/1049
f 1218/850/1050 1223/855/1050 1219/851/1050 1214/846/1050
f 1219/851/1051 1224/856/1051 1225/857/1051 1220/852/1051
f 1220/852/1052 1225/857/1052 1226/858/1052 1221/853/1052
f 1222/854/1053 1227/859/1053 1228/860/1053 1223/855/1053
f 1223/855/1054 1228/860/1054 1224/856/1054 1219/851/1054
f 1224/856/1055 1229/861/1055 1230/862/1055 1225/857/1055
f 1225/857/1056 1230/862/1056 1231/863/1056 1226/858/1056
f 1227/859/1057 1232/864/1057 1233/865/1057 1228/860/1057
f 1228/860/1058 1233/865/1058 1229/861/1058 1224/856/1058
f 1229/861/1059 1234/866/1059 1235/867/1059 1230/862/1059
f 1230/862/1060 1235/867/1060 1236/868/1060 1231/863/1060
f 1232/864/1061 1237/869/1061 1238/870/1061 1233/865/1061
f 1233/865/1062 1238/870/1062 1234/866/1062 1229/861/1062
f 1234/866/1063 1239/871/1063 1240/872/1063 1235/867/1063
f 1235/867/1064 1240/872/1064 1241/873/1064 1236/868/1064
f 1237/869/1065 1242/874/1065 1243/875/1065 1238/870/1065
f 1238/870/1066 1243/875/1066 1239/871/1066 1234/866/1066
f 1239/871/1067 1244/876/1067 1245/877/1067 1240/872/1067
f 1240/872/1068 1245/877/1068 1246/878/1068 1241/873/1068
f 1242/874/1069 1247/879/1069 1248/880/1069 1243/875/1069
f 1243/875/1070 1248/880/1070 1244/876/1070 1239/871/1070
f 1244/876/1071 1009/636/1071 1010/639/1071 1245/877/1071
f 1245/877/1072 1010/639/1072 1011/641/1072 1246/878/1072
f 1247/879/1073 1012/642/1073 1013/645/1073 1248/880/1073
f 1248/880/1074 1013/645/1074 1009/636/1074 1244/876/1074
f 1147/779/1075 1142/774/1075 46/67/1075 95/40/1075
f 1142/774/1076 1137/768/1076 92/57/1076 46/67/1076
f 1137/768/1077 1132/767/1077 91/3/1077 92/57/1077
f 1132/759/1078 1127/754/1078 43/4/1078 91/3/1078
f 1127/754/1079 1122/749/1079 51/10/1079 43/4/1079
f 1122/749/1080 1117/744/1080 50/11/1080 51/10/1080
f 1117/744/1081 1112/739/1081 52/37/1081 50/11/1081
f 1112/739/1082 1107/734/1082 56/35/1082 52/37/1082
f 1107/734/1083 1102/729/1083 62/36/1083 56/35/1083
f 1102/729/1084 1097/724/1084 61/59/1084 62/36/1084
f 1097/724/1085 1092/719/1085 55/25/1085 61/59/1085
f 1092/719/1086 1087/714/1086 59/19/1086 55/25/1086
f 1087/714/1087 1082/709/1087 67/20/1087 59/19/1087
f 1082/709/1088 1077/704/1088 66/30/1088 67/20/1088
f 1077/704/1089 1072/699/1089 58/56/1089 66/30/1089
f 1072/699/1090 1067/694/1090 64/42/1090 58/56/1090
f 1067/694/1091 1062/689/1091 72/13/1091 64/42/1091
f 1062/689/1092 1057/684/1092 71/12/1092 72/13/1092
f 1057/684/1093 1052/679/1093 63/44/1093 71/12/1093
f 1052/679/1094 1047/674/1094 69/74/1094 63/44/1094
f 1047/674/1095 1042/669/1095 78/76/1095 69/74/1095
f 1042/669/1096 1037/664/1096 77/75/1096 78/76/1096
f 1037/664/1097 1032/659/1097 68/77/1097 77/75/1097
f 1032/659/1098 1027/654/1098 75/69/1098 68/77/1098
f 1027/654/1099 1022/649/1099 85/70/1099 75/69/1099
f 1022/649/1100 1017/643/1100 84/54/1100 85/70/1100
f 1017/643/1101 1012/642/1101 60/52/1101 84/54/1101
f 1012/642/1102 1247/879/1102 45/47/1102 60/52/1102
f 1247/879/1103 1242/874/1103 54/48/1103 45/47/1103
f 1242/874/1104 1237/869/1104 53/62/1104 54/48/1104
f 1237/869/1105 1232/864/1105 42/50/1105 53/62/1105
f 1232/864/1106 1227/859/1106 47/51/1106 42/50/1106
f 1227/859/1107 1222/854/1107 94/72/1107 47/51/1107
f 1222/854/1108 1217/849/1108 93/28/1108 94/72/1108
f 1217/849/1109 1212/844/1109 74/29/1109 93/28/1109
f 1212/844/1110 1207/839/1110 82/32/1110 74/29/1110
f 1207/839/1111 1202/834/1111 80/16/1111 82/32/1111
f 1202/834/1112 1197/829/1112 70/14/1112 80/16/1112
f 1197/829/1113 1192/824/1113 79/61/1113 70/14/1113
f 1192/824/1114 1187/819/1114 90/7/1114 79/61/1114
f 1187/819/1115 1182/814/1115 88/8/1115 90/7/1115
f 1182/814/1116 1177/809/1116 76/39/1116 88/8/1116
f 1177/809/1117 1172/804/1117 87/22/1117 76/39/1117
f 1172/804/1118 1167/799/1118 86/23/1118 87/22/1118
f 1167/799/1119 1162/794/1119 44/65/1119 86/23/1119
f 1162/794/1120 1157/789/1120 83/63/1120 44/65/1120
f 1157/789/1121 1152/784/1121 96/41/1121 83/63/1121
f 1152/784/1122 1147/779/1122 95/40/1122 96/41/1122
f 1290/881/1123 1262/882/1123 1252/76/1123 1263/69/1123
f 1284/883/1124 1271/884/1124 1250/885/1124 1257/886/1124
f 1275/887/1125 1259/888/1125 1251/553/1125 1268/103/1125
f 1293/889/1126 1258/890/1126 1348/890/1126 1354/889/1126
f 1271/884/1127 1270/891/1127 1296/891/1127 1297/884/1127
f 1270/891/1128 1269/892/1128 1295/892/1128 1296/891/1128
f 1295/892/1129 1269/892/1129 1301/892/1129 1304/892/1129
f 1347/893/1130 1151/783/1130 1156/788/1130
f 1249/894/1131 1254/893/1131 1171/803/1131
f 1249/894/1132 1171/803/1132 1176/808/1132
f 1266/895/1133 1176/808/1133 1181/813/1133
f 1266/895/1134 1181/813/1134 1186/818/1134
f 1266/895/1135 1186/818/1135 1191/823/1135
f 1274/896/1125 1260/897/1125 1259/888/1125 1275/887/1125
f 1266/895/1136 1278/898/1136 1255/899/1136 1249/900/1136
f 1278/898/1137 1281/901/1137 1256/902/1137 1255/899/1137
f 1281/901/1129 1284/883/1129 1257/886/1129 1256/902/1129
f 1251/553/1138 1265/62/1138 1276/903/1138 1268/904/1138
f 1268/904/1139 1276/903/1139 1277/905/1139 1267/906/1139
f 1267/906/1140 1277/905/1140 1278/898/1140 1266/895/1140
f 1265/62/1141 1264/907/1141 1279/908/1141 1276/903/1141
f 1276/903/1129 1279/908/1129 1280/909/1129 1277/905/1129
f 1277/905/1142 1280/909/1142 1281/901/1142 1278/898/1142
f 1264/907/1143 1263/69/1143 1282/910/1143 1279/908/1143
f 1279/908/1144 1282/910/1144 1283/911/1144 1280/909/1144
f 1280/909/1145 1283/911/1145 1284/883/1145 1281/901/1145
f 1252/76/1146 1269/892/1146 1282/910/1146
f 1263/69/1147 1252/76/1147 1282/910/1147
f 1282/910/1148 1269/892/1148 1270/891/1148 1283/911/1148
f 1283/911/1149 1270/891/1149 1271/884/1149 1284/883/1149
f 1259/888/1150 1286/912/1150 1265/62/1150 1251/553/1150
f 1286/912/1151 1288/913/1151 1264/907/1151 1265/62/1151
f 1288/913/1152 1290/881/1152 1263/69/1152 1264/907/1152
f 1260/897/1150 1285/914/1150 1286/912/1150 1259/888/1150
f 1285/914/1151 1287/915/1151 1288/913/1151 1286/912/1151
f 1287/915/1152 1289/916/1152 1290/881/1152 1288/913/1152
f 1289/916/1123 1261/917/1123 1262/882/1123 1290/881/1123
f 1249/894/1153 1255/918/1153 1291/919/1153 1254/893/1153
f 1255/918/1154 1256/920/1154 1292/921/1154 1291/919/1154
f 1256/920/1155 1257/922/1155 1293/889/1155 1292/921/1155
f 1257/922/1156 1250/923/1156 1258/890/1156 1293/889/1156
f 1292/921/1129 1293/889/1129 1354/889/1129 1352/921/1129
f 1252/76/1157 1262/882/1157 1300/882/1157 1298/76/1157
f 1269/892/1158 1252/76/1158 1298/76/1158 1301/892/1158
f 1262/882/1157 1261/917/1157 1299/917/1157 1300/882/1157
f 1295/892/1159 1304/892/1159 1316/892/1159 1312/892/1159
f 1310/882/1160 1309/917/1160 1323/917/1160 1324/882/1160
f 1307/892/1161 1311/892/1161 1325/892/1161 1319/892/1161
f 1308/76/1160 1310/882/1160 1324/882/1160 1322/76/1160
f 1301/892/1162 1298/76/1162 1303/76/1162 1306/892/1162
f 1297/884/1163 1296/891/1163 1313/891/1163 1314/884/1163
f 1298/76/1164 1300/882/1164 1305/882/1164 1303/76/1164
f 1300/882/1164 1299/917/1164 1302/917/1164 1305/882/1164
f 1304/892/1129 1301/892/1129 1306/892/1129 1307/892/1129
f 1328/891/1165 1329/892/1165 1342/892/1165 1343/891/1165
f 1307/892/1129 1306/892/1129 1311/892/1129
f 1295/892/1166 1312/892/1166 1313/891/1166
f 1296/891/1167 1295/892/1167 1313/891/1167
f 1305/882/1168 1302/917/1168 1309/917/1168 1310/882/1168
f 1303/76/1168 1305/882/1168 1310/882/1168 1308/76/1168
f 1306/892/1165 1303/76/1165 1308/76/1165 1311/892/1165
f 1304/892/1169 1307/892/1169 1319/892/1169 1316/892/1169
f 1311/892/1170 1308/76/1170 1322/76/1170 1325/892/1170
f 1266/895/1171 1191/823/1171 1196/828/1171
f 1332/890/1172 1330/923/1172 1335/923/1172 1334/890/1172
f 1319/12/1150 1321/924/1150 1341/924/1150 1339/12/1150
f 1313/891/1165 1328/891/1165 1343/891/1165
f 1333/884/1173 1315/884/1173 1314/891/1173
f 1343/891/1174 1344/884/1174 1335/885/1174 1330/885/1174 1333/884/1174 1314/891/1174 1313/891/1174
f 1312/892/1129 1316/892/1129 1336/892/1129 1331/892/1129
f 1297/884/1175 1314/884/1175 1315/884/1175
f 1316/892/1129 1319/892/1129 1339/892/1129 1336/892/1129
f 1321/924/1176 1319/12/1176 1325/12/1176 1327/924/1176
f 1320/925/1176 1321/924/1176 1327/924/1176 1326/925/1176
f 1324/882/289 1327/924/289 1325/12/289 1322/76/289
f 1323/917/289 1326/925/289 1327/924/289 1324/882/289
f 1332/890/1177 1334/890/1177 1363/890/1177 1360/890/1177
f 1297/884/642 1315/884/642 1318/923/642
f 1294/890/1178 1258/890/1178 1250/885/1178
f 1318/923/1179 1317/890/1179 1294/890/1179
f 1250/885/1180 1271/884/1180 1297/884/1180 1318/923/1180 1294/890/1180
f 1337/925/1181 1338/924/1181 1341/924/1181 1340/925/1181
f 1338/924/1182 1336/12/1182 1339/12/1182 1341/924/1182
f 1338/924/1165 1341/924/1165 1364/924/1165
f 1294/890/1183 1356/890/1183 1348/890/1183
f 1258/890/1184 1294/890/1184 1348/890/1184
f 1312/892/1129 1331/892/1129 1342/892/1129 1329/892/1129
f 1291/919/1129 1292/921/1129 1352/921/1129 1350/919/1129
f 1318/885/1185 1315/884/1185 1333/884/1185 1330/885/1185
f 1317/890/1186 1318/923/1186 1330/923/1186 1332/890/1186
f 1356/890/642 1294/890/642 1317/890/642
f 1334/890/1187 1335/923/1187 1344/372/1187 1343/55/1187 1345/926/1187
f 1345/926/1129 1358/890/1129 1363/890/1129
f 1345/926/1129 1363/890/1129 1334/890/1129
f 1345/926/642 1358/927/642 1365/928/642
f 1349/929/1188 1348/890/1188 1356/890/1188 1357/929/1188
f 1347/893/1153 1350/919/1153 1351/930/1153 1346/931/1153
f 1350/919/1154 1352/921/1154 1353/932/1154 1351/930/1154
f 1352/921/1155 1354/889/1155 1355/933/1155 1353/932/1155
f 1354/889/1189 1348/890/1189 1349/929/1189 1355/933/1189
f 1362/929/1190 1363/890/1190 1358/890/1190 1359/929/1190
f 1361/929/1191 1360/890/1191 1363/890/1191 1362/929/1191
f 1357/929/289 1356/890/289 1360/890/289 1361/929/289
f 1341/924/1129 1364/924/1129 1369/924/1129
f 1364/924/1165 1371/924/1165 1369/924/1165
f 1317/890/642 1332/890/642 1356/890/642
f 1254/893/1129 1291/919/1129 1350/919/1129 1347/893/1129
f 1367/924/1150 1366/925/1150 1368/925/1150 1369/924/1150
f 1368/925/1192 1369/924/1192 1371/924/1192 1370/925/1192
f 1341/924/1129 1321/924/1129 1367/924/1129 1369/924/1129
f 1321/924/1193 1320/925/1193 1366/925/1193 1367/924/1193
f 1413/881/1194 1385/882/1194 1375/76/1194 1386/69/1194
f 1407/883/1195 1394/884/1195 1373/885/1195 1380/886/1195
f 1398/887/1196 1382/888/1196 1374/553/1196 1391/103/1196
f 1416/889/1197 1381/890/1197 1471/890/1197 1477/889/1197
f 1394/884/1198 1393/891/1198 1419/891/1198 1420/884/1198
f 1393/891/1199 1392/892/1199 1418/892/1199 1419/891/1199
f 1418/892/1129 1392/892/1129 1424/892/1129 1427/892/1129
f 1267/906/1200 1196/828/1200 1201/833/1200
f 1267/906/1201 1201/833/1201 1206/838/1201
f 1267/906/1202 1206/838/1202 1211/843/1202
f 1216/848/1203 1268/904/1203 1211/843/1203
f 1268/904/1204 1216/848/1204 1221/853/1204
f 1226/858/1205 1275/887/1205 1221/853/1205
f 1397/896/1196 1383/897/1196 1382/888/1196 1398/887/1196
f 1389/895/1206 1401/898/1206 1378/899/1206 1372/900/1206
f 1401/898/1207 1404/901/1207 1379/902/1207 1378/899/1207
f 1404/901/1129 1407/883/1129 1380/886/1129 1379/902/1129
f 1374/553/1208 1388/62/1208 1399/903/1208 1391/904/1208
f 1391/904/1209 1399/903/1209 1400/905/1209 1390/906/1209
f 1390/906/1210 1400/905/1210 1401/898/1210 1389/895/1210
f 1388/62/1211 1387/907/1211 1402/908/1211 1399/903/1211
f 1399/903/1129 1402/908/1129 1403/909/1129 1400/905/1129
f 1400/905/1212 1403/909/1212 1404/901/1212 1401/898/1212
f 1387/907/1213 1386/69/1213 1405/910/1213 1402/908/1213
f 1402/908/1214 1405/910/1214 1406/911/1214 1403/909/1214
f 1403/909/1215 1406/911/1215 1407/883/1215 1404/901/1215
f 1375/76/1216 1392/892/1216 1405/910/1216
f 1386/69/1217 1375/76/1217 1405/910/1217
f 1405/910/1218 1392/892/1218 1393/891/1218 1406/911/1218
f 1406/911/1219 1393/891/1219 1394/884/1219 1407/883/1219
f 1382/888/1220 1409/912/1220 1388/62/1220 1374/553/1220
f 1409/912/1221 1411/913/1221 1387/907/1221 1388/62/1221
f 1411/913/1222 1413/881/1222 1386/69/1222 1387/907/1222
f 1383/897/1220 1408/914/1220 1409/912/1220 1382/888/1220
f 1408/914/1221 1410/915/1221 1411/913/1221 1409/912/1221
f 1410/915/1222 1412/916/1222 1413/881/1222 1411/913/1222
f 1412/916/1194 1384/917/1194 1385/882/1194 1413/881/1194
f 1372/894/1223 1378/918/1223 1414/919/1223 1377/893/1223
f 1378/918/1224 1379/920/1224 1415/921/1224 1414/919/1224
f 1379/920/1225 1380/922/1225 1416/889/1225 1415/921/1225
f 1380/922/1226 1373/923/1226 1381/890/1226 1416/889/1226
f 1415/921/1129 1416/889/1129 1477/889/1129 1475/921/1129
f 1375/76/1227 1385/882/1227 1423/882/1227 1421/76/1227
f 1392/892/1228 1375/76/1228 1421/76/1228 1424/892/1228
f 1385/882/1227 1384/917/1227 1422/917/1227 1423/882/1227
f 1418/892/1229 1427/892/1229 1439/892/1229 1435/892/1229
f 1433/882/1230 1432/917/1230 1446/917/1230 1447/882/1230
f 1430/892/1231 1434/892/1231 1448/892/1231 1442/892/1231
f 1431/76/1230 1433/882/1230 1447/882/1230 1445/76/1230
f 1424/892/1232 1421/76/1232 1426/76/1232 1429/892/1232
f 1420/884/1233 1419/891/1233 1436/891/1233 1437/884/1233
f 1421/76/1234 1423/882/1234 1428/882/1234 1426/76/1234
f 1423/882/1234 1422/917/1234 1425/917/1234 1428/882/1234
f 1427/892/1129 1424/892/1129 1429/892/1129 1430/892/1129
f 1451/891/1165 1452/892/1165 1465/892/1165 1466/891/1165
f 1430/892/1129 1429/892/1129 1434/892/1129
f 1419/891/1235 1418/892/1235 1436/891/1235
f 1418/892/1236 1435/892/1236 1436/891/1236
f 1428/882/1237 1425/917/1237 1432/917/1237 1433/882/1237
f 1426/76/1237 1428/882/1237 1433/882/1237 1431/76/1237
f 1429/892/1165 1426/76/1165 1431/76/1165 1434/892/1165
f 1427/892/1238 1430/892/1238 1442/892/1238 1439/892/1238
f 1434/892/1239 1431/76/1239 1445/76/1239 1448/892/1239
f 1231/863/1240 1275/887/1240 1226/858/1240
f 1455/890/1241 1453/923/1241 1458/923/1241 1457/890/1241
f 1442/12/1220 1444/924/1220 1464/924/1220 1462/12/1220
f 1436/891/1165 1451/891/1165 1466/891/1165
f 1456/884/1242 1438/884/1242 1437/891/1242
f 1466/891/1243 1467/884/1243 1458/885/1243 1453/885/1243 1456/884/1243 1437/891/1243 1436/891/1243
f 1435/892/1129 1439/892/1129 1459/892/1129 1454/892/1129
f 1437/884/1244 1438/884/1244 1420/884/1244
f 1439/892/1129 1442/892/1129 1462/892/1129 1459/892/1129
f 1444/924/1245 1442/12/1245 1448/12/1245 1450/924/1245
f 1443/925/1245 1444/924/1245 1450/924/1245 1449/925/1245
f 1447/882/642 1450/924/642 1448/12/642 1445/76/642
f 1446/917/642 1449/925/642 1450/924/642 1447/882/642
f 1455/890/1246 1457/890/1246 1486/890/1246 1483/890/1246
f 1420/884/289 1438/884/289 1441/923/289
f 1417/890/1247 1381/890/1247 1373/885/1247
f 1441/923/1248 1440/890/1248 1417/890/1248
f 1373/885/1249 1394/884/1249 1420/884/1249 1441/923/1249 1417/890/1249
f 1460/925/1250 1461/924/1250 1464/924/1250 1463/925/1250
f 1461/924/1251 1459/12/1251 1462/12/1251 1464/924/1251
f 1461/924/1165 1464/924/1165 1487/924/1165
f 1381/890/1252 1417/890/1252 1471/890/1252
f 1417/890/1253 1479/890/1253 1471/890/1253
f 1435/892/1129 1454/892/1129 1465/892/1129 1452/892/1129
f 1414/919/1129 1415/921/1129 1475/921/1129 1473/919/1129
f 1441/885/1254 1438/884/1254 1456/884/1254 1453/885/1254
f 1440/890/1255 1441/923/1255 1453/923/1255 1455/890/1255
f 1417/890/289 1440/890/289 1479/890/289
f 1457/890/1256 1458/923/1256 1467/372/1256 1466/55/1256 1468/926/1256
f 1468/926/1129 1481/890/1129 1486/890/1129
f 1468/926/1129 1486/890/1129 1457/890/1129
f 1468/926/289 1481/927/289 1488/928/289
f 1472/929/1257 1471/890/1257 1479/890/1257 1480/929/1257
f 1470/893/1223 1473/919/1223 1474/930/1223 1469/931/1223
f 1473/919/1224 1475/921/1224 1476/932/1224 1474/930/1224
f 1475/921/1225 1477/889/1225 1478/933/1225 1476/932/1225
f 1477/889/1258 1471/890/1258 1472/929/1258 1478/933/1258
f 1485/929/1259 1486/890/1259 1481/890/1259 1482/929/1259
f 1484/929/1260 1483/890/1260 1486/890/1260 1485/929/1260
f 1480/929/642 1479/890/642 1483/890/642 1484/929/642
f 1464/924/1129 1487/924/1129 1492/924/1129
f 1487/924/1165 1494/924/1165 1492/924/1165
f 1455/890/289 1479/890/289 1440/890/289
f 1377/893/1129 1414/919/1129 1473/919/1129 1470/893/1129
f 1490/924/1220 1489/925/1220 1491/925/1220 1492/924/1220
f 1491/925/1261 1492/924/1261 1494/924/1261 1493/925/1261
f 1464/924/1129 1444/924/1129 1490/924/1129 1492/924/1129
f 1444/924/1262 1443/925/1262 1489/925/1262 1490/924/1262
f 1366/925/1165 1320/925/1165 1326/925/1165 1323/917/1165 1340/925/1165 1370/925/1165 1368/925/1165
f 1287/915/1263 1285/914/1263 1260/897/1263 1274/896/1263 1273/934/1263 1253/935/1263 1346/931/1263 1351/930/1263 1353/932/1263 1355/933/1263 1349/929/1263 1357/929/1263 1361/929/1263 1362/929/1263 1359/929/1263 1337/925/1263 1340/925/1263 1309/917/1263 1302/917/1263 1299/917/1263 1261/917/1263 1289/916/1263
f 1340/925/1264 1323/917/1264 1309/917/1264
f 1345/936/642 1343/936/642 1336/936/642 1338/936/642 1337/936/642 1359/936/642 1358/936/642
f 1468/936/289 1466/936/289 1459/936/289 1461/936/289 1460/936/289 1482/936/289 1481/936/289
f 1362/929/1265 1485/929/1265 1482/929/1265 1359/929/1265
f 1460/936/1266 1337/936/1266 1359/936/1266 1482/936/1266
f 1370/925/1267 1368/925/1267 1491/925/1267 1493/925/1267
f 1368/936/1220 1491/936/1220 1489/936/1220 1366/936/1220
f 1347/893/1268 1146/778/1268 1151/783/1268
f 1254/893/1269 1347/893/1269 1156/788/1269
f 1275/887/1270 1268/904/1270 1221/853/1270
f 1254/893/1271 1166/798/1271 1171/803/1271
f 1347/893/1272 1346/931/1272 1146/778/1272
f 1346/931/1273 1141/773/1273 1146/778/1273
f 1346/931/1274 1136/765/1274 1141/773/1274
f 1346/931/1275 1131/766/1275 1136/765/1275
f 1253/935/1276 1272/937/1276 1106/733/1276
f 1346/931/1277 1126/753/1277 1131/758/1277
f 1253/935/1278 1116/743/1278 1121/748/1278
f 1253/935/1279 1111/738/1279 1116/743/1279
f 1253/935/1280 1106/733/1280 1111/738/1280
f 1272/937/1281 1101/728/1281 1106/733/1281
f 1272/937/1282 1096/723/1282 1101/728/1282
f 1272/937/1283 1091/718/1283 1096/723/1283
f 1272/937/1284 1086/713/1284 1091/718/1284
f 1272/937/1285 1071/698/1285 1076/703/1285
f 1272/937/1286 1066/693/1286 1071/698/1286
f 1272/937/1287 1061/688/1287 1066/693/1287
f 1273/934/1288 1061/688/1288 1272/937/1288
f 1273/934/1289 1051/678/1289 1056/683/1289
f 1273/934/1290 1046/673/1290 1051/678/1290
f 1273/934/1291 1041/668/1291 1046/673/1291
f 1273/934/1292 1036/663/1292 1041/668/1292
f 1036/663/1293 1273/934/1293 1031/658/1293
f 1031/658/1294 1273/934/1294 1026/653/1294
f 1274/896/1295 1021/648/1295 1026/653/1295
f 1274/896/1296 1016/640/1296 1021/648/1296
f 1016/640/1297 1274/896/1297 1011/641/1297
f 1011/641/1298 1274/896/1298 1246/878/1298
f 1246/878/1299 1274/896/1299 1241/873/1299
f 1241/873/1300 1274/896/1300 1236/868/1300
f 1236/868/1301 1275/887/1301 1231/863/1301
f 1266/895/1302 1249/900/1302 1176/808/1302
f 1267/906/1303 1266/895/1303 1196/828/1303
f 1254/893/1304 1161/793/1304 1166/798/1304
f 1254/893/1305 1156/788/1305 1161/793/1305
f 1272/937/1306 1081/708/1306 1086/713/1306
f 1346/931/1307 1253/935/1307 1121/748/1307
f 1397/896/1308 1241/873/1308 1236/868/1308
f 1272/937/1309 1076/703/1309 1081/708/1309
f 1273/934/1310 1056/683/1310 1061/688/1310
f 1273/934/1311 1274/896/1311 1026/653/1311
f 1274/896/1312 1275/887/1312 1236/868/1312
f 1346/931/1313 1121/748/1313 1126/753/1313
f 1268/904/1314 1267/906/1314 1211/843/1314
f 1397/896/1315 1246/878/1315 1241/873/1315
f 1246/878/1316 1397/896/1316 1011/641/1316
f 1011/641/1317 1397/896/1317 1016/640/1317
f 1016/640/1318 1397/896/1318 1021/648/1318
f 1021/648/1319 1397/896/1319 1026/653/1319
f 1026/653/1320 1398/887/1320 1031/658/1320
f 1031/658/1321 1398/887/1321 1036/663/1321
f 1036/663/1322 1398/887/1322 1041/668/1322
f 1391/904/1323 1046/673/1323 1041/668/1323
f 1046/673/1324 1391/904/1324 1051/678/1324
f 1390/906/1325 1056/683/1325 1051/678/1325
f 1390/906/1326 1061/688/1326 1056/683/1326
f 1390/906/1327 1066/693/1327 1061/688/1327
f 1389/895/1328 1071/698/1328 1066/693/1328
f 1389/895/1329 1076/703/1329 1071/698/1329
f 1389/895/1330 1081/708/1330 1076/703/1330
f 1389/895/1331 1086/713/1331 1081/708/1331
f 1372/894/1332 1091/718/1332 1086/713/1332
f 1372/894/1333 1377/893/1333 1091/718/1333
f 1470/893/1334 1111/738/1334 1106/733/1334
f 1470/893/1335 1116/743/1335 1111/738/1335
f 1377/893/1336 1470/893/1336 1106/733/1336
f 1469/931/1337 1141/773/1337 1136/765/1337
f 1377/893/1338 1096/723/1338 1091/718/1338
f 1470/893/1339 1469/931/1339 1116/743/1339
f 1395/931/1340 1181/813/1340 1176/808/1340
f 1469/931/1341 1126/753/1341 1121/748/1341
f 1469/931/1342 1131/758/1342 1126/753/1342
f 1398/887/1343 1391/904/1343 1041/668/1343
f 1469/931/1344 1136/765/1344 1131/766/1344
f 1376/931/1345 1146/778/1345 1141/773/1345
f 1376/931/1346 1151/783/1346 1146/778/1346
f 1376/931/1347 1156/788/1347 1151/783/1347
f 1395/931/1348 1166/798/1348 1161/793/1348
f 1395/931/1349 1171/803/1349 1166/798/1349
f 1395/931/1350 1176/808/1350 1171/803/1350
f 1395/931/1351 1191/823/1351 1186/818/1351
f 1395/931/1352 1196/828/1352 1191/823/1352
f 1395/931/1353 1201/833/1353 1196/828/1353
f 1396/931/1354 1201/833/1354 1395/931/1354
f 1396/931/1355 1211/843/1355 1206/838/1355
f 1396/931/1356 1216/848/1356 1211/843/1356
f 1396/931/1357 1221/853/1357 1216/848/1357
f 1396/931/1358 1226/858/1358 1221/853/1358
f 1226/858/1359 1396/931/1359 1231/863/1359
f 1231/863/1360 1396/931/1360 1236/868/1360
f 1469/931/1361 1121/748/1361 1116/743/1361
f 1376/931/1362 1161/793/1362 1156/788/1362
f 1377/893/1363 1101/728/1363 1096/723/1363
f 1390/906/1364 1389/895/1364 1066/693/1364
f 1389/895/1365 1372/900/1365 1086/713/1365
f 1377/893/1366 1106/733/1366 1101/728/1366
f 1397/896/1367 1398/887/1367 1026/653/1367
f 1469/931/1368 1376/931/1368 1141/773/1368
f 1376/931/1369 1395/931/1369 1161/793/1369
f 1395/931/1370 1186/818/1370 1181/813/1370
f 1396/931/1371 1206/838/1371 1201/833/1371
f 1396/931/1372 1397/896/1372 1236/868/1372
f 1391/904/1373 1390/906/1373 1051/678/1373
