# Blender 4.1.1
# www.blender.org
mtllib chessKing.mtl
o Cylinder.003
v -0.082112 0.291460 0.051122
v -0.087600 0.291460 0.039134
v 0.067102 0.291460 0.072285
v 0.057774 0.291460 0.081098
v -0.094008 0.291460 0.013369
v -0.094820 0.291460 0.000031
v -0.012349 0.291460 0.101339
v -0.024518 0.291460 0.098732
v -0.047394 0.291460 0.088524
v -0.057710 0.291460 0.081098
v 0.091652 0.291460 -0.026416
v 0.094072 0.291460 -0.013306
v -0.075219 0.291460 0.062236
v 0.036330 0.291460 0.094435
v 0.024581 0.291460 0.098732
v 0.000032 0.291460 0.102213
v 0.067102 0.291460 -0.072223
v 0.075283 0.291460 -0.062174
v -0.036266 0.291460 0.094435
v 0.087663 0.291460 -0.039072
v 0.047458 0.291460 0.088524
v 0.024581 0.291460 -0.098669
v 0.036330 0.291460 -0.094373
v 0.012412 0.291460 0.101339
v 0.057774 0.291460 -0.081036
v 0.082176 0.291460 -0.051060
v -0.024518 0.291460 -0.098669
v -0.012349 0.291460 -0.101277
v 0.012412 0.291460 -0.101277
v 0.047458 0.291460 -0.088461
v -0.067038 0.291460 -0.072223
v -0.057710 0.291460 -0.081036
v 0.094884 0.291460 0.000031
v -0.036266 0.291460 -0.094373
v 0.000032 0.291460 -0.102151
v -0.075219 0.291460 -0.062174
v -0.047394 0.291460 -0.088461
v 0.091652 0.291460 0.026478
v 0.087663 0.291460 0.039135
v -0.082112 0.291460 -0.051060
v -0.091588 0.291460 -0.026416
v 0.087186 0.514402 0.047715
v -0.099750 0.514402 -0.012415
v -0.071134 0.514402 0.067466
v 0.099808 0.514402 0.012480
v -0.097182 0.514402 0.024715
v 0.079872 0.514402 0.058087
v -0.087600 0.291460 -0.039072
v 0.075283 0.291460 0.062236
v -0.092950 0.514402 -0.036462
v -0.097182 0.514402 -0.024649
v -0.087128 0.514402 -0.047650
v 0.093008 0.514402 0.036527
v 0.097240 0.514402 0.024715
v -0.050291 0.514402 -0.082556
v -0.079814 0.514402 -0.058022
v -0.091588 0.291460 0.026478
v 0.000029 0.514402 -0.095332
v -0.038484 0.514402 -0.088073
v 0.100669 0.514402 0.000033
v -0.061237 0.514402 -0.075625
v -0.071134 0.514402 -0.067400
v 0.050349 0.514402 -0.082556
v 0.013165 0.514402 -0.094516
v 0.094072 0.291460 0.013369
v -0.013107 0.514402 -0.094516
v -0.026018 0.514402 -0.092083
v 0.087186 0.514402 -0.047650
v 0.061295 0.514402 -0.075625
v 0.013165 0.514402 0.094582
v 0.038542 0.514402 -0.088073
v 0.026077 0.514402 -0.092083
v -0.067038 0.291460 0.072285
v 0.050349 0.514402 0.082621
v 0.093008 0.514402 -0.036462
v -0.038484 0.514402 0.088138
v 0.079872 0.514402 -0.058022
v 0.071192 0.514402 -0.067400
v 0.000029 0.514402 0.095398
v 0.026077 0.514402 0.092148
v -0.094008 0.291460 -0.013306
v 0.038542 0.514402 0.088138
v -0.079814 0.514402 0.058087
v 0.099808 0.514402 -0.012415
v 0.097240 0.514402 -0.024649
v -0.061237 0.514402 0.075691
v -0.050291 0.514402 0.082621
v -0.026018 0.514402 0.092148
v 0.082176 0.291460 0.051122
v -0.013107 0.514402 0.094582
v -0.100611 0.514402 0.000033
v -0.099750 0.514402 0.012480
v 0.061295 0.514402 0.075691
v 0.071192 0.514402 0.067466
v -0.092950 0.514402 0.036527
v -0.087128 0.514402 0.047715
v -0.072047 0.479607 -0.053683
v -0.065121 0.443003 -0.049696
v -0.059836 0.397176 -0.046683
v -0.062675 0.362509 -0.049906
v -0.067699 0.327841 -0.054935
v -0.060336 0.327841 -0.063815
v -0.055858 0.362509 -0.057973
v -0.053328 0.397176 -0.054230
v -0.058039 0.443003 -0.057730
v -0.064211 0.479607 -0.062361
v 0.034796 0.479607 0.081555
v 0.031455 0.443003 0.075504
v 0.028910 0.397176 0.070927
v 0.030279 0.362509 0.075817
v 0.032703 0.327841 0.083450
v 0.022128 0.327841 0.087246
v 0.020489 0.362509 0.079266
v 0.019563 0.397176 0.074153
v 0.021283 0.443003 0.078938
v 0.023543 0.479607 0.085265
v 0.090102 0.479607 0.011550
v 0.081447 0.443003 0.010695
v 0.074848 0.397176 0.010047
v 0.078396 0.362509 0.010738
v 0.084674 0.327841 0.011817
v 0.082495 0.327841 0.023400
v 0.076379 0.362509 0.021262
v 0.072922 0.397176 0.019892
v 0.079351 0.443003 0.021175
v 0.087783 0.479607 0.022871
v -0.023485 0.479607 -0.085199
v -0.021225 0.443003 -0.078873
v -0.019499 0.397176 -0.074091
v -0.020425 0.362509 -0.079204
v -0.022064 0.327841 -0.087184
v -0.011112 0.327841 -0.089488
v -0.010285 0.362509 -0.081297
v -0.009818 0.397176 -0.076049
v -0.010690 0.443003 -0.080957
v -0.011829 0.479607 -0.087451
v -0.090043 0.479607 -0.011485
v -0.081389 0.443003 -0.010630
v -0.074785 0.397176 -0.009985
v -0.078333 0.362509 -0.010676
v -0.084610 0.327841 -0.011754
v -0.082432 0.327841 -0.023338
v -0.076316 0.362509 -0.021200
v -0.072859 0.397176 -0.019830
v -0.079293 0.443003 -0.021110
v -0.087725 0.479607 -0.022805
v -0.045396 0.479607 -0.076384
v -0.041031 0.443003 -0.070712
v -0.037699 0.397176 -0.066425
v -0.039489 0.362509 -0.071009
v -0.042655 0.327841 -0.078164
v -0.032639 0.327841 -0.083388
v -0.030216 0.362509 -0.075755
v -0.028846 0.397176 -0.070865
v -0.031397 0.443003 -0.075438
v -0.034738 0.479607 -0.081489
v 0.000029 0.479607 0.088271
v 0.000029 0.443003 0.081722
v 0.000032 0.397176 0.076768
v 0.000032 0.362509 0.082061
v 0.000032 0.327841 0.090323
v -0.011112 0.327841 0.089551
v -0.010285 0.362509 0.081360
v -0.009818 0.397176 0.076112
v -0.010690 0.443003 0.081023
v -0.011829 0.479607 0.087516
v 0.055335 0.479607 0.070037
v 0.050021 0.443003 0.064841
v 0.045970 0.397176 0.060911
v 0.048149 0.362509 0.065110
v 0.052003 0.327841 0.071664
v 0.042718 0.327841 0.078226
v 0.039552 0.362509 0.071071
v 0.037763 0.397176 0.066487
v 0.041089 0.443003 0.070778
v 0.045454 0.479607 0.076450
v 0.078707 0.479607 0.044152
v 0.071147 0.443003 0.040877
v 0.065384 0.397176 0.038400
v 0.068483 0.362509 0.041046
v 0.073967 0.327841 0.045177
v 0.067763 0.327841 0.054997
v 0.062739 0.362509 0.049968
v 0.059900 0.397176 0.046746
v 0.065180 0.443003 0.049762
v 0.072105 0.479607 0.053749
v 0.034796 0.479607 -0.081489
v 0.031455 0.443003 -0.075438
v 0.028910 0.397176 -0.070865
v 0.030279 0.362509 -0.075755
v 0.032703 0.327841 -0.083388
v 0.042718 0.327841 -0.078164
v 0.039552 0.362509 -0.071009
v 0.037763 0.397176 -0.066425
v 0.041089 0.443003 -0.070712
v 0.045454 0.479607 -0.076384
v 0.064269 0.479607 -0.062361
v 0.058097 0.443003 -0.057730
v 0.053391 0.397176 -0.054230
v 0.055922 0.362509 -0.057973
v 0.060399 0.327841 -0.063815
v 0.067763 0.327841 -0.054935
v 0.062739 0.362509 -0.049906
v 0.059900 0.397176 -0.046683
v 0.065180 0.443003 -0.049696
v 0.072105 0.479607 -0.053683
v 0.011887 0.479607 -0.087451
v 0.010748 0.443003 -0.080957
v 0.009882 0.397176 -0.076049
v 0.010349 0.362509 -0.081297
v 0.011175 0.327841 -0.089488
v 0.022128 0.327841 -0.087184
v 0.020489 0.362509 -0.079204
v 0.019563 0.397176 -0.074091
v 0.021283 0.443003 -0.078873
v 0.023543 0.479607 -0.085199
v -0.023485 0.479607 0.085265
v -0.021225 0.443003 0.078938
v -0.019499 0.397176 0.074153
v -0.020425 0.362509 0.079266
v -0.022064 0.327841 0.087246
v -0.032639 0.327841 0.083450
v -0.030216 0.362509 0.075817
v -0.028846 0.397176 0.070927
v -0.031397 0.443003 0.075504
v -0.034738 0.479607 0.081555
v -0.078649 0.479607 0.044152
v -0.071089 0.443003 0.040877
v -0.065320 0.397176 0.038400
v -0.068420 0.362509 0.041046
v -0.073903 0.327841 0.045177
v -0.078842 0.327841 0.034584
v -0.072992 0.362509 0.031423
v -0.069686 0.397176 0.029397
v -0.075840 0.443003 0.031294
v -0.083905 0.479607 0.033800
v 0.078906 0.327841 0.034584
v 0.073056 0.362509 0.031423
v 0.069749 0.397176 0.029397
v 0.075899 0.443003 0.031294
v 0.083963 0.479607 0.033800
v -0.042655 0.327841 0.078226
v -0.039489 0.362509 0.071071
v -0.037699 0.397176 0.066487
v -0.041031 0.443003 0.070778
v -0.045396 0.479607 0.076450
v 0.052003 0.327841 -0.071602
v 0.048149 0.362509 -0.065048
v 0.045970 0.397176 -0.060848
v 0.050021 0.443003 -0.064775
v 0.055335 0.479607 -0.069972
v 0.064269 0.479607 0.062427
v 0.058097 0.443003 0.057796
v 0.053391 0.397176 0.054292
v 0.055922 0.362509 0.058035
v 0.060399 0.327841 0.063877
v -0.078649 0.479607 -0.044087
v -0.071089 0.443003 -0.040812
v -0.065320 0.397176 -0.038337
v -0.068420 0.362509 -0.040984
v -0.073903 0.327841 -0.045115
v 0.083963 0.479607 -0.033735
v 0.075899 0.443003 -0.031228
v 0.069749 0.397176 -0.029335
v 0.073056 0.362509 -0.031361
v 0.078906 0.327841 -0.034522
v 0.082495 0.327841 -0.023338
v 0.076379 0.362509 -0.021200
v 0.072922 0.397176 -0.019830
v 0.079351 0.443003 -0.021110
v 0.087783 0.479607 -0.022805
v -0.082432 0.327841 0.023400
v -0.076316 0.362509 0.021262
v -0.072859 0.397176 0.019892
v -0.079293 0.443003 0.021175
v -0.087725 0.479607 0.022871
v -0.051940 0.327841 -0.071602
v -0.048085 0.362509 -0.065048
v -0.045906 0.397176 -0.060848
v -0.049963 0.443003 -0.064775
v -0.055277 0.479607 -0.069972
v -0.090043 0.479607 0.011550
v -0.081389 0.443003 0.010695
v -0.074785 0.397176 0.010047
v -0.078333 0.362509 0.010738
v -0.084610 0.327841 0.011817
v -0.085341 0.327841 0.000031
v -0.079009 0.362509 0.000031
v -0.075430 0.397176 0.000031
v -0.082091 0.443003 0.000033
v -0.090821 0.479607 0.000033
v 0.000032 0.327841 -0.090261
v 0.000032 0.362509 -0.081999
v 0.000032 0.397176 -0.076706
v 0.000029 0.443003 -0.081656
v 0.000029 0.479607 -0.088206
v 0.090102 0.479607 -0.011485
v 0.081447 0.443003 -0.010630
v 0.074848 0.397176 -0.009985
v 0.078396 0.362509 -0.010676
v 0.084674 0.327841 -0.011754
v 0.085404 0.327841 0.000031
v 0.079073 0.362509 0.000031
v 0.075494 0.397176 0.000031
v 0.082149 0.443003 0.000033
v 0.090879 0.479607 0.000033
v -0.078842 0.327841 -0.034522
v -0.072992 0.362509 -0.031361
v -0.069686 0.397176 -0.029335
v -0.075840 0.443003 -0.031228
v -0.083905 0.479607 -0.033735
v 0.011175 0.327841 0.089551
v 0.010349 0.362509 0.081360
v 0.009882 0.397176 0.076112
v 0.010748 0.443003 0.081023
v 0.011887 0.479607 0.087516
v -0.051940 0.327841 0.071664
v -0.048085 0.362509 0.065110
v -0.045906 0.397176 0.060911
v -0.049963 0.443003 0.064841
v -0.055277 0.479607 0.070037
v 0.073967 0.327841 -0.045115
v 0.068483 0.362509 -0.040984
v 0.065384 0.397176 -0.038337
v 0.071147 0.443003 -0.040812
v 0.078707 0.479607 -0.044087
v -0.060336 0.327841 0.063877
v -0.055858 0.362509 0.058035
v -0.053328 0.397176 0.054292
v -0.058039 0.443003 0.057796
v -0.064211 0.479607 0.062427
v -0.072047 0.479607 0.053749
v -0.065121 0.443003 0.049762
v -0.059836 0.397176 0.046746
v -0.062675 0.362509 0.049968
v -0.067699 0.327841 0.054997
v 0.000032 0.000036 -0.237559
v 0.043058 0.000036 -0.232994
v 0.084431 0.000036 -0.219474
v 0.122560 0.000036 -0.197518
v 0.155981 0.000036 -0.167971
v 0.183409 0.000036 -0.131967
v 0.203789 0.000036 -0.090891
v 0.216339 0.000036 -0.046320
v 0.220577 0.000036 0.000031
v 0.216339 0.000036 0.046383
v 0.203789 0.000036 0.090953
v 0.183409 0.000036 0.132029
v 0.155981 0.000036 0.168033
v 0.122560 0.000036 0.197580
v 0.084431 0.000036 0.219536
v 0.043058 0.000036 0.233056
v 0.000032 0.000036 0.237621
v -0.042994 0.000036 0.233056
v -0.084367 0.000036 0.219536
v -0.122497 0.000036 0.197580
v -0.155917 0.000036 0.168033
v -0.183345 0.000036 0.132029
v -0.203725 0.000036 0.090953
v -0.216276 0.000036 0.046383
v -0.220513 0.000036 0.000031
v -0.216276 0.000036 -0.046320
v -0.203725 0.000036 -0.090891
v -0.183345 0.000036 -0.131967
v -0.155917 0.000036 -0.167971
v -0.122497 0.000036 -0.197518
v -0.084367 0.000036 -0.219474
v -0.042994 0.000036 -0.232994
v 0.000032 0.034869 -0.237559
v 0.043058 0.034869 -0.232994
v 0.084431 0.034869 -0.219474
v 0.122560 0.034869 -0.197518
v 0.155981 0.034869 -0.167971
v 0.183409 0.034869 -0.131967
v 0.203789 0.034869 -0.090891
v 0.216339 0.034869 -0.046320
v 0.220577 0.034869 0.000031
v 0.216339 0.034869 0.046383
v 0.203789 0.034869 0.090953
v 0.183409 0.034869 0.132029
v 0.155981 0.034869 0.168033
v 0.122560 0.034869 0.197580
v 0.084431 0.034869 0.219536
v 0.043058 0.034869 0.233056
v 0.000032 0.034869 0.237621
v -0.042994 0.034869 0.233056
v -0.084367 0.034869 0.219536
v -0.122497 0.034869 0.197580
v -0.155917 0.034869 0.168033
v -0.183345 0.034869 0.132029
v -0.203725 0.034869 0.090953
v -0.216276 0.034869 0.046383
v -0.220513 0.034869 0.000031
v -0.216276 0.034869 -0.046320
v -0.203725 0.034869 -0.090891
v -0.183345 0.034869 -0.131967
v -0.155917 0.034869 -0.167971
v -0.122497 0.034869 -0.197518
v -0.084367 0.034869 -0.219474
v -0.042994 0.034869 -0.232994
v 0.000032 0.054392 -0.213335
v 0.038671 0.054392 -0.209236
v 0.075826 0.054392 -0.197094
v 0.110068 0.054392 -0.177377
v 0.140081 0.054392 -0.150842
v 0.164712 0.054392 -0.118509
v 0.183015 0.054392 -0.081621
v 0.194286 0.054392 -0.041595
v 0.198091 0.054392 0.000031
v 0.194286 0.054392 0.041657
v 0.183015 0.054392 0.081683
v 0.164712 0.054392 0.118571
v 0.140081 0.054392 0.150904
v 0.110068 0.054392 0.177439
v 0.075826 0.054392 0.197156
v 0.038671 0.054392 0.209298
v 0.000032 0.054392 0.213398
v -0.038608 0.054392 0.209298
v -0.075762 0.054392 0.197156
v -0.110004 0.054392 0.177439
v -0.140017 0.054392 0.150904
v -0.164649 0.054392 0.118571
v -0.182951 0.054392 0.081683
v -0.194222 0.054392 0.041657
v -0.198028 0.054392 0.000031
v -0.194222 0.054392 -0.041595
v -0.182951 0.054392 -0.081621
v -0.164649 0.054392 -0.118509
v -0.140017 0.054392 -0.150842
v -0.110004 0.054392 -0.177377
v -0.075762 0.054392 -0.197094
v -0.038608 0.054392 -0.209236
v 0.204860 0.085061 0.000031
v 0.199372 0.115885 0.000031
v 0.174575 0.139905 0.000031
v 0.152093 0.194799 0.000031
v 0.199372 0.054238 0.000031
v 0.203108 0.085061 -0.028771
v 0.197667 0.115885 -0.027999
v 0.173081 0.139905 -0.024512
v 0.150792 0.194799 -0.021351
v 0.197667 0.054238 -0.027999
v 0.197881 0.085061 -0.057080
v 0.192580 0.115885 -0.055549
v 0.168627 0.139905 -0.048635
v 0.146912 0.194799 -0.042367
v 0.192580 0.054238 -0.055549
v 0.189269 0.085061 -0.084411
v 0.184198 0.115885 -0.082149
v 0.161288 0.139905 -0.071926
v 0.140518 0.194799 -0.062657
v 0.184198 0.054238 -0.082149
v 0.177418 0.085061 -0.110298
v 0.172665 0.115885 -0.107342
v 0.151190 0.139905 -0.093985
v 0.131721 0.194799 -0.081876
v 0.172665 0.054238 -0.107342
v 0.162533 0.085061 -0.134297
v 0.158179 0.115885 -0.130698
v 0.138506 0.139905 -0.114436
v 0.120670 0.194799 -0.099692
v 0.158179 0.054238 -0.130698
v 0.144867 0.085061 -0.155998
v 0.140987 0.115885 -0.151817
v 0.123452 0.139905 -0.132928
v 0.107555 0.194799 -0.115802
v 0.140987 0.054238 -0.151817
v 0.124724 0.085061 -0.175029
v 0.121382 0.115885 -0.170338
v 0.106287 0.139905 -0.149145
v 0.092601 0.194799 -0.129931
v 0.121382 0.054238 -0.170338
v 0.102446 0.085061 -0.191065
v 0.099702 0.115885 -0.185945
v 0.087303 0.139905 -0.162810
v 0.076062 0.194799 -0.141835
v 0.099702 0.054238 -0.185945
v 0.078416 0.085061 -0.203831
v 0.076316 0.115885 -0.198368
v 0.066826 0.139905 -0.173688
v 0.058223 0.194799 -0.151313
v 0.076316 0.054238 -0.198368
v 0.053045 0.085061 -0.213109
v 0.051625 0.115885 -0.207398
v 0.045207 0.139905 -0.181594
v 0.039388 0.194799 -0.158200
v 0.051625 0.054238 -0.207398
v 0.026767 0.085061 -0.218740
v 0.026051 0.115885 -0.212878
v 0.022814 0.139905 -0.186393
v 0.019880 0.194799 -0.162381
v 0.026051 0.054238 -0.212878
v 0.000032 0.085061 -0.220628
v 0.000032 0.115885 -0.214715
v 0.000032 0.139905 -0.188001
v 0.000032 0.194799 -0.163782
v 0.000032 0.054238 -0.214715
v -0.026704 0.085061 -0.218740
v -0.025987 0.115885 -0.212878
v -0.022751 0.139905 -0.186393
v -0.019816 0.194799 -0.162381
v -0.025987 0.054238 -0.212878
v -0.052982 0.085061 -0.213109
v -0.051561 0.115885 -0.207398
v -0.045143 0.139905 -0.181594
v -0.039324 0.194799 -0.158200
v -0.051561 0.054238 -0.207398
v -0.078353 0.085061 -0.203831
v -0.076252 0.115885 -0.198368
v -0.066763 0.139905 -0.173688
v -0.058159 0.194799 -0.151313
v -0.076252 0.054238 -0.198368
v -0.102382 0.085061 -0.191065
v -0.099638 0.115885 -0.185945
v -0.087240 0.139905 -0.162810
v -0.075999 0.194799 -0.141835
v -0.099638 0.054238 -0.185945
v -0.124660 0.085061 -0.175029
v -0.121319 0.115885 -0.170338
v -0.106223 0.139905 -0.149145
v -0.092537 0.194799 -0.129931
v -0.121319 0.054238 -0.170338
v -0.144804 0.085061 -0.155998
v -0.140923 0.115885 -0.151817
v -0.123389 0.139905 -0.132928
v -0.107492 0.194799 -0.115802
v -0.140923 0.054238 -0.151817
v -0.162470 0.085061 -0.134297
v -0.158115 0.115885 -0.130698
v -0.138442 0.139905 -0.114436
v -0.120606 0.194799 -0.099692
v -0.158115 0.054238 -0.130698
v -0.177355 0.085061 -0.110298
v -0.172602 0.115885 -0.107342
v -0.151127 0.139905 -0.093985
v -0.131657 0.194799 -0.081876
v -0.172602 0.054238 -0.107342
v -0.189205 0.085061 -0.084411
v -0.184134 0.115885 -0.082149
v -0.161225 0.139905 -0.071926
v -0.140454 0.194799 -0.062658
v -0.184134 0.054238 -0.082149
v -0.197817 0.085061 -0.057080
v -0.192516 0.115885 -0.055549
v -0.168564 0.139905 -0.048635
v -0.146848 0.194799 -0.042367
v -0.192516 0.054238 -0.055549
v -0.203044 0.085061 -0.028771
v -0.197603 0.115885 -0.027999
v -0.173018 0.139905 -0.024512
v -0.150728 0.194799 -0.021351
v -0.197603 0.054238 -0.027999
v -0.204797 0.085061 0.000031
v -0.199308 0.115885 0.000031
v -0.174511 0.139905 0.000031
v -0.152029 0.194799 0.000031
v 0.095777 0.171895 0.134452
v 0.099634 0.156754 0.139867
v 0.020561 0.171895 0.168016
v 0.021388 0.156754 0.174783
v -0.199308 0.054238 0.000031
v -0.203044 0.085061 0.028833
v -0.197603 0.115885 0.028061
v -0.173018 0.139905 0.024574
v -0.150728 0.194799 0.021413
v -0.060156 0.171895 0.156568
v -0.062581 0.156754 0.162874
v -0.124746 0.171895 0.103176
v -0.129772 0.156754 0.107331
v -0.197603 0.054238 0.028061
v -0.197817 0.085061 0.057142
v -0.192516 0.115885 0.055611
v -0.168564 0.139905 0.048697
v -0.146848 0.194799 0.042429
v -0.155902 0.171895 0.022147
v -0.162183 0.156754 0.023038
v -0.145275 0.171895 -0.064809
v -0.151129 0.156754 -0.067421
v -0.192516 0.054238 0.055611
v -0.189205 0.085061 0.084473
v -0.184134 0.115885 0.082211
v -0.161225 0.139905 0.071988
v -0.140454 0.194799 0.062720
v -0.095714 0.171895 -0.134390
v -0.099571 0.156754 -0.139805
v -0.020497 0.171895 -0.167954
v -0.021324 0.156754 -0.174721
v -0.184134 0.054238 0.082211
v -0.177355 0.085061 0.110360
v -0.172602 0.115885 0.107404
v -0.151127 0.139905 0.094047
v -0.131657 0.194799 0.081938
v 0.060220 0.171895 -0.156506
v 0.062645 0.156754 -0.162812
v 0.124810 0.171895 -0.103114
v 0.129836 0.156754 -0.107269
v -0.172602 0.054238 0.107404
v -0.162470 0.085061 0.134359
v -0.158115 0.115885 0.130760
v -0.138442 0.139905 0.114498
v -0.120606 0.194799 0.099754
v 0.155965 0.171895 -0.022085
v 0.162247 0.156754 -0.022975
v 0.145339 0.171895 0.064871
v 0.151192 0.156754 0.067483
v -0.158115 0.054238 0.130760
v -0.144804 0.085061 0.156060
v -0.140923 0.115885 0.151879
v -0.123389 0.139905 0.132990
v -0.107492 0.194799 0.115864
v 0.111245 0.171895 0.119839
v 0.115725 0.156754 0.124666
v 0.040739 0.171895 0.163692
v 0.042378 0.156754 0.170285
v -0.140923 0.054238 0.151879
v -0.124660 0.085061 0.175091
v -0.121319 0.115885 0.170400
v -0.106223 0.139905 0.149207
v -0.092537 0.194799 0.129993
v -0.040675 0.171895 0.163692
v -0.042315 0.156754 0.170285
v -0.111181 0.171895 0.119839
v -0.115661 0.156754 0.124665
v -0.121319 0.054238 0.170400
v -0.102382 0.085061 0.191127
v -0.099638 0.115885 0.186007
v -0.087240 0.139905 0.162872
v -0.075999 0.194799 0.141897
v -0.151888 0.171895 0.043884
v -0.158008 0.156754 0.045650
v -0.151888 0.171895 -0.043822
v -0.158008 0.156754 -0.045588
v -0.099638 0.054238 0.186007
v -0.078353 0.085061 0.203893
v -0.076252 0.115885 0.198431
v -0.066763 0.139905 0.173750
v -0.058159 0.194799 0.151375
v -0.111181 0.171895 -0.119777
v -0.115661 0.156754 -0.124603
v -0.040675 0.171895 -0.163630
v -0.042315 0.156754 -0.170223
v -0.076252 0.054238 0.198431
v -0.052982 0.085061 0.213171
v -0.051561 0.115885 0.207460
v -0.045143 0.139905 0.181656
v -0.039325 0.194799 0.158262
v 0.040739 0.171895 -0.163630
v 0.042378 0.156754 -0.170223
v 0.111245 0.171895 -0.119777
v 0.115725 0.156754 -0.124603
v -0.051561 0.054238 0.207460
v -0.026704 0.085061 0.218802
v -0.025987 0.115885 0.212940
v -0.022751 0.139905 0.186455
v -0.019816 0.194799 0.162443
v 0.151952 0.171895 -0.043822
v 0.158072 0.156754 -0.045588
v 0.151952 0.171895 0.043884
v 0.158072 0.156754 0.045650
v -0.025987 0.054238 0.212940
v 0.000032 0.085061 0.220690
v 0.000032 0.115885 0.214777
v 0.000032 0.139905 0.188063
v 0.000032 0.194799 0.163844
v 0.060220 0.171895 0.156568
v 0.062645 0.156754 0.162874
v -0.020497 0.171895 0.168016
v -0.021324 0.156754 0.174783
v 0.000032 0.054238 0.214777
v 0.026767 0.085061 0.218802
v 0.026051 0.115885 0.212940
v 0.022814 0.139905 0.186455
v 0.019880 0.194799 0.162443
v -0.095714 0.171895 0.134452
v -0.099571 0.156754 0.139867
v -0.145275 0.171895 0.064871
v -0.151129 0.156754 0.067483
v 0.026051 0.054238 0.212940
v 0.053045 0.085061 0.213171
v 0.051625 0.115885 0.207460
v 0.045207 0.139905 0.181656
v 0.039388 0.194799 0.158262
v -0.155902 0.171895 -0.022085
v -0.162183 0.156754 -0.022975
v -0.124746 0.171895 -0.103114
v -0.129772 0.156754 -0.107269
v 0.051625 0.054238 0.207460
v 0.078416 0.085061 0.203893
v 0.076316 0.115885 0.198430
v 0.066826 0.139905 0.173750
v 0.058223 0.194799 0.151375
v -0.060156 0.171895 -0.156506
v -0.062581 0.156754 -0.162812
v 0.020561 0.171895 -0.167954
v 0.021388 0.156754 -0.174721
v 0.076316 0.054238 0.198430
v 0.102446 0.085061 0.191127
v 0.099702 0.115885 0.186007
v 0.087303 0.139905 0.162872
v 0.076062 0.194799 0.141897
v 0.095777 0.171895 -0.134390
v 0.099634 0.156754 -0.139805
v 0.145339 0.171895 -0.064809
v 0.151192 0.156754 -0.067421
v 0.099702 0.054238 0.186007
v 0.124723 0.085061 0.175091
v 0.121382 0.115885 0.170401
v 0.106287 0.139905 0.149207
v 0.092601 0.194799 0.129993
v 0.155965 0.171895 0.022147
v 0.162247 0.156754 0.023038
v 0.124810 0.171895 0.103176
v 0.129836 0.156754 0.107331
v 0.121382 0.054238 0.170401
v 0.144867 0.085061 0.156060
v 0.140987 0.115885 0.151880
v 0.123452 0.139905 0.132990
v 0.107555 0.194799 0.115864
v 0.078671 0.171895 0.146765
v 0.081839 0.156754 0.152676
v 0.000032 0.171895 0.169465
v 0.000032 0.156754 0.176291
v 0.140987 0.054238 0.151880
v 0.162533 0.085061 0.134359
v 0.158179 0.115885 0.130760
v 0.138506 0.139905 0.114498
v 0.120670 0.194799 0.099754
v -0.078608 0.171895 0.146765
v -0.081776 0.156754 0.152676
v -0.136176 0.171895 0.084748
v -0.141663 0.156754 0.088161
v 0.158179 0.054238 0.130760
v 0.177418 0.085061 0.110360
v 0.172665 0.115885 0.107404
v 0.151190 0.139905 0.094047
v 0.131721 0.194799 0.081938
v -0.157247 0.171895 0.000031
v -0.163583 0.156754 0.000031
v -0.136176 0.171895 -0.084686
v -0.141663 0.156754 -0.088099
v 0.172665 0.054238 0.107404
v 0.189269 0.085061 0.084473
v 0.184198 0.115885 0.082211
v 0.161288 0.139905 0.071988
v 0.140518 0.194799 0.062720
v -0.078608 0.171895 -0.146703
v -0.081776 0.156754 -0.152614
v 0.000032 0.171895 -0.169403
v 0.000032 0.156754 -0.176229
v 0.184198 0.054238 0.082211
v 0.197881 0.085061 0.057142
v 0.192580 0.115885 0.055611
v 0.168627 0.139905 0.048697
v 0.146912 0.194799 0.042429
v 0.078671 0.171895 -0.146703
v 0.081839 0.156754 -0.152614
v 0.136239 0.171895 -0.084686
v 0.141726 0.156754 -0.088099
v 0.192580 0.054238 0.055611
v 0.203108 0.085061 0.028833
v 0.197667 0.115885 0.028061
v 0.173081 0.139905 0.024574
v 0.150792 0.194799 0.021413
v 0.157311 0.171895 0.000031
v 0.163647 0.156754 0.000031
v 0.136239 0.171895 0.084748
v 0.141726 0.156754 0.088161
v 0.197667 0.054238 0.028061
v 0.141883 0.194799 0.000031
v 0.140669 0.194799 -0.019915
v 0.137049 0.194799 -0.039520
v 0.131085 0.194799 -0.058448
v 0.122878 0.194799 -0.076376
v 0.112570 0.194799 -0.092996
v 0.100336 0.194799 -0.108025
v 0.086385 0.194799 -0.121204
v 0.070957 0.194799 -0.132310
v 0.054316 0.194799 -0.141151
v 0.036746 0.194799 -0.147576
v 0.018547 0.194799 -0.151476
v 0.000032 0.194799 -0.152783
v -0.018483 0.194799 -0.151476
v -0.036682 0.194799 -0.147576
v -0.054252 0.194799 -0.141151
v -0.070894 0.194799 -0.132310
v -0.086322 0.194799 -0.121204
v -0.100272 0.194799 -0.108025
v -0.112506 0.194799 -0.092996
v -0.122815 0.194799 -0.076376
v -0.131021 0.194799 -0.058448
v -0.136986 0.194799 -0.039520
v -0.140606 0.194799 -0.019915
v -0.141819 0.194799 0.000031
v -0.140606 0.194799 0.019977
v -0.136986 0.194799 0.039582
v -0.131021 0.194799 0.058510
v -0.122815 0.194799 0.076438
v -0.112506 0.194799 0.093058
v -0.100272 0.194799 0.108087
v -0.086322 0.194799 0.121266
v -0.070894 0.194799 0.132372
v -0.054252 0.194799 0.141213
v -0.036682 0.194799 0.147638
v -0.018484 0.194799 0.151538
v 0.000032 0.194799 0.152845
v 0.018547 0.194799 0.151538
v 0.036745 0.194799 0.147638
v 0.054316 0.194799 0.141213
v 0.070957 0.194799 0.132372
v 0.086385 0.194799 0.121266
v 0.100336 0.194799 0.108087
v 0.112570 0.194799 0.093058
v 0.122878 0.194799 0.076438
v 0.131085 0.194799 0.058510
v 0.137049 0.194799 0.039582
v 0.140669 0.194799 0.019977
v -0.109779 0.218694 0.068330
v -0.099197 0.238874 0.061748
v -0.089431 0.258448 0.055674
v -0.083921 0.276103 0.052247
v -0.089529 0.276103 0.039995
v -0.095407 0.258448 0.042618
v -0.105826 0.238874 0.047267
v -0.117115 0.218694 0.052305
v 0.089692 0.218694 0.096620
v 0.081052 0.238874 0.087313
v 0.073078 0.258448 0.078722
v 0.068579 0.276103 0.073876
v 0.059045 0.276103 0.082883
v 0.062918 0.258448 0.088320
v 0.069783 0.238874 0.097958
v 0.077222 0.218694 0.108402
v -0.125682 0.218694 0.017861
v -0.113567 0.238874 0.016143
v -0.102387 0.258448 0.014557
v -0.096079 0.276103 0.013662
v -0.096908 0.276103 0.000031
v -0.103271 0.258448 0.000031
v -0.114548 0.238874 0.000031
v -0.126767 0.218694 0.000031
v -0.016519 0.218694 0.135460
v -0.014924 0.238874 0.122410
v -0.013452 0.258448 0.110365
v -0.012621 0.276103 0.103570
v -0.025058 0.276103 0.100905
v -0.026705 0.258448 0.107525
v -0.029624 0.238874 0.119260
v -0.032786 0.218694 0.131975
v -0.063367 0.218694 0.118328
v -0.057258 0.238874 0.106929
v -0.051619 0.258448 0.096408
v -0.048438 0.276103 0.090472
v -0.058982 0.276103 0.082883
v -0.062855 0.258448 0.088320
v -0.069720 0.238874 0.097958
v -0.077158 0.218694 0.108401
v 0.122510 0.218694 -0.035323
v 0.110707 0.238874 -0.031916
v 0.099814 0.258448 -0.028772
v 0.093669 0.276103 -0.026998
v 0.096143 0.276103 -0.013600
v 0.102451 0.258448 -0.014495
v 0.113631 0.238874 -0.016080
v 0.125745 0.218694 -0.017799
v -0.100564 0.218694 0.083187
v -0.090870 0.238874 0.075173
v -0.081924 0.258448 0.067778
v -0.076876 0.276103 0.063605
v 0.048556 0.218694 0.126231
v 0.043880 0.238874 0.114070
v 0.039564 0.258448 0.102846
v 0.037129 0.276103 0.096514
v 0.025122 0.276103 0.100905
v 0.026768 0.258448 0.107525
v 0.029687 0.238874 0.119260
v 0.032850 0.218694 0.131975
v 0.000032 0.218694 0.136629
v 0.000032 0.238874 0.123466
v 0.000032 0.258448 0.111317
v 0.000032 0.276103 0.104463
v 0.089692 0.218694 -0.096558
v 0.081052 0.238874 -0.087250
v 0.073078 0.258448 -0.078660
v 0.068579 0.276103 -0.073814
v 0.076940 0.276103 -0.063543
v 0.081987 0.258448 -0.067716
v 0.090934 0.238874 -0.075111
v 0.100628 0.218694 -0.083125
v -0.048492 0.218694 0.126231
v -0.043816 0.238874 0.114070
v -0.039500 0.258448 0.102846
v -0.037066 0.276103 0.096514
v 0.117178 0.218694 -0.052243
v 0.105889 0.238874 -0.047205
v 0.095471 0.258448 -0.042556
v 0.089593 0.276103 -0.039933
v 0.063431 0.218694 0.118328
v 0.057322 0.238874 0.106929
v 0.051683 0.258448 0.096408
v 0.048502 0.276103 0.090472
v 0.032850 0.218694 -0.131912
v 0.029687 0.238874 -0.119198
v 0.026768 0.258448 -0.107463
v 0.025122 0.276103 -0.100843
v 0.037129 0.276103 -0.096452
v 0.039564 0.258448 -0.102784
v 0.043880 0.238874 -0.114008
v 0.048556 0.218694 -0.126169
v 0.016582 0.218694 0.135460
v 0.014987 0.238874 0.122410
v 0.013515 0.258448 0.110365
v 0.012685 0.276103 0.103570
v 0.077222 0.218694 -0.108339
v 0.069783 0.238874 -0.097896
v 0.062918 0.258448 -0.088258
v 0.059045 0.276103 -0.082820
v 0.109842 0.218694 -0.068268
v 0.099261 0.238874 -0.061686
v 0.089494 0.258448 -0.055612
v 0.083984 0.276103 -0.052185
v -0.032786 0.218694 -0.131912
v -0.029624 0.238874 -0.119198
v -0.026705 0.258448 -0.107463
v -0.025058 0.276103 -0.100843
v -0.012621 0.276103 -0.103508
v -0.013452 0.258448 -0.110303
v -0.014924 0.238874 -0.122348
v -0.016519 0.218694 -0.135398
v 0.016582 0.218694 -0.135398
v 0.014987 0.238874 -0.122348
v 0.013515 0.258448 -0.110303
v 0.012685 0.276103 -0.103508
v 0.063431 0.218694 -0.118266
v 0.057322 0.238874 -0.106867
v 0.051683 0.258448 -0.096346
v 0.048502 0.276103 -0.090410
v -0.089628 0.218694 -0.096558
v -0.080988 0.238874 -0.087250
v -0.073014 0.258448 -0.078660
v -0.068515 0.276103 -0.073814
v -0.058982 0.276103 -0.082820
v -0.062855 0.258448 -0.088258
v -0.069720 0.238874 -0.097896
v -0.077158 0.218694 -0.108339
v 0.096972 0.276103 0.000031
v 0.103334 0.258448 0.000031
v 0.114611 0.238874 0.000031
v 0.126830 0.218694 0.000031
v -0.048492 0.218694 -0.126169
v -0.043816 0.238874 -0.114008
v -0.039500 0.258448 -0.102784
v -0.037066 0.276103 -0.096452
v 0.000032 0.218694 -0.136567
v 0.000032 0.238874 -0.123404
v 0.000032 0.258448 -0.111255
v 0.000032 0.276103 -0.104401
v -0.100564 0.218694 -0.083125
v -0.090870 0.238874 -0.075111
v -0.081924 0.258448 -0.067716
v -0.076876 0.276103 -0.063543
v -0.063367 0.218694 -0.118266
v -0.057258 0.238874 -0.106867
v -0.051619 0.258448 -0.096346
v -0.048438 0.276103 -0.090410
v 0.122510 0.218694 0.035385
v 0.110707 0.238874 0.031978
v 0.099814 0.258448 0.028834
v 0.093669 0.276103 0.027060
v 0.089593 0.276103 0.039995
v 0.095471 0.258448 0.042618
v 0.105889 0.238874 0.047267
v 0.117178 0.218694 0.052305
v -0.109779 0.218694 -0.068268
v -0.099197 0.238874 -0.061686
v -0.089431 0.258448 -0.055612
v -0.083921 0.276103 -0.052185
v -0.122446 0.218694 -0.035323
v -0.110643 0.238874 -0.031916
v -0.099751 0.258448 -0.028772
v -0.093605 0.276103 -0.026998
v -0.089529 0.276103 -0.039933
v -0.095407 0.258448 -0.042556
v -0.105826 0.238874 -0.047205
v -0.117115 0.218694 -0.052243
v 0.100628 0.218694 0.083187
v 0.090934 0.238874 0.075173
v 0.081987 0.258448 0.067778
v 0.076940 0.276103 0.063605
v -0.122446 0.218694 0.035385
v -0.110643 0.238874 0.031978
v -0.099751 0.258448 0.028834
v -0.093605 0.276103 0.027060
v 0.125745 0.218694 0.017861
v 0.113631 0.238874 0.016142
v 0.102451 0.258448 0.014557
v 0.096143 0.276103 0.013662
v -0.089628 0.218694 0.096620
v -0.080988 0.238874 0.087313
v -0.073014 0.258448 0.078722
v -0.068515 0.276103 0.073876
v -0.125682 0.218694 -0.017799
v -0.113567 0.238874 -0.016080
v -0.102387 0.258448 -0.014495
v -0.096079 0.276103 -0.013600
v 0.109842 0.218694 0.068330
v 0.099261 0.238874 0.061748
v 0.089494 0.258448 0.055674
v 0.083984 0.276103 0.052247
v 0.120711 0.536351 0.000175
v 0.117520 0.547673 0.000033
v 0.108649 0.556150 0.000161
v 0.084646 0.556179 0.000033
v 0.108649 0.516552 0.000161
v 0.117520 0.525029 0.000033
v 0.119699 0.536351 -0.014746
v 0.116494 0.547782 -0.014350
v 0.107738 0.556150 -0.013268
v 0.083789 0.556150 -0.010509
v 0.107813 0.516632 -0.013406
v 0.116401 0.524841 -0.014477
v 0.116581 0.536460 -0.029545
v 0.113518 0.547673 -0.028767
v 0.105040 0.556070 -0.026615
v 0.081675 0.556150 -0.020579
v 0.105040 0.516632 -0.026615
v 0.113408 0.524841 -0.028739
v 0.111510 0.536460 -0.043700
v 0.108581 0.547673 -0.042550
v 0.100471 0.556070 -0.039367
v 0.078210 0.556179 -0.030630
v 0.100437 0.516552 -0.039216
v 0.108599 0.524920 -0.042408
v 0.104533 0.536460 -0.057107
v 0.101787 0.547673 -0.055605
v 0.094185 0.556070 -0.051446
v 0.073318 0.556179 -0.040030
v 0.094185 0.516632 -0.051446
v 0.101787 0.525029 -0.055605
v 0.095877 0.536351 -0.069436
v 0.093310 0.547782 -0.067574
v 0.086298 0.556150 -0.062489
v 0.067013 0.556150 -0.048753
v 0.086289 0.516632 -0.062644
v 0.093162 0.524841 -0.067641
v 0.085367 0.536460 -0.080775
v 0.083125 0.547673 -0.078651
v 0.076918 0.556070 -0.072769
v 0.059868 0.556150 -0.056472
v 0.076918 0.516632 -0.072769
v 0.083044 0.524841 -0.078574
v 0.073507 0.536460 -0.090631
v 0.071576 0.547673 -0.088248
v 0.066233 0.556070 -0.081649
v 0.051564 0.556179 -0.063535
v 0.066283 0.516552 -0.081501
v 0.071668 0.524920 -0.088133
v 0.060390 0.536460 -0.098936
v 0.058804 0.547673 -0.096334
v 0.054416 0.556070 -0.089131
v 0.042368 0.556179 -0.069357
v 0.054416 0.516632 -0.089131
v 0.058804 0.525029 -0.096334
v 0.046388 0.536351 -0.105512
v 0.045147 0.547782 -0.102684
v 0.041758 0.556150 -0.094957
v 0.032304 0.556150 -0.073925
v 0.041669 0.516632 -0.095088
v 0.044984 0.524841 -0.102671
v 0.031303 0.536460 -0.110353
v 0.030482 0.547673 -0.107451
v 0.028211 0.556070 -0.099417
v 0.022044 0.556150 -0.077225
v 0.028211 0.516632 -0.099417
v 0.030453 0.524841 -0.107346
v 0.015831 0.536460 -0.113269
v 0.015417 0.547673 -0.110290
v 0.014271 0.556070 -0.102044
v 0.011126 0.556179 -0.079407
v 0.014393 0.516552 -0.101940
v 0.015556 0.524920 -0.110234
v 0.000089 0.536460 -0.114247
v 0.000089 0.547673 -0.111242
v 0.000089 0.556070 -0.102925
v 0.000089 0.556179 -0.080092
v 0.000089 0.516632 -0.102925
v 0.000089 0.525029 -0.111242
v -0.015507 0.536351 -0.113307
v -0.015089 0.547782 -0.110270
v -0.013947 0.556150 -0.101973
v -0.011036 0.556150 -0.079279
v -0.014093 0.516632 -0.102044
v -0.015224 0.524841 -0.110182
v -0.031125 0.536460 -0.110353
v -0.030304 0.547673 -0.107451
v -0.028032 0.556070 -0.099417
v -0.021663 0.556150 -0.077276
v -0.028032 0.516632 -0.099417
v -0.030274 0.524841 -0.107346
v -0.046063 0.536460 -0.105548
v -0.044849 0.547673 -0.102772
v -0.041490 0.556070 -0.095088
v -0.032269 0.556179 -0.073993
v -0.041330 0.516552 -0.095055
v -0.044699 0.524920 -0.102790
v -0.060211 0.536460 -0.098936
v -0.058626 0.547673 -0.096334
v -0.054237 0.556070 -0.089131
v -0.042189 0.556179 -0.069357
v -0.054237 0.516632 -0.089131
v -0.058626 0.525029 -0.096334
v -0.073222 0.536351 -0.090734
v -0.071258 0.547782 -0.088301
v -0.065891 0.556150 -0.081657
v -0.051395 0.556150 -0.063383
v -0.066054 0.516632 -0.081649
v -0.071328 0.524841 -0.088161
v -0.085189 0.536460 -0.080775
v -0.082947 0.547673 -0.078651
v -0.076740 0.556070 -0.072769
v -0.059542 0.556150 -0.056613
v -0.076740 0.516632 -0.072769
v -0.082866 0.524841 -0.078574
v -0.095590 0.536460 -0.069536
v -0.093075 0.547673 -0.067707
v -0.086111 0.556070 -0.062644
v -0.066995 0.556179 -0.048744
v -0.085955 0.516552 -0.062692
v -0.092954 0.524920 -0.067794
v -0.104355 0.536460 -0.057107
v -0.101609 0.547673 -0.055605
v -0.094007 0.556070 -0.051446
v -0.073139 0.556179 -0.040030
v -0.094007 0.516632 -0.051446
v -0.101609 0.525029 -0.055605
v -0.111294 0.536351 -0.043839
v -0.108309 0.547782 -0.042663
v -0.100156 0.556150 -0.039452
v -0.077959 0.556150 -0.030494
v -0.100293 0.516632 -0.039367
v -0.108421 0.524920 -0.042408
v -0.116403 0.536460 -0.029545
v -0.113229 0.547862 -0.028739
v -0.104861 0.556070 -0.026615
v -0.081442 0.556150 -0.020771
v -0.104861 0.516632 -0.026615
v -0.113339 0.524920 -0.028624
v -0.119480 0.536460 -0.014884
v -0.116223 0.547862 -0.014477
v -0.107634 0.556070 -0.013406
v -0.083745 0.556179 -0.010426
v -0.107524 0.516552 -0.013521
v -0.116278 0.524920 -0.014624
v -0.120512 0.536460 0.000033
v -0.117226 0.547862 0.000033
v -0.108564 0.556070 0.000033
v -0.084468 0.556179 0.000033
v -0.108564 0.516632 0.000033
v -0.117341 0.525029 0.000033
v -0.119521 0.536351 0.014811
v -0.116316 0.547782 0.014415
v -0.107560 0.556150 0.013333
v -0.083610 0.556150 0.010575
v -0.107634 0.516632 0.013471
v -0.116278 0.524920 0.014689
v -0.116403 0.536460 0.029611
v -0.113229 0.547862 0.028805
v -0.104861 0.556070 0.026680
v -0.081496 0.556150 0.020645
v -0.104861 0.516632 0.026680
v -0.113263 0.524920 0.028956
v -0.111332 0.536460 0.043766
v -0.108296 0.547862 0.042574
v -0.100293 0.556070 0.039433
v -0.078031 0.556179 0.030695
v -0.100259 0.516552 0.039281
v -0.108421 0.524920 0.042474
v -0.104355 0.536460 0.057173
v -0.101509 0.547862 0.055616
v -0.094007 0.556070 0.051512
v -0.073140 0.556179 0.040095
v -0.094007 0.516632 0.051512
v -0.101609 0.525029 0.055670
v -0.095698 0.536351 0.069501
v -0.093131 0.547782 0.067640
v -0.086119 0.556150 0.062554
v -0.066834 0.556150 0.048818
v -0.086111 0.516632 0.062709
v -0.092954 0.524920 0.067859
v -0.085189 0.536460 0.080841
v -0.082866 0.547862 0.078639
v -0.076740 0.556070 0.072835
v -0.059690 0.556150 0.056538
v -0.076740 0.516632 0.072835
v -0.082815 0.524920 0.078787
v -0.073328 0.536460 0.090697
v -0.071328 0.547862 0.088227
v -0.066054 0.556070 0.081714
v -0.051386 0.556179 0.063600
v -0.066105 0.516552 0.081567
v -0.071489 0.524920 0.088199
v -0.060211 0.536460 0.099002
v -0.058569 0.547862 0.096306
v -0.054237 0.556070 0.089197
v -0.042189 0.556179 0.069423
v -0.054237 0.516632 0.089197
v -0.058626 0.525029 0.096400
v -0.046209 0.536351 0.105577
v -0.044969 0.547782 0.102749
v -0.041579 0.556150 0.095023
v -0.032126 0.556150 0.073990
v -0.041490 0.516632 0.095153
v -0.044699 0.524920 0.102855
v -0.031125 0.536460 0.110418
v -0.030274 0.547862 0.107411
v -0.028032 0.556070 0.099482
v -0.021866 0.556150 0.077290
v -0.028032 0.516632 0.099482
v -0.030153 0.524920 0.107515
v -0.015652 0.536460 0.113335
v -0.015224 0.547862 0.110248
v -0.014093 0.556070 0.102109
v -0.010948 0.556179 0.079472
v -0.014214 0.516552 0.102006
v -0.015378 0.524920 0.110300
v 0.000089 0.536460 0.114312
v 0.000089 0.547862 0.111199
v 0.000089 0.556070 0.102990
v 0.000089 0.556179 0.080158
v 0.000089 0.516632 0.102990
v 0.000089 0.525029 0.111308
v 0.015685 0.536351 0.113373
v 0.015267 0.547782 0.110336
v 0.014125 0.556150 0.102039
v 0.011214 0.556150 0.079345
v 0.014271 0.516632 0.102109
v 0.015556 0.524920 0.110300
v 0.031303 0.536460 0.110418
v 0.030453 0.547862 0.107411
v 0.028211 0.556070 0.099482
v 0.021841 0.556150 0.077342
v 0.028211 0.516632 0.099482
v 0.030613 0.524920 0.107444
v 0.046241 0.536460 0.105613
v 0.044984 0.547862 0.102737
v 0.041669 0.556070 0.095153
v 0.032448 0.556179 0.074059
v 0.041509 0.516552 0.095121
v 0.044878 0.524920 0.102855
v 0.060390 0.536460 0.099002
v 0.058747 0.547862 0.096306
v 0.054416 0.556070 0.089197
v 0.042368 0.556179 0.069423
v 0.054416 0.516632 0.089197
v 0.058804 0.525029 0.096400
v 0.073400 0.536351 0.090799
v 0.071436 0.547782 0.088367
v 0.066069 0.556150 0.081722
v 0.051574 0.556150 0.063448
v 0.066283 0.516552 0.081567
v 0.071668 0.524920 0.088199
v 0.085367 0.536460 0.080841
v 0.083044 0.547862 0.078639
v 0.076948 0.556150 0.072682
v 0.059720 0.556150 0.056678
v 0.076918 0.516632 0.072835
v 0.083044 0.524841 0.078639
v 0.095769 0.536460 0.069602
v 0.093253 0.547673 0.067773
v 0.086132 0.556179 0.062595
v 0.067173 0.556179 0.048810
v 0.086134 0.516552 0.062757
v 0.093132 0.524920 0.067859
v 0.104533 0.536460 0.057173
v 0.101787 0.547673 0.055670
v 0.094013 0.556179 0.051417
v 0.073318 0.556179 0.040095
v 0.094185 0.516632 0.051512
v 0.101787 0.525029 0.055670
v 0.111472 0.536351 0.043905
v 0.108488 0.547782 0.042729
v 0.100334 0.556150 0.039517
v 0.078138 0.556150 0.030559
v 0.100471 0.516632 0.039433
v 0.108475 0.524841 0.042574
v 0.116581 0.536460 0.029610
v 0.113518 0.547673 0.028833
v 0.104848 0.556179 0.026631
v 0.081621 0.556150 0.020837
v 0.105040 0.516632 0.026680
v 0.113408 0.524841 0.028805
v 0.119659 0.536460 0.014949
v 0.116494 0.547782 0.014415
v 0.107738 0.556150 0.013333
v 0.083923 0.556179 0.010491
v 0.107703 0.516552 0.013587
v 0.116456 0.524920 0.014689
v 0.102319 0.573360 0.000153
v 0.099614 0.582953 0.000033
v 0.092098 0.590135 0.000141
v 0.092098 0.556584 0.000141
v 0.099614 0.563766 0.000033
v 0.101461 0.573360 -0.012489
v 0.098745 0.583045 -0.012154
v 0.091326 0.590135 -0.011237
v 0.091389 0.556651 -0.011354
v 0.098666 0.563607 -0.012262
v 0.098819 0.573452 -0.025029
v 0.096224 0.582953 -0.024370
v 0.089040 0.590068 -0.022546
v 0.089040 0.556651 -0.022546
v 0.096130 0.563607 -0.024346
v 0.094522 0.573452 -0.037023
v 0.092040 0.582953 -0.036049
v 0.085169 0.590068 -0.033352
v 0.085140 0.556584 -0.033223
v 0.092056 0.563674 -0.035928
v 0.088610 0.573452 -0.048383
v 0.086284 0.582953 -0.047110
v 0.079843 0.590068 -0.043586
v 0.079843 0.556651 -0.043586
v 0.086284 0.563766 -0.047110
v 0.081276 0.573360 -0.058829
v 0.079101 0.583045 -0.057252
v 0.073159 0.590135 -0.052943
v 0.073152 0.556651 -0.053074
v 0.078976 0.563607 -0.057308
v 0.072371 0.573452 -0.068437
v 0.070471 0.582953 -0.066637
v 0.065212 0.590068 -0.061653
v 0.065212 0.556651 -0.061653
v 0.070402 0.563607 -0.066572
v 0.062321 0.573452 -0.076788
v 0.060686 0.582953 -0.074768
v 0.056158 0.590068 -0.069177
v 0.056201 0.556584 -0.069052
v 0.060763 0.563674 -0.074671
v 0.051207 0.573452 -0.083825
v 0.049864 0.582953 -0.081620
v 0.046145 0.590068 -0.075517
v 0.046145 0.556651 -0.075517
v 0.049864 0.563766 -0.081620
v 0.039343 0.573360 -0.089397
v 0.038292 0.583045 -0.087000
v 0.035420 0.590135 -0.080454
v 0.035345 0.556651 -0.080564
v 0.038154 0.563607 -0.086990
v 0.026562 0.573452 -0.093498
v 0.025866 0.582953 -0.091039
v 0.023942 0.590068 -0.084232
v 0.023942 0.556651 -0.084232
v 0.025841 0.563607 -0.090950
v 0.013452 0.573452 -0.095970
v 0.013101 0.582953 -0.093445
v 0.012131 0.590068 -0.086458
v 0.012234 0.556584 -0.086370
v 0.013219 0.563674 -0.093398
v 0.000114 0.573452 -0.096798
v 0.000114 0.582953 -0.094252
v 0.000114 0.590068 -0.087205
v 0.000114 0.556651 -0.087205
v 0.000114 0.563766 -0.094252
v -0.013101 0.573360 -0.096002
v -0.012747 0.583045 -0.093429
v -0.011779 0.590135 -0.086398
v -0.011903 0.556651 -0.086458
v -0.012861 0.563607 -0.093354
v -0.026334 0.573452 -0.093498
v -0.025639 0.582953 -0.091039
v -0.023714 0.590068 -0.084232
v -0.023714 0.556651 -0.084232
v -0.025613 0.563607 -0.090950
v -0.038991 0.573452 -0.089427
v -0.037963 0.582953 -0.087075
v -0.035117 0.590068 -0.080564
v -0.034981 0.556584 -0.080537
v -0.037836 0.563674 -0.087090
v -0.050979 0.573452 -0.083825
v -0.049636 0.582953 -0.081620
v -0.045917 0.590068 -0.075517
v -0.045917 0.556651 -0.075517
v -0.049636 0.563766 -0.081620
v -0.062004 0.573360 -0.076875
v -0.060339 0.583045 -0.074814
v -0.055792 0.590135 -0.069184
v -0.055930 0.556651 -0.069177
v -0.060399 0.563607 -0.074695
v -0.072143 0.573452 -0.068437
v -0.070243 0.582953 -0.066637
v -0.064984 0.590068 -0.061653
v -0.064984 0.556651 -0.061653
v -0.070175 0.563607 -0.066572
v -0.080956 0.573452 -0.058914
v -0.078825 0.582953 -0.057364
v -0.072924 0.590068 -0.053074
v -0.072792 0.556584 -0.053115
v -0.078723 0.563674 -0.057437
v -0.088383 0.573452 -0.048383
v -0.086056 0.582953 -0.047110
v -0.079615 0.590068 -0.043586
v -0.079615 0.556651 -0.043586
v -0.086056 0.563766 -0.047110
v -0.094262 0.573360 -0.037140
v -0.091733 0.583045 -0.036144
v -0.084825 0.590135 -0.033423
v -0.084941 0.556651 -0.033352
v -0.091828 0.563674 -0.035928
v -0.098591 0.573452 -0.025029
v -0.095902 0.583113 -0.024346
v -0.088812 0.590068 -0.022546
v -0.088812 0.556651 -0.022546
v -0.095995 0.563674 -0.024249
v -0.101199 0.573452 -0.012606
v -0.098439 0.583113 -0.012262
v -0.091161 0.590068 -0.011354
v -0.091068 0.556584 -0.011452
v -0.098485 0.563674 -0.012386
v -0.102073 0.573452 0.000033
v -0.099289 0.583113 0.000033
v -0.091949 0.590068 0.000033
v -0.091949 0.556651 0.000033
v -0.099386 0.563766 0.000033
v -0.101233 0.573360 0.012554
v -0.098517 0.583045 0.012219
v -0.091098 0.590135 0.011302
v -0.091161 0.556651 0.011419
v -0.098485 0.563674 0.012451
v -0.098591 0.573452 0.025094
v -0.095902 0.583113 0.024411
v -0.088812 0.590068 0.022611
v -0.088812 0.556651 0.022611
v -0.095931 0.563674 0.024540
v -0.094294 0.573452 0.037088
v -0.091722 0.583113 0.036078
v -0.084941 0.590068 0.033417
v -0.084912 0.556584 0.033288
v -0.091828 0.563674 0.035993
v -0.088383 0.573452 0.048448
v -0.085972 0.583113 0.047129
v -0.079615 0.590068 0.043651
v -0.079615 0.556651 0.043651
v -0.086056 0.563766 0.047175
v -0.081048 0.573360 0.058894
v -0.078873 0.583045 0.057317
v -0.072932 0.590135 0.053008
v -0.072924 0.556651 0.053139
v -0.078723 0.563674 0.057503
v -0.072143 0.573452 0.068502
v -0.070175 0.583113 0.066637
v -0.064984 0.590068 0.061719
v -0.064984 0.556651 0.061719
v -0.070132 0.563674 0.066762
v -0.062094 0.573452 0.076853
v -0.060399 0.583113 0.074760
v -0.055930 0.590068 0.069242
v -0.055973 0.556584 0.069117
v -0.060535 0.563674 0.074737
v -0.050979 0.573452 0.083890
v -0.049587 0.583113 0.081606
v -0.045917 0.590068 0.075582
v -0.045917 0.556651 0.075582
v -0.049636 0.563766 0.081685
v -0.039115 0.573360 0.089462
v -0.038064 0.583045 0.087065
v -0.035192 0.590135 0.080519
v -0.035117 0.556651 0.080629
v -0.037836 0.563674 0.087155
v -0.026334 0.573452 0.093564
v -0.025614 0.583113 0.091015
v -0.023714 0.590068 0.084297
v -0.023714 0.556651 0.084297
v -0.025510 0.563674 0.091104
v -0.013224 0.573452 0.096035
v -0.012861 0.583113 0.093419
v -0.011903 0.590068 0.086523
v -0.012006 0.556584 0.086435
v -0.012992 0.563674 0.093463
v 0.000114 0.573452 0.096863
v 0.000114 0.583113 0.094225
v 0.000114 0.590068 0.087270
v 0.000114 0.556651 0.087270
v 0.000114 0.563766 0.094317
v 0.013328 0.573360 0.096067
v 0.012974 0.583045 0.093494
v 0.012007 0.590135 0.086464
v 0.012131 0.556651 0.086523
v 0.013219 0.563674 0.093463
v 0.026562 0.573452 0.093564
v 0.025841 0.583113 0.091016
v 0.023942 0.590068 0.084297
v 0.023942 0.556651 0.084297
v 0.025977 0.563674 0.091043
v 0.039219 0.573452 0.089492
v 0.038154 0.583113 0.087055
v 0.035345 0.590068 0.080629
v 0.035209 0.556584 0.080602
v 0.038064 0.563674 0.087155
v 0.051207 0.573452 0.083890
v 0.049815 0.583113 0.081606
v 0.046145 0.590068 0.075582
v 0.046145 0.556651 0.075582
v 0.049864 0.563766 0.081685
v 0.062231 0.573360 0.076940
v 0.060567 0.583045 0.074879
v 0.056020 0.590135 0.069249
v 0.056201 0.556584 0.069117
v 0.060763 0.563674 0.074737
v 0.072371 0.573452 0.068502
v 0.070402 0.583113 0.066637
v 0.065237 0.590135 0.061589
v 0.065212 0.556651 0.061719
v 0.070402 0.563607 0.066637
v 0.081184 0.573452 0.058979
v 0.079053 0.582953 0.057429
v 0.073019 0.590160 0.053042
v 0.073020 0.556584 0.053180
v 0.078950 0.563674 0.057503
v 0.088610 0.573452 0.048448
v 0.086284 0.582953 0.047175
v 0.079697 0.590160 0.043571
v 0.079843 0.556651 0.043651
v 0.086284 0.563766 0.047175
v 0.094490 0.573360 0.037206
v 0.091961 0.583045 0.036210
v 0.085053 0.590135 0.033488
v 0.085169 0.556651 0.033417
v 0.091950 0.563607 0.036078
v 0.098819 0.573452 0.025094
v 0.096224 0.582953 0.024435
v 0.088877 0.590160 0.022570
v 0.089040 0.556651 0.022611
v 0.096130 0.563607 0.024411
v 0.101427 0.573452 0.012671
v 0.098745 0.583045 0.012219
v 0.091326 0.590135 0.011302
v 0.091296 0.556584 0.011517
v 0.098713 0.563674 0.012451
v 0.079684 0.600899 0.043566
v 0.085040 0.600875 0.033483
v 0.092086 0.600875 0.000136
v 0.091314 0.600875 0.011297
v 0.091314 0.600875 -0.011242
v 0.079830 0.600807 -0.043591
v 0.073147 0.600875 -0.052948
v 0.046133 0.600807 -0.075522
v 0.035408 0.600875 -0.080459
v 0.000101 0.600807 -0.087210
v -0.011792 0.600875 -0.086404
v -0.045930 0.600807 -0.075522
v -0.055804 0.600875 -0.069189
v -0.079627 0.600807 -0.043591
v -0.084837 0.600875 -0.033428
v -0.091961 0.600807 0.000027
v -0.091111 0.600875 0.011297
v -0.079627 0.600807 0.043646
v -0.072944 0.600875 0.053003
v -0.045930 0.600807 0.075577
v -0.035205 0.600875 0.080514
v 0.000101 0.600807 0.087265
v 0.011994 0.600875 0.086458
v 0.046133 0.600807 0.075577
v 0.056007 0.600875 0.069244
v 0.073006 0.600899 0.053037
v 0.085156 0.600807 -0.033357
v 0.056146 0.600807 -0.069182
v 0.012118 0.600807 -0.086463
v -0.035129 0.600807 -0.080569
v -0.072937 0.600807 -0.053079
v -0.091174 0.600807 -0.011359
v -0.084954 0.600807 0.033412
v -0.055943 0.600807 0.069237
v -0.011915 0.600807 0.086518
v 0.035332 0.600807 0.080624
v 0.065225 0.600875 0.061584
v 0.088865 0.600899 0.022565
v 0.089027 0.600807 -0.022551
v 0.065200 0.600807 -0.061658
v 0.023929 0.600807 -0.084237
v -0.023726 0.600807 -0.084237
v -0.064997 0.600807 -0.061658
v -0.088824 0.600807 -0.022551
v -0.088824 0.600807 0.022606
v -0.064997 0.600807 0.061713
v -0.023726 0.600807 0.084292
v 0.023929 0.600807 0.084292
v 0.095933 0.603516 0.000145
v 0.093403 0.604824 0.000032
v 0.086372 0.605803 0.000134
v 0.093403 0.602208 0.000032
v 0.095130 0.603516 -0.011681
v 0.092590 0.604837 -0.011368
v 0.085649 0.605803 -0.010510
v 0.092516 0.602186 -0.011469
v 0.092659 0.603529 -0.023412
v 0.090231 0.604824 -0.022796
v 0.083511 0.605794 -0.021089
v 0.090143 0.602186 -0.022773
v 0.088639 0.603529 -0.034632
v 0.086317 0.604824 -0.033721
v 0.079890 0.605794 -0.031198
v 0.086332 0.602196 -0.033608
v 0.083109 0.603529 -0.045259
v 0.080932 0.604824 -0.044068
v 0.074907 0.605794 -0.040772
v 0.080932 0.602208 -0.044068
v 0.076248 0.603516 -0.055031
v 0.074213 0.604837 -0.053556
v 0.068655 0.605803 -0.049525
v 0.074096 0.602186 -0.053608
v 0.067917 0.603529 -0.064019
v 0.066140 0.604824 -0.062335
v 0.061220 0.605794 -0.057673
v 0.066076 0.602186 -0.062274
v 0.058516 0.603529 -0.071832
v 0.056986 0.604824 -0.069942
v 0.052751 0.605794 -0.064712
v 0.057058 0.602196 -0.069851
v 0.048119 0.603529 -0.078414
v 0.046863 0.604824 -0.076352
v 0.043384 0.605794 -0.070642
v 0.046863 0.602208 -0.076352
v 0.037021 0.603516 -0.083626
v 0.036037 0.604837 -0.081385
v 0.033351 0.605803 -0.075261
v 0.035908 0.602186 -0.081375
v 0.025064 0.603529 -0.087464
v 0.024413 0.604824 -0.085163
v 0.022613 0.605794 -0.078795
v 0.024390 0.602186 -0.085080
v 0.012800 0.603529 -0.089775
v 0.012472 0.604824 -0.087414
v 0.011564 0.605794 -0.080878
v 0.012582 0.602196 -0.087370
v 0.000323 0.603529 -0.090550
v 0.000323 0.604824 -0.088169
v 0.000323 0.605794 -0.081576
v 0.000323 0.602208 -0.088169
v -0.012039 0.603516 -0.089806
v -0.011708 0.604837 -0.087398
v -0.010803 0.605803 -0.080822
v -0.011815 0.602186 -0.087329
v -0.024419 0.603529 -0.087464
v -0.023768 0.604824 -0.085163
v -0.021968 0.605794 -0.078795
v -0.023745 0.602186 -0.085080
v -0.036260 0.603529 -0.083655
v -0.035298 0.604824 -0.081455
v -0.032635 0.605794 -0.075364
v -0.035179 0.602196 -0.081469
v -0.047474 0.603529 -0.078414
v -0.046218 0.604824 -0.076352
v -0.042739 0.605794 -0.070642
v -0.046218 0.602208 -0.076352
v -0.057787 0.603516 -0.071913
v -0.056230 0.604837 -0.069985
v -0.051976 0.605803 -0.064718
v -0.056286 0.602186 -0.069874
v -0.067272 0.603529 -0.064019
v -0.065495 0.604824 -0.062335
v -0.060575 0.605794 -0.057673
v -0.065431 0.602186 -0.062274
v -0.075517 0.603529 -0.055111
v -0.073523 0.604824 -0.053661
v -0.068003 0.605794 -0.049648
v -0.073427 0.602196 -0.053729
v -0.082464 0.603529 -0.045259
v -0.080287 0.604824 -0.044068
v -0.074262 0.605794 -0.040772
v -0.080287 0.602208 -0.044068
v -0.087964 0.603516 -0.034742
v -0.085599 0.604837 -0.033810
v -0.079136 0.605803 -0.031265
v -0.085687 0.602196 -0.033608
v -0.092014 0.603529 -0.023412
v -0.089498 0.604846 -0.022773
v -0.082866 0.605794 -0.021089
v -0.089585 0.602196 -0.022682
v -0.094453 0.603529 -0.011791
v -0.091871 0.604846 -0.011469
v -0.085063 0.605794 -0.010620
v -0.091915 0.602196 -0.011585
v -0.095271 0.603529 0.000032
v -0.092667 0.604846 0.000032
v -0.085800 0.605794 0.000032
v -0.092758 0.602208 0.000032
v -0.094485 0.603516 0.011746
v -0.091945 0.604837 0.011433
v -0.085004 0.605803 0.010575
v -0.091915 0.602196 0.011650
v -0.092014 0.603529 0.023477
v -0.089498 0.604846 0.022838
v -0.082866 0.605794 0.021154
v -0.089525 0.602196 0.022959
v -0.087994 0.603529 0.034697
v -0.085588 0.604846 0.033753
v -0.079244 0.605794 0.031263
v -0.085687 0.602196 0.033673
v -0.082464 0.603529 0.045324
v -0.080209 0.604846 0.044090
v -0.074262 0.605794 0.040837
v -0.080287 0.602208 0.044133
v -0.075602 0.603516 0.055096
v -0.073568 0.604837 0.053621
v -0.068010 0.605803 0.049590
v -0.073427 0.602196 0.053794
v -0.067272 0.603529 0.064084
v -0.065431 0.604846 0.062339
v -0.060575 0.605794 0.057738
v -0.065391 0.602196 0.062456
v -0.057871 0.603529 0.071897
v -0.056286 0.604846 0.069939
v -0.052106 0.605794 0.064777
v -0.056413 0.602196 0.069916
v -0.047474 0.603529 0.078479
v -0.046172 0.604846 0.076342
v -0.042739 0.605794 0.070707
v -0.046218 0.602208 0.076417
v -0.036376 0.603516 0.083691
v -0.035392 0.604837 0.081450
v -0.032706 0.605803 0.075326
v -0.035179 0.602196 0.081534
v -0.024419 0.603529 0.087529
v -0.023745 0.604846 0.085145
v -0.021968 0.605794 0.078860
v -0.023649 0.602196 0.085227
v -0.012155 0.603529 0.089840
v -0.011815 0.604846 0.087394
v -0.010919 0.605794 0.080943
v -0.011937 0.602196 0.087435
v 0.000323 0.603529 0.090615
v 0.000323 0.604846 0.088147
v 0.000323 0.605794 0.081641
v 0.000323 0.602208 0.088234
v 0.012684 0.603516 0.089871
v 0.012353 0.604837 0.087463
v 0.011448 0.605803 0.080887
v 0.012582 0.602196 0.087435
v 0.025064 0.603529 0.087529
v 0.024390 0.604846 0.085145
v 0.022613 0.605794 0.078860
v 0.024517 0.602196 0.085171
v 0.036905 0.603529 0.083720
v 0.035908 0.604846 0.081440
v 0.033280 0.605794 0.075429
v 0.035824 0.602196 0.081534
v 0.048119 0.603529 0.078479
v 0.046817 0.604846 0.076342
v 0.043384 0.605794 0.070707
v 0.046863 0.602208 0.076417
v 0.058432 0.603516 0.071978
v 0.056875 0.604837 0.070050
v 0.052621 0.605803 0.064783
v 0.057058 0.602196 0.069917
v 0.067917 0.603529 0.064084
v 0.066076 0.604846 0.062339
v 0.061244 0.605803 0.057617
v 0.066076 0.602186 0.062339
v 0.076162 0.603529 0.055176
v 0.074168 0.604824 0.053726
v 0.068523 0.605807 0.049622
v 0.074072 0.602196 0.053794
v 0.083109 0.603529 0.045324
v 0.080932 0.604824 0.044133
v 0.074771 0.605807 0.040762
v 0.080932 0.602208 0.044133
v 0.088609 0.603516 0.034807
v 0.086244 0.604837 0.033875
v 0.079781 0.605803 0.031330
v 0.086233 0.602186 0.033753
v 0.092659 0.603529 0.023477
v 0.090231 0.604824 0.022861
v 0.083358 0.605807 0.021116
v 0.090143 0.602186 0.022838
v 0.095098 0.603529 0.011856
v 0.092590 0.604837 0.011433
v 0.085649 0.605803 0.010575
v 0.092560 0.602196 0.011650
v 0.016142 0.607514 -0.076542
v 0.031608 0.607514 -0.072096
v 0.045862 0.607514 -0.064877
v 0.058356 0.607514 -0.055161
v 0.068609 0.607514 -0.043322
v 0.076228 0.607514 -0.029815
v 0.080920 0.607514 -0.015160
v 0.082504 0.607514 0.000082
v 0.080920 0.607514 0.015323
v 0.076228 0.607514 0.029979
v 0.068609 0.607514 0.043486
v 0.058356 0.607514 0.055325
v 0.045862 0.607514 0.065041
v 0.031608 0.607514 0.072260
v 0.016142 0.607514 0.076706
v 0.000057 0.607514 0.078207
v -0.016027 0.607514 0.076706
v -0.031494 0.607514 0.072260
v -0.045748 0.607514 0.065041
v -0.058242 0.607514 0.055325
v -0.068495 0.607514 0.043486
v -0.076114 0.607514 0.029979
v -0.080806 0.607514 0.015323
v -0.082390 0.607514 0.000082
v -0.080806 0.607514 -0.015160
v -0.076114 0.607514 -0.029815
v -0.068495 0.607514 -0.043322
v -0.058242 0.607514 -0.055161
v -0.045748 0.607514 -0.064877
v -0.031494 0.607514 -0.072096
v -0.016027 0.607514 -0.076542
v 0.000057 0.607514 -0.078043
v 0.016142 0.642584 -0.076542
v 0.031608 0.642584 -0.072096
v 0.045862 0.642584 -0.064877
v 0.058356 0.642584 -0.055161
v 0.068609 0.642584 -0.043322
v 0.076228 0.642584 -0.029815
v 0.080920 0.642584 -0.015160
v 0.082504 0.642584 0.000082
v 0.080920 0.642584 0.015323
v 0.076228 0.642584 0.029979
v 0.068609 0.642584 0.043486
v 0.058356 0.642584 0.055325
v 0.045862 0.642584 0.065041
v 0.031608 0.642584 0.072260
v 0.016142 0.642584 0.076706
v 0.000057 0.642584 0.078207
v -0.016027 0.642584 0.076706
v -0.031494 0.642584 0.072260
v -0.045748 0.642584 0.065041
v -0.058242 0.642584 0.055325
v -0.068495 0.642584 0.043486
v -0.076114 0.642584 0.029979
v -0.080806 0.642584 0.015323
v -0.082390 0.642584 0.000082
v -0.080806 0.642584 -0.015160
v -0.076114 0.642584 -0.029815
v -0.068495 0.642584 -0.043322
v -0.058242 0.642584 -0.055161
v -0.045748 0.642584 -0.064877
v -0.031494 0.642584 -0.072096
v -0.016027 0.642584 -0.076542
v 0.000057 0.642584 -0.078043
v 0.096537 0.648892 0.000146
v 0.093977 0.651409 0.000033
v 0.086861 0.653293 0.000135
v 0.086861 0.644490 0.000135
v 0.093977 0.646375 0.000033
v 0.095725 0.648892 -0.011822
v 0.093154 0.651433 -0.011505
v 0.086130 0.653293 -0.010637
v 0.086190 0.644508 -0.010748
v 0.093080 0.646333 -0.011607
v 0.093224 0.648916 -0.023694
v 0.090767 0.651409 -0.023070
v 0.083966 0.653275 -0.021343
v 0.083966 0.644508 -0.021343
v 0.090678 0.646333 -0.023048
v 0.089156 0.648916 -0.035049
v 0.086806 0.651409 -0.034127
v 0.080301 0.653275 -0.031573
v 0.080274 0.644490 -0.031452
v 0.086821 0.646351 -0.034013
v 0.083559 0.648916 -0.045804
v 0.081356 0.651409 -0.044599
v 0.075259 0.653275 -0.041263
v 0.075259 0.644508 -0.041263
v 0.081356 0.646375 -0.044599
v 0.076615 0.648892 -0.055693
v 0.074556 0.651433 -0.054200
v 0.068931 0.653293 -0.050121
v 0.068925 0.644508 -0.050245
v 0.074438 0.646333 -0.054254
v 0.068185 0.648916 -0.064790
v 0.066386 0.651409 -0.063085
v 0.061408 0.653275 -0.058367
v 0.061408 0.644508 -0.058367
v 0.066321 0.646333 -0.063024
v 0.058671 0.648916 -0.072696
v 0.057122 0.651409 -0.070784
v 0.052836 0.653275 -0.065491
v 0.052876 0.644490 -0.065372
v 0.057195 0.646351 -0.070692
v 0.048149 0.648916 -0.079358
v 0.046877 0.651409 -0.077271
v 0.043356 0.653275 -0.071493
v 0.043356 0.644508 -0.071493
v 0.046877 0.646375 -0.077271
v 0.036917 0.648892 -0.084633
v 0.035921 0.651433 -0.082364
v 0.033203 0.653293 -0.076166
v 0.033131 0.644508 -0.076271
v 0.035790 0.646333 -0.082354
v 0.024816 0.648916 -0.088516
v 0.024158 0.651409 -0.086188
v 0.022335 0.653275 -0.079743
v 0.022335 0.644508 -0.079743
v 0.024134 0.646333 -0.086104
v 0.012404 0.648916 -0.090856
v 0.012072 0.651409 -0.088466
v 0.011153 0.653275 -0.081851
v 0.011251 0.644490 -0.081768
v 0.012184 0.646351 -0.088421
v -0.000223 0.648916 -0.091640
v -0.000223 0.651409 -0.089230
v -0.000223 0.653275 -0.082558
v -0.000223 0.644508 -0.082558
v -0.000223 0.646375 -0.089230
v -0.012734 0.648892 -0.090886
v -0.012398 0.651433 -0.088450
v -0.011483 0.653293 -0.081794
v -0.011600 0.644508 -0.081851
v -0.012507 0.646333 -0.088380
v -0.025262 0.648916 -0.088516
v -0.024604 0.651409 -0.086188
v -0.022781 0.653275 -0.079743
v -0.022781 0.644508 -0.079743
v -0.024580 0.646333 -0.086104
v -0.037245 0.648916 -0.084662
v -0.036272 0.651409 -0.082435
v -0.033577 0.653275 -0.076271
v -0.033449 0.644490 -0.076245
v -0.036151 0.646351 -0.082449
v -0.048595 0.648916 -0.079358
v -0.047323 0.651409 -0.077271
v -0.043803 0.653275 -0.071493
v -0.043803 0.644508 -0.071493
v -0.047323 0.646375 -0.077271
v -0.059032 0.648892 -0.072778
v -0.057456 0.651433 -0.070827
v -0.053151 0.653293 -0.065497
v -0.053282 0.644508 -0.065491
v -0.057512 0.646333 -0.070715
v -0.068631 0.648916 -0.064790
v -0.066833 0.651409 -0.063085
v -0.061854 0.653275 -0.058367
v -0.061854 0.644508 -0.058367
v -0.066767 0.646333 -0.063024
v -0.076975 0.648916 -0.055774
v -0.074957 0.651409 -0.054307
v -0.069371 0.653275 -0.050245
v -0.069246 0.644490 -0.050283
v -0.074860 0.646351 -0.054376
v -0.084005 0.648916 -0.045804
v -0.081803 0.651409 -0.044599
v -0.075705 0.653275 -0.041263
v -0.075705 0.644508 -0.041263
v -0.081803 0.646375 -0.044599
v -0.089572 0.648892 -0.035160
v -0.087178 0.651433 -0.034217
v -0.080637 0.653293 -0.031641
v -0.080747 0.644508 -0.031573
v -0.087267 0.646351 -0.034013
v -0.093670 0.648916 -0.023694
v -0.091124 0.651451 -0.023048
v -0.084412 0.653275 -0.021343
v -0.084412 0.644508 -0.021343
v -0.091212 0.646351 -0.022955
v -0.096139 0.648916 -0.011933
v -0.093526 0.651451 -0.011607
v -0.086636 0.653275 -0.010748
v -0.086548 0.644490 -0.010840
v -0.093570 0.646351 -0.011724
v -0.096967 0.648916 0.000032
v -0.094331 0.651451 0.000032
v -0.087382 0.653275 0.000032
v -0.087382 0.644508 0.000032
v -0.094423 0.646375 0.000032
v -0.096171 0.648892 0.011887
v -0.093600 0.651433 0.011570
v -0.086576 0.653293 0.010702
v -0.086636 0.644508 0.010813
v -0.093570 0.646351 0.011789
v -0.093670 0.648916 0.023759
v -0.091124 0.651451 0.023113
v -0.084412 0.653275 0.021408
v -0.084412 0.644508 0.021408
v -0.091152 0.646351 0.023234
v -0.089602 0.648916 0.035114
v -0.087167 0.651451 0.034158
v -0.080747 0.653275 0.031638
v -0.080720 0.644490 0.031517
v -0.087267 0.646351 0.034077
v -0.084005 0.648916 0.045869
v -0.081723 0.651451 0.044620
v -0.075705 0.653275 0.041328
v -0.075705 0.644508 0.041328
v -0.081803 0.646375 0.044664
v -0.077061 0.648892 0.055758
v -0.075002 0.651433 0.054265
v -0.069377 0.653293 0.050186
v -0.069371 0.644508 0.050310
v -0.074860 0.646351 0.054441
v -0.068631 0.648916 0.064855
v -0.066767 0.651451 0.063089
v -0.061854 0.653275 0.058432
v -0.061854 0.644508 0.058432
v -0.066727 0.646351 0.063207
v -0.059117 0.648916 0.072761
v -0.057512 0.651451 0.070780
v -0.053282 0.653275 0.065556
v -0.053322 0.644490 0.065437
v -0.057642 0.646351 0.070757
v -0.048595 0.648916 0.079423
v -0.047277 0.651451 0.077260
v -0.043803 0.653275 0.071558
v -0.043803 0.644508 0.071558
v -0.047323 0.646375 0.077336
v -0.037363 0.648892 0.084698
v -0.036367 0.651433 0.082429
v -0.033649 0.653293 0.076231
v -0.033577 0.644508 0.076336
v -0.036151 0.646351 0.082514
v -0.025262 0.648916 0.088581
v -0.024580 0.651451 0.086169
v -0.022782 0.653275 0.079808
v -0.022782 0.644508 0.079808
v -0.024483 0.646351 0.086252
v -0.012851 0.648916 0.090921
v -0.012507 0.651451 0.088445
v -0.011600 0.653275 0.081916
v -0.011697 0.644490 0.081833
v -0.012631 0.646351 0.088486
v -0.000223 0.648916 0.091705
v -0.000223 0.651451 0.089207
v -0.000223 0.653275 0.082623
v -0.000223 0.644508 0.082623
v -0.000223 0.646375 0.089295
v 0.012288 0.648892 0.090951
v 0.011952 0.651433 0.088515
v 0.011036 0.653293 0.081859
v 0.011153 0.644508 0.081916
v 0.012184 0.646351 0.088486
v 0.024816 0.648916 0.088581
v 0.024134 0.651451 0.086169
v 0.022335 0.653275 0.079808
v 0.022335 0.644508 0.079808
v 0.024262 0.646351 0.086195
v 0.036799 0.648916 0.084727
v 0.035790 0.651451 0.082419
v 0.033131 0.653275 0.076336
v 0.033003 0.644490 0.076310
v 0.035705 0.646351 0.082514
v 0.048149 0.648916 0.079423
v 0.046831 0.651451 0.077260
v 0.043356 0.653275 0.071558
v 0.043356 0.644508 0.071558
v 0.046877 0.646375 0.077336
v 0.058585 0.648892 0.072843
v 0.057010 0.651433 0.070892
v 0.052705 0.653293 0.065562
v 0.052876 0.644490 0.065437
v 0.057195 0.646351 0.070757
v 0.068185 0.648916 0.064855
v 0.066321 0.651451 0.063089
v 0.061431 0.653293 0.058310
v 0.061408 0.644508 0.058433
v 0.066321 0.646333 0.063089
v 0.076529 0.648916 0.055839
v 0.074511 0.651409 0.054372
v 0.068798 0.653300 0.050218
v 0.068800 0.644490 0.050348
v 0.074414 0.646351 0.054441
v 0.083559 0.648916 0.045869
v 0.081356 0.651409 0.044664
v 0.075121 0.653300 0.041252
v 0.075259 0.644508 0.041328
v 0.081356 0.646375 0.044664
v 0.089126 0.648892 0.035225
v 0.086732 0.651433 0.034282
v 0.080191 0.653293 0.031706
v 0.080301 0.644508 0.031638
v 0.086721 0.646333 0.034158
v 0.093224 0.648916 0.023759
v 0.090767 0.651409 0.023135
v 0.083812 0.653300 0.021369
v 0.083966 0.644508 0.021408
v 0.090678 0.646333 0.023113
v 0.095693 0.648916 0.011998
v 0.093154 0.651433 0.011570
v 0.086130 0.653293 0.010702
v 0.086102 0.644490 0.010905
v 0.093124 0.646351 0.011789
v -0.000424 0.775504 0.112347
v 0.021502 0.775511 0.110188
v 0.042585 0.775531 0.103792
v 0.062015 0.775564 0.093407
v 0.079046 0.775609 0.079430
v 0.093022 0.775663 0.062399
v 0.103408 0.775724 0.042969
v 0.109804 0.775791 0.021886
v 0.111963 0.775861 -0.000039
v 0.109804 0.775931 -0.021965
v 0.103408 0.775998 -0.043048
v 0.093022 0.776060 -0.062478
v 0.079046 0.776114 -0.079508
v 0.062015 0.776158 -0.093485
v 0.042585 0.776191 -0.103871
v 0.021502 0.776212 -0.110266
v -0.000424 0.776218 -0.112426
v -0.022350 0.776212 -0.110266
v -0.043433 0.776191 -0.103871
v -0.062863 0.776158 -0.093485
v -0.079894 0.776114 -0.079508
v -0.093871 0.776060 -0.062478
v -0.104256 0.775998 -0.043048
v -0.110652 0.775931 -0.021965
v -0.112811 0.775861 -0.000039
v -0.110652 0.775791 0.021886
v -0.104256 0.775724 0.042969
v -0.093871 0.775663 0.062399
v -0.079894 0.775609 0.079430
v -0.062863 0.775564 0.093407
v -0.043433 0.775531 0.103792
v -0.022350 0.775511 0.110188
v -0.000424 0.660164 0.080723
v 0.015403 0.660164 0.079162
v 0.030619 0.660164 0.074538
v 0.044637 0.660164 0.067032
v 0.056917 0.660164 0.056934
v 0.066985 0.660164 0.044635
v 0.074457 0.660164 0.030610
v 0.079045 0.660164 0.015400
v 0.080577 0.660164 -0.000407
v 0.078996 0.660164 -0.016205
v 0.074365 0.660164 -0.031386
v 0.066866 0.660164 -0.045369
v 0.056788 0.660164 -0.057619
v 0.044518 0.660164 -0.067668
v 0.030528 0.660164 -0.075133
v 0.015354 0.660164 -0.079728
v -0.000424 0.660164 -0.081280
v -0.016202 0.660164 -0.079728
v -0.031376 0.660164 -0.075133
v -0.045366 0.660164 -0.067668
v -0.057636 0.660164 -0.057619
v -0.067714 0.660164 -0.045369
v -0.075214 0.660164 -0.031386
v -0.079844 0.660164 -0.016205
v -0.081425 0.660164 -0.000407
v -0.079893 0.660164 0.015400
v -0.075305 0.660164 0.030610
v -0.067833 0.660164 0.044635
v -0.057765 0.660164 0.056934
v -0.045485 0.660164 0.067032
v -0.031467 0.660164 0.074538
v -0.016251 0.660164 0.079162
v -0.000424 0.796645 0.080093
v 0.015209 0.796650 0.078553
v 0.030241 0.796664 0.073993
v 0.044095 0.796688 0.066588
v 0.056238 0.796719 0.056623
v 0.066204 0.796758 0.044480
v 0.073609 0.796802 0.030626
v 0.078169 0.796850 0.015594
v 0.079708 0.796899 -0.000039
v 0.078169 0.796949 -0.015672
v 0.073609 0.796997 -0.030704
v 0.066204 0.797041 -0.044558
v 0.056238 0.797079 -0.056701
v 0.044095 0.797111 -0.066667
v 0.030241 0.797135 -0.074071
v 0.015209 0.797149 -0.078631
v -0.000424 0.797154 -0.080171
v -0.016057 0.797149 -0.078631
v -0.031089 0.797135 -0.074071
v -0.044943 0.797111 -0.066667
v -0.057086 0.797079 -0.056701
v -0.067052 0.797041 -0.044558
v -0.074457 0.796997 -0.030704
v -0.079017 0.796949 -0.015672
v -0.080556 0.796899 -0.000039
v -0.079017 0.796850 0.015594
v -0.074457 0.796802 0.030626
v -0.067052 0.796758 0.044480
v -0.057086 0.796719 0.056623
v -0.044943 0.796688 0.066588
v -0.031089 0.796664 0.073993
v -0.016057 0.796650 0.078553
v -0.000424 0.813913 0.080093
v 0.015209 0.813918 0.078553
v 0.030241 0.813932 0.073993
v 0.044095 0.813956 0.066588
v 0.056238 0.813988 0.056623
v 0.066204 0.814026 0.044480
v 0.073609 0.814070 0.030626
v 0.078169 0.814118 0.015594
v 0.079708 0.814168 -0.000039
v 0.078169 0.814217 -0.015672
v 0.073609 0.814265 -0.030704
v 0.066204 0.814309 -0.044558
v 0.056238 0.814348 -0.056701
v 0.044095 0.814380 -0.066667
v 0.030241 0.814403 -0.074071
v 0.015209 0.814418 -0.078631
v -0.000424 0.814422 -0.080171
v -0.016057 0.814418 -0.078631
v -0.031089 0.814403 -0.074071
v -0.044943 0.814380 -0.066667
v -0.057086 0.814348 -0.056701
v -0.067052 0.814309 -0.044558
v -0.074457 0.814265 -0.030704
v -0.079017 0.814217 -0.015672
v -0.080556 0.814168 -0.000039
v -0.079017 0.814118 0.015594
v -0.074457 0.814070 0.030626
v -0.067052 0.814026 0.044480
v -0.057086 0.813988 0.056623
v -0.044943 0.813956 0.066588
v -0.031089 0.813932 0.073993
v -0.016057 0.813918 0.078553
v -0.022823 0.825243 0.004178
v -0.022823 0.940345 0.004178
v -0.022823 0.825243 -0.004123
v -0.022823 0.940345 -0.004123
v 0.021841 0.825243 0.004178
v 0.021841 0.940345 0.004178
v 0.021841 0.825243 -0.004123
v 0.021841 0.940345 -0.004123
v -0.054696 0.865375 0.004110
v -0.054696 0.904714 0.004110
v -0.054696 0.865375 -0.004192
v -0.054696 0.904714 -0.004192
v 0.053832 0.865375 0.004110
v 0.053832 0.904714 0.004110
v 0.053832 0.865375 -0.004192
v 0.053832 0.904714 -0.004192
vn -0.9606 -0.2700 -0.0657
vn -0.1834 -0.2028 0.9619
vn -0.9095 -0.2630 -0.3220
vn 0.3028 -0.2073 -0.9302
vn 0.1834 -0.2028 0.9619
vn -0.3028 -0.2073 -0.9302
vn -0.5260 -0.2216 0.8211
vn -0.4176 -0.2137 -0.8831
vn 0.5260 -0.2216 0.8211
vn -0.9434 -0.2676 -0.1957
vn -0.1834 -0.2028 -0.9619
vn 0.3028 -0.2073 0.9302
vn -0.7164 -0.2395 -0.6553
vn -0.7947 -0.2484 -0.5538
vn -0.4176 -0.2137 0.8831
vn -0.8595 -0.2564 0.4421
vn 0.1834 -0.2028 -0.9619
vn 0.4176 -0.2137 -0.8831
vn 0.9434 -0.2676 0.1957
vn 0.7947 -0.2484 0.5538
vn 0.9606 -0.2700 -0.0657
vn 0.4176 -0.2137 0.8831
vn -0.0614 -0.2005 -0.9778
vn -0.9606 -0.2700 0.0657
vn -0.6263 -0.2304 -0.7448
vn -0.0614 -0.2005 0.9778
vn 0.8595 -0.2564 0.4421
vn -0.7164 -0.2395 0.6553
vn -0.6263 -0.2304 0.7448
vn -0.8595 -0.2564 -0.4421
vn -0.5260 -0.2216 -0.8211
vn 0.0614 -0.2005 -0.9778
vn 0.0614 -0.2005 0.9778
vn 0.9606 -0.2700 0.0657
vn -0.9095 -0.2630 0.3220
vn 0.9095 -0.2630 -0.3220
vn 0.6263 -0.2304 0.7448
vn 0.5260 -0.2216 -0.8211
vn 0.9095 -0.2630 0.3220
vn -0.3028 -0.2073 0.9302
vn 0.7164 -0.2395 -0.6553
vn 0.7164 -0.2395 0.6553
vn -0.9434 -0.2676 0.1957
vn 0.8595 -0.2564 -0.4421
vn -0.7947 -0.2484 0.5538
vn 0.7947 -0.2484 -0.5538
vn 0.6263 -0.2304 -0.7448
vn 0.9434 -0.2676 -0.1957
vn -0.1949 -0.1087 0.9748
vn -0.1980 0.1488 0.9688
vn -0.9707 -0.2313 -0.0648
vn -0.1987 0.2293 0.9529
vn -0.9876 -0.1434 -0.0644
vn -0.1977 0.3077 0.9307
vn -0.9927 0.1027 -0.0633
vn -0.9818 0.1795 -0.0614
vn -0.9659 0.2519 -0.0593
vn -0.1887 -0.1779 0.9658
vn 0.3111 -0.1815 -0.9329
vn 0.3210 -0.1109 -0.9406
vn 0.3259 0.1456 -0.9341
vn -0.9208 -0.2257 -0.3182
vn 0.3265 0.2258 -0.9178
vn -0.9381 -0.1398 -0.3168
vn 0.3247 0.3037 -0.8957
vn -0.9440 0.1074 -0.3119
vn 0.1887 -0.1779 0.9658
vn -0.9350 0.1845 -0.3028
vn 0.1949 -0.1086 0.9748
vn -0.9209 0.2574 -0.2927
vn 0.1987 0.2293 0.9529
vn -0.5537 -0.1186 0.8242
vn 0.1977 0.3077 0.9307
vn -0.5608 0.1356 0.8168
vn -0.3111 -0.1815 -0.9329
vn -0.5602 0.2149 0.8000
vn -0.3210 -0.1110 -0.9406
vn -0.3259 0.1456 -0.9341
vn -0.3265 0.2258 -0.9178
vn -0.3247 0.3037 -0.8957
vn 0.1980 0.1488 0.9688
vn -0.5384 -0.1930 0.8203
vn -0.4448 0.2982 -0.8445
vn 0.5384 -0.1930 0.8203
vn 0.5537 -0.1185 0.8242
vn -0.5557 0.2914 0.7787
vn 0.5608 0.1356 0.8168
vn -0.4283 -0.1867 -0.8841
vn 0.5602 0.2149 0.8000
vn -0.4413 -0.1144 -0.8901
vn 0.5557 0.2914 0.7787
vn -0.4475 0.1411 -0.8831
vn -0.9540 -0.2294 -0.1932
vn -0.4478 0.2209 -0.8664
vn 0.3111 -0.1815 0.9329
vn -0.9662 0.1812 -0.1834
vn 0.3210 -0.1110 0.9406
vn -0.9509 0.2537 -0.1771
vn 0.3259 0.1456 0.9341
vn -0.1887 -0.1779 -0.9658
vn -0.1949 -0.1086 -0.9748
vn -0.1980 0.1488 -0.9688
vn -0.1987 0.2293 -0.9529
vn -0.9710 -0.1422 -0.1921
vn -0.1977 0.3077 -0.9307
vn -0.9764 0.1043 -0.1890
vn -0.7427 0.2763 -0.6099
vn -0.8077 -0.2143 -0.5493
vn 0.3265 0.2258 0.9178
vn -0.8255 -0.1324 -0.5486
vn 0.3247 0.3037 0.8957
vn -0.8326 0.1171 -0.5414
vn -0.7298 -0.2073 -0.6515
vn -0.8270 0.1950 -0.5273
vn -0.7474 -0.1278 -0.6520
vn -0.8165 0.2691 -0.5108
vn -0.7549 0.1232 -0.6442
vn -0.7512 0.2015 -0.6286
vn -0.4475 0.1411 0.8831
vn 0.1887 -0.1779 -0.9658
vn -0.4478 0.2209 0.8664
vn 0.1949 -0.1086 -0.9748
vn -0.4448 0.2982 0.8445
vn -0.8717 -0.2206 0.4376
vn -0.8894 -0.1365 0.4363
vn -0.8959 0.1117 0.4299
vn -0.4283 -0.1867 0.8841
vn -0.8885 0.1892 0.4181
vn -0.4413 -0.1144 0.8900
vn -0.8760 0.2626 0.4045
vn 0.4478 0.2209 -0.8664
vn 0.4448 0.2982 -0.8445
vn 0.1980 0.1488 -0.9688
vn 0.9540 -0.2294 0.1932
vn 0.1987 0.2293 -0.9529
vn 0.9710 -0.1421 0.1921
vn 0.1977 0.3077 -0.9307
vn 0.9764 0.1043 0.1890
vn 0.4283 -0.1867 -0.8841
vn 0.9662 0.1812 0.1834
vn 0.4413 -0.1143 -0.8901
vn 0.4475 0.1411 -0.8831
vn 0.9659 0.2519 -0.0593
vn 0.8326 0.1171 0.5414
vn 0.4283 -0.1867 0.8841
vn 0.8270 0.1950 0.5272
vn 0.8165 0.2691 0.5108
vn 0.9707 -0.2313 -0.0648
vn 0.9876 -0.1433 -0.0644
vn 0.9509 0.2537 0.1771
vn 0.9927 0.1027 -0.0633
vn 0.8077 -0.2143 0.5493
vn 0.9818 0.1795 -0.0614
vn 0.8255 -0.1324 0.5486
vn -0.0667 0.2311 -0.9706
vn 0.4413 -0.1144 0.8901
vn -0.0664 0.3098 -0.9485
vn 0.4475 0.1411 0.8831
vn -0.9707 -0.2313 0.0648
vn 0.4478 0.2209 0.8664
vn -0.9876 -0.1434 0.0644
vn 0.4448 0.2982 0.8445
vn -0.9927 0.1027 0.0633
vn -0.0633 -0.1760 -0.9824
vn -0.0654 -0.1073 -0.9921
vn -0.0664 0.1504 -0.9864
vn -0.0664 0.3098 0.9485
vn -0.6638 0.1295 -0.7366
vn -0.6619 0.2083 -0.7201
vn -0.6554 0.2840 -0.6998
vn -0.0633 -0.1760 0.9824
vn -0.9818 0.1795 0.0614
vn -0.0654 -0.1074 0.9921
vn -0.9659 0.2519 0.0593
vn -0.0664 0.1504 0.9864
vn -0.6395 -0.2000 -0.7423
vn -0.0667 0.2311 0.9706
vn -0.6563 -0.1231 -0.7444
vn 0.8717 -0.2206 0.4376
vn -0.7512 0.2015 0.6286
vn 0.8894 -0.1364 0.4363
vn -0.7427 0.2763 0.6099
vn 0.8959 0.1117 0.4299
vn -0.6395 -0.2000 0.7423
vn 0.8885 0.1892 0.4181
vn -0.6563 -0.1232 0.7444
vn 0.8760 0.2626 0.4045
vn -0.7298 -0.2073 0.6515
vn -0.7474 -0.1279 0.6520
vn -0.7549 0.1232 0.6442
vn -0.8894 -0.1365 -0.4363
vn -0.8959 0.1117 -0.4299
vn -0.8885 0.1892 -0.4180
vn -0.8760 0.2626 -0.4045
vn -0.6638 0.1295 0.7366
vn -0.5384 -0.1930 -0.8203
vn -0.6619 0.2083 0.7201
vn -0.5537 -0.1185 -0.8242
vn -0.6554 0.2840 0.6998
vn -0.5608 0.1356 -0.8168
vn -0.8717 -0.2206 -0.4376
vn -0.5602 0.2149 -0.8000
vn 0.0664 0.1504 0.9864
vn 0.0633 -0.1760 -0.9824
vn 0.0667 0.2311 0.9706
vn 0.0654 -0.1073 -0.9921
vn 0.0664 0.3098 0.9485
vn 0.0664 0.1504 -0.9864
vn 0.9707 -0.2313 0.0648
vn 0.0667 0.2311 -0.9706
vn 0.0664 0.3098 -0.9485
vn 0.0633 -0.1760 0.9824
vn 0.0654 -0.1074 0.9921
vn -0.5557 0.2914 -0.7787
vn -0.9381 -0.1398 0.3168
vn -0.9440 0.1074 0.3119
vn -0.9350 0.1845 0.3028
vn 0.9876 -0.1433 0.0644
vn -0.9209 0.2574 0.2927
vn 0.9927 0.1027 0.0633
vn 0.9208 -0.2257 -0.3182
vn 0.9818 0.1795 0.0614
vn 0.9382 -0.1397 -0.3168
vn 0.9659 0.2519 0.0593
vn 0.9440 0.1074 -0.3119
vn -0.9208 -0.2257 0.3182
vn 0.9209 0.2574 -0.2927
vn 0.5608 0.1356 -0.8168
vn 0.6395 -0.2000 0.7423
vn 0.5602 0.2149 -0.8000
vn 0.6563 -0.1231 0.7444
vn 0.5557 0.2914 -0.7787
vn 0.6638 0.1295 0.7366
vn 0.6619 0.2083 0.7201
vn 0.6554 0.2840 0.6998
vn 0.5384 -0.1930 -0.8203
vn 0.9350 0.1845 -0.3028
vn 0.5537 -0.1184 -0.8243
vn -0.3111 -0.1815 0.9329
vn -0.3210 -0.1110 0.9406
vn -0.3259 0.1456 0.9341
vn 0.9208 -0.2257 0.3182
vn -0.3265 0.2258 0.9178
vn 0.9382 -0.1397 0.3168
vn -0.3247 0.3037 0.8957
vn 0.9440 0.1074 0.3119
vn 0.7298 -0.2073 -0.6515
vn 0.9350 0.1845 0.3028
vn 0.7474 -0.1278 -0.6520
vn 0.9209 0.2574 0.2927
vn -0.9710 -0.1422 0.1921
vn 0.7427 0.2763 -0.6099
vn -0.9764 0.1043 0.1890
vn 0.7298 -0.2073 0.6515
vn -0.9662 0.1812 0.1834
vn 0.7474 -0.1278 0.6520
vn 0.7549 0.1232 0.6442
vn 0.7512 0.2015 0.6286
vn 0.7427 0.2763 0.6099
vn 0.7549 0.1232 -0.6442
vn -0.9540 -0.2294 0.1932
vn 0.7512 0.2015 -0.6286
vn -0.8077 -0.2143 0.5493
vn -0.8255 -0.1325 0.5486
vn -0.9509 0.2537 0.1771
vn -0.8326 0.1171 0.5414
vn 0.8717 -0.2206 -0.4376
vn -0.8270 0.1950 0.5272
vn 0.8894 -0.1364 -0.4363
vn -0.8165 0.2691 0.5108
vn 0.8959 0.1117 -0.4299
vn 0.8077 -0.2143 -0.5493
vn 0.8885 0.1892 -0.4181
vn 0.8760 0.2626 -0.4045
vn 0.9710 -0.1421 -0.1921
vn 0.8165 0.2691 -0.5108
vn 0.9764 0.1043 -0.1890
vn 0.6395 -0.2000 -0.7423
vn 0.6563 -0.1230 -0.7444
vn 0.6638 0.1295 -0.7366
vn 0.6619 0.2083 -0.7201
vn 0.8255 -0.1323 -0.5487
vn 0.6554 0.2840 -0.6998
vn 0.8326 0.1171 -0.5414
vn 0.9540 -0.2294 -0.1932
vn 0.8270 0.1950 -0.5272
vn 0.9662 0.1812 -0.1834
vn 0.9509 0.2537 -0.1771
vn -0.0000 -1.0000 -0.0000
vn -0.1055 -0.0000 -0.9944
vn -0.3106 -0.0000 -0.9505
vn -0.4990 -0.0000 -0.8666
vn -0.6624 -0.0000 -0.7492
vn -0.7955 -0.0000 -0.6060
vn -0.8958 -0.0000 -0.4445
vn -0.9626 -0.0000 -0.2710
vn -0.9958 -0.0000 -0.0910
vn -0.9958 -0.0000 0.0910
vn -0.9626 -0.0000 0.2710
vn -0.8958 -0.0000 0.4445
vn -0.7955 -0.0000 0.6060
vn -0.6624 -0.0000 0.7492
vn -0.4990 -0.0000 0.8666
vn -0.3106 -0.0000 0.9505
vn -0.1055 -0.0000 0.9944
vn 0.1055 -0.0000 0.9944
vn 0.3106 -0.0000 0.9505
vn 0.4990 -0.0000 0.8666
vn 0.6624 -0.0000 0.7492
vn 0.7955 -0.0000 0.6060
vn 0.8958 -0.0000 0.4445
vn 0.9626 -0.0000 0.2710
vn 0.9958 -0.0000 0.0910
vn 0.9958 -0.0000 -0.0910
vn 0.9626 -0.0000 -0.2710
vn 0.8958 -0.0000 -0.4445
vn 0.7955 -0.0000 -0.6060
vn 0.6624 -0.0000 -0.7492
vn 0.4990 -0.0000 -0.8666
vn 0.3106 -0.0000 -0.9505
vn 0.1055 -0.0000 -0.9944
vn -0.0664 0.7769 -0.6261
vn -0.1963 0.7751 -0.6006
vn -0.3174 0.7717 -0.5511
vn -0.4247 0.7674 -0.4804
vn -0.5144 0.7628 -0.3919
vn -0.5837 0.7586 -0.2896
vn -0.6307 0.7554 -0.1776
vn -0.6544 0.7538 -0.0598
vn -0.6544 0.7538 0.0598
vn -0.6307 0.7554 0.1776
vn -0.5837 0.7586 0.2896
vn -0.5144 0.7628 0.3919
vn -0.4247 0.7674 0.4804
vn -0.3174 0.7717 0.5511
vn -0.1963 0.7751 0.6006
vn -0.0664 0.7769 0.6261
vn 0.0664 0.7769 0.6261
vn 0.1963 0.7751 0.6006
vn 0.3174 0.7717 0.5511
vn 0.4247 0.7674 0.4804
vn 0.5144 0.7628 0.3919
vn 0.5837 0.7586 0.2896
vn 0.6307 0.7554 0.1776
vn 0.6544 0.7538 0.0598
vn 0.6544 0.7538 -0.0598
vn 0.6307 0.7554 -0.1776
vn 0.5837 0.7586 -0.2896
vn 0.5144 0.7628 -0.3919
vn 0.4247 0.7674 -0.4804
vn 0.3174 0.7717 -0.5511
vn 0.1963 0.7751 -0.6006
vn 0.0664 0.7769 -0.6261
vn 0.9828 0.1750 -0.0598
vn 0.6952 0.7176 -0.0423
vn 0.9733 0.2217 -0.0592
vn 0.9828 -0.1750 -0.0598
vn 0.9681 0.1754 -0.1788
vn 0.6840 0.7184 -0.1263
vn 0.9588 0.2222 -0.1770
vn 0.9681 -0.1754 -0.1788
vn 0.9389 0.1762 -0.2958
vn 0.6619 0.7200 -0.2086
vn 0.9297 0.2232 -0.2930
vn 0.9389 -0.1762 -0.2958
vn 0.8949 0.1773 -0.4096
vn 0.6288 0.7223 -0.2879
vn 0.8860 0.2246 -0.4056
vn 0.8949 -0.1773 -0.4096
vn 0.8361 0.1787 -0.5186
vn 0.5852 0.7251 -0.3630
vn 0.8278 0.2263 -0.5134
vn 0.8361 -0.1787 -0.5186
vn 0.7628 0.1803 -0.6210
vn 0.5315 0.7282 -0.4327
vn 0.7550 0.2283 -0.6147
vn 0.7628 -0.1803 -0.6210
vn 0.6753 0.1820 -0.7148
vn 0.4682 0.7315 -0.4956
vn 0.6683 0.2304 -0.7073
vn 0.6753 -0.1820 -0.7148
vn 0.5743 0.1837 -0.7978
vn 0.3963 0.7348 -0.5505
vn 0.5682 0.2325 -0.7894
vn 0.5743 -0.1837 -0.7978
vn 0.4610 0.1852 -0.8678
vn 0.3167 0.7377 -0.5962
vn 0.4561 0.2344 -0.8585
vn 0.4610 -0.1852 -0.8678
vn 0.3374 0.1865 -0.9227
vn 0.2310 0.7401 -0.6316
vn 0.3337 0.2360 -0.9126
vn 0.3374 -0.1865 -0.9227
vn 0.2058 0.1874 -0.9605
vn 0.1405 0.7419 -0.6557
vn 0.2035 0.2372 -0.9499
vn 0.2058 -0.1874 -0.9605
vn 0.0692 0.1879 -0.9797
vn 0.0472 0.7428 -0.6679
vn 0.0684 0.2378 -0.9689
vn 0.0692 -0.1879 -0.9797
vn -0.0692 0.1879 -0.9797
vn -0.0472 0.7428 -0.6679
vn -0.0684 0.2378 -0.9689
vn -0.0692 -0.1879 -0.9797
vn -0.2058 0.1874 -0.9605
vn -0.1405 0.7419 -0.6557
vn -0.2035 0.2372 -0.9499
vn -0.2058 -0.1874 -0.9605
vn -0.3374 0.1865 -0.9227
vn -0.2310 0.7401 -0.6316
vn -0.3337 0.2360 -0.9126
vn -0.3374 -0.1865 -0.9227
vn -0.4610 0.1852 -0.8678
vn -0.3167 0.7377 -0.5962
vn -0.4561 0.2344 -0.8585
vn -0.4610 -0.1852 -0.8678
vn -0.5743 0.1837 -0.7978
vn -0.3963 0.7348 -0.5505
vn -0.5682 0.2325 -0.7894
vn -0.5743 -0.1837 -0.7978
vn -0.6753 0.1820 -0.7148
vn -0.4682 0.7315 -0.4956
vn -0.6683 0.2304 -0.7073
vn -0.6753 -0.1820 -0.7148
vn -0.7628 0.1803 -0.6210
vn -0.5315 0.7282 -0.4327
vn -0.7550 0.2283 -0.6147
vn -0.7628 -0.1803 -0.6210
vn -0.8361 0.1787 -0.5186
vn -0.5852 0.7251 -0.3630
vn -0.8278 0.2263 -0.5134
vn -0.8361 -0.1787 -0.5186
vn -0.8949 0.1773 -0.4096
vn -0.6289 0.7223 -0.2879
vn -0.8860 0.2246 -0.4056
vn -0.8949 -0.1773 -0.4096
vn -0.9389 0.1762 -0.2958
vn -0.6619 0.7200 -0.2086
vn -0.9297 0.2232 -0.2930
vn -0.9389 -0.1762 -0.2958
vn -0.9681 0.1754 -0.1788
vn -0.6840 0.7184 -0.1263
vn -0.9588 0.2222 -0.1770
vn 0.9210 0.3854 -0.0560
vn -0.9681 -0.1754 -0.1788
vn -0.9828 0.1750 -0.0598
vn -0.6952 0.7176 -0.0423
vn -0.9733 0.2217 -0.0592
vn 0.8379 0.5435 -0.0510
vn 0.9071 0.3862 -0.1675
vn 0.8249 0.5444 -0.1523
vn 0.8792 0.3877 -0.2770
vn -0.9828 -0.1750 -0.0598
vn -0.9828 0.1750 0.0598
vn -0.6951 0.7176 0.0423
vn -0.9733 0.2217 0.0592
vn 0.7990 0.5461 -0.2518
vn 0.8373 0.3898 -0.3833
vn 0.7602 0.5486 -0.3480
vn 0.7816 0.3925 -0.4848
vn -0.9828 -0.1750 0.0598
vn -0.9681 0.1754 0.1788
vn -0.6840 0.7184 0.1263
vn -0.9588 0.2222 0.1770
vn 0.7123 0.3956 -0.5798
vn 0.7088 0.5517 -0.4396
vn 0.6450 0.5552 -0.5251
vn 0.6298 0.3988 -0.6666
vn -0.9681 -0.1754 0.1788
vn -0.9389 0.1762 0.2958
vn -0.6619 0.7200 0.2086
vn -0.9297 0.2232 0.2930
vn 0.5694 0.5590 -0.6027
vn 0.5349 0.4020 -0.7431
vn 0.4830 0.5626 -0.6710
vn 0.4290 0.4050 -0.8075
vn -0.9389 -0.1762 0.2958
vn -0.8949 0.1773 0.4096
vn -0.6289 0.7223 0.2879
vn -0.8860 0.2246 0.4056
vn 0.3868 0.5660 -0.7280
vn 0.3136 0.4074 -0.8577
vn 0.2825 0.5688 -0.7725
vn 0.1912 0.4092 -0.8922
vn -0.8949 -0.1773 0.4096
vn -0.8361 0.1787 0.5186
vn -0.5852 0.7251 0.3630
vn -0.8278 0.2263 0.5134
vn 0.1720 0.5708 -0.8029
vn 0.0642 0.4101 -0.9098
vn 0.0578 0.5718 -0.8184
vn -0.0642 0.4101 -0.9098
vn -0.8361 -0.1787 0.5186
vn -0.7628 0.1803 0.6210
vn -0.5315 0.7282 0.4327
vn -0.7550 0.2283 0.6147
vn -0.1912 0.4092 -0.8922
vn -0.0578 0.5718 -0.8184
vn -0.1720 0.5708 -0.8029
vn -0.3136 0.4074 -0.8577
vn -0.7628 -0.1803 0.6210
vn -0.6753 0.1820 0.7148
vn -0.4682 0.7315 0.4956
vn -0.6683 0.2304 0.7073
vn -0.2825 0.5688 -0.7725
vn -0.4290 0.4050 -0.8075
vn -0.3868 0.5660 -0.7280
vn -0.5349 0.4020 -0.7431
vn -0.6753 -0.1820 0.7148
vn -0.5743 0.1837 0.7978
vn -0.3963 0.7348 0.5505
vn -0.5682 0.2325 0.7894
vn -0.4830 0.5626 -0.6710
vn -0.6298 0.3988 -0.6666
vn -0.5694 0.5590 -0.6027
vn -0.7123 0.3956 -0.5798
vn -0.5743 -0.1837 0.7978
vn -0.4610 0.1852 0.8678
vn -0.3167 0.7377 0.5962
vn -0.4561 0.2344 0.8585
vn -0.6450 0.5552 -0.5251
vn -0.7816 0.3925 -0.4848
vn -0.7088 0.5517 -0.4396
vn -0.8373 0.3898 -0.3833
vn -0.4610 -0.1852 0.8678
vn -0.3374 0.1865 0.9227
vn -0.2310 0.7401 0.6316
vn -0.3337 0.2360 0.9126
vn -0.8792 0.3877 -0.2770
vn -0.7602 0.5486 -0.3480
vn -0.7990 0.5461 -0.2518
vn -0.9071 0.3862 -0.1675
vn -0.3374 -0.1865 0.9227
vn -0.2058 0.1874 0.9605
vn -0.1405 0.7419 0.6557
vn -0.2035 0.2372 0.9499
vn -0.8249 0.5444 -0.1523
vn -0.9210 0.3854 -0.0560
vn -0.8379 0.5435 -0.0510
vn -0.9210 0.3854 0.0560
vn -0.2058 -0.1874 0.9605
vn -0.0692 0.1879 0.9797
vn -0.0472 0.7428 0.6679
vn -0.0684 0.2378 0.9689
vn -0.8379 0.5435 0.0510
vn -0.9071 0.3862 0.1675
vn -0.8249 0.5444 0.1523
vn -0.8792 0.3877 0.2770
vn -0.0692 -0.1879 0.9797
vn 0.0692 0.1879 0.9797
vn 0.0472 0.7428 0.6679
vn 0.0684 0.2378 0.9689
vn -0.7990 0.5461 0.2518
vn -0.8373 0.3898 0.3833
vn -0.7602 0.5486 0.3480
vn -0.7816 0.3925 0.4848
vn 0.0692 -0.1879 0.9797
vn 0.2058 0.1874 0.9605
vn 0.1405 0.7419 0.6557
vn 0.2035 0.2372 0.9499
vn -0.7123 0.3956 0.5798
vn -0.7088 0.5517 0.4396
vn -0.6450 0.5552 0.5251
vn -0.6298 0.3988 0.6666
vn 0.2058 -0.1874 0.9605
vn 0.3374 0.1865 0.9227
vn 0.2310 0.7401 0.6316
vn 0.3337 0.2360 0.9126
vn -0.5694 0.5590 0.6027
vn -0.5349 0.4020 0.7431
vn -0.4830 0.5626 0.6710
vn -0.4290 0.4050 0.8075
vn 0.3374 -0.1865 0.9227
vn 0.4610 0.1852 0.8678
vn 0.3167 0.7377 0.5962
vn 0.4561 0.2344 0.8585
vn -0.3868 0.5660 0.7280
vn -0.3136 0.4074 0.8577
vn -0.2825 0.5688 0.7725
vn -0.1912 0.4092 0.8922
vn 0.4610 -0.1852 0.8678
vn 0.5743 0.1837 0.7978
vn 0.3963 0.7348 0.5505
vn 0.5682 0.2325 0.7894
vn -0.1720 0.5708 0.8029
vn -0.0642 0.4101 0.9098
vn -0.0578 0.5718 0.8184
vn 0.0642 0.4101 0.9098
vn 0.5743 -0.1837 0.7978
vn 0.6753 0.1820 0.7148
vn 0.4682 0.7315 0.4956
vn 0.6683 0.2304 0.7073
vn 0.1912 0.4092 0.8922
vn 0.0578 0.5718 0.8184
vn 0.1720 0.5708 0.8029
vn 0.3136 0.4074 0.8577
vn 0.6753 -0.1820 0.7148
vn 0.7628 0.1803 0.6210
vn 0.5315 0.7282 0.4327
vn 0.7550 0.2283 0.6147
vn 0.2825 0.5688 0.7725
vn 0.4290 0.4050 0.8075
vn 0.3868 0.5660 0.7280
vn 0.5349 0.4020 0.7431
vn 0.7628 -0.1803 0.6210
vn 0.8361 0.1787 0.5186
vn 0.5852 0.7251 0.3630
vn 0.8278 0.2263 0.5134
vn 0.4830 0.5626 0.6710
vn 0.6298 0.3988 0.6666
vn 0.5694 0.5590 0.6027
vn 0.7123 0.3956 0.5798
vn 0.8361 -0.1787 0.5186
vn 0.8949 0.1773 0.4096
vn 0.6289 0.7223 0.2879
vn 0.8860 0.2246 0.4056
vn 0.6450 0.5552 0.5251
vn 0.7816 0.3925 0.4848
vn 0.7088 0.5517 0.4396
vn 0.8373 0.3898 0.3833
vn 0.8949 -0.1773 0.4096
vn 0.9389 0.1762 0.2958
vn 0.6619 0.7200 0.2086
vn 0.9297 0.2232 0.2930
vn 0.8792 0.3877 0.2770
vn 0.7602 0.5486 0.3480
vn 0.9071 0.3862 0.1675
vn 0.9389 -0.1762 0.2958
vn 0.9681 0.1754 0.1788
vn 0.6840 0.7184 0.1263
vn 0.9588 0.2222 0.1770
vn 0.8249 0.5444 0.1523
vn 0.7990 0.5461 0.2518
vn 0.9210 0.3854 0.0560
vn 0.8379 0.5435 0.0510
vn 0.9681 -0.1754 0.1788
vn 0.9828 0.1750 0.0598
vn 0.6951 0.7176 0.0423
vn 0.9733 0.2217 0.0592
vn 0.9828 -0.1750 0.0598
vn -0.0000 1.0000 -0.0000
vn -0.5746 0.5478 0.6081
vn -0.5812 0.5326 0.6152
vn -0.5892 0.5137 0.6236
vn -0.6431 0.3507 0.6807
vn -0.6800 0.1399 0.7197
vn 0.8450 0.5323 0.0514
vn 0.8543 0.5172 0.0520
vn 0.8653 0.4985 0.0526
vn 0.9392 0.3385 0.0571
vn 0.9891 0.1345 0.0602
vn 0.1737 0.5595 0.8104
vn 0.1758 0.5443 0.8202
vn 0.1783 0.5254 0.8320
vn 0.1955 0.3603 0.9121
vn 0.2073 0.1442 0.9676
vn -0.8450 0.5323 -0.0514
vn -0.8543 0.5172 -0.0520
vn -0.8653 0.4985 -0.0526
vn -0.9392 0.3385 -0.0571
vn -0.9891 0.1345 -0.0602
vn -0.8058 0.5349 0.2539
vn -0.8148 0.5199 0.2567
vn -0.8254 0.5011 0.2601
vn -0.8968 0.3405 0.2826
vn -0.9450 0.1354 0.2978
vn 0.7668 0.5374 0.3510
vn 0.7754 0.5223 0.3549
vn 0.7856 0.5036 0.3596
vn 0.8543 0.3425 0.3911
vn 0.9008 0.1363 0.4123
vn -0.2851 0.5576 0.7796
vn -0.2885 0.5424 0.7890
vn -0.2926 0.5234 0.8003
vn -0.3206 0.3587 0.8767
vn -0.3399 0.1435 0.9295
vn 0.7150 0.5405 0.4435
vn 0.7231 0.5254 0.4485
vn 0.7327 0.5066 0.4544
vn 0.7976 0.3450 0.4947
vn 0.8418 0.1374 0.5221
vn -0.8319 0.5332 -0.1536
vn -0.8411 0.5181 -0.1553
vn -0.8520 0.4994 -0.1573
vn -0.9251 0.3392 -0.1708
vn -0.9744 0.1348 -0.1799
vn -0.6507 0.5440 0.5297
vn -0.6582 0.5289 0.5358
vn -0.6670 0.5101 0.5430
vn -0.7271 0.3478 0.5919
vn -0.7680 0.1386 0.6252
vn -0.7668 0.5374 -0.3510
vn -0.7754 0.5223 -0.3549
vn -0.7856 0.5036 -0.3596
vn -0.8543 0.3425 -0.3911
vn -0.9008 0.1363 -0.4123
vn 0.8319 0.5332 0.1536
vn 0.8411 0.5181 0.1553
vn 0.8520 0.4994 0.1573
vn 0.9251 0.3392 0.1708
vn 0.9744 0.1348 0.1799
vn -0.8319 0.5332 0.1536
vn -0.8411 0.5181 0.1553
vn -0.8520 0.4994 0.1573
vn -0.9251 0.3392 0.1708
vn -0.9744 0.1348 0.1799
vn -0.4874 0.5514 -0.6771
vn -0.4931 0.5363 -0.6850
vn -0.5000 0.5174 -0.6945
vn -0.5464 0.3537 -0.7591
vn -0.5784 0.1413 -0.8035
vn 0.6507 0.5440 0.5297
vn 0.6582 0.5289 0.5358
vn 0.6670 0.5101 0.5430
vn 0.7271 0.3478 0.5919
vn 0.7680 0.1386 0.6252
vn -0.8058 0.5349 -0.2539
vn -0.8148 0.5199 -0.2567
vn -0.8254 0.5011 -0.2601
vn -0.8968 0.3405 -0.2826
vn -0.9450 0.1354 -0.2978
vn -0.0583 0.5606 -0.8260
vn -0.0590 0.5454 -0.8361
vn -0.0599 0.5264 -0.8481
vn -0.0657 0.3611 -0.9302
vn -0.0697 0.1446 -0.9870
vn -0.7150 0.5405 -0.4435
vn -0.7231 0.5254 -0.4485
vn -0.7327 0.5066 -0.4544
vn -0.7976 0.3450 -0.4947
vn -0.8418 0.1374 -0.5221
vn 0.8058 0.5349 0.2539
vn 0.8148 0.5199 0.2567
vn 0.8254 0.5011 0.2601
vn 0.8968 0.3405 0.2826
vn 0.9450 0.1354 0.2978
vn 0.3903 0.5548 -0.7347
vn 0.3950 0.5396 -0.7435
vn 0.4006 0.5207 -0.7540
vn 0.4384 0.3564 -0.8251
vn 0.4644 0.1425 -0.8741
vn -0.3903 0.5548 -0.7347
vn -0.3950 0.5396 -0.7435
vn -0.4006 0.5207 -0.7540
vn -0.4384 0.3564 -0.8251
vn -0.4644 0.1425 -0.8741
vn -0.6507 0.5440 -0.5297
vn -0.6582 0.5289 -0.5358
vn -0.6670 0.5101 -0.5430
vn -0.7271 0.3478 -0.5919
vn -0.7680 0.1386 -0.6252
vn 0.7150 0.5405 -0.4435
vn 0.7231 0.5254 -0.4485
vn 0.7327 0.5066 -0.4544
vn 0.7976 0.3450 -0.4947
vn 0.8418 0.1374 -0.5221
vn 0.0583 0.5606 -0.8260
vn 0.0590 0.5454 -0.8361
vn 0.0599 0.5264 -0.8481
vn 0.0657 0.3611 -0.9302
vn 0.0697 0.1446 -0.9870
vn -0.2851 0.5576 -0.7796
vn -0.2885 0.5424 -0.7890
vn -0.2926 0.5234 -0.8003
vn -0.3206 0.3587 -0.8767
vn -0.3399 0.1435 -0.9295
vn 0.8450 0.5323 -0.0514
vn 0.8543 0.5172 -0.0520
vn 0.8653 0.4985 -0.0526
vn 0.9392 0.3385 -0.0571
vn 0.9891 0.1345 -0.0602
vn -0.5746 0.5478 -0.6081
vn -0.5812 0.5326 -0.6152
vn -0.5892 0.5137 -0.6236
vn -0.6431 0.3507 -0.6807
vn -0.6800 0.1399 -0.7197
vn 0.4874 0.5514 -0.6771
vn 0.4931 0.5363 -0.6850
vn 0.4999 0.5174 -0.6945
vn 0.5464 0.3537 -0.7591
vn 0.5783 0.1413 -0.8035
vn 0.1737 0.5595 -0.8104
vn 0.1758 0.5443 -0.8202
vn 0.1783 0.5254 -0.8320
vn 0.1955 0.3603 -0.9121
vn 0.2073 0.1442 -0.9676
vn 0.4874 0.5514 0.6771
vn 0.4931 0.5363 0.6850
vn 0.4999 0.5174 0.6945
vn 0.5464 0.3537 0.7591
vn 0.5783 0.1413 0.8035
vn -0.1737 0.5595 -0.8104
vn -0.1758 0.5443 -0.8202
vn -0.1783 0.5254 -0.8320
vn -0.1955 0.3603 -0.9121
vn -0.2073 0.1442 -0.9676
vn 0.7668 0.5374 -0.3510
vn 0.7754 0.5223 -0.3549
vn 0.7856 0.5036 -0.3596
vn 0.8543 0.3425 -0.3911
vn 0.9008 0.1363 -0.4123
vn 0.5746 0.5478 -0.6081
vn 0.5812 0.5326 -0.6152
vn 0.5892 0.5137 -0.6236
vn 0.6431 0.3507 -0.6807
vn 0.6800 0.1399 -0.7197
vn 0.0583 0.5606 0.8260
vn 0.0590 0.5454 0.8361
vn 0.0599 0.5264 0.8481
vn 0.0657 0.3611 0.9302
vn 0.0697 0.1446 0.9870
vn 0.2851 0.5576 -0.7796
vn 0.2885 0.5424 -0.7890
vn 0.2926 0.5234 -0.8003
vn 0.3206 0.3587 -0.8767
vn 0.3399 0.1435 -0.9295
vn 0.3903 0.5548 0.7348
vn 0.3950 0.5396 0.7435
vn 0.4006 0.5207 0.7540
vn 0.4384 0.3564 0.8251
vn 0.4644 0.1425 0.8741
vn 0.8058 0.5349 -0.2539
vn 0.8148 0.5199 -0.2567
vn 0.8254 0.5011 -0.2601
vn 0.8968 0.3405 -0.2826
vn 0.9450 0.1354 -0.2978
vn -0.3903 0.5548 0.7347
vn -0.3950 0.5396 0.7435
vn -0.4006 0.5207 0.7540
vn -0.4384 0.3564 0.8251
vn -0.4644 0.1425 0.8741
vn 0.6507 0.5440 -0.5297
vn 0.6582 0.5289 -0.5358
vn 0.6670 0.5101 -0.5430
vn 0.7271 0.3478 -0.5919
vn 0.7680 0.1386 -0.6252
vn -0.0583 0.5606 0.8260
vn -0.0590 0.5454 0.8361
vn -0.0599 0.5264 0.8481
vn -0.0657 0.3611 0.9302
vn -0.0697 0.1446 0.9870
vn 0.2851 0.5576 0.7796
vn 0.2885 0.5424 0.7890
vn 0.2926 0.5234 0.8003
vn 0.3206 0.3587 0.8767
vn 0.3399 0.1435 0.9295
vn -0.7150 0.5405 0.4435
vn -0.7231 0.5254 0.4485
vn -0.7327 0.5066 0.4544
vn -0.7976 0.3450 0.4947
vn -0.8418 0.1374 0.5221
vn 0.8319 0.5332 -0.1536
vn 0.8411 0.5181 -0.1553
vn 0.8520 0.4994 -0.1573
vn 0.9251 0.3392 -0.1708
vn 0.9744 0.1348 -0.1799
vn -0.4874 0.5514 0.6771
vn -0.4931 0.5363 0.6850
vn -0.4999 0.5174 0.6945
vn -0.5464 0.3537 0.7591
vn -0.5784 0.1413 0.8035
vn -0.1737 0.5595 0.8104
vn -0.1758 0.5443 0.8202
vn -0.1783 0.5254 0.8320
vn -0.1955 0.3603 0.9121
vn -0.2073 0.1442 0.9676
vn -0.8450 0.5323 0.0514
vn -0.8543 0.5172 0.0520
vn -0.8653 0.4985 0.0526
vn -0.9392 0.3385 0.0571
vn -0.9891 0.1345 0.0602
vn 0.5746 0.5478 0.6081
vn 0.5812 0.5326 0.6152
vn 0.5892 0.5137 0.6236
vn 0.6431 0.3507 0.6807
vn 0.6800 0.1399 0.7197
vn -0.7668 0.5374 0.3510
vn -0.7754 0.5223 0.3549
vn -0.7856 0.5036 0.3596
vn -0.8543 0.3425 0.3911
vn -0.9008 0.1363 0.4123
vn 0.9604 0.2707 -0.0658
vn 0.6886 0.7238 -0.0451
vn 0.0439 -0.9981 0.0432
vn 0.6886 -0.7238 -0.0451
vn 0.9596 -0.2731 -0.0677
vn 0.9423 0.2710 -0.1965
vn 0.6762 0.7227 -0.1431
vn 0.0426 -0.9980 0.0468
vn 0.6747 -0.7244 -0.1416
vn 0.9413 -0.2726 -0.1990
vn 0.9064 0.2701 -0.3247
vn 0.6535 0.7198 -0.2341
vn 0.0304 -0.9980 0.0548
vn 0.6502 -0.7231 -0.2329
vn 0.9077 -0.2677 -0.3230
vn 0.8544 0.2688 -0.4447
vn 0.6174 0.7180 -0.3213
vn 0.0284 -0.9981 0.0543
vn 0.6154 -0.7196 -0.3215
vn 0.8557 -0.2648 -0.4446
vn 0.7875 0.2673 -0.5553
vn 0.5704 0.7176 -0.3997
vn 0.0176 -0.9980 0.0606
vn 0.5704 -0.7176 -0.3997
vn 0.7875 -0.2673 -0.5553
vn 0.7084 0.2655 -0.6540
vn 0.5123 0.7151 -0.4756
vn 0.0128 -0.9976 0.0680
vn 0.5118 -0.7168 -0.4736
vn 0.7064 -0.2671 -0.6555
vn 0.6165 0.2638 -0.7419
vn 0.4494 0.7110 -0.5408
vn 0.0033 -0.9977 0.0677
vn 0.4473 -0.7143 -0.5382
vn 0.6183 -0.2615 -0.7411
vn 0.5162 0.2622 -0.8153
vn 0.3774 0.7086 -0.5961
vn -0.0012 -0.9981 0.0621
vn 0.3757 -0.7103 -0.5953
vn 0.5173 -0.2583 -0.8159
vn 0.4087 0.2607 -0.8746
vn 0.3006 0.7083 -0.6387
vn -0.0135 -0.9980 0.0619
vn 0.3006 -0.7083 -0.6388
vn 0.4087 -0.2607 -0.8746
vn 0.2968 0.2596 -0.9190
vn 0.2157 0.7065 -0.6740
vn -0.0212 -0.9976 0.0658
vn 0.2162 -0.7082 -0.6721
vn 0.2944 -0.2611 -0.9193
vn 0.1789 0.2588 -0.9492
vn 0.1316 0.7037 -0.6982
vn -0.0293 -0.9977 0.0605
vn 0.1310 -0.7070 -0.6949
vn 0.1808 -0.2565 -0.9495
vn 0.0599 0.2584 -0.9642
vn 0.0441 0.7030 -0.7098
vn -0.0305 -0.9981 0.0532
vn 0.0429 -0.7047 -0.7082
vn 0.0605 -0.2545 -0.9652
vn -0.0599 0.2584 -0.9642
vn -0.0421 0.7047 -0.7082
vn -0.0411 -0.9981 0.0465
vn -0.0421 -0.7047 -0.7082
vn -0.0599 -0.2584 -0.9642
vn -0.1778 0.2587 -0.9494
vn -0.1323 0.7053 -0.6964
vn -0.0496 -0.9977 0.0459
vn -0.1310 -0.7070 -0.6949
vn -0.1801 -0.2603 -0.9486
vn -0.2957 0.2596 -0.9193
vn -0.2172 0.7049 -0.6753
vn -0.0541 -0.9979 0.0370
vn -0.2162 -0.7082 -0.6721
vn -0.2942 -0.2573 -0.9205
vn -0.4087 0.2607 -0.8746
vn -0.2996 0.7065 -0.6411
vn -0.0517 -0.9982 0.0300
vn -0.2998 -0.7082 -0.6392
vn -0.4086 -0.2568 -0.8758
vn -0.5162 0.2622 -0.8153
vn -0.3749 0.7103 -0.5958
vn -0.0577 -0.9982 0.0187
vn -0.3749 -0.7103 -0.5958
vn -0.5162 -0.2622 -0.8153
vn -0.6156 0.2638 -0.7426
vn -0.4492 0.7127 -0.5388
vn -0.4473 -0.7143 -0.5382
vn -0.6172 -0.2654 -0.7407
vn -0.7076 0.2656 -0.6548
vn -0.5143 0.7135 -0.4759
vn -0.0647 -0.9978 0.0136
vn -0.5118 -0.7168 -0.4736
vn -0.7067 -0.2632 -0.6567
vn -0.7875 0.2673 -0.5553
vn -0.5706 0.7159 -0.4024
vn -0.0644 -0.9979 0.0035
vn -0.5699 -0.7175 -0.4005
vn -0.7881 -0.2633 -0.5565
vn -0.8544 0.2688 -0.4447
vn -0.6150 0.7197 -0.3223
vn -0.0590 -0.9983 -0.0012
vn -0.6156 -0.7193 -0.3221
vn -0.8542 -0.2672 -0.4461
vn -0.9060 0.2725 -0.3238
vn -0.6500 0.7231 -0.2338
vn -0.0588 -0.9982 -0.0143
vn -0.6508 -0.7228 -0.2326
vn -0.9077 -0.2677 -0.3231
vn -0.9407 0.2758 -0.1975
vn -0.6747 0.7244 -0.1416
vn -0.0625 -0.9978 -0.0224
vn -0.6747 -0.7244 -0.1416
vn -0.9433 -0.2663 -0.1980
vn -0.9588 0.2763 -0.0663
vn -0.6870 0.7251 -0.0475
vn -0.0574 -0.9979 -0.0309
vn -0.6889 -0.7234 -0.0465
vn -0.9612 -0.2675 -0.0671
vn -0.9596 0.2739 0.0644
vn -0.6870 0.7251 0.0475
vn -0.0505 -0.9982 -0.0322
vn -0.6893 -0.7230 0.0461
vn -0.9607 -0.2699 0.0651
vn -0.9412 0.2734 0.1983
vn -0.6749 0.7244 0.1408
vn -0.0441 -0.9981 -0.0434
vn -0.6750 -0.7240 0.1422
vn -0.9423 -0.2686 0.1998
vn -0.9052 0.2749 0.3243
vn -0.6503 0.7231 0.2329
vn -0.0434 -0.9977 -0.0523
vn -0.6503 -0.7231 0.2329
vn -0.9077 -0.2654 0.3252
vn -0.8532 0.2736 0.4440
vn -0.6144 0.7213 0.3197
vn -0.0350 -0.9978 -0.0570
vn -0.6154 -0.7196 0.3215
vn -0.8557 -0.2648 0.4446
vn -0.7881 0.2696 0.5534
vn -0.5678 0.7192 0.4004
vn -0.0284 -0.9981 -0.0545
vn -0.5704 -0.7172 0.4004
vn -0.7886 -0.2657 0.5545
vn -0.7066 0.2679 0.6549
vn -0.5123 0.7168 0.4730
vn -0.0176 -0.9980 -0.0607
vn -0.5117 -0.7164 0.4742
vn -0.7068 -0.2631 0.6567
vn -0.6157 0.2685 0.7409
vn -0.4473 0.7143 0.5382
vn -0.0128 -0.9976 -0.0681
vn -0.4473 -0.7143 0.5382
vn -0.6173 -0.2592 0.7428
vn -0.5155 0.2668 0.8143
vn -0.3756 0.7120 0.5933
vn -0.0033 -0.9977 -0.0677
vn -0.3757 -0.7103 0.5953
vn -0.5173 -0.2583 0.8159
vn -0.4101 0.2631 0.8733
vn -0.2982 0.7099 0.6381
vn 0.0012 -0.9981 -0.0621
vn -0.3004 -0.7079 0.6393
vn -0.4100 -0.2592 0.8745
vn -0.2949 0.2619 0.9189
vn -0.2170 0.7082 0.6718
vn 0.0135 -0.9980 -0.0618
vn -0.2159 -0.7078 0.6726
vn -0.2942 -0.2572 0.9205
vn -0.1787 0.2634 0.9480
vn -0.1310 0.7070 0.6949
vn 0.0211 -0.9976 -0.0656
vn -0.1310 -0.7070 0.6949
vn -0.1791 -0.2542 0.9504
vn -0.0598 0.2629 0.9630
vn -0.0439 0.7064 0.7064
vn 0.0292 -0.9978 -0.0603
vn -0.0429 -0.7047 0.7082
vn -0.0605 -0.2545 0.9652
vn 0.0580 0.2606 0.9637
vn 0.0439 0.7064 0.7064
vn 0.0304 -0.9981 -0.0530
vn 0.0426 -0.7043 0.7086
vn 0.0587 -0.2568 0.9647
vn 0.1794 0.2611 0.9485
vn 0.1302 0.7070 0.6951
vn 0.0409 -0.9981 -0.0463
vn 0.1315 -0.7067 0.6952
vn 0.1808 -0.2564 0.9495
vn 0.2953 0.2642 0.9181
vn 0.2162 0.7082 0.6721
vn 0.0493 -0.9977 -0.0456
vn 0.2162 -0.7082 0.6721
vn 0.2961 -0.2550 0.9205
vn 0.4082 0.2654 0.8735
vn 0.2982 0.7099 0.6381
vn 0.0538 -0.9979 -0.0368
vn 0.2998 -0.7082 0.6392
vn 0.4086 -0.2568 0.8758
vn 0.5143 0.2645 0.8158
vn 0.3756 0.7120 0.5933
vn 0.0514 -0.9982 -0.0299
vn 0.3757 -0.7103 0.5953
vn 0.5154 -0.2606 0.8164
vn 0.6166 0.2661 0.7409
vn 0.4467 0.7146 0.5383
vn 0.0573 -0.9982 -0.0185
vn 0.4473 -0.7143 0.5382
vn 0.6190 -0.2631 0.7400
vn 0.7058 0.2679 0.6558
vn 0.5144 0.7169 0.4706
vn 0.0643 -0.9978 -0.0135
vn 0.5118 -0.7168 0.4736
vn 0.7067 -0.2632 0.6567
vn 0.7875 0.2673 0.5553
vn 0.5678 0.7192 0.4004
vn 0.0598 -0.9982 -0.0060
vn 0.5699 -0.7175 0.4005
vn 0.7881 -0.2633 0.5565
vn 0.8544 0.2688 0.4447
vn 0.6125 0.7213 0.3234
vn 0.0542 -0.9985 0.0038
vn 0.6150 -0.7196 0.3223
vn 0.8544 -0.2688 0.4447
vn 0.9060 0.2701 0.3259
vn 0.6513 0.7231 0.2300
vn 0.0584 -0.9982 0.0142
vn 0.6503 -0.7231 0.2329
vn 0.9065 -0.2717 0.3233
vn 0.9420 0.2718 0.1971
vn 0.6741 0.7243 0.1448
vn 0.0621 -0.9978 0.0222
vn 0.6747 -0.7244 0.1416
vn 0.9423 -0.2686 0.1999
vn 0.9601 0.2715 0.0664
vn 0.6889 0.7234 0.0456
vn 0.0571 -0.9979 0.0308
vn 0.6889 -0.7234 0.0465
vn 0.9604 -0.2698 0.0691
vn -0.2536 -0.9632 0.0886
vn -0.2653 -0.9626 0.0557
vn -0.2700 -0.9627 0.0187
vn -0.2672 -0.9635 -0.0166
vn -0.2618 -0.9634 -0.0571
vn -0.2560 -0.9623 -0.0917
vn -0.2423 -0.9620 -0.1261
vn -0.2230 -0.9624 -0.1550
vn -0.1990 -0.9620 -0.1870
vn -0.1775 -0.9606 -0.2137
vn -0.1494 -0.9602 -0.2360
vn -0.1192 -0.9607 -0.2507
vn -0.0833 -0.9605 -0.2656
vn -0.0523 -0.9593 -0.2774
vn -0.0175 -0.9593 -0.2819
vn 0.0155 -0.9602 -0.2788
vn 0.0535 -0.9605 -0.2729
vn 0.0859 -0.9599 -0.2669
vn 0.1181 -0.9603 -0.2527
vn 0.1452 -0.9616 -0.2327
vn 0.1754 -0.9623 -0.2078
vn 0.2006 -0.9619 -0.1856
vn 0.2218 -0.9625 -0.1564
vn 0.2359 -0.9637 -0.1249
vn 0.2503 -0.9642 -0.0874
vn 0.2617 -0.9636 -0.0549
vn 0.2632 -0.9645 -0.0201
vn 0.2601 -0.9654 0.0182
vn 0.2582 -0.9645 0.0564
vn 0.2526 -0.9633 0.0905
vn 0.2393 -0.9629 0.1245
vn 0.2205 -0.9633 0.1531
vn 0.1969 -0.9628 0.1850
vn 0.1754 -0.9623 0.2078
vn 0.1452 -0.9616 0.2327
vn 0.1184 -0.9612 0.2491
vn 0.0830 -0.9608 0.2644
vn 0.0521 -0.9596 0.2766
vn 0.0175 -0.9594 0.2816
vn -0.0155 -0.9602 0.2790
vn -0.0536 -0.9603 0.2737
vn -0.0862 -0.9595 0.2681
vn -0.1188 -0.9598 0.2542
vn -0.1463 -0.9610 0.2345
vn -0.1770 -0.9616 0.2098
vn -0.2027 -0.9611 0.1876
vn -0.2244 -0.9616 0.1582
vn -0.2389 -0.9628 0.1264
vn 0.0502 -0.9982 0.0320
vn 0.6391 0.0004 -0.7691
vn -0.9414 -0.0009 0.3372
vn 0.9077 -0.2677 -0.3231
vn 0.7387 0.0005 -0.6740
vn -0.8871 -0.0008 0.4617
vn 0.5704 -0.7176 -0.3998
vn 0.8832 0.0012 0.4691
vn 0.8173 0.0012 0.5763
vn -0.1800 -0.2603 -0.9486
vn 0.8137 0.0007 -0.5812
vn -0.9802 -0.0010 0.1981
vn 0.7395 0.0012 0.6732
vn 0.6391 0.0011 0.7691
vn -0.9972 -0.0011 0.0753
vn 0.8871 0.0008 -0.4616
vn -0.6502 -0.7231 0.2329
vn 0.9414 0.0009 -0.3372
vn -0.7881 0.2696 0.5533
vn 0.5399 0.0010 0.8418
vn -0.9976 -0.0012 -0.0690
vn -0.9787 -0.0012 -0.2054
vn 0.4234 0.0009 0.9060
vn 0.3062 0.0008 0.9520
vn 0.9802 0.0010 -0.1982
vn -0.9389 -0.0013 -0.3442
vn 0.9977 0.0011 -0.0677
vn 0.1786 0.0007 0.9839
vn 0.0010 1.0000 -0.0022
vn -0.0010 1.0000 0.0010
vn 0.0012 1.0000 0.0001
vn 0.0005 1.0000 -0.0013
vn 0.0010 1.0000 -0.0036
vn 0.0041 1.0000 -0.0002
vn 0.0041 1.0000 -0.0021
vn 0.0030 1.0000 0.0004
vn -0.0008 1.0000 -0.0037
vn 0.0035 1.0000 -0.0023
vn 0.0025 1.0000 -0.0040
vn 0.0028 1.0000 -0.0012
vn -0.0025 1.0000 -0.0027
vn 0.0019 1.0000 -0.0038
vn 0.0003 1.0000 -0.0048
vn 0.0018 1.0000 -0.0025
vn -0.0034 1.0000 -0.0011
vn -0.0001 1.0000 -0.0043
vn -0.0020 1.0000 -0.0043
vn 0.0004 1.0000 -0.0031
vn -0.0035 1.0000 0.0009
vn -0.0022 1.0000 -0.0036
vn -0.0038 1.0000 -0.0027
vn -0.0011 1.0000 -0.0029
vn -0.0026 1.0000 0.0026
vn -0.0036 1.0000 -0.0020
vn -0.0045 1.0000 -0.0003
vn -0.0024 1.0000 -0.0019
vn -0.0010 1.0000 0.0036
vn -0.0041 1.0000 0.0002
vn -0.0041 1.0000 0.0021
vn -0.0030 1.0000 -0.0004
vn 0.0008 1.0000 0.0037
vn -0.0035 1.0000 0.0023
vn -0.0025 1.0000 0.0040
vn -0.0028 1.0000 0.0012
vn 0.0025 1.0000 0.0027
vn -0.0019 1.0000 0.0038
vn -0.0003 1.0000 0.0048
vn -0.0018 1.0000 0.0025
vn 0.0034 1.0000 0.0011
vn 0.0001 1.0000 0.0043
vn 0.0020 1.0000 0.0043
vn -0.0004 1.0000 0.0031
vn -0.0015 1.0000 0.0018
vn 0.5349 0.0002 -0.8449
vn -0.8137 -0.0007 0.5812
vn 0.4181 0.0001 -0.9084
vn -0.7387 -0.0005 0.6740
vn 0.3127 -0.0001 -0.9499
vn 0.9976 0.0012 0.0690
vn 0.1852 -0.0003 -0.9827
vn 0.0620 -0.0004 -0.9981
vn 0.9438 0.0013 0.3306
vn 0.9772 0.0012 0.2124
vn -0.0676 -0.0006 -0.9977
vn -0.6391 -0.0004 0.7691
vn -0.5349 -0.0002 0.8449
vn -0.4181 -0.0001 0.9084
vn -0.1786 -0.0007 -0.9839
vn -0.3062 -0.0008 -0.9520
vn -0.4234 -0.0009 -0.9060
vn -0.3127 0.0001 0.9499
vn -0.5399 -0.0010 -0.8417
vn -0.6337 -0.0011 -0.7736
vn -0.1852 0.0003 0.9827
vn -0.0620 0.0004 0.9981
vn -0.7339 -0.0012 -0.6792
vn -0.8173 -0.0012 -0.5763
vn 0.0676 0.0006 0.9977
vn -0.8899 -0.0013 -0.4562
vn 0.4590 0.8879 -0.0314
vn 0.1373 0.9905 -0.0090
vn 0.4556 -0.8896 -0.0322
vn 0.4500 0.8881 -0.0939
vn 0.1351 0.9904 -0.0286
vn 0.4475 -0.8893 -0.0946
vn 0.4340 0.8874 -0.1555
vn 0.1310 0.9903 -0.0469
vn 0.4376 -0.8856 -0.1557
vn 0.4106 0.8864 -0.2137
vn 0.1241 0.9902 -0.0646
vn 0.4160 -0.8833 -0.2162
vn 0.3802 0.8852 -0.2681
vn 0.1147 0.9901 -0.0804
vn 0.3802 -0.8852 -0.2681
vn 0.3437 0.8839 -0.3173
vn 0.1034 0.9900 -0.0960
vn 0.3411 -0.8851 -0.3166
vn 0.3006 0.8825 -0.3617
vn 0.0912 0.9898 -0.1097
vn 0.3035 -0.8807 -0.3637
vn 0.2529 0.8812 -0.3994
vn 0.0768 0.9896 -0.1213
vn 0.2563 -0.8780 -0.4043
vn 0.2011 0.8800 -0.4302
vn 0.0612 0.9896 -0.1301
vn 0.2011 -0.8800 -0.4302
vn 0.1465 0.8791 -0.4536
vn 0.0440 0.9895 -0.1376
vn 0.1447 -0.8803 -0.4517
vn 0.0885 0.8784 -0.4696
vn 0.0270 0.9893 -0.1431
vn 0.0901 -0.8765 -0.4729
vn 0.0297 0.8781 -0.4776
vn 0.0090 0.9893 -0.1456
vn 0.0303 -0.8748 -0.4836
vn -0.0297 0.8781 -0.4776
vn -0.0086 0.9894 -0.1449
vn -0.0297 -0.8781 -0.4776
vn -0.0880 0.8784 -0.4698
vn -0.0271 0.9894 -0.1424
vn -0.0887 -0.8797 -0.4672
vn -0.1460 0.8791 -0.4538
vn -0.0444 0.9894 -0.1382
vn -0.1462 -0.8772 -0.4574
vn -0.2011 0.8800 -0.4302
vn -0.0612 0.9895 -0.1309
vn -0.2033 -0.8768 -0.4358
vn -0.2529 0.8812 -0.3994
vn -0.0761 0.9897 -0.1210
vn -0.2529 -0.8812 -0.3994
vn -0.3002 0.8825 -0.3621
vn -0.0909 0.9899 -0.1091
vn -0.2995 -0.8838 -0.3595
vn -0.3433 0.8839 -0.3177
vn -0.1040 0.9899 -0.0962
vn -0.3452 -0.8820 -0.3208
vn -0.3802 0.8852 -0.2681
vn -0.1150 0.9900 -0.0811
vn -0.3848 -0.8821 -0.2717
vn -0.4106 0.8864 -0.2137
vn -0.1233 0.9903 -0.0646
vn -0.4125 -0.8851 -0.2154
vn -0.4309 0.8891 -0.1540
vn -0.1298 0.9904 -0.0467
vn -0.4377 -0.8855 -0.1558
vn -0.4432 0.8916 -0.0930
vn -0.1345 0.9905 -0.0282
vn -0.4567 -0.8845 -0.0959
vn -0.4511 0.8919 -0.0312
vn -0.1368 0.9906 -0.0095
vn -0.4638 -0.8854 -0.0324
vn -0.4546 0.8902 0.0305
vn -0.1368 0.9906 0.0095
vn -0.4603 -0.8872 0.0312
vn -0.4465 0.8898 0.0941
vn -0.1345 0.9905 0.0281
vn -0.4532 -0.8862 0.0961
vn -0.4276 0.8909 0.1532
vn -0.1298 0.9904 0.0465
vn -0.4406 -0.8837 0.1578
vn -0.4046 0.8899 0.2105
vn -0.1229 0.9904 0.0640
vn -0.4160 -0.8833 0.2161
vn -0.3779 0.8870 0.2653
vn -0.1140 0.9902 0.0804
vn -0.3825 -0.8840 0.2689
vn -0.3405 0.8857 0.3156
vn -0.1031 0.9901 0.0952
vn -0.3453 -0.8820 0.3208
vn -0.2962 0.8862 0.3564
vn -0.0903 0.9900 0.1087
vn -0.3050 -0.8788 0.3671
vn -0.2492 0.8849 0.3936
vn -0.0761 0.9898 0.1202
vn -0.2563 -0.8780 0.4043
vn -0.2004 0.8819 0.4267
vn -0.0606 0.9897 0.1297
vn -0.2026 -0.8787 0.4321
vn -0.1446 0.8809 0.4506
vn -0.0442 0.9896 0.1368
vn -0.1462 -0.8771 0.4575
vn -0.0872 0.8822 0.4628
vn -0.0267 0.9895 0.1418
vn -0.0898 -0.8745 0.4765
vn -0.0292 0.8818 0.4707
vn -0.0090 0.9895 0.1442
vn -0.0303 -0.8748 0.4836
vn 0.0286 0.8800 0.4742
vn 0.0090 0.9895 0.1442
vn 0.0292 -0.8767 0.4801
vn 0.0882 0.8803 0.4662
vn 0.0266 0.9895 0.1418
vn 0.0901 -0.8765 0.4730
vn 0.1438 0.8828 0.4472
vn 0.0440 0.9896 0.1369
vn 0.1481 -0.8752 0.4605
vn 0.1981 0.8837 0.4240
vn 0.0606 0.9897 0.1297
vn 0.2033 -0.8768 0.4358
vn 0.2503 0.8830 0.3970
vn 0.0761 0.9898 0.1202
vn 0.2536 -0.8799 0.4018
vn 0.2986 0.8844 0.3588
vn 0.0902 0.9900 0.1087
vn 0.3025 -0.8819 0.3615
vn 0.3401 0.8857 0.3160
vn 0.1035 0.9901 0.0947
vn 0.3452 -0.8820 0.3208
vn 0.3802 0.8852 0.2681
vn 0.1140 0.9902 0.0804
vn 0.3848 -0.8821 0.2717
vn 0.4106 0.8864 0.2137
vn 0.1226 0.9903 0.0647
vn 0.4106 -0.8864 0.2137
vn 0.4339 0.8874 0.1561
vn 0.1300 0.9904 0.0459
vn 0.4321 -0.8886 0.1541
vn 0.4489 0.8886 0.0939
vn 0.1344 0.9905 0.0289
vn 0.4531 -0.8863 0.0961
vn 0.4579 0.8884 0.0317
vn 0.1375 0.9905 0.0091
vn 0.4602 -0.8872 0.0331
vn 0.5720 -0.7137 0.4043
vn 0.5378 -0.6824 0.4951
vn 0.4814 -0.6603 0.5765
vn 0.4176 -0.6345 0.6504
vn 0.3373 -0.6017 0.7240
vn 0.2471 -0.5907 0.7682
vn 0.1442 -0.6008 0.7863
vn 0.0548 -0.5913 0.8046
vn -0.0525 -0.5567 0.8291
vn -0.1552 -0.5459 0.8233
vn -0.2576 -0.5589 0.7882
vn -0.3487 -0.5513 0.7579
vn -0.4585 -0.5179 0.7222
vn -0.5498 -0.5099 0.6616
vn -0.6261 -0.5277 0.5740
vn -0.6932 -0.5237 0.4952
vn -0.7722 -0.4932 0.4005
vn -0.8211 -0.4891 0.2941
vn -0.8414 -0.5121 0.1724
vn -0.8565 -0.5120 0.0646
vn -0.8721 -0.4854 -0.0616
vn -0.8555 -0.4856 -0.1796
vn -0.8066 -0.5131 -0.2933
vn -0.7618 -0.5168 -0.3905
vn -0.7093 -0.4952 -0.5016
vn -0.6399 -0.4860 -0.5953
vn -0.5472 -0.5077 -0.6655
vn -0.4596 -0.5287 -0.7136
vn -0.3600 -0.5226 -0.7729
vn -0.2598 -0.5190 -0.8143
vn -0.1511 -0.5444 -0.8251
vn -0.0574 -0.5667 -0.8220
vn 0.0522 -0.5640 -0.8242
vn 0.1548 -0.5643 -0.8109
vn 0.2512 -0.5909 -0.7667
vn 0.3291 -0.6120 -0.7191
vn 0.4248 -0.6097 -0.6692
vn 0.5077 -0.6104 -0.6080
vn 0.5705 -0.6343 -0.5217
vn 0.6163 -0.6515 -0.4425
vn 0.6780 -0.6454 -0.3518
vn 0.7224 -0.6420 -0.2567
vn 0.7366 -0.6596 -0.1498
vn 0.7199 -0.6921 -0.0515
vn 0.7161 -0.6962 0.0504
vn 0.6920 -0.7060 0.1504
vn 0.6781 -0.6949 0.2394
vn 0.6349 -0.6975 0.3322
vn 0.3611 0.8971 0.2546
vn 0.3116 0.9068 0.2840
vn 0.2737 0.9037 0.3294
vn 0.2407 0.8945 0.3767
vn 0.1834 0.9013 0.3924
vn 0.1341 0.8989 0.4170
vn 0.0835 0.8859 0.4562
vn 0.0295 0.8947 0.4457
vn -0.0279 0.8929 0.4493
vn -0.0873 0.8819 0.4632
vn -0.1435 0.8873 0.4383
vn -0.1935 0.8873 0.4186
vn -0.2546 0.8795 0.4020
vn -0.2920 0.8895 0.3514
vn -0.3367 0.8897 0.3082
vn -0.3892 0.8785 0.2771
vn -0.4032 0.8907 0.2098
vn -0.4268 0.8913 0.1529
vn -0.4657 0.8798 0.0949
vn -0.4503 0.8922 0.0332
vn -0.4496 0.8927 -0.0311
vn -0.4594 0.8830 -0.0964
vn -0.4286 0.8898 -0.1563
vn -0.4043 0.8907 -0.2081
vn -0.3828 0.8835 -0.2699
vn -0.3297 0.8934 -0.3051
vn -0.2850 0.8936 -0.3468
vn -0.2526 0.8832 -0.3952
vn -0.1891 0.8947 -0.4047
vn -0.1363 0.8955 -0.4236
vn -0.0835 0.8860 -0.4560
vn -0.0290 0.8979 -0.4392
vn 0.0271 0.8996 -0.4358
vn 0.0833 0.8930 -0.4422
vn 0.1350 0.9009 -0.4126
vn 0.1800 0.9034 -0.3892
vn 0.2334 0.8998 -0.3687
vn 0.2656 0.9095 -0.3196
vn 0.3034 0.9114 -0.2779
vn 0.3470 0.9048 -0.2469
vn 0.3589 0.9145 -0.1868
vn 0.3787 0.9155 -0.1357
vn 0.4107 0.9079 -0.0838
vn 0.4046 0.9141 -0.0275
vn 0.4040 0.9143 0.0279
vn 0.4178 0.9040 0.0905
vn 0.3873 0.9119 0.1360
vn 0.3649 0.9107 0.1935
vn 0.2997 0.9180 0.2596
vn 0.2441 0.9175 0.3139
vn 0.1809 0.9164 0.3572
vn 0.1125 0.9134 0.3913
vn 0.0388 0.9089 0.4153
vn -0.0388 0.9087 0.4156
vn -0.1161 0.9074 0.4040
vn -0.1906 0.9067 0.3763
vn -0.2590 0.9066 0.3331
vn -0.3222 0.9046 0.2791
vn -0.3653 0.9078 0.2061
vn -0.3978 0.9086 0.1274
vn -0.4187 0.9071 0.0435
vn -0.4131 0.9097 -0.0429
vn -0.3952 0.9098 -0.1265
vn -0.3614 0.9098 -0.2039
vn -0.3137 0.9098 -0.2717
vn -0.2577 0.9076 -0.3314
vn -0.1869 0.9104 -0.3691
vn -0.1137 0.9113 -0.3957
vn -0.0383 0.9109 -0.4108
vn 0.0376 0.9147 -0.4024
vn 0.1102 0.9170 -0.3834
vn 0.1776 0.9196 -0.3506
vn 0.2375 0.9221 -0.3054
vn 0.2913 0.9228 -0.2523
vn 0.3278 0.9265 -0.1849
vn 0.3554 0.9278 -0.1138
vn 0.3733 0.9269 -0.0388
vn 0.3741 0.9266 0.0389
vn 0.3669 0.9228 0.1175
vn 0.3398 0.9207 0.1917
vn -0.9524 -0.0000 -0.3049
vn 0.6139 -0.0000 0.7894
vn -0.8710 -0.0000 -0.4913
vn 0.4518 -0.0000 0.8921
vn -0.7559 -0.0000 -0.6547
vn 0.2763 -0.0000 0.9611
vn 0.2763 -0.0000 -0.9611
vn -0.6139 -0.0000 -0.7894
vn 0.0929 -0.0000 0.9957
vn 0.4518 -0.0000 -0.8921
vn -0.4518 -0.0000 -0.8921
vn -0.0929 -0.0000 0.9957
vn 0.6139 -0.0000 -0.7894
vn -0.2763 -0.0000 -0.9611
vn -0.2763 -0.0000 0.9611
vn 0.7559 -0.0000 -0.6547
vn -0.0929 -0.0000 -0.9957
vn -0.4518 -0.0000 0.8921
vn 0.8710 -0.0000 -0.4913
vn 0.0929 -0.0000 -0.9957
vn -0.6139 -0.0000 0.7894
vn 0.9524 -0.0000 -0.3049
vn -0.7559 -0.0000 0.6547
vn 0.9946 -0.0000 -0.1034
vn -0.8710 -0.0000 0.4913
vn 0.9946 -0.0000 0.1034
vn -0.9524 -0.0000 0.3049
vn 0.9524 -0.0000 0.3049
vn -0.9946 -0.0000 0.1034
vn 0.8710 -0.0000 0.4913
vn -0.9946 -0.0000 -0.1034
vn 0.7559 -0.0000 0.6547
vn 0.7002 0.7123 -0.0480
vn 0.2549 0.9668 -0.0167
vn 0.2549 -0.9668 -0.0167
vn 0.6968 -0.7156 -0.0492
vn 0.6867 0.7127 -0.1432
vn 0.2506 0.9666 -0.0530
vn 0.2496 -0.9669 -0.0524
vn 0.6841 -0.7149 -0.1446
vn 0.6616 0.7114 -0.2370
vn 0.2431 0.9661 -0.0871
vn 0.2409 -0.9667 -0.0863
vn 0.6653 -0.7081 -0.2368
vn 0.6250 0.7096 -0.3253
vn 0.2301 0.9658 -0.1198
vn 0.2289 -0.9661 -0.1196
vn 0.6303 -0.7039 -0.3275
vn 0.5776 0.7074 -0.4073
vn 0.2127 0.9657 -0.1491
vn 0.2127 -0.9657 -0.1491
vn 0.5777 -0.7074 -0.4073
vn 0.5211 0.7050 -0.4811
vn 0.1916 0.9652 -0.1779
vn 0.1910 -0.9655 -0.1768
vn 0.5183 -0.7072 -0.4809
vn 0.4549 0.7025 -0.5474
vn 0.1689 0.9644 -0.2033
vn 0.1675 -0.9651 -0.2015
vn 0.4581 -0.6991 -0.5490
vn 0.3820 0.7001 -0.6033
vn 0.1423 0.9640 -0.2247
vn 0.1413 -0.9643 -0.2240
vn 0.3854 -0.6943 -0.6078
vn 0.3032 0.6979 -0.6488
vn 0.1134 0.9639 -0.2409
vn 0.1134 -0.9639 -0.2409
vn 0.3032 -0.6979 -0.6488
vn 0.2206 0.6962 -0.6831
vn 0.0815 0.9636 -0.2548
vn 0.0815 -0.9639 -0.2535
vn 0.2183 -0.6985 -0.6815
vn 0.1332 0.6950 -0.7065
vn 0.0499 0.9630 -0.2648
vn 0.0495 -0.9637 -0.2625
vn 0.1351 -0.6916 -0.7095
vn 0.0446 0.6944 -0.7182
vn 0.0167 0.9629 -0.2694
vn 0.0163 -0.9632 -0.2683
vn 0.0454 -0.6886 -0.7237
vn -0.0446 0.6944 -0.7182
vn -0.0159 0.9632 -0.2683
vn -0.0159 -0.9632 -0.2683
vn -0.0446 -0.6944 -0.7182
vn -0.1324 0.6950 -0.7067
vn -0.0501 0.9633 -0.2636
vn -0.0495 -0.9637 -0.2625
vn -0.1337 -0.6973 -0.7042
vn -0.2198 0.6962 -0.6833
vn -0.0823 0.9632 -0.2557
vn -0.0815 -0.9639 -0.2535
vn -0.2195 -0.6928 -0.6869
vn -0.3032 0.6979 -0.6488
vn -0.1132 0.9636 -0.2423
vn -0.1131 -0.9639 -0.2411
vn -0.3052 -0.6921 -0.6541
vn -0.3820 0.7001 -0.6033
vn -0.1411 0.9643 -0.2242
vn -0.1411 -0.9643 -0.2242
vn -0.3820 -0.7001 -0.6033
vn -0.4543 0.7024 -0.5480
vn -0.1685 0.9648 -0.2021
vn -0.1675 -0.9651 -0.2015
vn -0.4542 -0.7047 -0.5451
vn -0.5205 0.7049 -0.4818
vn -0.1927 0.9649 -0.1784
vn -0.1910 -0.9655 -0.1768
vn -0.5220 -0.7015 -0.4851
vn -0.5777 0.7074 -0.4073
vn -0.2133 0.9654 -0.1504
vn -0.2125 -0.9657 -0.1494
vn -0.5821 -0.7016 -0.4110
vn -0.6250 0.7096 -0.3253
vn -0.2288 0.9661 -0.1199
vn -0.2291 -0.9660 -0.1199
vn -0.6267 -0.7073 -0.3272
vn -0.6586 0.7147 -0.2354
vn -0.2408 0.9667 -0.0866
vn -0.2412 -0.9666 -0.0862
vn -0.6653 -0.7080 -0.2368
vn -0.6799 0.7193 -0.1427
vn -0.2496 0.9669 -0.0524
vn -0.2496 -0.9669 -0.0524
vn -0.6931 -0.7060 -0.1455
vn -0.6924 0.7199 -0.0479
vn -0.2539 0.9671 -0.0176
vn -0.2551 -0.9668 -0.0172
vn -0.7048 -0.7077 -0.0492
vn -0.6958 0.7167 0.0467
vn -0.2539 0.9671 0.0176
vn -0.2554 -0.9667 0.0171
vn -0.7015 -0.7111 0.0475
vn -0.6831 0.7160 0.1439
vn -0.2497 0.9669 0.0521
vn -0.2498 -0.9669 0.0526
vn -0.6896 -0.7093 0.1462
vn -0.6552 0.7180 0.2347
vn -0.2409 0.9667 0.0863
vn -0.2409 -0.9667 0.0863
vn -0.6680 -0.7047 0.2393
vn -0.6191 0.7162 0.3222
vn -0.2281 0.9664 0.1187
vn -0.2289 -0.9661 0.1196
vn -0.6303 -0.7039 0.3275
vn -0.5757 0.7108 0.4042
vn -0.2114 0.9660 0.1490
vn -0.2128 -0.9656 0.1494
vn -0.5801 -0.7051 0.4079
vn -0.5178 0.7083 0.4799
vn -0.1913 0.9655 0.1766
vn -0.1911 -0.9655 0.1771
vn -0.5221 -0.7014 0.4851
vn -0.4506 0.7091 0.5423
vn -0.1675 0.9651 0.2015
vn -0.1675 -0.9651 0.2015
vn -0.4591 -0.6956 0.5525
vn -0.3784 0.7068 0.5977
vn -0.1410 0.9646 0.2227
vn -0.1413 -0.9643 0.2240
vn -0.3854 -0.6943 0.6078
vn -0.3030 0.7014 0.6452
vn -0.1122 0.9642 0.2402
vn -0.1133 -0.9638 0.2412
vn -0.3050 -0.6956 0.6504
vn -0.2183 0.6996 0.6804
vn -0.0818 0.9639 0.2534
vn -0.0815 -0.9638 0.2538
vn -0.2196 -0.6927 0.6870
vn -0.1319 0.7018 0.7001
vn -0.0495 0.9637 0.2625
vn -0.0495 -0.9637 0.2625
vn -0.1344 -0.6882 0.7130
vn -0.0442 0.7012 0.7116
vn -0.0166 0.9635 0.2670
vn -0.0163 -0.9632 0.2683
vn -0.0454 -0.6886 0.7237
vn 0.0431 0.6978 0.7150
vn 0.0166 0.9635 0.2670
vn 0.0161 -0.9631 0.2685
vn 0.0438 -0.6921 0.7205
vn 0.1330 0.6984 0.7032
vn 0.0492 0.9637 0.2626
vn 0.0497 -0.9636 0.2627
vn 0.1351 -0.6915 0.7096
vn 0.2178 0.7030 0.6770
vn 0.0815 0.9639 0.2535
vn 0.0815 -0.9639 0.2535
vn 0.2218 -0.6894 0.6896
vn 0.3004 0.7047 0.6428
vn 0.1122 0.9642 0.2402
vn 0.1131 -0.9639 0.2411
vn 0.3052 -0.6921 0.6541
vn 0.3791 0.7034 0.6013
vn 0.1410 0.9646 0.2227
vn 0.1413 -0.9643 0.2240
vn 0.3824 -0.6977 0.6058
vn 0.4531 0.7058 0.5445
vn 0.1672 0.9651 0.2014
vn 0.1675 -0.9651 0.2015
vn 0.4574 -0.7014 0.5467
vn 0.5171 0.7083 0.4805
vn 0.1920 0.9655 0.1757
vn 0.1910 -0.9655 0.1768
vn 0.5221 -0.7015 0.4851
vn 0.5777 0.7074 0.4073
vn 0.2114 0.9660 0.1490
vn 0.2125 -0.9657 0.1494
vn 0.5821 -0.7016 0.4110
vn 0.6250 0.7096 0.3253
vn 0.2274 0.9664 0.1201
vn 0.2288 -0.9661 0.1199
vn 0.6250 -0.7096 0.3253
vn 0.6614 0.7114 0.2379
vn 0.2413 0.9667 0.0852
vn 0.2409 -0.9667 0.0863
vn 0.6598 -0.7136 0.2353
vn 0.6856 0.7137 0.1435
vn 0.2494 0.9669 0.0536
vn 0.2496 -0.9669 0.0524
vn 0.6895 -0.7093 0.1463
vn 0.6991 0.7134 0.0484
vn 0.2551 0.9668 0.0169
vn 0.2551 -0.9668 0.0172
vn 0.7013 -0.7110 0.0504
vn 0.3282 -0.9263 0.1851
vn 0.3416 -0.9079 0.2428
vn 0.3777 -0.9160 0.1353
vn 0.4065 -0.9097 0.0842
vn 0.3741 -0.9266 0.0389
vn 0.4010 -0.9157 -0.0262
vn 0.4036 -0.9110 -0.0847
vn 0.3553 -0.9278 -0.1137
vn 0.3571 -0.9157 -0.1842
vn 0.3373 -0.9109 -0.2378
vn 0.2828 -0.9274 -0.2449
vn 0.2547 -0.9167 -0.3078
vn 0.2228 -0.9102 -0.3491
vn 0.1691 -0.9274 -0.3338
vn 0.1218 -0.9175 -0.3786
vn 0.0751 -0.9121 -0.4031
vn 0.0346 -0.9280 -0.3710
vn -0.0243 -0.9202 -0.3908
vn -0.0743 -0.9161 -0.3940
vn -0.1002 -0.9319 -0.3487
vn -0.1615 -0.9234 -0.3483
vn -0.2084 -0.9210 -0.3292
vn -0.2164 -0.9358 -0.2782
vn -0.2722 -0.9290 -0.2509
vn -0.3097 -0.9250 -0.2200
vn -0.2989 -0.9393 -0.1686
vn -0.3408 -0.9322 -0.1221
vn -0.3651 -0.9279 -0.0758
vn -0.3387 -0.9403 -0.0352
vn -0.3598 -0.9327 0.0249
vn -0.3655 -0.9276 0.0767
vn -0.3256 -0.9397 0.1042
vn -0.3281 -0.9293 0.1694
vn -0.3126 -0.9240 0.2204
vn -0.2655 -0.9363 0.2300
vn -0.2417 -0.9253 0.2921
vn -0.2135 -0.9178 0.3348
vn -0.1642 -0.9317 0.3241
vn -0.1200 -0.9200 0.3731
vn -0.0750 -0.9123 0.4026
vn -0.0349 -0.9267 0.3742
vn 0.0249 -0.9158 0.4008
vn 0.0772 -0.9090 0.4097
vn 0.1048 -0.9252 0.3647
vn 0.1717 -0.9128 0.3707
vn 0.2265 -0.9070 0.3549
vn 0.2343 -0.9243 0.3012
vn 0.2976 -0.9145 0.2741
vn 0.3569 -0.9155 0.1857
vn 0.3572 -0.9270 0.1144
vn 0.4005 -0.9159 0.0282
vn 0.3711 -0.9278 -0.0386
vn 0.3768 -0.9162 -0.1360
vn 0.3253 -0.9276 -0.1835
vn 0.2931 -0.9168 -0.2713
vn 0.2309 -0.9266 -0.2969
vn 0.1688 -0.9171 -0.3612
vn 0.1030 -0.9278 -0.3584
vn 0.0257 -0.9190 -0.3934
vn -0.0341 -0.9301 -0.3656
vn -0.1191 -0.9223 -0.3678
vn -0.1617 -0.9338 -0.3192
vn -0.2389 -0.9275 -0.2875
vn -0.2636 -0.9372 -0.2283
vn -0.3230 -0.9313 -0.1681
vn -0.3240 -0.9404 -0.1037
vn -0.3593 -0.9328 -0.0260
vn -0.3376 -0.9406 0.0351
vn -0.3439 -0.9308 0.1240
vn -0.3013 -0.9383 0.1700
vn -0.2750 -0.9271 0.2545
vn -0.2202 -0.9335 0.2831
vn -0.1642 -0.9218 0.3513
vn -0.1019 -0.9294 0.3546
vn -0.0260 -0.9170 0.3980
vn 0.0351 -0.9261 0.3756
vn 0.1254 -0.9135 0.3870
vn 0.1718 -0.9249 0.3392
vn 0.2584 -0.9141 0.3124
vn 0.2875 -0.9248 0.2490
vn -0.0537 0.8352 0.5474
vn -0.2804 -0.2631 0.9231
vn -0.4553 -0.2629 0.8506
vn -0.6127 -0.2627 0.7454
vn -0.7465 -0.2623 0.6115
vn -0.8516 -0.2619 0.4541
vn -0.9240 -0.2614 0.2792
vn -0.9608 -0.2609 0.0935
vn -0.9607 -0.2604 -0.0957
vn -0.9237 -0.2599 -0.2813
vn -0.8513 -0.2594 -0.4561
vn -0.7461 -0.2590 -0.6134
vn -0.6123 -0.2586 -0.7472
vn -0.4549 -0.2583 -0.8522
vn -0.2801 -0.2581 -0.9246
vn -0.0946 -0.2580 -0.9615
vn 0.0946 -0.2580 -0.9615
vn 0.2801 -0.2581 -0.9246
vn 0.4549 -0.2583 -0.8522
vn 0.6123 -0.2586 -0.7472
vn 0.7461 -0.2590 -0.6134
vn 0.8513 -0.2594 -0.4561
vn 0.9237 -0.2599 -0.2813
vn 0.9607 -0.2604 -0.0957
vn 0.9608 -0.2609 0.0935
vn 0.9240 -0.2614 0.2792
vn 0.8516 -0.2619 0.4541
vn 0.7465 -0.2623 0.6115
vn 0.6127 -0.2627 0.7454
vn 0.4553 -0.2629 0.8506
vn 0.2804 -0.2631 0.9231
vn 0.0947 -0.2632 0.9601
vn -0.0947 -0.2632 0.9601
vn 0.6744 0.5649 0.4755
vn 0.6281 0.5273 0.5722
vn 0.5543 0.4978 0.6670
vn 0.4912 0.4126 0.7671
vn 0.3943 0.3640 0.8438
vn 0.2881 0.3387 0.8957
vn 0.1727 0.2629 0.9492
vn 0.0648 0.2670 0.9615
vn -0.0598 0.2637 0.9627
vn -0.1789 0.2587 0.9492
vn -0.2962 0.3161 0.9013
vn -0.3943 0.3359 0.8554
vn -0.4924 0.3906 0.7778
vn -0.5608 0.4797 0.6748
vn -0.6371 0.5049 0.5824
vn -0.6822 0.5461 0.4862
vn -0.7029 0.6100 0.3658
vn -0.7372 0.6219 0.2641
vn -0.7589 0.6326 0.1545
vn -0.7535 0.6551 0.0558
vn -0.7570 0.6513 -0.0524
vn -0.7634 0.6258 -0.1602
vn -0.7500 0.6021 -0.2739
vn -0.7221 0.5838 -0.3712
vn -0.6994 0.5173 -0.4932
vn -0.6503 0.4635 -0.6019
vn -0.5735 0.4271 -0.6990
vn -0.5099 0.3262 -0.7960
vn -0.4071 0.2740 -0.8713
vn -0.2967 0.2472 -0.9224
vn -0.1763 0.1705 -0.9695
vn -0.0662 0.1801 -0.9814
vn 0.0609 0.1838 -0.9811
vn 0.1820 0.1865 -0.9654
vn 0.3019 0.2557 -0.9184
vn 0.4010 0.2869 -0.8700
vn 0.5003 0.3543 -0.7901
vn 0.5689 0.4558 -0.6845
vn 0.6417 0.4941 -0.5866
vn 0.6840 0.5427 -0.4875
vn 0.7005 0.6135 -0.3646
vn 0.7278 0.6342 -0.2607
vn 0.7445 0.6502 -0.1516
vn 0.7389 0.6719 -0.0501
vn 0.7349 0.6762 0.0508
vn 0.7399 0.6533 0.1604
vn 0.7224 0.6434 0.2535
vn 0.6858 0.6304 0.3638
vn 0.6281 0.5841 0.5142
vn 0.5493 0.5021 0.6680
vn 0.4237 0.4410 0.7912
vn 0.2716 0.3571 0.8937
vn 0.0933 0.3119 0.9455
vn -0.0932 0.3147 0.9446
vn -0.2731 0.3432 0.8987
vn -0.4282 0.4208 0.7997
vn -0.5558 0.4842 0.6758
vn -0.6382 0.5655 0.5224
vn -0.6950 0.6164 0.3702
vn -0.7187 0.6606 0.2168
vn -0.7390 0.6699 0.0716
vn -0.7388 0.6699 -0.0739
vn -0.7281 0.6485 -0.2221
vn -0.7082 0.5951 -0.3798
vn -0.6518 0.5363 -0.5362
vn -0.5727 0.4279 -0.6993
vn -0.4396 0.3576 -0.8239
vn -0.2792 0.2687 -0.9219
vn -0.0953 0.2260 -0.9694
vn 0.0950 0.2398 -0.9662
vn 0.2779 0.2837 -0.9178
vn 0.4355 0.3797 -0.8162
vn 0.5620 0.4617 -0.6863
vn 0.6411 0.5575 -0.5275
vn 0.6909 0.6208 -0.3705
vn 0.7082 0.6721 -0.2160
vn 0.7205 0.6897 -0.0721
vn 0.7179 0.6927 0.0696
vn 0.7060 0.6754 0.2130
vn 0.6844 0.6314 0.3646
vn -0.8819 -0.0000 -0.4714
vn -0.1589 0.8352 0.5265
vn -0.2581 0.8353 0.4855
vn -0.3474 0.8354 0.4259
vn -0.4233 0.8356 0.3501
vn -0.4831 0.8358 0.2609
vn -0.5243 0.8360 0.1617
vn -0.5454 0.8362 0.0564
vn -0.5456 0.8365 -0.0511
vn -0.5248 0.8367 -0.1565
vn -0.4838 0.8369 -0.2559
vn -0.4241 0.8371 -0.3454
vn -0.3481 0.8373 -0.4216
vn -0.2587 0.8374 -0.4814
vn -0.1593 0.8375 -0.5226
vn -0.0538 0.8376 -0.5437
vn 0.0538 0.8376 -0.5437
vn 0.1593 0.8375 -0.5226
vn 0.2587 0.8374 -0.4814
vn 0.3481 0.8373 -0.4216
vn 0.4241 0.8371 -0.3454
vn 0.4838 0.8369 -0.2559
vn 0.5248 0.8367 -0.1565
vn 0.5456 0.8365 -0.0511
vn 0.5454 0.8362 0.0564
vn 0.5243 0.8360 0.1617
vn 0.4831 0.8358 0.2609
vn 0.4233 0.8356 0.3501
vn 0.3474 0.8354 0.4259
vn 0.2581 0.8353 0.4855
vn 0.1589 0.8352 0.5265
vn 0.0537 0.8352 0.5474
vn -0.0459 0.9869 0.1545
vn 0.9952 -0.0000 -0.0980
vn -0.9569 -0.0000 -0.2903
vn 0.9569 -0.0000 -0.2903
vn -0.9952 -0.0000 -0.0980
vn 0.8819 -0.0000 -0.4714
vn -0.9952 -0.0000 0.0980
vn 0.7730 -0.0000 -0.6344
vn -0.9569 -0.0000 0.2903
vn 0.6344 -0.0000 -0.7730
vn -0.8819 -0.0000 0.4714
vn 0.4714 -0.0000 -0.8819
vn 0.0980 -0.0000 0.9952
vn -0.7730 -0.0000 0.6344
vn 0.2903 -0.0000 -0.9569
vn 0.2903 -0.0000 0.9569
vn -0.6344 -0.0000 0.7730
vn 0.0980 -0.0000 -0.9952
vn 0.4714 -0.0000 0.8819
vn -0.4714 -0.0000 0.8819
vn -0.0980 -0.0000 -0.9952
vn 0.6344 -0.0000 0.7730
vn -0.2903 -0.0000 0.9569
vn -0.2903 -0.0000 -0.9569
vn 0.7730 -0.0000 0.6344
vn -0.0980 -0.0000 0.9952
vn -0.4714 -0.0000 -0.8819
vn 0.8819 -0.0000 0.4714
vn -0.6344 -0.0000 -0.7730
vn 0.9569 -0.0000 0.2903
vn -0.7730 -0.0000 -0.6344
vn 0.9952 -0.0000 0.0980
vn -1.0000 -0.0000 -0.0000
vn -0.0000 -0.0000 -1.0000
vn 1.0000 -0.0000 -0.0000
vn -0.0000 -0.0000 1.0000
vn -0.0787 0.9855 0.1503
vn -0.1112 0.9841 0.1386
vn -0.1410 0.9829 0.1188
vn -0.1655 0.9819 0.0916
vn -0.1824 0.9815 0.0585
vn -0.1899 0.9816 0.0218
vn -0.1884 0.9821 -0.0000
vn -0.1820 0.9819 -0.0521
vn -0.1651 0.9826 -0.0851
vn -0.1406 0.9837 -0.1122
vn -0.1108 0.9850 -0.1319
vn -0.0784 0.9865 -0.1436
vn -0.0458 0.9880 -0.1477
vn -0.0000 0.9896 -0.1438
vn -0.0000 0.9886 0.1505
vn 0.0457 0.9880 -0.1476
vn 0.0784 0.9865 -0.1435
vn 0.1107 0.9851 -0.1317
vn 0.1403 0.9837 -0.1120
vn 0.1648 0.9827 -0.0849
vn 0.1816 0.9820 -0.0520
vn 0.1890 0.9819 -0.0155
vn 0.1880 0.9822 -0.0000
vn 0.1820 0.9816 0.0583
vn 0.1652 0.9820 0.0914
vn 0.1408 0.9829 0.1186
vn 0.1110 0.9841 0.1384
vn 0.0786 0.9855 0.1502
vn 0.0459 0.9869 0.1544
vn 0.0146 0.9883 0.1518
vn -0.0138 0.9895 0.1436
vn -0.1894 0.9818 -0.0155
vn 0.0146 0.9893 -0.1450
vn 0.1895 0.9816 0.0218
vn -0.0138 0.9905 -0.1369
vt 0.979167 0.750000
vt 0.000000 0.750000
vt 0.000000 0.750000
vt 0.979167 0.750000
vt 0.208333 0.750000
vt 0.229167 0.750000
vt 0.229167 0.750000
vt 0.208333 0.750000
vt 0.937500 0.750000
vt 0.958333 0.750000
vt 0.937500 0.750000
vt 0.687500 0.750000
vt 0.708333 0.750000
vt 0.270833 0.750000
vt 0.291667 0.750000
vt 0.291667 0.750000
vt 0.791667 0.750000
vt 0.812500 0.750000
vt 0.812500 0.750000
vt 0.791667 0.750000
vt 0.145833 0.750000
vt 0.166667 0.750000
vt 0.145833 0.750000
vt 0.833333 0.750000
vt 0.833333 0.750000
vt 0.333333 0.750000
vt 0.354167 0.750000
vt 0.354167 0.750000
vt 0.333333 0.750000
vt 0.770833 0.750000
vt 0.312500 0.750000
vt 0.312500 0.750000
vt 0.875000 0.750000
vt 0.895833 0.750000
vt 0.895833 0.750000
vt 0.875000 0.750000
vt 0.916667 0.750000
vt 0.187500 0.750000
vt 0.187500 0.750000
vt 0.062500 0.750000
vt 0.083333 0.750000
vt 0.729167 0.750000
vt 0.666667 0.750000
vt 0.666667 0.750000
vt 0.458333 0.750000
vt 0.479167 0.750000
vt 0.479167 0.750000
vt 0.458333 0.750000
vt 0.395833 0.750000
vt 0.416667 0.750000
vt 0.395833 0.750000
vt 0.500000 0.750000
vt 0.520833 0.750000
vt 0.520833 0.750000
vt 0.750000 0.750000
vt 0.750000 0.750000
vt 0.020833 0.750000
vt 0.854167 0.750000
vt 0.854167 0.750000
vt 0.250000 0.750000
vt 0.250000 0.750000
vt 0.437500 0.750000
vt 0.104167 0.750000
vt 0.125000 0.750000
vt 0.125000 0.750000
vt 0.041667 0.750000
vt 0.041667 0.750000
vt 0.541667 0.750000
vt 0.562500 0.750000
vt 0.541667 0.750000
vt 0.375000 0.750000
vt 0.375000 0.750000
vt 0.645833 0.750000
vt 0.645833 0.750000
vt 0.604167 0.750000
vt 0.625000 0.750000
vt 0.583333 0.750000
vt 0.208333 0.750000
vt 0.208333 0.750000
vt 0.229167 0.750000
vt 0.979167 0.750000
vt 0.708333 0.750000
vt 0.687500 0.750000
vt 0.687500 0.750000
vt 0.937500 0.750000
vt 0.958333 0.750000
vt 0.958333 0.750000
vt 0.937500 0.750000
vt 0.958333 0.750000
vt 0.291667 0.750000
vt 0.937500 0.750000
vt 0.291667 0.750000
vt 0.270833 0.750000
vt 0.145833 0.750000
vt 0.791667 0.750000
vt 0.812500 0.750000
vt 0.145833 0.750000
vt 0.166667 0.750000
vt 0.833333 0.750000
vt 0.354167 0.750000
vt 0.833333 0.750000
vt 0.312500 0.750000
vt 0.312500 0.750000
vt 0.770833 0.750000
vt 0.770833 0.750000
vt 0.770833 0.750000
vt 0.875000 0.750000
vt 0.916667 0.750000
vt 0.895833 0.750000
vt 0.916667 0.750000
vt 0.875000 0.750000
vt 0.875000 0.750000
vt 0.729167 0.750000
vt 0.187500 0.750000
vt 0.062500 0.750000
vt 0.062500 0.750000
vt 0.083333 0.750000
vt 0.666667 0.750000
vt 0.729167 0.750000
vt 0.479167 0.750000
vt 0.729167 0.750000
vt 0.458333 0.750000
vt 0.479167 0.750000
vt 0.479167 0.750000
vt 0.666667 0.750000
vt 0.395833 0.750000
vt 0.416667 0.750000
vt 0.395833 0.750000
vt 0.395833 0.750000
vt 0.520833 0.750000
vt 0.500000 0.750000
vt 0.395833 0.750000
vt 0.416667 0.750000
vt 0.020833 0.750000
vt 0.750000 0.750000
vt 0.854167 0.750000
vt 0.854167 0.750000
vt 0.854167 0.750000
vt 0.250000 0.750000
vt 0.020833 0.750000
vt 0.250000 0.750000
vt 0.104167 0.750000
vt 0.104167 0.750000
vt 0.437500 0.750000
vt 0.125000 0.750000
vt 0.437500 0.750000
vt 0.104167 0.750000
vt 0.041667 0.750000
vt 0.041667 0.750000
vt 0.041667 0.750000
vt 0.541667 0.750000
vt 0.645833 0.750000
vt 0.645833 0.750000
vt 0.645833 0.750000
vt 0.604167 0.750000
vt 0.604167 0.750000
vt 0.604167 0.750000
vt 0.604167 0.750000
vt 0.625000 0.750000
vt 0.703178 0.485388
vt 0.750000 0.490000
vt 0.796822 0.485388
vt 0.841844 0.471731
vt 0.883337 0.449553
vt 0.919706 0.419706
vt 0.949553 0.383337
vt 0.971731 0.341844
vt 0.985388 0.296822
vt 0.990000 0.250000
vt 0.985388 0.203178
vt 0.971731 0.158156
vt 0.949553 0.116663
vt 0.919706 0.080294
vt 0.883337 0.050447
vt 0.841844 0.028269
vt 0.796822 0.014612
vt 0.750000 0.010000
vt 0.703178 0.014612
vt 0.658156 0.028269
vt 0.616663 0.050447
vt 0.580294 0.080294
vt 0.550447 0.116663
vt 0.528269 0.158156
vt 0.514612 0.203178
vt 0.510000 0.250000
vt 0.514612 0.296822
vt 0.528269 0.341844
vt 0.550447 0.383337
vt 0.580294 0.419706
vt 0.616663 0.449553
vt 0.658156 0.471731
vt 0.031250 0.500000
vt 0.031250 0.533333
vt 0.000000 0.533333
vt 0.000000 0.500000
vt 0.062500 0.500000
vt 0.062500 0.533333
vt 0.093750 0.500000
vt 0.093750 0.533333
vt 0.125000 0.500000
vt 0.125000 0.533333
vt 0.156250 0.500000
vt 0.156250 0.533333
vt 0.187500 0.500000
vt 0.187500 0.533333
vt 0.218750 0.500000
vt 0.218750 0.533333
vt 0.250000 0.500000
vt 0.250000 0.533333
vt 0.281250 0.500000
vt 0.281250 0.533333
vt 0.312500 0.500000
vt 0.312500 0.533333
vt 0.343750 0.500000
vt 0.343750 0.533333
vt 0.375000 0.500000
vt 0.375000 0.533333
vt 0.406250 0.500000
vt 0.406250 0.533333
vt 0.437500 0.500000
vt 0.437500 0.533333
vt 0.468750 0.500000
vt 0.468750 0.533333
vt 0.500000 0.500000
vt 0.500000 0.533333
vt 0.531250 0.500000
vt 0.531250 0.533333
vt 0.562500 0.500000
vt 0.562500 0.533333
vt 0.593750 0.500000
vt 0.593750 0.533333
vt 0.625000 0.500000
vt 0.625000 0.533333
vt 0.656250 0.500000
vt 0.656250 0.533333
vt 0.687500 0.500000
vt 0.687500 0.533333
vt 0.718750 0.500000
vt 0.718750 0.533333
vt 0.750000 0.500000
vt 0.750000 0.533333
vt 0.781250 0.500000
vt 0.781250 0.533333
vt 0.812500 0.500000
vt 0.812500 0.533333
vt 0.843750 0.500000
vt 0.843750 0.533333
vt 0.875000 0.500000
vt 0.875000 0.533333
vt 0.906250 0.500000
vt 0.906250 0.533333
vt 0.937500 0.500000
vt 0.937500 0.533333
vt 0.968750 0.500000
vt 0.968750 0.533333
vt 1.000000 0.500000
vt 1.000000 0.533333
vt 0.031250 0.556962
vt 0.000000 0.556962
vt 0.062500 0.556962
vt 0.093750 0.556962
vt 0.125000 0.556962
vt 0.156250 0.556962
vt 0.187500 0.556962
vt 0.218750 0.556962
vt 0.250000 0.556962
vt 0.281250 0.556962
vt 0.312500 0.556962
vt 0.343750 0.556962
vt 0.375000 0.556962
vt 0.406250 0.556962
vt 0.437500 0.556962
vt 0.468750 0.556962
vt 0.500000 0.556962
vt 0.531250 0.556962
vt 0.562500 0.556962
vt 0.593750 0.556962
vt 0.625000 0.556962
vt 0.656250 0.556962
vt 0.687500 0.556962
vt 0.718750 0.556962
vt 0.750000 0.556962
vt 0.781250 0.556962
vt 0.812500 0.556962
vt 0.843750 0.556962
vt 0.875000 0.556962
vt 0.906250 0.556962
vt 0.937500 0.556962
vt 0.968750 0.556962
vt 1.000000 0.556962
vt 0.520833 0.500000
vt 0.520833 0.583333
vt 0.500000 0.583333
vt 0.520833 0.666667
vt 0.500000 0.666667
vt 0.500000 0.727124
vt 0.520833 0.727124
vt 0.500000 0.416667
vt 0.520833 0.416667
vt 0.541667 0.500000
vt 0.541667 0.583333
vt 0.541667 0.666667
vt 0.541667 0.727124
vt 0.541667 0.750000
vt 0.541667 0.416667
vt 0.562500 0.583333
vt 0.562500 0.666667
vt 0.562500 0.727124
vt 0.562500 0.416667
vt 0.583333 0.500000
vt 0.583333 0.583333
vt 0.583333 0.666667
vt 0.583333 0.727124
vt 0.583333 0.750000
vt 0.583333 0.416667
vt 0.604167 0.500000
vt 0.604167 0.583333
vt 0.604167 0.666667
vt 0.604167 0.727124
vt 0.604167 0.750000
vt 0.604167 0.416667
vt 0.625000 0.583333
vt 0.625000 0.666667
vt 0.625000 0.727124
vt 0.625000 0.416667
vt 0.645833 0.500000
vt 0.645833 0.583333
vt 0.645833 0.666667
vt 0.645833 0.727124
vt 0.645833 0.750000
vt 0.645833 0.416667
vt 0.666667 0.500000
vt 0.666667 0.583333
vt 0.666667 0.666667
vt 0.666667 0.727124
vt 0.666667 0.750000
vt 0.666667 0.416667
vt 0.687500 0.583333
vt 0.687500 0.666667
vt 0.687500 0.727124
vt 0.687500 0.416667
vt 0.708333 0.500000
vt 0.708333 0.583333
vt 0.708333 0.666667
vt 0.708333 0.727124
vt 0.708333 0.750000
vt 0.708333 0.416667
vt 0.729167 0.500000
vt 0.729167 0.583333
vt 0.729167 0.666667
vt 0.729167 0.727124
vt 0.729167 0.750000
vt 0.729167 0.416667
vt 0.750000 0.583333
vt 0.750000 0.666667
vt 0.750000 0.727124
vt 0.750000 0.416667
vt 0.770833 0.500000
vt 0.770833 0.583333
vt 0.770833 0.666667
vt 0.770833 0.727124
vt 0.770833 0.416667
vt 0.791667 0.500000
vt 0.791667 0.583333
vt 0.791667 0.666667
vt 0.791667 0.727124
vt 0.791667 0.750000
vt 0.791667 0.416667
vt 0.812500 0.583333
vt 0.812500 0.666667
vt 0.812500 0.727124
vt 0.812500 0.750000
vt 0.812500 0.416667
vt 0.833333 0.500000
vt 0.833333 0.583333
vt 0.833333 0.666667
vt 0.833333 0.727124
vt 0.833333 0.416667
vt 0.854167 0.500000
vt 0.854167 0.583333
vt 0.854167 0.666667
vt 0.854167 0.727124
vt 0.854167 0.416667
vt 0.875000 0.583333
vt 0.875000 0.666667
vt 0.875000 0.727124
vt 0.875000 0.416667
vt 0.895833 0.500000
vt 0.895833 0.583333
vt 0.895833 0.666667
vt 0.895833 0.727124
vt 0.895833 0.750000
vt 0.895833 0.416667
vt 0.916667 0.500000
vt 0.916667 0.583333
vt 0.916667 0.666667
vt 0.916667 0.727124
vt 0.916667 0.416667
vt 0.937500 0.583333
vt 0.937500 0.666667
vt 0.937500 0.727124
vt 0.937500 0.416667
vt 0.958333 0.500000
vt 0.958333 0.583333
vt 0.958333 0.666667
vt 0.958333 0.727124
vt 0.958333 0.416667
vt 0.979167 0.500000
vt 0.979167 0.583333
vt 0.979167 0.666667
vt 0.979167 0.727124
vt 0.979167 0.750000
vt 0.500000 0.699346
vt 0.520833 0.699347
vt 0.979167 0.416667
vt 1.000000 0.583333
vt 1.000000 0.666667
vt 1.000000 0.727124
vt 1.000000 0.750000
vt 0.541667 0.699346
vt 0.562500 0.699346
vt 1.000000 0.416667
vt 0.000000 0.500000
vt 0.020833 0.500000
vt 0.020833 0.583333
vt 0.000000 0.583333
vt 0.020833 0.666667
vt 0.000000 0.666667
vt 0.000000 0.727124
vt 0.020833 0.727124
vt 0.020833 0.750000
vt 0.000000 0.750000
vt 0.583333 0.699346
vt 0.604167 0.699346
vt 0.000000 0.416667
vt 0.020833 0.416667
vt 0.041667 0.500000
vt 0.041667 0.583333
vt 0.041667 0.666667
vt 0.041667 0.727124
vt 0.041667 0.750000
vt 0.625000 0.699346
vt 0.645833 0.699346
vt 0.041667 0.416667
vt 0.062500 0.583333
vt 0.062500 0.666667
vt 0.062500 0.727124
vt 0.666667 0.699346
vt 0.687500 0.699346
vt 0.062500 0.416667
vt 0.083333 0.500000
vt 0.083333 0.583333
vt 0.083333 0.666667
vt 0.083333 0.727124
vt 0.708333 0.699346
vt 0.729167 0.699346
vt 0.083333 0.416667
vt 0.104167 0.500000
vt 0.104167 0.583333
vt 0.104167 0.666667
vt 0.104167 0.727124
vt 0.104167 0.750000
vt 0.750000 0.699346
vt 0.770833 0.699346
vt 0.104167 0.416667
vt 0.125000 0.583333
vt 0.125000 0.666667
vt 0.125000 0.727124
vt 0.791667 0.699346
vt 0.812500 0.699346
vt 0.125000 0.416667
vt 0.145833 0.500000
vt 0.145833 0.583333
vt 0.145833 0.666667
vt 0.145833 0.727124
vt 0.833333 0.699346
vt 0.854167 0.699346
vt 0.145833 0.416667
vt 0.166667 0.500000
vt 0.166667 0.583333
vt 0.166667 0.666667
vt 0.166667 0.727124
vt 0.166667 0.750000
vt 0.875000 0.699346
vt 0.895833 0.699346
vt 0.166667 0.416667
vt 0.187500 0.583333
vt 0.187500 0.666667
vt 0.187500 0.727124
vt 0.916667 0.699346
vt 0.937500 0.699346
vt 0.187500 0.416667
vt 0.208333 0.500000
vt 0.208333 0.583333
vt 0.208333 0.666667
vt 0.208333 0.727124
vt 0.958333 0.699346
vt 0.979167 0.699346
vt 0.208333 0.416667
vt 0.229167 0.500000
vt 0.229167 0.583333
vt 0.229167 0.666667
vt 0.229167 0.727124
vt 0.229167 0.750000
vt 1.000000 0.699346
vt 0.000000 0.699346
vt 0.020833 0.699346
vt 0.229167 0.416667
vt 0.250000 0.583333
vt 0.250000 0.666667
vt 0.250000 0.727124
vt 0.041667 0.699346
vt 0.062500 0.699346
vt 0.250000 0.416667
vt 0.270833 0.500000
vt 0.270833 0.583333
vt 0.270833 0.666667
vt 0.270833 0.727124
vt 0.270833 0.750000
vt 0.083333 0.699346
vt 0.104167 0.699346
vt 0.270833 0.416667
vt 0.291667 0.500000
vt 0.291667 0.583333
vt 0.291667 0.666667
vt 0.291667 0.727124
vt 0.125000 0.699346
vt 0.145833 0.699346
vt 0.291667 0.416667
vt 0.312500 0.583333
vt 0.312500 0.666667
vt 0.312500 0.727124
vt 0.166667 0.699346
vt 0.187500 0.699346
vt 0.312500 0.416667
vt 0.333333 0.500000
vt 0.333333 0.583333
vt 0.333333 0.666667
vt 0.333333 0.727124
vt 0.208333 0.699346
vt 0.229167 0.699347
vt 0.333333 0.416667
vt 0.354167 0.500000
vt 0.354167 0.583333
vt 0.354167 0.666667
vt 0.354167 0.727124
vt 0.250000 0.699346
vt 0.270833 0.699346
vt 0.354167 0.416667
vt 0.375000 0.583333
vt 0.375000 0.666667
vt 0.375000 0.727124
vt 0.375000 0.750000
vt 0.291667 0.699346
vt 0.312500 0.699346
vt 0.375000 0.416667
vt 0.395833 0.500000
vt 0.395833 0.583333
vt 0.395833 0.666667
vt 0.395833 0.727124
vt 0.395833 0.750000
vt 0.333333 0.699346
vt 0.354167 0.699346
vt 0.395833 0.416667
vt 0.416667 0.500000
vt 0.416667 0.583333
vt 0.416667 0.666667
vt 0.416667 0.727124
vt 0.416667 0.750000
vt 0.375000 0.699346
vt 0.395833 0.699346
vt 0.416667 0.416667
vt 0.437500 0.583333
vt 0.437500 0.666667
vt 0.437500 0.727124
vt 0.416667 0.699346
vt 0.437500 0.699346
vt 0.437500 0.416667
vt 0.458333 0.500000
vt 0.458333 0.583333
vt 0.458333 0.666667
vt 0.458333 0.727124
vt 0.458333 0.750000
vt 0.458333 0.699346
vt 0.479167 0.699346
vt 0.479167 0.727124
vt 0.458333 0.416667
vt 0.479167 0.500000
vt 0.479167 0.583333
vt 0.479167 0.666667
vt 0.479167 0.750000
vt 0.479167 0.416667
vt 0.125000 0.750000
vt 0.479167 0.750000
vt 0.270833 0.750000
vt 0.000000 0.750000
vt 0.979167 0.750000
vt 0.062500 0.750000
vt 0.041667 0.750000
vt 0.437500 0.750000
vt 0.416667 0.750000
vt 0.416667 0.750000
vt 0.958333 0.750000
vt 0.937500 0.750000
vt 0.916667 0.750000
vt 0.916667 0.750000
vt 0.458333 0.750000
vt 0.458333 0.750000
vt 0.854167 0.750000
vt 0.833333 0.750000
vt 0.895833 0.750000
vt 0.687500 0.750000
vt 0.666667 0.750000
vt 0.812500 0.750000
vt 0.875000 0.750000
vt 0.604167 0.750000
vt 0.583333 0.750000
vt 0.729167 0.750000
vt 0.729167 0.750000
vt 0.791667 0.750000
vt 0.520833 0.750000
vt 0.708333 0.750000
vt 0.354167 0.750000
vt 0.562500 0.750000
vt 0.562500 0.750000
vt 0.625000 0.750000
vt 0.625000 0.750000
vt 0.541667 0.750000
vt 0.541667 0.750000
vt 0.166667 0.750000
vt 0.166667 0.750000
vt 0.229167 0.750000
vt 0.229167 0.750000
vt 0.229167 0.750000
vt 0.083333 0.750000
vt 0.499801 0.500000
vt 0.520634 0.500000
vt 0.520634 0.583364
vt 0.500000 0.582592
vt 0.520635 0.666716
vt 0.499801 0.666716
vt 0.000000 0.000000
vt 0.395641 0.333292
vt 0.375000 0.334126
vt 0.499807 0.333292
vt 0.520833 0.334126
vt 0.520833 0.415928
vt 0.500000 0.417408
vt 0.541667 0.500740
vt 0.541667 0.582592
vt 0.541667 0.665925
vt 0.354359 0.333292
vt 0.541667 0.334126
vt 0.541667 0.415928
vt 0.562500 0.500740
vt 0.562500 0.582592
vt 0.562500 0.665925
vt 0.333333 0.334126
vt 0.562307 0.333292
vt 0.562301 0.416636
vt 0.583333 0.500740
vt 0.583333 0.582592
vt 0.583333 0.665925
vt 0.312307 0.333292
vt 0.583333 0.334126
vt 0.583333 0.417408
vt 0.603968 0.500000
vt 0.603968 0.583364
vt 0.603968 0.666716
vt 0.291667 0.334126
vt 0.604167 0.334126
vt 0.604167 0.415928
vt 0.625000 0.500740
vt 0.625000 0.582592
vt 0.625000 0.665925
vt 0.270833 0.334126
vt 0.625000 0.334126
vt 0.625000 0.415928
vt 0.645833 0.500740
vt 0.645833 0.582592
vt 0.645833 0.665925
vt 0.250000 0.334126
vt 0.645641 0.333292
vt 0.645634 0.416636
vt 0.666667 0.500740
vt 0.666667 0.582592
vt 0.666667 0.665925
vt 0.228974 0.333292
vt 0.666667 0.334126
vt 0.666667 0.417408
vt 0.687301 0.500000
vt 0.687301 0.583364
vt 0.687301 0.666716
vt 0.208333 0.334126
vt 0.687500 0.334126
vt 0.687500 0.415928
vt 0.708333 0.500740
vt 0.708333 0.582592
vt 0.708333 0.665925
vt 0.187500 0.334126
vt 0.708333 0.334126
vt 0.708333 0.415928
vt 0.729167 0.500740
vt 0.729167 0.582592
vt 0.729167 0.665925
vt 0.166667 0.334126
vt 0.728974 0.333292
vt 0.728968 0.416636
vt 0.750000 0.500740
vt 0.750000 0.582592
vt 0.750000 0.665925
vt 0.145641 0.333292
vt 0.750000 0.334126
vt 0.750000 0.417408
vt 0.770634 0.500000
vt 0.770634 0.583364
vt 0.770635 0.666716
vt 0.125000 0.334126
vt 0.770833 0.334126
vt 0.770833 0.415928
vt 0.791667 0.500740
vt 0.791667 0.582592
vt 0.791667 0.665925
vt 0.104167 0.334126
vt 0.791667 0.334126
vt 0.791667 0.415928
vt 0.812500 0.500740
vt 0.812500 0.582592
vt 0.812500 0.665925
vt 0.083333 0.334126
vt 0.812307 0.333292
vt 0.812301 0.416636
vt 0.833333 0.500740
vt 0.833333 0.582592
vt 0.833333 0.665925
vt 0.062307 0.333292
vt 0.833333 0.334126
vt 0.833333 0.417408
vt 0.853968 0.500000
vt 0.853968 0.583364
vt 0.853968 0.666716
vt 0.041667 0.334126
vt 0.854167 0.334126
vt 0.854167 0.415928
vt 0.875000 0.500740
vt 0.875000 0.582592
vt 0.875000 0.665925
vt 0.875000 0.334126
vt 0.875000 0.415928
vt 0.895833 0.500740
vt 0.895833 0.582592
vt 0.895833 0.665925
vt 0.020833 0.334126
vt 0.895641 0.333292
vt 0.895634 0.416636
vt 0.916667 0.500740
vt 0.916667 0.582592
vt 0.916667 0.665925
vt 0.000000 0.334126
vt 0.916667 0.334126
vt 0.916667 0.417408
vt 0.937301 0.500000
vt 0.937301 0.583364
vt 0.937301 0.666716
vt 1.000000 0.334126
vt 0.978974 0.333292
vt 0.937500 0.334126
vt 0.937699 0.416636
vt 0.958333 0.500740
vt 0.958333 0.584072
vt 0.958333 0.665925
vt 0.958333 0.334126
vt 0.958532 0.416636
vt 0.979167 0.500740
vt 0.979167 0.584072
vt 0.979167 0.665925
vt 0.978968 0.416636
vt 0.999999 0.500740
vt 0.999996 0.584072
vt 1.000005 0.665925
vt 1.000002 0.417408
vt 0.000001 0.500740
vt 0.020634 0.500000
vt 0.020634 0.583364
vt 0.000004 0.584072
vt 0.020635 0.666716
vt -0.000005 0.665925
vt 0.021032 0.416636
vt -0.000002 0.417408
vt 0.041667 0.500740
vt 0.041667 0.584072
vt 0.041667 0.665925
vt 0.041866 0.416636
vt 0.062500 0.500740
vt 0.062500 0.584072
vt 0.062500 0.665925
vt 0.062301 0.416636
vt 0.083333 0.500740
vt 0.083333 0.584072
vt 0.083333 0.665925
vt 0.083333 0.417408
vt 0.103968 0.500000
vt 0.103968 0.583364
vt 0.103968 0.666716
vt 0.104366 0.416636
vt 0.125000 0.500740
vt 0.125000 0.584072
vt 0.125000 0.665925
vt 0.125199 0.416636
vt 0.145833 0.500740
vt 0.145833 0.584072
vt 0.145833 0.665925
vt 0.145634 0.416636
vt 0.166667 0.500740
vt 0.166667 0.584072
vt 0.166667 0.665925
vt 0.166667 0.417408
vt 0.187301 0.500000
vt 0.187301 0.583364
vt 0.187301 0.666716
vt 0.187699 0.416636
vt 0.208333 0.500740
vt 0.208333 0.584072
vt 0.208333 0.665925
vt 0.208532 0.416636
vt 0.229167 0.500740
vt 0.229167 0.584072
vt 0.229167 0.665925
vt 0.228968 0.416636
vt 0.250000 0.500740
vt 0.250000 0.584072
vt 0.250000 0.665925
vt 0.250000 0.417408
vt 0.270634 0.500000
vt 0.270634 0.583364
vt 0.270635 0.666716
vt 0.271032 0.416636
vt 0.291667 0.500740
vt 0.291667 0.584072
vt 0.291667 0.665925
vt 0.291866 0.416636
vt 0.312500 0.500740
vt 0.312500 0.584072
vt 0.312500 0.665925
vt 0.312301 0.416636
vt 0.333333 0.500740
vt 0.333333 0.584072
vt 0.333333 0.665925
vt 0.333333 0.417408
vt 0.353967 0.500000
vt 0.353968 0.583364
vt 0.353968 0.666716
vt 0.354366 0.416636
vt 0.375000 0.500740
vt 0.375000 0.584072
vt 0.375199 0.666716
vt 0.375000 0.415928
vt 0.395833 0.500740
vt 0.395833 0.582592
vt 0.395833 0.667404
vt 0.395634 0.416636
vt 0.416667 0.500740
vt 0.416667 0.582592
vt 0.416667 0.667404
vt 0.416667 0.334126
vt 0.416667 0.417408
vt 0.437301 0.500000
vt 0.437301 0.583364
vt 0.437301 0.666716
vt 0.478974 0.333292
vt 0.437500 0.334126
vt 0.437500 0.415928
vt 0.458333 0.500740
vt 0.458333 0.582592
vt 0.458333 0.667404
vt 0.458333 0.334126
vt 0.458333 0.415928
vt 0.479167 0.500740
vt 0.479366 0.583364
vt 0.479365 0.666716
vt 0.478968 0.416636
vt 0.406250 0.375000
vt 0.375000 0.375000
vt 0.343750 0.375000
vt 0.312500 0.375000
vt 0.281250 0.375000
vt 0.250000 0.375000
vt 0.218750 0.375000
vt 0.187500 0.375000
vt 0.156250 0.375000
vt 0.125000 0.375000
vt 0.093750 0.375000
vt 0.062500 0.375000
vt 0.031250 0.375000
vt 1.000000 0.375000
vt 0.968750 0.375000
vt 0.937500 0.375000
vt 0.906250 0.375000
vt 0.875000 0.375000
vt 0.843750 0.375000
vt 0.812500 0.375000
vt 0.781250 0.375000
vt 0.750000 0.375000
vt 0.718750 0.375000
vt 0.687500 0.375000
vt 0.656250 0.375000
vt 0.625000 0.375000
vt 0.593750 0.375000
vt 0.562500 0.375000
vt 0.531250 0.375000
vt 0.500000 0.375000
vt 0.468750 0.375000
vt 0.437500 0.375000
vt 0.000000 0.375000
vt 0.750000 0.490000
vt 0.703178 0.485388
vt 0.203178 0.485388
vt 0.250000 0.490000
vt 0.158156 0.471731
vt 0.196342 0.379542
vt 0.222643 0.387533
vt 0.116663 0.449553
vt 0.172112 0.366567
vt 0.080294 0.419706
vt 0.150887 0.349113
vt 0.050447 0.383337
vt 0.133484 0.327854
vt 0.028269 0.341844
vt 0.120570 0.303612
vt 0.014612 0.296822
vt 0.112639 0.277323
vt 0.010000 0.250000
vt 0.109991 0.250000
vt 0.014612 0.203178
vt 0.112724 0.222694
vt 0.028269 0.158156
vt 0.120727 0.196453
vt 0.050447 0.116663
vt 0.133689 0.172284
vt 0.080294 0.080294
vt 0.151110 0.151110
vt 0.116663 0.050447
vt 0.172318 0.133740
vt 0.158156 0.028269
vt 0.196499 0.120838
vt 0.203178 0.014612
vt 0.222728 0.112895
vt 0.250000 0.010000
vt 0.250000 0.110213
vt 0.296822 0.014612
vt 0.277272 0.112895
vt 0.341844 0.028269
vt 0.303501 0.120838
vt 0.383337 0.050447
vt 0.327682 0.133740
vt 0.419706 0.080294
vt 0.348890 0.151110
vt 0.449553 0.116663
vt 0.366310 0.172284
vt 0.471731 0.158156
vt 0.379273 0.196453
vt 0.485388 0.203178
vt 0.387276 0.222694
vt 0.490000 0.250000
vt 0.390009 0.250000
vt 0.485388 0.296822
vt 0.387361 0.277323
vt 0.471731 0.341844
vt 0.379430 0.303612
vt 0.449553 0.383337
vt 0.366516 0.327854
vt 0.419706 0.419706
vt 0.349113 0.349113
vt 0.383337 0.449553
vt 0.327888 0.366567
vt 0.341844 0.471731
vt 0.303658 0.379542
vt 0.296822 0.485388
vt 0.277357 0.387533
vt 0.250000 0.390232
vt 0.550447 0.116663
vt 0.528269 0.158156
vt 0.658156 0.471731
vt 0.616663 0.449553
vt 0.580294 0.419706
vt 0.550447 0.383337
vt 0.528269 0.341844
vt 0.514611 0.296822
vt 0.514611 0.203178
vt 0.580294 0.080294
vt 0.616663 0.050447
vt 0.658156 0.028269
vt 0.703178 0.014612
vt 0.750000 0.010000
vt 0.796822 0.014612
vt 0.841844 0.028269
vt 0.883337 0.050447
vt 0.919706 0.080294
vt 0.949553 0.116663
vt 0.985388 0.203178
vt 0.990000 0.250000
vt 0.985388 0.296822
vt 0.949553 0.383337
vt 0.919706 0.419706
vt 0.883337 0.449553
vt 0.375000 0.000000
vt 0.625000 0.000000
vt 0.625000 0.250000
vt 0.375000 0.250000
vt 0.625000 1.000000
vt 0.375000 1.000000
s 0
f 137/1/1 291/2/1 91/3/1 43/4/1
f 217/5/2 166/6/2 90/7/2 88/8/2
f 311/9/3 146/10/3 51/10/3 50/11/3
f 187/12/4 216/13/4 72/13/4 71/12/4
f 316/14/5 116/15/5 80/16/5 70/14/5
f 127/17/6 156/18/6 59/19/6 67/20/6
f 321/21/7 246/22/7 87/22/7 86/23/7
f 156/18/8 147/24/8 55/25/8 59/19/8
f 176/26/9 167/27/9 93/28/9 74/29/9
f 146/10/10 137/1/10 43/4/10 51/10/10
f 136/30/11 127/17/11 67/20/11 66/30/11
f 116/15/12 107/31/12 82/32/12 80/16/12
f 106/33/13 97/34/13 56/35/13 62/36/13
f 97/34/14 257/37/14 52/37/14 56/35/14
f 246/22/15 226/38/15 76/39/15 87/22/15
f 236/40/16 227/41/16 96/41/16 95/40/16
f 216/13/17 207/42/17 64/42/17 72/13/17
f 196/43/18 187/12/18 71/12/18 63/44/18
f 126/45/19 117/46/19 45/47/19 54/48/19
f 186/49/20 177/50/20 42/50/20 47/51/20
f 306/52/21 297/53/21 84/54/21 60/52/21
f 107/31/22 176/26/22 74/29/22 82/32/22
f 296/55/23 136/30/23 66/30/23 58/56/23
f 291/2/24 282/57/24 92/57/24 91/3/24
f 281/58/25 106/33/25 62/36/25 61/59/25
f 166/6/26 157/60/26 79/61/26 90/7/26
f 177/50/27 241/62/27 53/62/27 42/50/27
f 332/63/28 331/64/28 44/65/28 83/63/28
f 331/64/29 321/21/29 86/23/29 44/65/29
f 257/37/30 311/9/30 50/11/30 52/37/30
f 147/24/31 281/58/31 61/59/31 55/25/31
f 207/42/32 296/55/32 58/56/32 64/42/32
f 157/60/33 316/14/33 70/14/33 79/61/33
f 117/46/34 306/52/34 60/52/34 45/47/34
f 276/66/35 236/40/35 95/40/35 46/67/35
f 271/68/36 262/69/36 75/69/36 85/70/36
f 167/27/37 252/71/37 94/72/37 93/28/37
f 251/73/38 196/43/38 63/44/38 69/74/38
f 241/62/39 126/45/39 54/48/39 53/62/39
f 226/38/40 217/5/40 88/8/40 76/39/40
f 206/75/41 197/76/41 78/76/41 77/75/41
f 252/71/42 186/49/42 47/51/42 94/72/42
f 282/57/43 276/66/43 46/67/43 92/57/43
f 262/69/44 326/77/44 68/77/44 75/69/44
f 227/41/45 332/63/45 83/63/45 96/41/45
f 326/77/46 206/75/46 77/75/46 68/77/46
f 197/76/47 251/73/47 69/74/47 78/76/47
f 297/53/48 271/68/48 85/70/48 84/54/48
f 219/8/49 164/7/49 165/6/49 218/78/49
f 220/79/50 163/80/50 164/7/50 219/8/50
f 138/1/51 290/3/51 291/2/51 137/1/51
f 221/8/52 162/7/52 163/80/52 220/79/52
f 139/81/53 289/3/53 290/3/53 138/1/53
f 8/8/54 7/7/54 162/7/54 221/8/54
f 140/81/55 288/3/55 289/3/55 139/81/55
f 141/1/56 287/3/56 288/3/56 140/81/56
f 81/4/57 6/3/57 287/3/57 141/1/57
f 218/78/58 165/6/58 166/6/58 217/5/58
f 188/12/59 215/82/59 216/13/59 187/12/59
f 189/83/60 214/13/60 215/82/60 188/12/60
f 190/84/61 213/82/61 214/13/61 189/83/61
f 310/85/62 145/86/62 146/10/62 311/9/62
f 191/84/63 212/13/63 213/82/63 190/84/63
f 309/11/64 144/87/64 145/86/64 310/85/64
f 23/12/65 22/13/65 212/13/65 191/84/65
f 308/88/66 143/89/66 144/87/66 309/11/66
f 315/14/67 115/90/67 116/15/67 316/14/67
f 307/91/68 142/10/68 143/89/68 308/88/68
f 314/14/69 114/16/69 115/90/69 315/14/69
f 48/11/70 41/10/70 142/10/70 307/91/70
f 312/14/71 112/15/71 113/92/71 313/93/71
f 319/23/72 244/22/72 245/22/72 320/23/72
f 24/14/73 15/16/73 112/15/73 312/14/73
f 318/94/74 243/22/74 244/22/74 319/23/74
f 128/95/75 155/96/75 156/18/75 127/17/75
f 317/97/76 242/98/76 243/22/76 318/94/76
f 129/20/77 154/18/77 155/96/77 128/95/77
f 130/20/78 153/96/78 154/18/78 129/20/78
f 131/20/79 152/96/79 153/96/79 130/20/79
f 27/20/80 34/19/80 152/96/80 131/20/80
f 313/93/81 113/92/81 114/16/81 314/14/81
f 320/23/82 245/22/82 246/22/82 321/21/82
f 34/19/83 37/25/83 151/99/83 152/96/83
f 175/29/84 168/27/84 167/27/84 176/26/84
f 174/26/85 169/27/85 168/27/85 175/29/85
f 10/23/86 9/22/86 242/98/86 317/97/86
f 173/29/87 170/100/87 169/27/87 174/26/87
f 155/96/88 148/25/88 147/24/88 156/18/88
f 172/29/89 171/27/89 170/100/89 173/29/89
f 154/18/90 149/101/90 148/25/90 155/96/90
f 21/29/91 4/28/91 171/27/91 172/29/91
f 153/96/92 150/25/92 149/101/92 154/18/92
f 145/86/93 138/1/93 137/1/93 146/10/93
f 152/96/94 151/99/94 150/25/94 153/96/94
f 115/90/95 108/32/95 107/31/95 116/15/95
f 142/10/96 141/1/96 140/81/96 143/89/96
f 114/16/97 109/102/97 108/32/97 115/90/97
f 41/10/98 81/4/98 141/1/98 142/10/98
f 113/92/99 110/103/99 109/102/99 114/16/99
f 135/104/100 128/95/100 127/17/100 136/30/100
f 134/104/101 129/20/101 128/95/101 135/104/101
f 133/105/102 130/20/102 129/20/102 134/104/102
f 132/106/103 131/20/103 130/20/103 133/105/103
f 144/87/104 139/81/104 138/1/104 145/86/104
f 28/30/105 27/20/105 131/20/105 132/106/105
f 143/89/106 140/81/106 139/81/106 144/87/106
f 31/36/107 36/35/107 101/34/107 102/107/107
f 98/34/108 258/108/108 257/37/108 97/34/108
f 112/15/109 111/103/109 110/103/109 113/92/109
f 99/109/110 259/110/110 258/108/110 98/34/110
f 15/16/111 14/32/111 111/103/111 112/15/111
f 100/35/112 260/37/112 259/110/112 99/109/112
f 105/33/113 98/34/113 97/34/113 106/33/113
f 101/34/114 261/37/114 260/37/114 100/35/114
f 104/111/115 99/109/115 98/34/115 105/33/115
f 36/35/116 40/37/116 261/37/116 101/34/116
f 103/112/117 100/35/117 99/109/117 104/111/117
f 102/107/118 101/34/118 100/35/118 103/112/118
f 243/22/119 223/39/119 224/39/119 244/22/119
f 215/82/120 208/113/120 207/42/120 216/13/120
f 242/98/121 222/114/121 223/39/121 243/22/121
f 214/13/122 209/113/122 208/113/122 215/82/122
f 9/22/123 19/39/123 222/114/123 242/98/123
f 235/115/124 228/41/124 227/41/124 236/40/124
f 234/116/125 229/41/125 228/41/125 235/115/125
f 233/40/126 230/41/126 229/41/126 234/116/126
f 245/22/127 225/39/127 226/38/127 246/22/127
f 232/40/128 231/117/128 230/41/128 233/40/128
f 244/22/129 224/39/129 225/39/129 245/22/129
f 2/40/130 1/41/130 231/117/130 232/40/130
f 192/118/131 191/84/131 190/84/131 193/43/131
f 30/44/132 23/12/132 191/84/132 192/118/132
f 213/82/133 210/119/133 209/113/133 214/13/133
f 125/48/134 118/120/134 117/46/134 126/45/134
f 212/13/135 211/121/135 210/119/135 213/82/135
f 124/122/136 119/123/136 118/120/136 125/48/136
f 22/13/137 29/42/137 211/121/137 212/13/137
f 123/48/138 120/124/138 119/123/138 124/122/138
f 195/125/139 188/12/139 187/12/139 196/43/139
f 122/48/140 121/124/140 120/124/140 123/48/140
f 194/43/141 189/83/141 188/12/141 195/125/141
f 193/43/142 190/84/142 189/83/142 194/43/142
f 33/52/143 12/54/143 301/54/143 302/52/143
f 183/126/144 180/127/144 179/50/144 184/128/144
f 108/32/145 175/29/145 176/26/145 107/31/145
f 182/129/146 181/50/146 180/127/146 183/126/146
f 49/51/147 89/50/147 181/50/147 182/129/147
f 305/52/148 298/130/148 297/53/148 306/52/148
f 304/131/149 299/53/149 298/130/149 305/52/149
f 38/48/150 65/47/150 121/124/150 122/48/150
f 303/52/151 300/54/151 299/53/151 304/131/151
f 185/132/152 178/133/152 177/50/152 186/49/152
f 302/52/153 301/54/153 300/54/153 303/52/153
f 184/128/154 179/50/154 178/133/154 185/132/154
f 292/55/155 132/106/155 133/105/155 293/56/155
f 109/102/156 174/26/156 175/29/156 108/32/156
f 35/56/157 28/30/157 132/106/157 292/55/157
f 110/103/158 173/29/158 174/26/158 109/102/158
f 290/3/159 283/57/159 282/57/159 291/2/159
f 111/103/160 172/29/160 173/29/160 110/103/160
f 289/3/161 284/57/161 283/57/161 290/3/161
f 14/32/162 21/29/162 172/29/162 111/103/162
f 288/3/163 285/134/163 284/57/163 289/3/163
f 295/135/164 135/104/164 136/30/164 296/55/164
f 294/55/165 134/104/165 135/104/165 295/135/165
f 293/56/166 133/105/166 134/104/166 294/55/166
f 7/7/167 16/61/167 161/61/167 162/7/167
f 278/136/168 103/112/168 104/111/168 279/137/168
f 277/138/169 102/107/169 103/112/169 278/136/169
f 32/59/170 31/36/170 102/107/170 277/138/170
f 165/6/171 158/139/171 157/60/171 166/6/171
f 287/3/172 286/140/172 285/134/172 288/3/172
f 164/7/173 159/141/173 158/139/173 165/6/173
f 6/3/174 5/57/174 286/140/174 287/3/174
f 163/80/175 160/61/175 159/141/175 164/7/175
f 280/138/176 105/33/176 106/33/176 281/58/176
f 162/7/177 161/61/177 160/61/177 163/80/177
f 279/137/178 104/111/178 105/33/178 280/138/178
f 178/133/179 240/62/179 241/62/179 177/50/179
f 336/142/180 327/65/180 328/65/180 335/143/180
f 179/50/181 239/144/181 240/62/181 178/133/181
f 13/63/182 73/65/182 327/65/182 336/142/182
f 180/127/183 238/62/183 239/144/183 179/50/183
f 330/145/184 320/23/184 321/21/184 331/64/184
f 181/50/185 237/146/185 238/62/185 180/127/185
f 329/145/186 319/23/186 320/23/186 330/145/186
f 89/50/187 39/62/187 237/146/187 181/50/187
f 333/147/188 330/145/188 331/64/188 332/63/188
f 334/143/189 329/145/189 330/145/189 333/147/189
f 335/143/190 328/65/190 329/145/190 334/143/190
f 259/110/191 309/11/191 310/85/191 258/108/191
f 260/37/192 308/88/192 309/11/192 259/110/192
f 261/37/193 307/91/193 308/88/193 260/37/193
f 40/37/194 48/11/194 307/91/194 261/37/194
f 328/65/195 318/94/195 319/23/195 329/145/195
f 148/25/196 280/138/196 281/58/196 147/24/196
f 327/65/197 317/97/197 318/94/197 328/65/197
f 149/101/198 279/137/198 280/138/198 148/25/198
f 73/65/199 10/23/199 317/97/199 327/65/199
f 150/25/200 278/136/200 279/137/200 149/101/200
f 258/108/201 310/85/201 311/9/201 257/37/201
f 151/99/202 277/138/202 278/136/202 150/25/202
f 160/61/203 313/93/203 314/14/203 159/141/203
f 208/113/204 295/135/204 296/55/204 207/42/204
f 161/61/205 312/14/205 313/93/205 160/61/205
f 209/113/206 294/55/206 295/135/206 208/113/206
f 16/61/207 24/14/207 312/14/207 161/61/207
f 210/119/208 293/56/208 294/55/208 209/113/208
f 118/120/209 305/52/209 306/52/209 117/46/209
f 211/121/210 292/55/210 293/56/210 210/119/210
f 29/42/211 35/56/211 292/55/211 211/121/211
f 158/139/212 315/14/212 316/14/212 157/60/212
f 159/141/213 314/14/213 315/14/213 158/139/213
f 37/25/214 32/59/214 277/138/214 151/99/214
f 274/148/215 234/116/215 235/115/215 275/149/215
f 273/150/216 233/40/216 234/116/216 274/148/216
f 272/149/217 232/40/217 233/40/217 273/150/217
f 119/123/218 304/131/218 305/52/218 118/120/218
f 57/67/219 2/40/219 232/40/219 272/149/219
f 120/124/220 303/52/220 304/131/220 119/123/220
f 270/151/221 263/69/221 262/69/221 271/68/221
f 121/124/222 302/52/222 303/52/222 120/124/222
f 269/70/223 264/69/223 263/69/223 270/151/223
f 65/47/224 33/52/224 302/52/224 121/124/224
f 268/70/225 265/69/225 264/69/225 269/70/225
f 275/149/226 235/115/226 236/40/226 276/66/226
f 11/70/227 20/69/227 266/69/227 267/70/227
f 248/152/228 193/43/228 194/43/228 249/74/228
f 168/27/229 253/72/229 252/71/229 167/27/229
f 247/153/230 192/118/230 193/43/230 248/152/230
f 169/27/231 254/71/231 253/72/231 168/27/231
f 25/74/232 30/44/232 192/118/232 247/153/232
f 170/100/233 255/71/233 254/71/233 169/27/233
f 171/27/234 256/72/234 255/71/234 170/100/234
f 4/28/235 3/72/235 256/72/235 171/27/235
f 250/154/236 195/125/236 196/43/236 251/73/236
f 267/70/237 266/69/237 265/69/237 268/70/237
f 249/74/238 194/43/238 195/125/238 250/154/238
f 225/39/239 218/78/239 217/5/239 226/38/239
f 224/39/240 219/8/240 218/78/240 225/39/240
f 223/39/241 220/79/241 219/8/241 224/39/241
f 240/62/242 125/48/242 126/45/242 241/62/242
f 222/114/243 221/8/243 220/79/243 223/39/243
f 239/144/244 124/122/244 125/48/244 240/62/244
f 19/39/245 8/8/245 221/8/245 222/114/245
f 238/62/246 123/48/246 124/122/246 239/144/246
f 205/155/247 198/76/247 197/76/247 206/75/247
f 237/146/248 122/48/248 123/48/248 238/62/248
f 204/156/249 199/76/249 198/76/249 205/155/249
f 39/62/250 38/48/250 122/48/250 237/146/250
f 284/57/251 274/148/251 275/149/251 283/57/251
f 18/75/252 17/76/252 201/76/252 202/157/252
f 285/134/253 273/150/253 274/148/253 284/57/253
f 253/72/254 185/132/254 186/49/254 252/71/254
f 286/140/255 272/149/255 273/150/255 285/134/255
f 254/71/256 184/128/256 185/132/256 253/72/256
f 255/71/257 183/126/257 184/128/257 254/71/257
f 256/72/258 182/129/258 183/126/258 255/71/258
f 3/72/259 49/51/259 182/129/259 256/72/259
f 203/158/260 200/159/260 199/76/260 204/156/260
f 283/57/261 275/149/261 276/66/261 282/57/261
f 202/157/262 201/76/262 200/159/262 203/158/262
f 228/41/263 333/147/263 332/63/263 227/41/263
f 229/41/264 334/143/264 333/147/264 228/41/264
f 5/57/265 57/67/265 272/149/265 286/140/265
f 230/41/266 335/143/266 334/143/266 229/41/266
f 263/69/267 325/77/267 326/77/267 262/69/267
f 231/117/268 336/142/268 335/143/268 230/41/268
f 264/69/269 324/77/269 325/77/269 263/69/269
f 1/41/270 13/63/270 336/142/270 231/117/270
f 265/69/271 323/77/271 324/77/271 264/69/271
f 325/77/272 205/155/272 206/75/272 326/77/272
f 266/69/273 322/77/273 323/77/273 265/69/273
f 20/69/274 26/77/274 322/77/274 266/69/274
f 299/53/275 269/70/275 270/151/275 298/130/275
f 26/77/276 18/75/276 202/157/276 322/77/276
f 300/54/277 268/70/277 269/70/277 299/53/277
f 198/76/278 250/154/278 251/73/278 197/76/278
f 199/76/279 249/74/279 250/154/279 198/76/279
f 200/159/280 248/152/280 249/74/280 199/76/280
f 201/76/281 247/153/281 248/152/281 200/159/281
f 324/77/282 204/156/282 205/155/282 325/77/282
f 17/76/283 25/74/283 247/153/283 201/76/283
f 323/77/284 203/158/284 204/156/284 324/77/284
f 298/130/285 270/151/285 271/68/285 297/53/285
f 322/77/286 202/157/286 203/158/286 323/77/286
f 301/54/287 267/70/287 268/70/287 300/54/287
f 12/54/288 11/70/288 267/70/288 301/54/288
f 368/160/289 337/161/289 338/162/289 339/163/289 340/164/289 341/165/289 342/166/289 343/167/289 344/168/289 345/169/289 346/170/289 347/171/289 348/172/289 349/173/289 350/174/289 351/175/289 352/176/289 353/177/289 354/178/289 355/179/289 356/180/289 357/181/289 358/182/289 359/183/289 360/184/289 361/185/289 362/186/289 363/187/289 364/188/289 365/189/289 366/190/289 367/191/289
f 368/192/290 400/193/290 369/194/290 337/195/290
f 367/196/291 399/197/291 400/193/291 368/192/291
f 366/198/292 398/199/292 399/197/292 367/196/292
f 365/200/293 397/201/293 398/199/293 366/198/293
f 364/202/294 396/203/294 397/201/294 365/200/294
f 363/204/295 395/205/295 396/203/295 364/202/295
f 362/206/296 394/207/296 395/205/296 363/204/296
f 361/208/297 393/209/297 394/207/297 362/206/297
f 360/210/298 392/211/298 393/209/298 361/208/298
f 359/212/299 391/213/299 392/211/299 360/210/299
f 358/214/300 390/215/300 391/213/300 359/212/300
f 357/216/301 389/217/301 390/215/301 358/214/301
f 356/218/302 388/219/302 389/217/302 357/216/302
f 355/220/303 387/221/303 388/219/303 356/218/303
f 354/222/304 386/223/304 387/221/304 355/220/304
f 353/224/305 385/225/305 386/223/305 354/222/305
f 352/226/306 384/227/306 385/225/306 353/224/306
f 351/228/307 383/229/307 384/227/307 352/226/307
f 350/230/308 382/231/308 383/229/308 351/228/308
f 349/232/309 381/233/309 382/231/309 350/230/309
f 348/234/310 380/235/310 381/233/310 349/232/310
f 347/236/311 379/237/311 380/235/311 348/234/311
f 346/238/312 378/239/312 379/237/312 347/236/312
f 345/240/313 377/241/313 378/239/313 346/238/313
f 344/242/314 376/243/314 377/241/314 345/240/314
f 343/244/315 375/245/315 376/243/315 344/242/315
f 342/246/316 374/247/316 375/245/316 343/244/316
f 341/248/317 373/249/317 374/247/317 342/246/317
f 340/250/318 372/251/318 373/249/318 341/248/318
f 339/252/319 371/253/319 372/251/319 340/250/319
f 338/254/320 370/255/320 371/253/320 339/252/320
f 337/256/321 369/257/321 370/255/321 338/254/321
f 400/193/322 432/258/322 401/259/322 369/194/322
f 399/197/323 431/260/323 432/258/323 400/193/323
f 398/199/324 430/261/324 431/260/324 399/197/324
f 397/201/325 429/262/325 430/261/325 398/199/325
f 396/203/326 428/263/326 429/262/326 397/201/326
f 395/205/327 427/264/327 428/263/327 396/203/327
f 394/207/328 426/265/328 427/264/328 395/205/328
f 393/209/329 425/266/329 426/265/329 394/207/329
f 392/211/330 424/267/330 425/266/330 393/209/330
f 391/213/331 423/268/331 424/267/331 392/211/331
f 390/215/332 422/269/332 423/268/332 391/213/332
f 389/217/333 421/270/333 422/269/333 390/215/333
f 388/219/334 420/271/334 421/270/334 389/217/334
f 387/221/335 419/272/335 420/271/335 388/219/335
f 386/223/336 418/273/336 419/272/336 387/221/336
f 385/225/337 417/274/337 418/273/337 386/223/337
f 384/227/338 416/275/338 417/274/338 385/225/338
f 383/229/339 415/276/339 416/275/339 384/227/339
f 382/231/340 414/277/340 415/276/340 383/229/340
f 381/233/341 413/278/341 414/277/341 382/231/341
f 380/235/342 412/279/342 413/278/342 381/233/342
f 379/237/343 411/280/343 412/279/343 380/235/343
f 378/239/344 410/281/344 411/280/344 379/237/344
f 377/241/345 409/282/345 410/281/345 378/239/345
f 376/243/346 408/283/346 409/282/346 377/241/346
f 375/245/347 407/284/347 408/283/347 376/243/347
f 374/247/348 406/285/348 407/284/348 375/245/348
f 373/249/349 405/286/349 406/285/349 374/247/349
f 372/251/350 404/287/350 405/286/350 373/249/350
f 371/253/351 403/288/351 404/287/351 372/251/351
f 370/255/352 402/289/352 403/288/352 371/253/352
f 369/257/353 401/290/353 402/289/353 370/255/353
f 433/224/354 438/291/354 439/292/354 434/293/354
f 434/293/355 439/292/355 440/294/355 435/295/355
f 764/296/356 602/297/356 441/54/356 436/52/356
f 437/298/357 442/299/357 438/291/357 433/224/357
f 438/291/358 443/300/358 444/301/358 439/292/358
f 439/292/359 444/301/359 445/302/359 440/294/359
f 602/297/360 656/303/360 446/304/360 441/54/360
f 442/299/361 447/305/361 443/300/361 438/291/361
f 443/300/362 448/228/362 449/306/362 444/301/362
f 444/301/363 449/306/363 450/307/363 445/302/363
f 656/303/364 703/308/364 451/69/364 446/304/364
f 447/305/365 452/309/365 448/228/365 443/300/365
f 448/228/366 453/310/366 454/311/366 449/306/366
f 449/306/367 454/311/367 455/312/367 450/307/367
f 703/308/368 757/313/368 456/314/368 451/69/368
f 452/309/369 457/315/369 453/310/369 448/228/369
f 453/310/370 458/316/370 459/317/370 454/311/370
f 454/311/371 459/317/371 460/318/371 455/312/371
f 757/313/372 595/319/372 461/320/372 456/314/372
f 457/315/373 462/321/373 458/316/373 453/310/373
f 458/316/374 463/232/374 464/322/374 459/317/374
f 459/317/375 464/322/375 465/323/375 460/318/375
f 595/319/376 649/324/376 466/76/376 461/320/376
f 462/321/377 467/325/377 463/232/377 458/316/377
f 463/232/378 468/326/378 469/327/378 464/322/378
f 464/322/379 469/327/379 470/328/379 465/323/379
f 649/324/380 701/329/380 471/330/380 466/76/380
f 467/325/381 472/331/381 468/326/381 463/232/381
f 468/326/382 473/332/382 474/333/382 469/327/382
f 469/327/383 474/333/383 475/334/383 470/328/383
f 701/329/384 755/335/384 476/336/384 471/330/384
f 472/331/385 477/337/385 473/332/385 468/326/385
f 473/332/386 478/236/386 479/338/386 474/333/386
f 474/333/387 479/338/387 480/339/387 475/334/387
f 755/335/388 593/340/388 481/12/388 476/336/388
f 477/337/389 482/341/389 478/236/389 473/332/389
f 478/236/390 483/342/390 484/343/390 479/338/390
f 479/338/391 484/343/391 485/344/391 480/339/391
f 593/340/392 647/345/392 486/346/392 481/12/392
f 482/341/393 487/347/393 483/342/393 478/236/393
f 483/342/394 488/348/394 489/349/394 484/343/394
f 484/343/395 489/349/395 490/350/395 485/344/395
f 647/345/396 694/351/396 491/352/396 486/346/396
f 487/347/397 492/353/397 488/348/397 483/342/397
f 488/348/398 493/240/398 494/354/398 489/349/398
f 489/349/399 494/354/399 495/355/399 490/350/399
f 694/351/400 748/356/400 496/55/400 491/352/400
f 492/353/401 497/357/401 493/240/401 488/348/401
f 493/240/402 498/358/402 499/359/402 494/354/402
f 494/354/403 499/359/403 500/360/403 495/355/403
f 748/356/404 586/361/404 501/30/404 496/55/404
f 497/357/405 502/362/405 498/358/405 493/240/405
f 498/358/406 503/363/406 504/364/406 499/359/406
f 499/359/407 504/364/407 505/365/407 500/360/407
f 586/361/408 640/366/408 506/367/408 501/30/408
f 502/362/409 507/368/409 503/363/409 498/358/409
f 503/363/410 508/244/410 509/369/410 504/364/410
f 504/364/411 509/369/411 510/370/411 505/365/411
f 640/366/412 692/371/412 511/372/412 506/367/412
f 507/368/413 512/373/413 508/244/413 503/363/413
f 508/244/414 513/374/414 514/375/414 509/369/414
f 509/369/415 514/375/415 515/376/415 510/370/415
f 692/371/416 746/377/416 516/24/416 511/372/416
f 512/373/417 517/378/417 513/374/417 508/244/417
f 513/374/418 518/379/418 519/380/418 514/375/418
f 514/375/419 519/380/419 520/381/419 515/376/419
f 746/377/420 584/382/420 521/59/420 516/24/420
f 517/378/421 522/383/421 518/379/421 513/374/421
f 518/379/422 523/248/422 524/384/422 519/380/422
f 519/380/423 524/384/423 525/385/423 520/381/423
f 584/382/424 638/386/424 526/33/424 521/59/424
f 522/383/425 527/387/425 523/248/425 518/379/425
f 523/248/426 528/388/426 529/389/426 524/384/426
f 524/384/427 529/389/427 530/390/427 525/385/427
f 638/386/428 685/391/428 531/392/428 526/33/428
f 527/387/429 532/393/429 528/388/429 523/248/429
f 528/388/430 533/394/430 534/395/430 529/389/430
f 529/389/431 534/395/431 535/396/431 530/390/431
f 685/391/432 739/397/432 536/108/432 531/392/432
f 532/393/433 537/398/433 533/394/433 528/388/433
f 533/394/434 538/252/434 539/399/434 534/395/434
f 534/395/435 539/399/435 540/400/435 535/396/435
f 739/397/436 577/401/436 541/88/436 536/108/436
f 537/398/437 542/402/437 538/252/437 533/394/437
f 538/252/438 543/403/438 544/404/438 539/399/438
f 539/399/439 544/404/439 545/405/439 540/400/439
f 577/401/440 631/406/440 546/87/440 541/88/440
f 542/402/441 547/407/441 543/403/441 538/252/441
f 543/403/442 548/408/442 549/409/442 544/404/442
f 544/404/443 549/409/443 550/410/443 545/405/443
f 631/406/444 683/411/444 551/412/444 546/87/444
f 765/413/445 603/414/445 602/297/445 764/296/445
f 547/407/446 552/415/446 548/408/446 543/403/446
f 548/408/447 553/256/447 554/416/447 549/409/447
f 549/409/448 554/416/448 555/417/448 550/410/448
f 683/411/449 737/418/449 556/419/449 551/412/449
f 435/295/450 440/294/450 603/414/450 765/413/450
f 603/414/451 657/420/451 656/303/451 602/297/451
f 440/294/452 445/302/452 657/420/452 603/414/452
f 657/420/453 704/421/453 703/308/453 656/303/453
f 552/415/454 561/422/454 553/256/454 548/408/454
f 553/423/455 562/424/455 563/425/455 554/426/455
f 554/426/456 563/425/456 564/427/456 555/428/456
f 737/429/457 575/430/457 565/431/457 556/432/457
f 445/302/458 450/307/458 704/421/458 657/420/458
f 704/421/459 758/433/459 757/313/459 703/308/459
f 450/307/460 455/312/460 758/433/460 704/421/460
f 758/433/461 596/434/461 595/319/461 757/313/461
f 561/435/462 570/436/462 562/424/462 553/423/462
f 562/424/463 571/437/463 572/438/463 563/425/463
f 563/425/464 572/438/464 573/439/464 564/427/464
f 575/430/465 629/440/465 574/441/465 565/431/465
f 596/434/466 650/442/466 649/324/466 595/319/466
f 455/312/467 460/318/467 596/434/467 758/433/467
f 460/318/468 465/323/468 650/442/468 596/434/468
f 650/442/469 702/443/469 701/329/469 649/324/469
f 570/436/470 579/444/470 571/437/470 562/424/470
f 571/437/471 580/196/471 581/445/471 572/438/471
f 572/438/472 581/445/472 582/446/472 573/439/472
f 629/440/473 676/447/473 583/40/473 574/441/473
f 465/323/474 470/328/474 702/443/474 650/442/474
f 702/443/475 756/448/475 755/335/475 701/329/475
f 470/328/476 475/334/476 756/448/476 702/443/476
f 756/448/477 594/449/477 593/340/477 755/335/477
f 579/444/478 588/450/478 580/196/478 571/437/478
f 580/196/479 589/451/479 590/452/479 581/445/479
f 581/445/480 590/452/480 591/453/480 582/446/480
f 676/447/481 730/454/481 592/117/481 583/40/481
f 475/334/482 480/339/482 594/449/482 756/448/482
f 594/449/483 648/455/483 647/345/483 593/340/483
f 480/339/484 485/344/484 648/455/484 594/449/484
f 648/455/485 695/456/485 694/351/485 647/345/485
f 588/450/486 597/457/486 589/451/486 580/196/486
f 589/451/487 598/458/487 599/459/487 590/452/487
f 590/452/488 599/459/488 600/460/488 591/453/488
f 730/454/489 568/461/489 601/462/489 592/117/489
f 485/344/490 490/350/490 695/456/490 648/455/490
f 695/456/491 749/463/491 748/356/491 694/351/491
f 490/350/492 495/355/492 749/463/492 695/456/492
f 749/463/493 587/464/493 586/361/493 748/356/493
f 597/457/494 606/465/494 598/458/494 589/451/494
f 598/458/495 607/200/495 608/466/495 599/459/495
f 599/459/496 608/466/496 609/467/496 600/460/496
f 568/461/497 622/468/497 610/64/497 601/462/497
f 587/464/498 641/469/498 640/366/498 586/361/498
f 495/355/499 500/360/499 587/464/499 749/463/499
f 500/360/500 505/365/500 641/469/500 587/464/500
f 641/469/501 693/470/501 692/371/501 640/366/501
f 606/465/502 615/471/502 607/200/502 598/458/502
f 607/200/503 616/472/503 617/473/503 608/466/503
f 608/466/504 617/473/504 618/474/504 609/467/504
f 622/468/505 674/475/505 619/94/505 610/64/505
f 505/365/506 510/370/506 693/470/506 641/469/506
f 693/470/507 747/476/507 746/377/507 692/371/507
f 510/370/508 515/376/508 747/476/508 693/470/508
f 747/476/509 585/477/509 584/382/509 746/377/509
f 615/471/510 624/478/510 616/472/510 607/200/510
f 616/472/511 625/479/511 626/480/511 617/473/511
f 617/473/512 626/480/512 627/481/512 618/474/512
f 674/475/513 728/482/513 628/483/513 619/94/513
f 515/376/514 520/381/514 585/477/514 747/476/514
f 585/477/515 639/484/515 638/386/515 584/382/515
f 520/381/516 525/385/516 639/484/516 585/477/516
f 639/484/517 686/485/517 685/391/517 638/386/517
f 624/478/518 633/486/518 625/479/518 616/472/518
f 625/479/519 634/204/519 635/487/519 626/480/519
f 626/480/520 635/487/520 636/488/520 627/481/520
f 728/482/521 566/489/521 637/38/521 628/483/521
f 525/385/522 530/390/522 686/485/522 639/484/522
f 686/485/523 740/490/523 739/397/523 685/391/523
f 530/390/524 535/396/524 740/490/524 686/485/524
f 740/490/525 578/491/525 577/401/525 739/397/525
f 633/486/526 642/492/526 634/204/526 625/479/526
f 634/204/527 643/493/527 644/494/527 635/487/527
f 635/487/528 644/494/528 645/495/528 636/488/528
f 566/489/529 620/496/529 646/78/529 637/38/529
f 578/491/530 632/497/530 631/406/530 577/401/530
f 535/396/531 540/400/531 578/491/531 740/490/531
f 540/400/532 545/405/532 632/497/532 578/491/532
f 632/497/533 684/498/533 683/411/533 631/406/533
f 642/492/534 651/499/534 643/493/534 634/204/534
f 643/493/535 652/500/535 653/501/535 644/494/535
f 644/494/536 653/501/536 654/502/536 645/495/536
f 620/496/537 667/503/537 655/504/537 646/78/537
f 545/405/538 550/410/538 684/498/538 632/497/538
f 684/498/539 738/505/539 737/418/539 683/411/539
f 550/410/540 555/417/540 738/505/540 684/498/540
f 738/506/541 576/507/541 575/430/541 737/429/541
f 651/499/542 660/508/542 652/500/542 643/493/542
f 652/500/543 661/208/543 662/509/543 653/501/543
f 653/501/544 662/509/544 663/510/544 654/502/544
f 667/503/545 721/511/545 664/61/545 655/504/545
f 555/428/546 564/427/546 576/507/546 738/506/546
f 576/507/547 630/512/547 629/440/547 575/430/547
f 564/427/548 573/439/548 630/512/548 576/507/548
f 630/512/549 677/513/549 676/447/549 629/440/549
f 660/508/550 669/514/550 661/208/550 652/500/550
f 661/208/551 670/515/551 671/516/551 662/509/551
f 662/509/552 671/516/552 672/517/552 663/510/552
f 721/511/553 559/518/553 673/519/553 664/61/553
f 573/439/554 582/446/554 677/513/554 630/512/554
f 677/513/555 731/520/555 730/454/555 676/447/555
f 582/446/556 591/453/556 731/520/556 677/513/556
f 731/520/557 569/521/557 568/461/557 730/454/557
f 669/514/558 678/522/558 670/515/558 661/208/558
f 670/515/559 679/523/559 680/524/559 671/516/559
f 671/516/560 680/524/560 681/525/560 672/517/560
f 559/518/561 613/526/561 682/16/561 673/519/561
f 569/521/562 623/527/562 622/468/562 568/461/562
f 591/453/563 600/460/563 569/521/563 731/520/563
f 600/460/564 609/467/564 623/527/564 569/521/564
f 623/527/565 675/528/565 674/475/565 622/468/565
f 678/522/566 687/529/566 679/523/566 670/515/566
f 679/523/567 688/212/567 689/530/567 680/524/567
f 680/524/568 689/530/568 690/531/568 681/525/568
f 613/526/569 665/532/569 691/103/569 682/16/569
f 609/467/570 618/474/570 675/528/570 623/527/570
f 675/528/571 729/533/571 728/482/571 674/475/571
f 618/474/572 627/481/572 729/533/572 675/528/572
f 729/533/573 567/534/573 566/489/573 728/482/573
f 687/529/574 696/535/574 688/212/574 679/523/574
f 688/212/575 697/536/575 698/537/575 689/530/575
f 689/530/576 698/537/576 699/538/576 690/531/576
f 665/532/577 719/539/577 700/26/577 691/103/577
f 627/481/578 636/488/578 567/534/578 729/533/578
f 567/534/579 621/540/579 620/496/579 566/489/579
f 636/488/580 645/495/580 621/540/580 567/534/580
f 621/540/581 668/541/581 667/503/581 620/496/581
f 696/535/582 705/542/582 697/536/582 688/212/582
f 697/536/583 706/543/583 707/544/583 698/537/583
f 698/537/584 707/544/584 708/545/584 699/538/584
f 719/539/585 557/546/585 709/28/585 700/26/585
f 645/495/586 654/502/586 668/541/586 621/540/586
f 668/541/587 722/547/587 721/511/587 667/503/587
f 654/502/588 663/510/588 722/547/588 668/541/588
f 722/547/589 560/548/589 559/518/589 721/511/589
f 705/542/590 714/549/590 706/543/590 697/536/590
f 706/543/591 715/216/591 716/550/591 707/544/591
f 707/544/592 716/550/592 717/551/592 708/545/592
f 557/546/593 611/552/593 718/553/593 709/28/593
f 560/548/594 614/554/594 613/526/594 559/518/594
f 663/510/595 672/517/595 560/548/595 722/547/595
f 672/517/596 681/525/596 614/554/596 560/548/596
f 614/554/597 666/555/597 665/532/597 613/526/597
f 714/549/598 723/556/598 715/216/598 706/543/598
f 715/216/599 724/557/599 725/558/599 716/550/599
f 716/550/600 725/558/600 726/559/600 717/551/600
f 611/552/601 712/560/601 727/561/601 718/553/601
f 681/525/602 690/531/602 666/555/602 614/554/602
f 666/555/603 720/562/603 719/539/603 665/532/603
f 690/531/604 699/538/604 720/562/604 666/555/604
f 720/562/605 558/563/605 557/546/605 719/539/605
f 723/556/606 732/564/606 724/557/606 715/216/606
f 724/557/607 733/565/607 734/566/607 725/558/607
f 725/558/608 734/566/608 735/567/608 726/559/608
f 712/560/609 766/568/609 736/569/609 727/561/609
f 699/538/610 708/545/610 558/563/610 720/562/610
f 558/563/611 612/570/611 611/552/611 557/546/611
f 708/545/612 717/551/612 612/570/612 558/563/612
f 612/570/613 713/571/613 712/560/613 611/552/613
f 732/564/614 741/572/614 733/565/614 724/557/614
f 733/565/615 742/220/615 743/573/615 734/566/615
f 734/566/616 743/573/616 744/574/616 735/567/616
f 766/568/617 604/575/617 745/62/617 736/569/617
f 717/551/618 726/559/618 713/571/618 612/570/618
f 713/571/619 767/576/619 766/568/619 712/560/619
f 726/559/620 735/567/620 767/576/620 713/571/620
f 767/576/621 605/577/621 604/575/621 766/568/621
f 741/572/622 750/578/622 742/220/622 733/565/622
f 742/220/623 751/579/623 752/580/623 743/573/623
f 743/573/624 752/580/624 753/581/624 744/574/624
f 604/575/625 658/582/625 754/583/625 745/62/625
f 605/577/626 659/584/626 658/582/626 604/575/626
f 735/567/627 744/574/627 605/577/627 767/576/627
f 659/584/628 711/585/628 710/586/628 658/582/628
f 750/578/629 759/587/629 751/579/629 742/220/629
f 751/579/630 760/588/630 761/589/630 752/580/630
f 752/580/631 761/589/631 762/590/631 753/581/631
f 658/582/632 710/586/632 763/591/632 754/583/632
f 753/581/633 762/590/633 711/585/633 659/584/633
f 744/574/634 753/581/634 659/584/634 605/577/634
f 711/585/635 765/413/635 764/296/635 710/586/635
f 762/590/636 435/295/636 765/413/636 711/585/636
f 759/587/637 768/592/637 760/588/637 751/579/637
f 760/588/638 433/224/638 434/293/638 761/589/638
f 761/589/639 434/293/639 435/295/639 762/590/639
f 710/586/640 764/296/640 436/52/640 763/591/640
f 768/592/641 437/298/641 433/224/641 760/588/641
f 763/591/642 436/52/642 441/54/642 446/304/642 451/69/642 456/314/642 461/320/642 466/76/642 471/330/642 476/336/642 481/12/642 486/346/642 491/352/642 496/55/642 501/30/642 506/367/642 511/372/642 516/24/642 521/59/642 526/33/642 531/392/642 536/108/642 541/88/642 546/87/642 551/412/642 556/432/642 565/431/642 574/441/642 583/40/642 592/117/642 601/462/642 610/64/642 619/94/642 628/483/642 637/38/642 646/78/642 655/504/642 664/61/642 673/519/642 682/16/642 691/103/642 700/26/642 709/28/642 718/553/642 727/561/642 736/569/642 745/62/642 754/583/642
f 782/30/289 781/55/289 780/352/289 779/346/289 778/12/289 777/336/289 776/330/289 775/76/289 774/320/289 773/314/289 772/69/289 771/304/289 770/54/289 769/52/289 816/591/289 815/583/289 814/62/289 813/569/289 812/561/289 811/553/289 810/28/289 809/26/289 808/103/289 807/16/289 806/519/289 805/61/289 804/504/289 803/78/289 802/38/289 801/483/289 800/94/289 799/64/289 798/462/289 797/117/289 796/40/289 795/441/289 794/431/289 793/432/289 792/412/289 791/87/289 790/88/289 789/108/289 788/392/289 787/33/289 786/59/289 785/24/289 784/372/289 783/367/289
f 799/64/643 800/94/643 856/94/643 997/593/643
f 997/593/644 856/94/644 855/94/644 998/64/644
f 998/64/645 855/94/645 854/94/645 999/64/645
f 999/64/646 854/94/646 853/94/646 1000/65/646
f 1000/65/647 853/94/647 10/23/647 73/65/647
f 816/591/648 769/52/648 948/52/648 993/594/648
f 993/594/649 948/52/649 947/52/649 994/591/649
f 994/591/650 947/52/650 946/52/650 995/123/650
f 995/123/651 946/52/651 945/52/651 996/47/651
f 996/47/652 945/52/652 33/52/652 65/47/652
f 806/519/653 807/16/653 876/16/653 909/595/653
f 909/595/654 876/16/654 875/16/654 910/595/654
f 910/595/655 875/16/655 874/16/655 911/595/655
f 911/595/656 874/16/656 873/16/656 912/14/656
f 912/14/657 873/16/657 15/16/657 24/14/657
f 792/412/658 793/432/658 840/596/658 1001/597/658
f 1001/597/659 840/596/659 839/432/659 1002/597/659
f 1002/597/660 839/432/660 838/432/660 1003/597/660
f 1003/597/661 838/432/661 837/432/661 1004/4/661
f 1004/4/662 837/432/662 6/3/662 81/4/662
f 795/441/663 796/40/663 824/598/663 989/599/663
f 989/599/664 824/598/664 823/40/664 990/150/664
f 990/150/665 823/40/665 822/40/665 991/150/665
f 991/150/666 822/40/666 821/40/666 992/67/666
f 992/67/667 821/40/667 2/40/667 57/67/667
f 813/569/668 814/62/668 972/600/668 1005/601/668
f 1005/601/669 972/600/669 971/62/669 1006/602/669
f 1006/602/670 971/62/670 970/62/670 1007/569/670
f 1007/569/671 970/62/671 969/62/671 1008/50/671
f 1008/50/672 969/62/672 39/62/672 89/50/672
f 802/38/673 803/78/673 848/78/673 889/38/673
f 889/38/674 848/78/674 847/78/674 890/38/674
f 890/38/675 847/78/675 846/78/675 891/38/675
f 891/38/676 846/78/676 845/8/676 892/39/676
f 892/39/677 845/8/677 8/8/677 19/39/677
f 812/561/678 813/569/678 1005/601/678 985/49/678
f 985/49/679 1005/601/679 1006/602/679 986/49/679
f 986/49/680 1006/602/680 1007/569/680 987/49/680
f 987/49/681 1007/569/681 1008/50/681 988/129/681
f 988/129/682 1008/50/682 89/50/682 49/51/682
f 791/87/683 792/412/683 1001/597/683 977/603/683
f 977/603/684 1001/597/684 1002/597/684 978/603/684
f 978/603/685 1002/597/685 1003/597/685 979/10/685
f 979/10/686 1003/597/686 1004/4/686 980/10/686
f 980/10/687 1004/4/687 81/4/687 41/10/687
f 798/462/688 799/64/688 997/593/688 865/462/688
f 865/462/689 997/593/689 998/64/689 866/147/689
f 866/147/690 998/64/690 999/64/690 867/462/690
f 867/462/691 999/64/691 1000/65/691 868/63/691
f 868/63/692 1000/65/692 73/65/692 13/63/692
f 789/108/693 790/88/693 984/604/693 973/605/693
f 973/605/694 984/604/694 983/88/694 974/605/694
f 974/605/695 983/88/695 982/91/695 975/606/695
f 975/606/696 982/91/696 981/91/696 976/108/696
f 976/108/697 981/91/697 48/11/697 40/37/697
f 815/583/698 816/591/698 993/594/698 965/48/698
f 965/48/699 993/594/699 994/591/699 966/607/699
f 966/607/700 994/591/700 995/123/700 967/608/700
f 967/608/701 995/123/701 996/47/701 968/583/701
f 968/583/702 996/47/702 65/47/702 38/48/702
f 794/431/703 795/441/703 989/599/703 833/57/703
f 833/57/704 989/599/704 990/150/704 834/57/704
f 834/57/705 990/150/705 991/150/705 835/57/705
f 835/57/706 991/150/706 992/67/706 836/57/706
f 836/57/707 992/67/707 57/67/707 5/57/707
f 785/24/708 786/59/708 944/609/708 961/101/708
f 961/101/709 944/609/709 943/138/709 962/610/709
f 962/610/710 943/138/710 942/59/710 963/101/710
f 963/101/711 942/59/711 941/59/711 964/24/711
f 964/24/712 941/59/712 32/59/712 37/25/712
f 811/553/713 812/561/713 985/49/713 825/553/713
f 825/553/714 985/49/714 986/49/714 826/553/714
f 826/553/715 986/49/715 987/49/715 827/553/715
f 827/553/716 987/49/716 988/129/716 828/72/716
f 828/72/717 988/129/717 49/51/717 3/72/717
f 790/88/718 791/87/718 977/603/718 984/604/718
f 984/604/719 977/603/719 978/603/719 983/88/719
f 983/88/720 978/603/720 979/10/720 982/91/720
f 982/91/721 979/10/721 980/10/721 981/91/721
f 981/91/722 980/10/722 41/10/722 48/11/722
f 781/55/723 782/30/723 928/106/723 953/55/723
f 953/55/724 928/106/724 927/106/724 954/55/724
f 954/55/725 927/106/725 926/30/725 955/55/725
f 955/55/726 926/30/726 925/104/726 956/56/726
f 956/56/727 925/104/727 28/30/727 35/56/727
f 788/392/728 789/108/728 973/605/728 957/34/728
f 957/34/729 973/605/729 974/605/729 958/611/729
f 958/611/730 974/605/730 975/606/730 959/392/730
f 959/392/731 975/606/731 976/108/731 960/35/731
f 960/35/732 976/108/732 40/37/732 36/35/732
f 814/62/733 815/583/733 965/48/733 972/600/733
f 972/600/734 965/48/734 966/607/734 971/62/734
f 971/62/735 966/607/735 967/608/735 970/62/735
f 970/62/736 967/608/736 968/583/736 969/62/736
f 969/62/737 968/583/737 38/48/737 39/62/737
f 777/336/738 778/12/738 908/612/738 933/336/738
f 933/336/739 908/612/739 907/12/739 934/613/739
f 934/613/740 907/12/740 906/12/740 935/613/740
f 935/613/741 906/12/741 905/12/741 936/44/741
f 936/44/742 905/12/742 23/12/742 30/44/742
f 784/372/743 785/24/743 961/101/743 949/372/743
f 949/372/744 961/101/744 962/610/744 950/372/744
f 950/372/745 962/610/745 963/101/745 951/614/745
f 951/614/746 963/101/746 964/24/746 952/19/746
f 952/19/747 964/24/747 37/25/747 34/19/747
f 787/33/748 788/392/748 957/34/748 937/33/748
f 937/33/749 957/34/749 958/611/749 938/615/749
f 938/615/750 958/611/750 959/392/750 939/33/750
f 939/33/751 959/392/751 960/35/751 940/36/751
f 940/36/752 960/35/752 36/35/752 31/36/752
f 773/314/753 774/320/753 888/616/753 917/617/753
f 917/617/754 888/616/754 887/75/754 918/77/754
f 918/77/755 887/75/755 886/75/755 919/77/755
f 919/77/756 886/75/756 885/75/756 920/77/756
f 920/77/757 885/75/757 18/75/757 26/77/757
f 780/352/758 781/55/758 953/55/758 929/618/758
f 929/618/759 953/55/759 954/55/759 930/352/759
f 930/352/760 954/55/760 955/55/760 931/352/760
f 931/352/761 955/55/761 956/56/761 932/619/761
f 932/619/762 956/56/762 35/56/762 29/42/762
f 783/367/763 784/372/763 949/372/763 921/620/763
f 921/620/764 949/372/764 950/372/764 922/620/764
f 922/620/765 950/372/765 951/614/765 923/620/765
f 923/620/766 951/614/766 952/19/766 924/95/766
f 924/95/767 952/19/767 34/19/767 27/20/767
f 769/52/768 770/54/768 864/621/768 948/52/768
f 948/52/769 864/621/769 863/53/769 947/52/769
f 947/52/770 863/53/770 862/54/770 946/52/770
f 946/52/771 862/54/771 861/54/771 945/52/771
f 945/52/772 861/54/772 12/54/772 33/52/772
f 786/59/773 787/33/773 937/33/773 944/609/773
f 944/609/774 937/33/774 938/615/774 943/138/774
f 943/138/775 938/615/775 939/33/775 942/59/775
f 942/59/776 939/33/776 940/36/776 941/59/776
f 941/59/777 940/36/777 31/36/777 32/59/777
f 776/330/778 777/336/778 933/336/778 913/154/778
f 913/154/779 933/336/779 934/613/779 914/74/779
f 914/74/780 934/613/780 935/613/780 915/74/780
f 915/74/781 935/613/781 936/44/781 916/74/781
f 916/74/782 936/44/782 30/44/782 25/74/782
f 779/346/783 780/352/783 929/618/783 901/622/783
f 901/622/784 929/618/784 930/352/784 902/622/784
f 902/622/785 930/352/785 931/352/785 903/622/785
f 903/622/786 931/352/786 932/619/786 904/13/786
f 904/13/787 932/619/787 29/42/787 22/13/787
f 809/26/788 810/28/788 832/623/788 897/26/788
f 897/26/789 832/623/789 831/27/789 898/29/789
f 898/29/790 831/27/790 830/27/790 899/29/790
f 899/29/791 830/27/791 829/28/791 900/29/791
f 900/29/792 829/28/792 4/28/792 21/29/792
f 782/30/793 783/367/793 921/620/793 928/106/793
f 928/106/794 921/620/794 922/620/794 927/106/794
f 927/106/795 922/620/795 923/620/795 926/30/795
f 926/30/796 923/620/796 924/95/796 925/104/796
f 925/104/797 924/95/797 27/20/797 28/30/797
f 772/69/798 773/314/798 917/617/798 893/624/798
f 893/624/799 917/617/799 918/77/799 894/625/799
f 894/625/800 918/77/800 919/77/800 895/625/800
f 895/625/801 919/77/801 920/77/801 896/69/801
f 896/69/802 920/77/802 26/77/802 20/69/802
f 775/76/803 776/330/803 913/154/803 881/626/803
f 881/626/804 913/154/804 914/74/804 882/627/804
f 882/627/805 914/74/805 915/74/805 883/627/805
f 883/627/806 915/74/806 916/74/806 884/76/806
f 884/76/807 916/74/807 25/74/807 17/76/807
f 805/61/808 806/519/808 909/595/808 877/60/808
f 877/60/809 909/595/809 910/595/809 878/60/809
f 878/60/810 910/595/810 911/595/810 879/60/810
f 879/60/811 911/595/811 912/14/811 880/61/811
f 880/61/812 912/14/812 24/14/812 16/61/812
f 778/12/813 779/346/813 901/622/813 908/612/813
f 908/612/814 901/622/814 902/622/814 907/12/814
f 907/12/815 902/622/815 903/622/815 906/12/815
f 906/12/816 903/622/816 904/13/816 905/12/816
f 905/12/817 904/13/817 22/13/817 23/12/817
f 808/103/818 809/26/818 897/26/818 869/103/818
f 869/103/819 897/26/819 898/29/819 870/103/819
f 870/103/820 898/29/820 899/29/820 871/103/820
f 871/103/821 899/29/821 900/29/821 872/32/821
f 872/32/822 900/29/822 21/29/822 14/32/822
f 771/304/823 772/69/823 893/624/823 857/628/823
f 857/628/824 893/624/824 894/625/824 858/629/824
f 858/629/825 894/625/825 895/625/825 859/629/825
f 859/629/826 895/625/826 896/69/826 860/70/826
f 860/70/827 896/69/827 20/69/827 11/70/827
f 801/483/828 802/38/828 889/38/828 849/630/828
f 849/630/829 889/38/829 890/38/829 850/631/829
f 850/631/830 890/38/830 891/38/830 851/631/830
f 851/631/831 891/38/831 892/39/831 852/22/831
f 852/22/832 892/39/832 19/39/832 9/22/832
f 774/320/833 775/76/833 881/626/833 888/616/833
f 888/616/834 881/626/834 882/627/834 887/75/834
f 887/75/835 882/627/835 883/627/835 886/75/835
f 886/75/836 883/627/836 884/76/836 885/75/836
f 885/75/837 884/76/837 17/76/837 18/75/837
f 804/504/838 805/61/838 877/60/838 841/632/838
f 841/632/839 877/60/839 878/60/839 842/504/839
f 842/504/840 878/60/840 879/60/840 843/633/840
f 843/633/841 879/60/841 880/61/841 844/634/841
f 844/634/842 880/61/842 16/61/842 7/7/842
f 807/16/843 808/103/843 869/103/843 876/16/843
f 876/16/844 869/103/844 870/103/844 875/16/844
f 875/16/845 870/103/845 871/103/845 874/16/845
f 874/16/846 871/103/846 872/32/846 873/16/846
f 873/16/847 872/32/847 14/32/847 15/16/847
f 797/117/848 798/462/848 865/462/848 817/635/848
f 817/635/849 865/462/849 866/147/849 818/41/849
f 818/41/850 866/147/850 867/462/850 819/41/850
f 819/41/851 867/462/851 868/63/851 820/41/851
f 820/41/852 868/63/852 13/63/852 1/41/852
f 770/54/853 771/304/853 857/628/853 864/621/853
f 864/621/854 857/628/854 858/629/854 863/53/854
f 863/53/855 858/629/855 859/629/855 862/54/855
f 862/54/856 859/629/856 860/70/856 861/54/856
f 861/54/857 860/70/857 11/70/857 12/54/857
f 800/94/858 801/483/858 849/630/858 856/94/858
f 856/94/859 849/630/859 850/631/859 855/94/859
f 855/94/860 850/631/860 851/631/860 854/94/860
f 854/94/861 851/631/861 852/22/861 853/94/861
f 853/94/862 852/22/862 9/22/862 10/23/862
f 803/78/863 804/504/863 841/632/863 848/78/863
f 848/78/864 841/632/864 842/504/864 847/78/864
f 847/78/865 842/504/865 843/633/865 846/78/865
f 846/78/866 843/633/866 844/634/866 845/8/866
f 845/8/867 844/634/867 7/7/867 8/8/867
f 793/432/868 794/431/868 833/57/868 840/596/868
f 840/596/869 833/57/869 834/57/869 839/432/869
f 839/432/870 834/57/870 835/57/870 838/432/870
f 838/432/871 835/57/871 836/57/871 837/432/871
f 837/432/872 836/57/872 5/57/872 6/3/872
f 810/28/873 811/553/873 825/553/873 832/623/873
f 832/623/874 825/553/874 826/553/874 831/27/874
f 831/27/875 826/553/875 827/553/875 830/27/875
f 830/27/876 827/553/876 828/72/876 829/28/876
f 829/28/877 828/72/877 3/72/877 4/28/877
f 796/40/878 797/117/878 817/635/878 824/598/878
f 824/598/879 817/635/879 818/41/879 823/40/879
f 823/40/880 818/41/880 819/41/880 822/40/880
f 822/40/881 819/41/881 820/41/881 821/40/881
f 821/40/882 820/41/882 1/41/882 2/40/882
f 1009/636/883 1015/637/883 1016/638/883 1010/639/883
f 1010/639/884 1016/638/884 1017/640/884 1011/641/884
f 1264/642/885 1270/642/885 1515/643/885 1510/644/885
f 1013/645/886 1019/646/886 1020/647/886 1014/648/886
f 1014/648/887 1020/647/887 1015/637/887 1009/636/887
f 1015/637/888 1021/649/888 1022/650/888 1016/638/888
f 1016/638/889 1022/650/889 1023/651/889 1017/640/889
f 1258/642/890 1264/642/890 1510/644/890 1505/652/890
f 1019/646/891 1025/653/891 1026/654/891 1020/647/891
f 1020/647/892 1026/654/892 1021/649/892 1015/637/892
f 1021/649/893 1027/655/893 1028/656/893 1022/650/893
f 1022/650/894 1028/656/894 1029/657/894 1023/651/894
f 1252/642/895 1258/642/895 1505/652/895 1500/658/895
f 1025/653/896 1031/659/896 1032/660/896 1026/654/896
f 1026/654/897 1032/660/897 1027/655/897 1021/649/897
f 1027/655/898 1033/661/898 1034/662/898 1028/656/898
f 1028/656/899 1034/662/899 1035/663/899 1029/657/899
f 1246/642/900 1252/642/900 1500/658/900 1495/664/900
f 1031/659/901 1037/665/901 1038/666/901 1032/660/901
f 1032/660/902 1038/666/902 1033/661/902 1027/655/902
f 1033/661/903 1039/667/903 1040/668/903 1034/662/903
f 1034/662/904 1040/668/904 1041/669/904 1035/663/904
f 1240/642/905 1246/642/905 1495/664/905 1490/670/905
f 1037/665/906 1043/671/906 1044/672/906 1038/666/906
f 1038/666/907 1044/672/907 1039/667/907 1033/661/907
f 1039/667/908 1045/673/908 1046/674/908 1040/668/908
f 1040/668/909 1046/674/909 1047/675/909 1041/669/909
f 1234/642/910 1240/642/910 1490/670/910 1485/676/910
f 1043/671/911 1049/677/911 1050/678/911 1044/672/911
f 1044/672/912 1050/678/912 1045/673/912 1039/667/912
f 1045/673/913 1051/679/913 1052/680/913 1046/674/913
f 1046/674/914 1052/680/914 1053/681/914 1047/675/914
f 1228/642/915 1234/642/915 1485/676/915 1480/682/915
f 1049/677/916 1055/683/916 1056/684/916 1050/678/916
f 1050/678/917 1056/684/917 1051/679/917 1045/673/917
f 1051/679/918 1057/685/918 1058/686/918 1052/680/918
f 1052/680/919 1058/686/919 1059/687/919 1053/681/919
f 1222/642/920 1228/642/920 1480/682/920 1475/688/920
f 1055/683/921 1061/689/921 1062/690/921 1056/684/921
f 1056/684/922 1062/690/922 1057/685/922 1051/679/922
f 1057/685/923 1063/691/923 1064/692/923 1058/686/923
f 1058/686/924 1064/692/924 1065/693/924 1059/687/924
f 1216/642/925 1222/642/925 1475/688/925 1470/694/925
f 1061/689/926 1067/695/926 1068/696/926 1062/690/926
f 1062/690/927 1068/696/927 1063/691/927 1057/685/927
f 1063/691/928 1069/697/928 1070/698/928 1064/692/928
f 1064/692/929 1070/698/929 1071/699/929 1065/693/929
f 1210/642/930 1216/642/930 1470/694/930 1465/700/930
f 1067/695/931 1073/701/931 1074/702/931 1068/696/931
f 1068/696/932 1074/702/932 1069/697/932 1063/691/932
f 1069/697/933 1075/703/933 1076/704/933 1070/698/933
f 1070/698/934 1076/704/934 1077/705/934 1071/699/934
f 1204/642/935 1210/642/935 1465/700/935 1460/706/935
f 1073/701/936 1079/707/936 1080/708/936 1074/702/936
f 1074/702/937 1080/708/937 1075/703/937 1069/697/937
f 1075/703/938 1081/709/938 1082/710/938 1076/704/938
f 1076/704/939 1082/710/939 1083/711/939 1077/705/939
f 1198/642/940 1204/642/940 1460/706/940 1455/712/940
f 1079/707/941 1085/713/941 1086/714/941 1080/708/941
f 1080/708/942 1086/714/942 1081/709/942 1075/703/942
f 1081/709/943 1087/715/943 1088/716/943 1082/710/943
f 1082/710/944 1088/716/944 1089/717/944 1083/711/944
f 1192/642/945 1198/642/945 1455/712/945 1450/718/945
f 1085/713/946 1091/719/946 1092/720/946 1086/714/946
f 1086/714/947 1092/720/947 1087/715/947 1081/709/947
f 1087/715/948 1093/721/948 1094/722/948 1088/716/948
f 1088/716/949 1094/722/949 1095/723/949 1089/717/949
f 1186/642/950 1192/642/950 1450/718/950 1445/724/950
f 1091/719/951 1097/725/951 1098/726/951 1092/720/951
f 1092/720/952 1098/726/952 1093/721/952 1087/715/952
f 1093/721/953 1099/727/953 1100/728/953 1094/722/953
f 1094/722/954 1100/728/954 1101/729/954 1095/723/954
f 1180/642/955 1186/642/955 1445/724/955 1440/730/955
f 1097/725/956 1103/731/956 1104/732/956 1098/726/956
f 1098/726/957 1104/732/957 1099/727/957 1093/721/957
f 1099/727/958 1105/733/958 1106/734/958 1100/728/958
f 1100/728/959 1106/734/959 1107/735/959 1101/729/959
f 1174/642/960 1180/642/960 1440/730/960 1435/736/960
f 1103/731/961 1109/737/961 1110/738/961 1104/732/961
f 1104/732/962 1110/738/962 1105/733/962 1099/727/962
f 1105/733/963 1111/739/963 1112/740/963 1106/734/963
f 1106/734/964 1112/740/964 1113/741/964 1107/735/964
f 1168/642/965 1174/642/965 1435/736/965 1430/742/965
f 1109/737/966 1115/743/966 1116/744/966 1110/738/966
f 1110/738/967 1116/744/967 1111/739/967 1105/733/967
f 1111/739/968 1117/745/968 1118/746/968 1112/740/968
f 1112/740/969 1118/746/969 1119/747/969 1113/741/969
f 1115/743/970 1121/748/970 1122/749/970 1116/744/970
f 1116/744/971 1122/749/971 1117/745/971 1111/739/971
f 1117/745/972 1123/750/972 1124/751/972 1118/746/972
f 1118/746/973 1124/751/973 1125/752/973 1119/747/973
f 1162/642/974 1168/642/974 1430/742/974 1425/753/974
f 1121/748/975 1127/754/975 1128/755/975 1122/749/975
f 1122/749/976 1128/755/976 1123/750/976 1117/745/976
f 1123/750/977 1129/756/977 1130/757/977 1124/751/977
f 1124/751/978 1130/757/978 1131/758/978 1125/752/978
f 1156/642/979 1162/642/979 1425/753/979 1420/759/979
f 1127/754/980 1133/760/980 1134/761/980 1128/755/980
f 1128/755/981 1134/761/981 1129/756/981 1123/750/981
f 1129/756/982 1135/762/982 1136/763/982 1130/757/982
f 1130/757/983 1136/763/983 1137/764/983 1131/758/983
f 1150/642/984 1156/642/984 1420/765/984 1415/766/984
f 1133/760/985 1139/767/985 1140/768/985 1134/761/985
f 1134/761/986 1140/768/986 1135/762/986 1129/756/986
f 1135/762/987 1141/769/987 1142/770/987 1136/763/987
f 1136/763/988 1142/770/988 1143/771/988 1137/764/988
f 1144/642/989 1150/642/989 1415/766/989 1410/772/989
f 1139/767/990 1145/772/990 1146/773/990 1140/768/990
f 1140/768/991 1146/773/991 1141/769/991 1135/762/991
f 1141/769/992 1147/774/992 1148/775/992 1142/770/992
f 1142/770/993 1148/775/993 1149/776/993 1143/771/993
f 1138/642/994 1144/642/994 1410/772/994 1405/767/994
f 1145/772/995 1151/766/995 1152/777/995 1146/773/995
f 1146/773/996 1152/777/996 1147/774/996 1141/769/996
f 1147/774/997 1153/778/997 1154/779/997 1148/775/997
f 1148/775/998 1154/779/998 1155/780/998 1149/776/998
f 1132/642/999 1138/642/999 1405/767/999 1400/760/999
f 1151/766/1000 1157/765/1000 1158/781/1000 1152/777/1000
f 1152/777/1001 1158/781/1001 1153/778/1001 1147/774/1001
f 1153/782/1002 1159/783/1002 1160/784/1002 1154/785/1002
f 1154/785/1003 1160/784/1003 1161/786/1003 1155/787/1003
f 1126/642/1004 1132/642/1004 1400/760/1004 1395/754/1004
f 1157/759/1005 1163/753/1005 1164/788/1005 1158/789/1005
f 1158/789/1006 1164/788/1006 1159/783/1006 1153/782/1006
f 1159/783/1007 1165/790/1007 1166/791/1007 1160/784/1007
f 1160/784/1008 1166/791/1008 1167/792/1008 1161/786/1008
f 1120/642/1009 1126/642/1009 1395/754/1009 1390/748/1009
f 1163/753/1010 1169/742/1010 1170/793/1010 1164/788/1010
f 1164/788/1011 1170/793/1011 1165/790/1011 1159/783/1011
f 1165/790/1012 1171/794/1012 1172/795/1012 1166/791/1012
f 1166/791/1013 1172/795/1013 1173/796/1013 1167/792/1013
f 1114/642/1014 1120/642/1014 1390/748/1014 1385/743/1014
f 1169/742/1015 1175/736/1015 1176/797/1015 1170/793/1015
f 1170/793/1016 1176/797/1016 1171/794/1016 1165/790/1016
f 1171/794/1017 1177/798/1017 1178/799/1017 1172/795/1017
f 1172/795/1018 1178/799/1018 1179/800/1018 1173/796/1018
f 1108/642/1019 1114/642/1019 1385/743/1019 1380/737/1019
f 1175/736/1020 1181/730/1020 1182/801/1020 1176/797/1020
f 1176/797/1021 1182/801/1021 1177/798/1021 1171/794/1021
f 1177/798/1022 1183/802/1022 1184/803/1022 1178/799/1022
f 1178/799/1023 1184/803/1023 1185/804/1023 1179/800/1023
f 1102/642/1024 1108/642/1024 1380/737/1024 1375/731/1024
f 1181/730/1025 1187/724/1025 1188/805/1025 1182/801/1025
f 1182/801/1026 1188/805/1026 1183/802/1026 1177/798/1026
f 1183/802/1027 1189/806/1027 1190/807/1027 1184/803/1027
f 1184/803/1028 1190/807/1028 1191/808/1028 1185/804/1028
f 1096/642/1029 1102/642/1029 1375/731/1029 1370/725/1029
f 1187/724/1030 1193/718/1030 1194/809/1030 1188/805/1030
f 1188/805/1031 1194/809/1031 1189/806/1031 1183/802/1031
f 1189/806/1032 1195/810/1032 1196/811/1032 1190/807/1032
f 1190/807/1033 1196/811/1033 1197/812/1033 1191/808/1033
f 1090/642/1034 1096/642/1034 1370/725/1034 1365/719/1034
f 1193/718/1035 1199/712/1035 1200/813/1035 1194/809/1035
f 1194/809/1036 1200/813/1036 1195/810/1036 1189/806/1036
f 1195/810/1037 1201/814/1037 1202/815/1037 1196/811/1037
f 1196/811/1038 1202/815/1038 1203/816/1038 1197/812/1038
f 1084/642/1039 1090/642/1039 1365/719/1039 1360/713/1039
f 1199/712/1040 1205/706/1040 1206/817/1040 1200/813/1040
f 1200/813/1041 1206/817/1041 1201/814/1041 1195/810/1041
f 1201/814/1042 1207/818/1042 1208/819/1042 1202/815/1042
f 1202/815/1043 1208/819/1043 1209/820/1043 1203/816/1043
f 1078/642/1044 1084/642/1044 1360/713/1044 1355/707/1044
f 1205/706/1045 1211/700/1045 1212/821/1045 1206/817/1045
f 1206/817/1046 1212/821/1046 1207/818/1046 1201/814/1046
f 1207/818/1047 1213/822/1047 1214/823/1047 1208/819/1047
f 1208/819/1048 1214/823/1048 1215/824/1048 1209/820/1048
f 1072/642/1049 1078/642/1049 1355/707/1049 1350/701/1049
f 1211/700/1050 1217/694/1050 1218/825/1050 1212/821/1050
f 1212/821/1051 1218/825/1051 1213/822/1051 1207/818/1051
f 1213/822/1052 1219/826/1052 1220/827/1052 1214/823/1052
f 1214/823/1053 1220/827/1053 1221/828/1053 1215/824/1053
f 1066/642/1054 1072/642/1054 1350/701/1054 1345/695/1054
f 1217/694/1055 1223/688/1055 1224/829/1055 1218/825/1055
f 1218/825/1056 1224/829/1056 1219/826/1056 1213/822/1056
f 1219/826/1057 1225/830/1057 1226/831/1057 1220/827/1057
f 1220/827/1058 1226/831/1058 1227/832/1058 1221/828/1058
f 1060/642/1059 1066/642/1059 1345/695/1059 1340/689/1059
f 1223/688/1060 1229/682/1060 1230/833/1060 1224/829/1060
f 1224/829/1061 1230/833/1061 1225/830/1061 1219/826/1061
f 1225/830/1062 1231/834/1062 1232/835/1062 1226/831/1062
f 1226/831/1063 1232/835/1063 1233/836/1063 1227/832/1063
f 1054/642/1064 1060/642/1064 1340/689/1064 1335/683/1064
f 1229/682/1065 1235/676/1065 1236/837/1065 1230/833/1065
f 1230/833/1066 1236/837/1066 1231/834/1066 1225/830/1066
f 1231/834/1067 1237/838/1067 1238/839/1067 1232/835/1067
f 1232/835/1068 1238/839/1068 1239/840/1068 1233/836/1068
f 1048/642/1069 1054/642/1069 1335/683/1069 1330/677/1069
f 1235/676/1070 1241/670/1070 1242/841/1070 1236/837/1070
f 1236/837/1071 1242/841/1071 1237/838/1071 1231/834/1071
f 1237/838/1072 1243/842/1072 1244/843/1072 1238/839/1072
f 1238/839/1073 1244/843/1073 1245/844/1073 1239/840/1073
f 1042/642/1074 1048/642/1074 1330/677/1074 1325/671/1074
f 1241/670/1075 1247/664/1075 1248/845/1075 1242/841/1075
f 1242/841/1076 1248/845/1076 1243/842/1076 1237/838/1076
f 1243/842/1077 1249/846/1077 1250/847/1077 1244/843/1077
f 1244/843/1078 1250/847/1078 1251/848/1078 1245/844/1078
f 1036/642/1079 1042/642/1079 1325/671/1079 1320/665/1079
f 1247/664/1080 1253/658/1080 1254/849/1080 1248/845/1080
f 1248/845/1081 1254/849/1081 1249/846/1081 1243/842/1081
f 1249/846/1082 1255/850/1082 1256/851/1082 1250/847/1082
f 1250/847/1083 1256/851/1083 1257/852/1083 1251/848/1083
f 1030/642/1084 1036/642/1084 1320/665/1084 1315/659/1084
f 1253/658/1085 1259/652/1085 1260/853/1085 1254/849/1085
f 1254/849/1086 1260/853/1086 1255/850/1086 1249/846/1086
f 1255/850/1087 1261/854/1087 1262/855/1087 1256/851/1087
f 1256/851/1088 1262/855/1088 1263/856/1088 1257/852/1088
f 1024/642/1089 1030/642/1089 1315/659/1089 1310/653/1089
f 1259/652/1090 1265/644/1090 1266/857/1090 1260/853/1090
f 1260/853/1091 1266/857/1091 1261/854/1091 1255/850/1091
f 1261/854/1092 1267/858/1092 1268/859/1092 1262/855/1092
f 1262/855/1093 1268/859/1093 1269/860/1093 1263/856/1093
f 1018/642/1094 1024/642/1094 1310/653/1094 1305/646/1094
f 1265/644/1095 1271/643/1095 1272/861/1095 1266/857/1095
f 1266/857/1096 1272/861/1096 1267/858/1096 1261/854/1096
f 1267/858/1097 1273/862/1097 1274/863/1097 1268/859/1097
f 1268/859/1098 1274/863/1098 1275/864/1098 1269/860/1098
f 1012/642/1099 1018/642/1099 1305/646/1099 1300/645/1099
f 1271/643/1100 1277/865/1100 1278/866/1100 1272/861/1100
f 1272/861/1101 1278/866/1101 1273/862/1101 1267/858/1101
f 1273/862/1102 1279/867/1102 1280/868/1102 1274/863/1102
f 1274/863/1103 1280/868/1103 1281/869/1103 1275/864/1103
f 1294/642/1104 1012/642/1104 1300/645/1104 1535/870/1104
f 1277/865/1105 1283/871/1105 1284/872/1105 1278/866/1105
f 1278/866/1106 1284/872/1106 1279/867/1106 1273/862/1106
f 1279/867/1107 1285/873/1107 1286/874/1107 1280/868/1107
f 1280/868/1108 1286/874/1108 1287/875/1108 1281/869/1108
f 1288/642/1109 1294/642/1109 1535/870/1109 1530/876/1109
f 1283/871/1110 1289/876/1110 1290/877/1110 1284/872/1110
f 1284/872/1111 1290/877/1111 1285/873/1111 1279/867/1111
f 1285/873/1112 1291/878/1112 1292/879/1112 1286/874/1112
f 1286/874/1113 1292/879/1113 1293/880/1113 1287/875/1113
f 1282/642/1114 1288/642/1114 1530/876/1114 1525/871/1114
f 1289/876/1115 1295/870/1115 1296/881/1115 1290/877/1115
f 1290/877/1116 1296/881/1116 1291/878/1116 1285/873/1116
f 1291/878/1117 1009/636/1117 1010/639/1117 1292/879/1117
f 1292/879/1118 1010/639/1118 1011/641/1118 1293/880/1118
f 1276/642/1119 1282/642/1119 1525/871/1119 1520/865/1119
f 1295/870/1120 1013/645/1120 1014/648/1120 1296/881/1120
f 1296/881/1121 1014/648/1121 1009/636/1121 1291/878/1121
f 1175/736/1122 1169/742/1122 46/67/1122 95/40/1122
f 1169/742/1123 1163/753/1123 92/57/1123 46/67/1123
f 1163/753/1124 1157/759/1124 91/3/1124 92/57/1124
f 1157/765/1125 1151/766/1125 43/4/1125 91/3/1125
f 1151/766/1126 1145/772/1126 51/10/1126 43/4/1126
f 1145/772/1127 1139/767/1127 50/11/1127 51/10/1127
f 1139/767/1128 1133/760/1128 52/37/1128 50/11/1128
f 1133/760/1129 1127/754/1129 56/35/1129 52/37/1129
f 1127/754/1130 1121/748/1130 62/36/1130 56/35/1130
f 1121/748/1131 1115/743/1131 61/59/1131 62/36/1131
f 1115/743/1132 1109/737/1132 55/25/1132 61/59/1132
f 1109/737/1133 1103/731/1133 59/19/1133 55/25/1133
f 1103/731/1134 1097/725/1134 67/20/1134 59/19/1134
f 1097/725/1135 1091/719/1135 66/30/1135 67/20/1135
f 1091/719/1136 1085/713/1136 58/56/1136 66/30/1136
f 1085/713/1137 1079/707/1137 64/42/1137 58/56/1137
f 1079/707/1138 1073/701/1138 72/13/1138 64/42/1138
f 1073/701/1139 1067/695/1139 71/12/1139 72/13/1139
f 1067/695/1140 1061/689/1140 63/44/1140 71/12/1140
f 1061/689/1141 1055/683/1141 69/74/1141 63/44/1141
f 1055/683/1142 1049/677/1142 78/76/1142 69/74/1142
f 1049/677/1143 1043/671/1143 77/75/1143 78/76/1143
f 1043/671/1144 1037/665/1144 68/77/1144 77/75/1144
f 1037/665/1145 1031/659/1145 75/69/1145 68/77/1145
f 1031/659/1146 1025/653/1146 85/70/1146 75/69/1146
f 1025/653/1147 1019/646/1147 84/54/1147 85/70/1147
f 1019/646/1148 1013/645/1148 60/52/1148 84/54/1148
f 1013/645/1149 1295/870/1149 45/47/1149 60/52/1149
f 1295/870/1150 1289/876/1150 54/48/1150 45/47/1150
f 1289/876/1151 1283/871/1151 53/62/1151 54/48/1151
f 1283/871/1152 1277/865/1152 42/50/1152 53/62/1152
f 1277/865/1153 1271/643/1153 47/51/1153 42/50/1153
f 1271/643/1154 1265/644/1154 94/72/1154 47/51/1154
f 1265/644/1155 1259/652/1155 93/28/1155 94/72/1155
f 1259/652/1156 1253/658/1156 74/29/1156 93/28/1156
f 1253/658/1157 1247/664/1157 82/32/1157 74/29/1157
f 1247/664/1158 1241/670/1158 80/16/1158 82/32/1158
f 1241/670/1159 1235/676/1159 70/14/1159 80/16/1159
f 1235/676/1160 1229/682/1160 79/61/1160 70/14/1160
f 1229/682/1161 1223/688/1161 90/7/1161 79/61/1161
f 1223/688/1162 1217/694/1162 88/8/1162 90/7/1162
f 1217/694/1163 1211/700/1163 76/39/1163 88/8/1163
f 1211/700/1164 1205/706/1164 87/22/1164 76/39/1164
f 1205/706/1165 1199/712/1165 86/23/1165 87/22/1165
f 1199/712/1166 1193/718/1166 44/65/1166 86/23/1166
f 1193/718/1167 1187/724/1167 83/63/1167 44/65/1167
f 1187/724/1168 1181/730/1168 96/41/1168 83/63/1168
f 1181/730/1169 1175/736/1169 95/40/1169 96/41/1169
f 1270/642/1170 1276/642/1170 1520/865/1170 1515/643/1170
f 1297/636/883 1302/637/883 1303/638/883 1298/639/883
f 1298/639/884 1303/638/884 1304/640/884 1299/641/884
f 1329/675/1171 1334/681/1171 1564/681/1171 1576/675/1171
f 1300/645/886 1305/646/886 1306/647/886 1301/648/886
f 1301/648/887 1306/647/887 1302/637/887 1297/636/887
f 1302/637/888 1307/649/888 1308/650/888 1303/638/888
f 1303/638/889 1308/650/889 1309/651/889 1304/640/889
f 1429/792/1172 1434/796/1172 1569/796/1172 1581/792/1172
f 1305/646/891 1310/653/891 1311/654/891 1306/647/891
f 1306/647/892 1311/654/892 1307/649/892 1302/637/892
f 1307/649/893 1312/655/893 1313/656/893 1308/650/893
f 1308/650/894 1313/656/894 1314/657/894 1309/651/894
f 1310/653/896 1315/659/896 1316/660/896 1311/654/896
f 1311/654/1173 1316/660/1173 1312/655/1173 1307/649/1173
f 1312/655/898 1317/661/898 1318/662/898 1313/656/898
f 1313/656/899 1318/662/899 1319/663/899 1314/657/899
f 1324/669/1174 1329/675/1174 1576/675/1174 1543/669/1174
f 1315/659/901 1320/665/901 1321/666/901 1316/660/901
f 1316/660/902 1321/666/902 1317/661/902 1312/655/902
f 1317/661/903 1322/667/903 1323/668/903 1318/662/903
f 1318/662/904 1323/668/904 1324/669/904 1319/663/904
f 1434/796/1175 1439/800/1175 1554/800/1175 1569/796/1175
f 1320/665/1176 1325/671/1176 1326/672/1176 1321/666/1176
f 1321/666/907 1326/672/907 1322/667/907 1317/661/907
f 1322/667/908 1327/673/908 1328/674/908 1323/668/908
f 1323/668/909 1328/674/909 1329/675/909 1324/669/909
f 1519/864/1177 1524/869/1177 1538/869/1177 1537/864/1177
f 1325/671/911 1330/677/911 1331/678/911 1326/672/911
f 1326/672/912 1331/678/912 1327/673/912 1322/667/912
f 1327/673/913 1332/679/913 1333/680/913 1328/674/913
f 1328/674/914 1333/680/914 1334/681/914 1329/675/914
f 1330/677/916 1335/683/916 1336/684/916 1331/678/916
f 1331/678/917 1336/684/917 1332/679/917 1327/673/917
f 1332/679/918 1337/685/918 1338/686/918 1333/680/918
f 1333/680/919 1338/686/919 1339/687/919 1334/681/919
f 1335/683/921 1340/689/921 1341/690/921 1336/684/921
f 1336/684/922 1341/690/922 1337/685/922 1332/679/922
f 1337/685/923 1342/691/923 1343/692/923 1338/686/923
f 1338/686/924 1343/692/924 1344/693/924 1339/687/924
f 1340/689/926 1345/695/926 1346/696/926 1341/690/926
f 1341/690/927 1346/696/927 1342/691/927 1337/685/927
f 1342/691/928 1347/697/928 1348/698/928 1343/692/928
f 1343/692/929 1348/698/929 1349/699/929 1344/693/929
f 1514/860/1178 1519/864/1178 1537/864/1178 1562/860/1178
f 1345/695/931 1350/701/931 1351/702/931 1346/696/931
f 1346/696/932 1351/702/932 1347/697/932 1342/691/932
f 1347/697/933 1352/703/933 1353/704/933 1348/698/933
f 1348/698/934 1353/704/934 1354/705/934 1349/699/934
f 1350/701/936 1355/707/936 1356/708/936 1351/702/936
f 1351/702/937 1356/708/937 1352/703/937 1347/697/937
f 1352/703/938 1357/709/938 1358/710/938 1353/704/938
f 1353/704/939 1358/710/939 1359/711/939 1354/705/939
f 1355/707/941 1360/713/941 1361/714/941 1356/708/941
f 1356/708/942 1361/714/942 1357/709/942 1352/703/942
f 1357/709/943 1362/715/943 1363/716/943 1358/710/943
f 1358/710/944 1363/716/944 1364/717/944 1359/711/944
f 1360/713/946 1365/719/946 1366/720/946 1361/714/946
f 1361/714/947 1366/720/947 1362/715/947 1357/709/947
f 1362/715/948 1367/721/948 1368/722/948 1363/716/948
f 1363/716/949 1368/722/949 1369/723/949 1364/717/949
f 1365/719/951 1370/725/951 1371/726/951 1366/720/951
f 1366/720/1179 1371/726/1179 1367/721/1179 1362/715/1179
f 1367/721/953 1372/727/953 1373/728/953 1368/722/953
f 1368/722/954 1373/728/954 1374/729/954 1369/723/954
f 1319/663/1180 1324/669/1180 1543/669/1180 1542/663/1180
f 1370/725/956 1375/731/956 1376/732/956 1371/726/956
f 1371/726/957 1376/732/957 1372/727/957 1367/721/957
f 1372/727/958 1377/733/958 1378/734/958 1373/728/958
f 1373/728/959 1378/734/959 1379/735/959 1374/729/959
f 1375/731/961 1380/737/961 1381/738/961 1376/732/961
f 1376/732/962 1381/738/962 1377/733/962 1372/727/962
f 1377/733/963 1382/739/963 1383/740/963 1378/734/963
f 1378/734/964 1383/740/964 1384/741/964 1379/735/964
f 1424/786/1181 1429/792/1181 1581/792/1181 1553/786/1181
f 1380/737/966 1385/743/966 1386/744/966 1381/738/966
f 1381/738/967 1386/744/967 1382/739/967 1377/733/967
f 1382/739/968 1387/745/968 1388/746/968 1383/740/968
f 1383/740/969 1388/746/969 1389/747/969 1384/741/969
f 1385/743/970 1390/748/970 1391/749/970 1386/744/970
f 1386/744/971 1391/749/971 1387/745/971 1382/739/971
f 1387/745/972 1392/750/972 1393/751/972 1388/746/972
f 1388/746/973 1393/751/973 1394/752/973 1389/747/973
f 1390/748/975 1395/754/975 1396/755/975 1391/749/975
f 1391/749/976 1396/755/976 1392/750/976 1387/745/976
f 1392/750/977 1397/756/977 1398/757/977 1393/751/977
f 1393/751/978 1398/757/978 1399/758/978 1394/752/978
f 1509/856/1182 1514/860/1182 1562/860/1182 1573/856/1182
f 1395/754/980 1400/760/980 1401/761/980 1396/755/980
f 1396/755/981 1401/761/981 1397/756/981 1392/750/981
f 1397/756/982 1402/762/982 1403/763/982 1398/757/982
f 1398/757/983 1403/763/983 1404/764/983 1399/758/983
f 1400/760/985 1405/767/985 1406/768/985 1401/761/985
f 1401/761/986 1406/768/986 1402/762/986 1397/756/986
f 1402/762/987 1407/769/987 1408/770/987 1403/763/987
f 1403/763/988 1408/770/988 1409/771/988 1404/764/988
f 1405/767/990 1410/772/990 1411/773/990 1406/768/990
f 1406/768/991 1411/773/991 1407/769/991 1402/762/991
f 1407/769/992 1412/774/992 1413/775/992 1408/770/992
f 1408/770/993 1413/775/993 1414/776/993 1409/771/993
f 1410/772/995 1415/766/995 1416/777/995 1411/773/995
f 1411/773/996 1416/777/996 1412/774/996 1407/769/996
f 1412/774/997 1417/778/997 1418/779/997 1413/775/997
f 1413/775/998 1418/779/998 1419/780/998 1414/776/998
f 1504/852/1183 1509/856/1183 1573/856/1183 1561/852/1183
f 1415/766/1000 1420/765/1000 1421/781/1000 1416/777/1000
f 1416/777/1001 1421/781/1001 1417/778/1001 1412/774/1001
f 1417/782/1002 1422/783/1002 1423/784/1002 1418/785/1002
f 1418/785/1003 1423/784/1003 1424/786/1003 1419/787/1003
f 1419/787/1184 1424/786/1184 1553/786/1184 1552/787/1184
f 1420/759/1005 1425/753/1005 1426/788/1005 1421/789/1005
f 1421/789/1006 1426/788/1006 1422/783/1006 1417/782/1006
f 1422/783/1007 1427/790/1007 1428/791/1007 1423/784/1007
f 1423/784/1008 1428/791/1008 1429/792/1008 1424/786/1008
f 1425/753/1010 1430/742/1010 1431/793/1010 1426/788/1010
f 1426/788/1011 1431/793/1011 1427/790/1011 1422/783/1011
f 1427/790/1012 1432/794/1012 1433/795/1012 1428/791/1012
f 1428/791/1013 1433/795/1013 1434/796/1013 1429/792/1013
f 1314/657/1185 1319/663/1185 1542/663/1185 1563/657/1185
f 1430/742/1186 1435/736/1186 1436/797/1186 1431/793/1186
f 1431/793/1016 1436/797/1016 1432/794/1016 1427/790/1016
f 1432/794/1017 1437/798/1017 1438/799/1017 1433/795/1017
f 1433/795/1018 1438/799/1018 1439/800/1018 1434/796/1018
f 1309/651/1187 1314/657/1187 1563/657/1187 1575/651/1187
f 1435/736/1020 1440/730/1020 1441/801/1020 1436/797/1020
f 1436/797/1021 1441/801/1021 1437/798/1021 1432/794/1021
f 1437/798/1188 1442/802/1188 1443/803/1188 1438/799/1188
f 1438/799/1023 1443/803/1023 1444/804/1023 1439/800/1023
f 1499/848/1189 1504/852/1189 1561/852/1189 1560/848/1189
f 1440/730/1025 1445/724/1025 1446/805/1025 1441/801/1025
f 1441/801/1026 1446/805/1026 1442/802/1026 1437/798/1026
f 1442/802/1027 1447/806/1027 1448/807/1027 1443/803/1027
f 1443/803/1028 1448/807/1028 1449/808/1028 1444/804/1028
f 1445/724/1030 1450/718/1030 1451/809/1030 1446/805/1030
f 1446/805/1031 1451/809/1031 1447/806/1031 1442/802/1031
f 1447/806/1032 1452/810/1032 1453/811/1032 1448/807/1032
f 1448/807/1033 1453/811/1033 1454/812/1033 1449/808/1033
f 1450/718/1035 1455/712/1035 1456/813/1035 1451/809/1035
f 1451/809/1036 1456/813/1036 1452/810/1036 1447/806/1036
f 1452/810/1037 1457/814/1037 1458/815/1037 1453/811/1037
f 1453/811/1038 1458/815/1038 1459/816/1038 1454/812/1038
f 1455/712/1040 1460/706/1040 1461/817/1040 1456/813/1040
f 1456/813/1041 1461/817/1041 1457/814/1041 1452/810/1041
f 1457/814/1042 1462/818/1042 1463/819/1042 1458/815/1042
f 1458/815/1043 1463/819/1043 1464/820/1043 1459/816/1043
f 1414/776/1190 1419/780/1190 1552/780/1190 1568/776/1190
f 1460/706/1045 1465/700/1045 1466/821/1045 1461/817/1045
f 1461/817/1046 1466/821/1046 1462/818/1046 1457/814/1046
f 1462/818/1047 1467/822/1047 1468/823/1047 1463/819/1047
f 1463/819/1048 1468/823/1048 1469/824/1048 1464/820/1048
f 1409/771/1191 1414/776/1191 1568/776/1191 1580/771/1191
f 1465/700/1050 1470/694/1050 1471/825/1050 1466/821/1050
f 1466/821/1051 1471/825/1051 1467/822/1051 1462/818/1051
f 1467/822/1052 1472/826/1052 1473/827/1052 1468/823/1052
f 1468/823/1053 1473/827/1053 1474/828/1053 1469/824/1053
f 1494/844/1192 1499/848/1192 1560/848/1192 1572/844/1192
f 1470/694/1055 1475/688/1055 1476/829/1055 1471/825/1055
f 1471/825/1056 1476/829/1056 1472/826/1056 1467/822/1056
f 1472/826/1057 1477/830/1057 1478/831/1057 1473/827/1057
f 1473/827/1058 1478/831/1058 1479/832/1058 1474/828/1058
f 1489/840/1193 1494/844/1193 1572/844/1193 1584/840/1193
f 1475/688/1060 1480/682/1060 1481/833/1060 1476/829/1060
f 1476/829/1061 1481/833/1061 1477/830/1061 1472/826/1061
f 1477/830/1062 1482/834/1062 1483/835/1062 1478/831/1062
f 1478/831/1063 1483/835/1063 1484/836/1063 1479/832/1063
f 1480/682/1065 1485/676/1065 1486/837/1065 1481/833/1065
f 1481/833/1066 1486/837/1066 1482/834/1066 1477/830/1066
f 1482/834/1067 1487/838/1067 1488/839/1067 1483/835/1067
f 1483/835/1068 1488/839/1068 1489/840/1068 1484/836/1068
f 1485/676/1070 1490/670/1070 1491/841/1070 1486/837/1070
f 1486/837/1071 1491/841/1071 1487/838/1071 1482/834/1071
f 1487/838/1072 1492/842/1072 1493/843/1072 1488/839/1072
f 1488/839/1073 1493/843/1073 1494/844/1073 1489/840/1073
f 1490/670/1075 1495/664/1075 1496/845/1075 1491/841/1075
f 1491/841/1076 1496/845/1076 1492/842/1076 1487/838/1076
f 1492/842/1077 1497/846/1077 1498/847/1077 1493/843/1077
f 1493/843/1078 1498/847/1078 1499/848/1078 1494/844/1078
f 1495/664/1080 1500/658/1080 1501/849/1080 1496/845/1080
f 1496/845/1081 1501/849/1081 1497/846/1081 1492/842/1081
f 1497/846/1082 1502/850/1082 1503/851/1082 1498/847/1082
f 1498/847/1083 1503/851/1083 1504/852/1083 1499/848/1083
f 1500/658/1085 1505/652/1085 1506/853/1085 1501/849/1085
f 1501/849/1086 1506/853/1086 1502/850/1086 1497/846/1086
f 1502/850/1087 1507/854/1087 1508/855/1087 1503/851/1087
f 1503/851/1088 1508/855/1088 1509/856/1088 1504/852/1088
f 1304/640/1194 1309/651/1194 1575/651/1194 1541/640/1194
f 1505/652/1090 1510/644/1090 1511/857/1090 1506/853/1090
f 1506/853/1091 1511/857/1091 1507/854/1091 1502/850/1091
f 1507/854/1092 1512/858/1092 1513/859/1092 1508/855/1092
f 1508/855/1093 1513/859/1093 1514/860/1093 1509/856/1093
f 1510/644/1095 1515/643/1095 1516/861/1095 1511/857/1095
f 1511/857/1096 1516/861/1096 1512/858/1096 1507/854/1096
f 1512/858/1097 1517/862/1097 1518/863/1097 1513/859/1097
f 1513/859/1098 1518/863/1098 1519/864/1098 1514/860/1098
f 1404/764/1195 1409/771/1195 1580/771/1195 1551/764/1195
f 1515/643/1100 1520/865/1100 1521/866/1100 1516/861/1100
f 1516/861/1101 1521/866/1101 1517/862/1101 1512/858/1101
f 1517/862/1102 1522/867/1102 1523/868/1102 1518/863/1102
f 1518/863/1103 1523/868/1103 1524/869/1103 1519/864/1103
f 1299/641/1196 1304/640/1196 1541/640/1196 1539/641/1196
f 1520/865/1105 1525/871/1105 1526/872/1105 1521/866/1105
f 1521/866/1106 1526/872/1106 1522/867/1106 1517/862/1106
f 1522/867/1107 1527/873/1107 1528/874/1107 1523/868/1107
f 1523/868/1108 1528/874/1108 1529/875/1108 1524/869/1108
f 1484/836/1197 1489/840/1197 1584/840/1197 1559/836/1197
f 1525/871/1110 1530/876/1110 1531/877/1110 1526/872/1110
f 1526/872/1111 1531/877/1111 1527/873/1111 1522/867/1111
f 1527/873/1112 1532/878/1112 1533/879/1112 1528/874/1112
f 1528/874/1113 1533/879/1113 1534/880/1113 1529/875/1113
f 1530/876/1115 1535/870/1115 1536/881/1115 1531/877/1115
f 1531/877/1116 1536/881/1116 1532/878/1116 1527/873/1116
f 1532/878/1117 1297/636/1117 1298/639/1117 1533/879/1117
f 1533/879/1118 1298/639/1118 1299/641/1118 1534/880/1118
f 1535/870/1120 1300/645/1120 1301/648/1120 1536/881/1120
f 1536/881/1121 1301/648/1121 1297/636/1121 1532/878/1121
f 1269/860/642 1275/864/642 1276/642/642 1270/642/642
f 1275/864/1198 1281/869/1198 1282/642/1198 1276/642/1198
f 1281/869/1199 1287/875/1199 1288/642/1199 1282/642/1199
f 1287/875/642 1293/880/642 1294/642/642 1288/642/642
f 1293/880/1200 1011/641/1200 1012/642/1200 1294/642/1200
f 1011/641/1201 1017/640/1201 1018/642/1201 1012/642/1201
f 1017/640/1202 1023/651/1202 1024/642/1202 1018/642/1202
f 1023/651/1203 1029/657/1203 1030/642/1203 1024/642/1203
f 1029/657/1204 1035/663/1204 1036/642/1204 1030/642/1204
f 1035/663/1205 1041/669/1205 1042/642/1205 1036/642/1205
f 1041/669/1206 1047/675/1206 1048/642/1206 1042/642/1206
f 1047/675/1207 1053/681/1207 1054/642/1207 1048/642/1207
f 1053/681/1208 1059/687/1208 1060/642/1208 1054/642/1208
f 1059/687/1209 1065/693/1209 1066/642/1209 1060/642/1209
f 1065/693/1210 1071/699/1210 1072/642/1210 1066/642/1210
f 1071/699/1211 1077/705/1211 1078/642/1211 1072/642/1211
f 1077/705/1212 1083/711/1212 1084/642/1212 1078/642/1212
f 1083/711/1213 1089/717/1213 1090/642/1213 1084/642/1213
f 1089/717/1214 1095/723/1214 1096/642/1214 1090/642/1214
f 1095/723/1215 1101/729/1215 1102/642/1215 1096/642/1215
f 1101/729/1216 1107/735/1216 1108/642/1216 1102/642/1216
f 1107/735/1217 1113/741/1217 1114/642/1217 1108/642/1217
f 1113/741/1218 1119/747/1218 1120/642/1218 1114/642/1218
f 1119/747/1219 1125/752/1219 1126/642/1219 1120/642/1219
f 1125/752/1220 1131/758/1220 1132/642/1220 1126/642/1220
f 1131/758/1221 1137/764/1221 1138/642/1221 1132/642/1221
f 1137/764/1222 1143/771/1222 1144/642/1222 1138/642/1222
f 1143/771/1223 1149/776/1223 1150/642/1223 1144/642/1223
f 1149/776/1224 1155/780/1224 1156/642/1224 1150/642/1224
f 1155/787/1225 1161/786/1225 1162/642/1225 1156/642/1225
f 1161/786/1226 1167/792/1226 1168/642/1226 1162/642/1226
f 1167/792/1227 1173/796/1227 1174/642/1227 1168/642/1227
f 1173/796/1228 1179/800/1228 1180/642/1228 1174/642/1228
f 1179/800/1229 1185/804/1229 1186/642/1229 1180/642/1229
f 1185/804/1230 1191/808/1230 1192/642/1230 1186/642/1230
f 1191/808/1231 1197/812/1231 1198/642/1231 1192/642/1231
f 1197/812/1232 1203/816/1232 1204/642/1232 1198/642/1232
f 1203/816/1233 1209/820/1233 1210/642/1233 1204/642/1233
f 1209/820/1234 1215/824/1234 1216/642/1234 1210/642/1234
f 1215/824/1235 1221/828/1235 1222/642/1235 1216/642/1235
f 1221/828/1236 1227/832/1236 1228/642/1236 1222/642/1236
f 1227/832/1237 1233/836/1237 1234/642/1237 1228/642/1237
f 1233/836/1238 1239/840/1238 1240/642/1238 1234/642/1238
f 1239/840/1239 1245/844/1239 1246/642/1239 1240/642/1239
f 1245/844/1240 1251/848/1240 1252/642/1240 1246/642/1240
f 1251/848/1241 1257/852/1241 1258/642/1241 1252/642/1241
f 1257/852/642 1263/856/642 1264/642/642 1258/642/642
f 1263/856/1242 1269/860/1242 1270/642/1242 1264/642/1242
f 1334/681/1243 1339/687/1243 1544/687/1243 1564/681/1243
f 1439/800/1244 1444/804/1244 1555/804/1244 1554/800/1244
f 1339/687/1245 1344/693/1245 1545/693/1245 1544/687/1245
f 1444/804/1246 1449/808/1246 1582/808/1246 1555/804/1246
f 1344/693/1247 1349/699/1247 1577/699/1247 1545/693/1247
f 1534/880/1248 1299/641/1248 1539/641/1248 1540/880/1248
f 1349/699/1249 1354/705/1249 1565/705/1249 1577/699/1249
f 1354/705/1250 1359/711/1250 1546/711/1250 1565/705/1250
f 1524/869/1251 1529/875/1251 1574/875/1251 1538/869/1251
f 1529/875/1252 1534/880/1252 1540/880/1252 1574/875/1252
f 1359/711/1253 1364/717/1253 1547/717/1253 1546/711/1253
f 1449/808/1254 1454/812/1254 1570/812/1254 1582/808/1254
f 1454/812/1255 1459/816/1255 1556/816/1255 1570/812/1255
f 1459/816/1256 1464/820/1256 1557/820/1256 1556/816/1256
f 1364/717/1257 1369/723/1257 1578/723/1257 1547/717/1257
f 1369/723/1258 1374/729/1258 1566/729/1258 1578/723/1258
f 1374/729/1259 1379/735/1259 1548/735/1259 1566/729/1259
f 1464/820/1260 1469/824/1260 1583/824/1260 1557/820/1260
f 1379/735/1261 1384/741/1261 1549/741/1261 1548/735/1261
f 1384/741/1262 1389/747/1262 1579/747/1262 1549/741/1262
f 1469/824/1263 1474/828/1263 1571/828/1263 1583/824/1263
f 1474/828/1264 1479/832/1264 1558/832/1264 1571/828/1264
f 1389/747/1265 1394/752/1265 1567/752/1265 1579/747/1265
f 1394/752/1266 1399/758/1266 1550/758/1266 1567/752/1266
f 1479/832/1267 1484/836/1267 1559/836/1267 1558/832/1267
f 1399/758/1268 1404/764/1268 1551/764/1268 1550/758/1268
f 1585/636/1269 1589/637/1269 1590/638/1269 1586/639/1269
f 1586/639/1270 1590/638/1270 1591/640/1270 1587/641/1270
f 1588/648/1271 1592/647/1271 1589/637/1271 1585/636/1271
f 1589/637/1272 1593/649/1272 1594/650/1272 1590/638/1272
f 1590/638/1273 1594/650/1273 1595/651/1273 1591/640/1273
f 1592/647/1274 1596/654/1274 1593/649/1274 1589/637/1274
f 1593/649/1275 1597/655/1275 1598/656/1275 1594/650/1275
f 1594/650/1276 1598/656/1276 1599/657/1276 1595/651/1276
f 1596/654/1277 1600/660/1277 1597/655/1277 1593/649/1277
f 1597/655/1278 1601/661/1278 1602/662/1278 1598/656/1278
f 1598/656/1279 1602/662/1279 1603/663/1279 1599/657/1279
f 1600/660/1280 1604/666/1280 1601/661/1280 1597/655/1280
f 1601/661/1281 1605/667/1281 1606/668/1281 1602/662/1281
f 1602/662/1282 1606/668/1282 1607/669/1282 1603/663/1282
f 1604/666/1283 1608/672/1283 1605/667/1283 1601/661/1283
f 1605/667/1284 1609/673/1284 1610/674/1284 1606/668/1284
f 1606/668/1285 1610/674/1285 1611/675/1285 1607/669/1285
f 1608/672/1286 1612/678/1286 1609/673/1286 1605/667/1286
f 1609/673/1287 1613/679/1287 1614/680/1287 1610/674/1287
f 1610/674/1288 1614/680/1288 1615/681/1288 1611/675/1288
f 1612/678/1289 1616/684/1289 1613/679/1289 1609/673/1289
f 1613/679/1290 1617/685/1290 1618/686/1290 1614/680/1290
f 1614/680/1291 1618/686/1291 1619/687/1291 1615/681/1291
f 1616/684/1292 1620/690/1292 1617/685/1292 1613/679/1292
f 1617/685/1293 1621/691/1293 1622/692/1293 1618/686/1293
f 1618/686/1294 1622/692/1294 1623/693/1294 1619/687/1294
f 1620/690/1295 1624/696/1295 1621/691/1295 1617/685/1295
f 1621/691/1296 1625/697/1296 1626/698/1296 1622/692/1296
f 1622/692/1297 1626/698/1297 1627/699/1297 1623/693/1297
f 1624/696/1298 1628/702/1298 1625/697/1298 1621/691/1298
f 1625/697/1299 1629/703/1299 1630/704/1299 1626/698/1299
f 1626/698/1300 1630/704/1300 1631/705/1300 1627/699/1300
f 1628/702/1301 1632/708/1301 1629/703/1301 1625/697/1301
f 1629/703/1302 1633/709/1302 1634/710/1302 1630/704/1302
f 1630/704/1303 1634/710/1303 1635/711/1303 1631/705/1303
f 1632/708/1304 1636/714/1304 1633/709/1304 1629/703/1304
f 1633/709/1305 1637/715/1305 1638/716/1305 1634/710/1305
f 1634/710/1306 1638/716/1306 1639/717/1306 1635/711/1306
f 1636/714/1307 1640/720/1307 1637/715/1307 1633/709/1307
f 1637/715/1308 1641/721/1308 1642/722/1308 1638/716/1308
f 1638/716/1309 1642/722/1309 1643/723/1309 1639/717/1309
f 1640/720/1310 1644/726/1310 1641/721/1310 1637/715/1310
f 1641/721/1311 1645/727/1311 1646/728/1311 1642/722/1311
f 1642/722/1312 1646/728/1312 1647/729/1312 1643/723/1312
f 1644/726/1313 1648/732/1313 1645/727/1313 1641/721/1313
f 1645/727/1314 1649/733/1314 1650/734/1314 1646/728/1314
f 1646/728/1315 1650/734/1315 1651/735/1315 1647/729/1315
f 1648/732/1316 1652/738/1316 1649/733/1316 1645/727/1316
f 1649/733/1317 1653/739/1317 1654/740/1317 1650/734/1317
f 1650/734/1318 1654/740/1318 1655/741/1318 1651/735/1318
f 1652/738/1319 1656/744/1319 1653/739/1319 1649/733/1319
f 1653/739/1320 1657/745/1320 1658/746/1320 1654/740/1320
f 1654/740/1321 1658/746/1321 1659/747/1321 1655/741/1321
f 1656/744/1322 1660/749/1322 1657/745/1322 1653/739/1322
f 1657/745/1323 1661/750/1323 1662/751/1323 1658/746/1323
f 1658/746/1324 1662/751/1324 1663/752/1324 1659/747/1324
f 1660/749/1325 1664/755/1325 1661/750/1325 1657/745/1325
f 1661/750/1326 1665/756/1326 1666/757/1326 1662/751/1326
f 1662/751/1327 1666/757/1327 1667/758/1327 1663/752/1327
f 1664/755/1328 1668/761/1328 1665/756/1328 1661/750/1328
f 1665/756/1329 1669/762/1329 1670/763/1329 1666/757/1329
f 1666/757/1330 1670/763/1330 1671/764/1330 1667/758/1330
f 1668/761/1331 1672/768/1331 1669/762/1331 1665/756/1331
f 1669/762/1332 1673/769/1332 1674/770/1332 1670/763/1332
f 1670/763/1333 1674/770/1333 1675/771/1333 1671/764/1333
f 1672/768/1334 1676/773/1334 1673/769/1334 1669/762/1334
f 1673/769/1335 1677/774/1335 1678/775/1335 1674/770/1335
f 1674/770/1336 1678/775/1336 1679/776/1336 1675/771/1336
f 1676/773/1337 1680/777/1337 1677/774/1337 1673/769/1337
f 1677/774/1338 1681/778/1338 1682/779/1338 1678/775/1338
f 1678/775/1339 1682/779/1339 1683/780/1339 1679/776/1339
f 1680/777/1340 1684/781/1340 1681/778/1340 1677/774/1340
f 1681/782/1341 1685/783/1341 1686/784/1341 1682/785/1341
f 1682/785/1342 1686/784/1342 1687/786/1342 1683/787/1342
f 1684/789/1343 1688/788/1343 1685/783/1343 1681/782/1343
f 1685/783/1344 1689/790/1344 1690/791/1344 1686/784/1344
f 1686/784/1345 1690/791/1345 1691/792/1345 1687/786/1345
f 1688/788/1346 1692/793/1346 1689/790/1346 1685/783/1346
f 1689/790/1347 1693/794/1347 1694/795/1347 1690/791/1347
f 1690/791/1348 1694/795/1348 1695/796/1348 1691/792/1348
f 1692/793/1349 1696/797/1349 1693/794/1349 1689/790/1349
f 1693/794/1350 1697/798/1350 1698/799/1350 1694/795/1350
f 1694/795/1351 1698/799/1351 1699/800/1351 1695/796/1351
f 1696/797/1352 1700/801/1352 1697/798/1352 1693/794/1352
f 1697/798/1353 1701/802/1353 1702/803/1353 1698/799/1353
f 1698/799/1354 1702/803/1354 1703/804/1354 1699/800/1354
f 1700/801/1355 1704/805/1355 1701/802/1355 1697/798/1355
f 1701/802/1356 1705/806/1356 1706/807/1356 1702/803/1356
f 1702/803/1357 1706/807/1357 1707/808/1357 1703/804/1357
f 1704/805/1358 1708/809/1358 1705/806/1358 1701/802/1358
f 1705/806/1359 1709/810/1359 1710/811/1359 1706/807/1359
f 1706/807/1360 1710/811/1360 1711/812/1360 1707/808/1360
f 1708/809/1361 1712/813/1361 1709/810/1361 1705/806/1361
f 1709/810/1362 1713/814/1362 1714/815/1362 1710/811/1362
f 1710/811/1363 1714/815/1363 1715/816/1363 1711/812/1363
f 1712/813/1364 1716/817/1364 1713/814/1364 1709/810/1364
f 1713/814/1365 1717/818/1365 1718/819/1365 1714/815/1365
f 1714/815/1366 1718/819/1366 1719/820/1366 1715/816/1366
f 1716/817/1367 1720/821/1367 1717/818/1367 1713/814/1367
f 1717/818/1368 1721/822/1368 1722/823/1368 1718/819/1368
f 1718/819/1369 1722/823/1369 1723/824/1369 1719/820/1369
f 1720/821/1370 1724/825/1370 1721/822/1370 1717/818/1370
f 1721/822/1371 1725/826/1371 1726/827/1371 1722/823/1371
f 1722/823/1372 1726/827/1372 1727/828/1372 1723/824/1372
f 1724/825/1373 1728/829/1373 1725/826/1373 1721/822/1373
f 1725/826/1374 1729/830/1374 1730/831/1374 1726/827/1374
f 1726/827/1375 1730/831/1375 1731/832/1375 1727/828/1375
f 1728/829/1376 1732/833/1376 1729/830/1376 1725/826/1376
f 1729/830/1377 1733/834/1377 1734/835/1377 1730/831/1377
f 1730/831/1378 1734/835/1378 1735/836/1378 1731/832/1378
f 1732/833/1379 1736/837/1379 1733/834/1379 1729/830/1379
f 1733/834/1380 1737/838/1380 1738/839/1380 1734/835/1380
f 1734/835/1381 1738/839/1381 1739/840/1381 1735/836/1381
f 1736/837/1382 1740/841/1382 1737/838/1382 1733/834/1382
f 1737/838/1383 1741/842/1383 1742/843/1383 1738/839/1383
f 1738/839/1384 1742/843/1384 1743/844/1384 1739/840/1384
f 1740/841/1385 1744/845/1385 1741/842/1385 1737/838/1385
f 1741/842/1386 1745/846/1386 1746/847/1386 1742/843/1386
f 1742/843/1387 1746/847/1387 1747/848/1387 1743/844/1387
f 1744/845/1388 1748/849/1388 1745/846/1388 1741/842/1388
f 1745/846/1389 1749/850/1389 1750/851/1389 1746/847/1389
f 1746/847/1390 1750/851/1390 1751/852/1390 1747/848/1390
f 1748/849/1391 1752/853/1391 1749/850/1391 1745/846/1391
f 1749/850/1392 1753/854/1392 1754/855/1392 1750/851/1392
f 1750/851/1393 1754/855/1393 1755/856/1393 1751/852/1393
f 1752/853/1394 1756/857/1394 1753/854/1394 1749/850/1394
f 1753/854/1395 1757/858/1395 1758/859/1395 1754/855/1395
f 1754/855/1396 1758/859/1396 1759/860/1396 1755/856/1396
f 1756/857/1397 1760/861/1397 1757/858/1397 1753/854/1397
f 1757/858/1398 1761/862/1398 1762/863/1398 1758/859/1398
f 1758/859/1399 1762/863/1399 1763/864/1399 1759/860/1399
f 1760/861/1400 1764/866/1400 1761/862/1400 1757/858/1400
f 1761/862/1401 1765/867/1401 1766/868/1401 1762/863/1401
f 1762/863/1402 1766/868/1402 1767/869/1402 1763/864/1402
f 1764/866/1403 1768/872/1403 1765/867/1403 1761/862/1403
f 1765/867/1404 1769/873/1404 1770/874/1404 1766/868/1404
f 1766/868/1405 1770/874/1405 1771/875/1405 1767/869/1405
f 1768/872/1406 1772/877/1406 1769/873/1406 1765/867/1406
f 1769/873/1407 1773/878/1407 1774/879/1407 1770/874/1407
f 1770/874/1408 1774/879/1408 1775/880/1408 1771/875/1408
f 1772/877/1409 1776/881/1409 1773/878/1409 1769/873/1409
f 1773/878/1410 1585/636/1410 1586/639/1410 1774/879/1410
f 1774/879/1411 1586/639/1411 1587/641/1411 1775/880/1411
f 1776/881/1412 1588/648/1412 1585/636/1412 1773/878/1412
f 1764/866/1413 1760/861/1413 1562/860/1413 1537/864/1413
f 1760/861/1414 1756/857/1414 1573/856/1414 1562/860/1414
f 1756/857/1415 1752/853/1415 1561/852/1415 1573/856/1415
f 1752/853/1416 1748/849/1416 1560/848/1416 1561/852/1416
f 1748/849/1417 1744/845/1417 1572/844/1417 1560/848/1417
f 1744/845/1418 1740/841/1418 1584/840/1418 1572/844/1418
f 1740/841/1419 1736/837/1419 1559/836/1419 1584/840/1419
f 1736/837/1420 1732/833/1420 1558/832/1420 1559/836/1420
f 1732/833/1421 1728/829/1421 1571/828/1421 1558/832/1421
f 1728/829/1422 1724/825/1422 1583/824/1422 1571/828/1422
f 1724/825/1423 1720/821/1423 1557/820/1423 1583/824/1423
f 1720/821/1424 1716/817/1424 1556/816/1424 1557/820/1424
f 1716/817/1425 1712/813/1425 1570/812/1425 1556/816/1425
f 1712/813/1426 1708/809/1426 1582/808/1426 1570/812/1426
f 1708/809/1427 1704/805/1427 1555/804/1427 1582/808/1427
f 1704/805/1428 1700/801/1428 1554/800/1428 1555/804/1428
f 1700/801/1429 1696/797/1429 1569/796/1429 1554/800/1429
f 1696/797/1430 1692/793/1430 1581/792/1430 1569/796/1430
f 1692/793/1431 1688/788/1431 1553/786/1431 1581/792/1431
f 1688/788/1432 1684/789/1432 1552/787/1432 1553/786/1432
f 1684/781/1433 1680/777/1433 1568/776/1433 1552/780/1433
f 1680/777/1434 1676/773/1434 1580/771/1434 1568/776/1434
f 1676/773/1435 1672/768/1435 1551/764/1435 1580/771/1435
f 1672/768/1436 1668/761/1436 1550/758/1436 1551/764/1436
f 1668/761/1437 1664/755/1437 1567/752/1437 1550/758/1437
f 1664/755/1438 1660/749/1438 1579/747/1438 1567/752/1438
f 1660/749/1439 1656/744/1439 1549/741/1439 1579/747/1439
f 1656/744/1440 1652/738/1440 1548/735/1440 1549/741/1440
f 1652/738/1441 1648/732/1441 1566/729/1441 1548/735/1441
f 1648/732/1442 1644/726/1442 1578/723/1442 1566/729/1442
f 1644/726/1443 1640/720/1443 1547/717/1443 1578/723/1443
f 1640/720/1444 1636/714/1444 1546/711/1444 1547/717/1444
f 1636/714/1445 1632/708/1445 1565/705/1445 1546/711/1445
f 1632/708/1446 1628/702/1446 1577/699/1446 1565/705/1446
f 1628/702/1447 1624/696/1447 1545/693/1447 1577/699/1447
f 1624/696/1448 1620/690/1448 1544/687/1448 1545/693/1448
f 1620/690/1449 1616/684/1449 1564/681/1449 1544/687/1449
f 1616/684/1450 1612/678/1450 1576/675/1450 1564/681/1450
f 1612/678/1451 1608/672/1451 1543/669/1451 1576/675/1451
f 1608/672/1452 1604/666/1452 1542/663/1452 1543/669/1452
f 1604/666/1453 1600/660/1453 1563/657/1453 1542/663/1453
f 1600/660/1454 1596/654/1454 1575/651/1454 1563/657/1454
f 1596/654/1455 1592/647/1455 1541/640/1455 1575/651/1455
f 1592/647/1456 1588/648/1456 1539/641/1456 1541/640/1456
f 1588/648/1457 1776/881/1457 1540/880/1457 1539/641/1457
f 1776/881/1458 1772/877/1458 1574/875/1458 1540/880/1458
f 1772/877/1459 1768/872/1459 1538/869/1459 1574/875/1459
f 1768/872/1460 1764/866/1460 1537/864/1460 1538/869/1460
f 1787/882/1461 1759/860/1461 1763/864/1461
f 1788/883/1462 1755/856/1462 1759/860/1462
f 1788/883/1463 1751/852/1463 1755/856/1463
f 1789/884/1464 1747/848/1464 1751/852/1464
f 1790/885/1465 1743/844/1465 1747/848/1465
f 1790/885/1466 1739/840/1466 1743/844/1466
f 1791/886/1467 1735/836/1467 1739/840/1467
f 1792/887/1468 1731/832/1468 1735/836/1468
f 1792/887/1469 1727/828/1469 1731/832/1469
f 1793/888/1470 1723/824/1470 1727/828/1470
f 1794/889/1471 1719/820/1471 1723/824/1471
f 1794/889/1472 1715/816/1472 1719/820/1472
f 1795/890/1473 1711/812/1473 1715/816/1473
f 1796/891/1474 1707/808/1474 1711/812/1474
f 1796/891/1475 1703/804/1475 1707/808/1475
f 1797/892/1476 1699/800/1476 1703/804/1476
f 1798/893/1477 1695/796/1477 1699/800/1477
f 1798/893/1478 1691/792/1478 1695/796/1478
f 1799/894/1479 1687/786/1479 1691/792/1479
f 1800/895/1480 1683/787/1480 1687/786/1480
f 1800/895/1481 1679/776/1481 1683/780/1481
f 1801/896/1482 1675/771/1482 1679/776/1482
f 1802/897/1483 1671/764/1483 1675/771/1483
f 1802/897/1484 1667/758/1484 1671/764/1484
f 1803/898/1485 1663/752/1485 1667/758/1485
f 1804/899/1486 1659/747/1486 1663/752/1486
f 1804/899/1487 1655/741/1487 1659/747/1487
f 1805/900/1488 1651/735/1488 1655/741/1488
f 1806/901/1489 1647/729/1489 1651/735/1489
f 1806/901/1490 1643/723/1490 1647/729/1490
f 1807/902/1491 1639/717/1491 1643/723/1491
f 1808/903/1492 1635/711/1492 1639/717/1492
f 1808/903/1493 1631/705/1493 1635/711/1493
f 1777/904/1494 1627/699/1494 1631/705/1494
f 1778/905/1495 1623/693/1495 1627/699/1495
f 1778/905/1496 1619/687/1496 1623/693/1496
f 1779/906/1497 1615/681/1497 1619/687/1497
f 1780/907/1498 1611/675/1498 1615/681/1498
f 1780/907/1499 1607/669/1499 1611/675/1499
f 1781/908/1500 1603/663/1500 1607/669/1500
f 1782/909/1501 1599/657/1501 1603/663/1501
f 1782/909/1502 1595/651/1502 1599/657/1502
f 1783/910/1503 1591/640/1503 1595/651/1503
f 1784/911/1504 1587/641/1504 1591/640/1504
f 1784/911/1505 1775/880/1505 1587/641/1505
f 1785/912/1506 1771/875/1506 1775/880/1506
f 1786/913/1507 1767/869/1507 1771/875/1507
f 1786/913/1508 1763/864/1508 1767/869/1508
f 1787/882/1509 1788/883/1509 1759/860/1509
f 1788/883/1510 1789/884/1510 1751/852/1510
f 1789/884/1511 1790/885/1511 1747/848/1511
f 1790/885/1512 1791/886/1512 1739/840/1512
f 1791/886/1513 1792/887/1513 1735/836/1513
f 1792/887/1514 1793/888/1514 1727/828/1514
f 1793/888/1515 1794/889/1515 1723/824/1515
f 1794/889/1516 1795/890/1516 1715/816/1516
f 1795/890/1517 1796/891/1517 1711/812/1517
f 1796/891/1518 1797/892/1518 1703/804/1518
f 1797/892/1519 1798/893/1519 1699/800/1519
f 1798/893/1520 1799/894/1520 1691/792/1520
f 1799/894/1521 1800/914/1521 1687/786/1521
f 1800/895/1522 1801/896/1522 1679/776/1522
f 1801/896/1523 1802/897/1523 1675/771/1523
f 1802/897/1524 1803/898/1524 1667/758/1524
f 1803/898/1525 1804/899/1525 1663/752/1525
f 1804/899/1526 1805/900/1526 1655/741/1526
f 1805/900/1527 1806/901/1527 1651/735/1527
f 1806/901/1528 1807/902/1528 1643/723/1528
f 1807/902/1529 1808/903/1529 1639/717/1529
f 1808/903/1530 1777/904/1530 1631/705/1530
f 1777/904/1531 1778/905/1531 1627/699/1531
f 1778/905/1532 1779/906/1532 1619/687/1532
f 1779/906/1533 1780/907/1533 1615/681/1533
f 1780/907/1534 1781/908/1534 1607/669/1534
f 1781/908/1535 1782/909/1535 1603/663/1535
f 1782/909/1536 1783/910/1536 1595/651/1536
f 1783/910/1537 1784/911/1537 1591/640/1537
f 1784/911/1538 1785/912/1538 1775/880/1538
f 1785/912/1539 1786/913/1539 1771/875/1539
f 1786/913/1540 1787/882/1540 1763/864/1540
f 1802/897/1541 1801/896/1541 1833/896/1541 1834/897/1541
f 1789/884/1542 1788/883/1542 1820/883/1542 1821/884/1542
f 1803/898/1543 1802/897/1543 1834/897/1543 1835/898/1543
f 1790/885/1544 1789/884/1544 1821/884/1544 1822/885/1544
f 1804/899/1545 1803/898/1545 1835/898/1545 1836/899/1545
f 1791/886/1546 1790/885/1546 1822/885/1546 1823/886/1546
f 1778/905/1547 1777/904/1547 1809/904/1547 1810/905/1547
f 1805/900/1548 1804/899/1548 1836/899/1548 1837/900/1548
f 1792/887/1549 1791/886/1549 1823/886/1549 1824/887/1549
f 1779/906/1550 1778/905/1550 1810/905/1550 1811/906/1550
f 1806/901/1551 1805/900/1551 1837/900/1551 1838/901/1551
f 1793/888/1552 1792/887/1552 1824/887/1552 1825/888/1552
f 1780/907/1553 1779/906/1553 1811/906/1553 1812/907/1553
f 1807/902/1554 1806/901/1554 1838/901/1554 1839/902/1554
f 1794/889/1555 1793/888/1555 1825/888/1555 1826/889/1555
f 1781/908/1556 1780/907/1556 1812/907/1556 1813/908/1556
f 1808/903/1557 1807/902/1557 1839/902/1557 1840/903/1557
f 1795/890/1558 1794/889/1558 1826/889/1558 1827/890/1558
f 1782/909/1559 1781/908/1559 1813/908/1559 1814/909/1559
f 1777/904/1560 1808/903/1560 1840/903/1560 1809/904/1560
f 1796/891/1561 1795/890/1561 1827/890/1561 1828/891/1561
f 1783/910/1562 1782/909/1562 1814/909/1562 1815/910/1562
f 1797/892/1563 1796/891/1563 1828/891/1563 1829/892/1563
f 1784/911/1564 1783/910/1564 1815/910/1564 1816/911/1564
f 1798/893/1565 1797/892/1565 1829/892/1565 1830/893/1565
f 1785/912/1566 1784/911/1566 1816/911/1566 1817/912/1566
f 1799/894/1567 1798/893/1567 1830/893/1567 1831/894/1567
f 1786/913/1568 1785/912/1568 1817/912/1568 1818/913/1568
f 1800/914/1569 1799/894/1569 1831/894/1569 1832/914/1569
f 1787/882/1570 1786/913/1570 1818/913/1570 1819/882/1570
f 1801/896/1571 1800/895/1571 1832/895/1571 1833/896/1571
f 1788/883/1572 1787/882/1572 1819/882/1572 1820/883/1572
f 1841/636/1573 1846/637/1573 1847/638/1573 1842/639/1573
f 1842/639/1574 1847/638/1574 1848/640/1574 1843/641/1574
f 1844/645/1575 1849/646/1575 1850/647/1575 1845/648/1575
f 1845/648/1576 1850/647/1576 1846/637/1576 1841/636/1576
f 1846/637/1577 1851/649/1577 1852/650/1577 1847/638/1577
f 1847/638/1578 1852/650/1578 1853/651/1578 1848/640/1578
f 1849/646/1579 1854/653/1579 1855/654/1579 1850/647/1579
f 1850/647/1580 1855/654/1580 1851/649/1580 1846/637/1580
f 1851/649/1581 1856/655/1581 1857/656/1581 1852/650/1581
f 1852/650/1582 1857/656/1582 1858/657/1582 1853/651/1582
f 1854/653/1583 1859/659/1583 1860/660/1583 1855/654/1583
f 1855/654/1584 1860/660/1584 1856/655/1584 1851/649/1584
f 1856/655/1585 1861/661/1585 1862/662/1585 1857/656/1585
f 1857/656/1586 1862/662/1586 1863/663/1586 1858/657/1586
f 1859/659/1587 1864/665/1587 1865/666/1587 1860/660/1587
f 1860/660/1588 1865/666/1588 1861/661/1588 1856/655/1588
f 1861/661/1589 1866/667/1589 1867/668/1589 1862/662/1589
f 1862/662/1590 1867/668/1590 1868/669/1590 1863/663/1590
f 1864/665/1591 1869/671/1591 1870/672/1591 1865/666/1591
f 1865/666/1592 1870/672/1592 1866/667/1592 1861/661/1592
f 1866/667/1593 1871/673/1593 1872/674/1593 1867/668/1593
f 1867/668/1594 1872/674/1594 1873/675/1594 1868/669/1594
f 1869/671/1595 1874/677/1595 1875/678/1595 1870/672/1595
f 1870/672/1596 1875/678/1596 1871/673/1596 1866/667/1596
f 1871/673/1597 1876/679/1597 1877/680/1597 1872/674/1597
f 1872/674/1598 1877/680/1598 1878/681/1598 1873/675/1598
f 1874/677/1599 1879/683/1599 1880/684/1599 1875/678/1599
f 1875/678/1600 1880/684/1600 1876/679/1600 1871/673/1600
f 1876/679/1601 1881/685/1601 1882/686/1601 1877/680/1601
f 1877/680/1602 1882/686/1602 1883/687/1602 1878/681/1602
f 1879/683/1603 1884/689/1603 1885/690/1603 1880/684/1603
f 1880/684/1604 1885/690/1604 1881/685/1604 1876/679/1604
f 1881/685/1605 1886/691/1605 1887/692/1605 1882/686/1605
f 1882/686/1606 1887/692/1606 1888/693/1606 1883/687/1606
f 1884/689/1607 1889/695/1607 1890/696/1607 1885/690/1607
f 1885/690/1608 1890/696/1608 1886/691/1608 1881/685/1608
f 1886/691/1609 1891/697/1609 1892/698/1609 1887/692/1609
f 1887/692/1610 1892/698/1610 1893/699/1610 1888/693/1610
f 1889/695/1611 1894/701/1611 1895/702/1611 1890/696/1611
f 1890/696/1612 1895/702/1612 1891/697/1612 1886/691/1612
f 1891/697/1613 1896/703/1613 1897/704/1613 1892/698/1613
f 1892/698/1614 1897/704/1614 1898/705/1614 1893/699/1614
f 1894/701/1615 1899/707/1615 1900/708/1615 1895/702/1615
f 1895/702/1616 1900/708/1616 1896/703/1616 1891/697/1616
f 1896/703/1617 1901/709/1617 1902/710/1617 1897/704/1617
f 1897/704/1618 1902/710/1618 1903/711/1618 1898/705/1618
f 1899/707/1619 1904/713/1619 1905/714/1619 1900/708/1619
f 1900/708/1620 1905/714/1620 1901/709/1620 1896/703/1620
f 1901/709/1621 1906/715/1621 1907/716/1621 1902/710/1621
f 1902/710/1622 1907/716/1622 1908/717/1622 1903/711/1622
f 1904/713/1623 1909/719/1623 1910/720/1623 1905/714/1623
f 1905/714/1624 1910/720/1624 1906/715/1624 1901/709/1624
f 1906/715/1625 1911/721/1625 1912/722/1625 1907/716/1625
f 1907/716/1626 1912/722/1626 1913/723/1626 1908/717/1626
f 1909/719/1627 1914/725/1627 1915/726/1627 1910/720/1627
f 1910/720/1628 1915/726/1628 1911/721/1628 1906/715/1628
f 1911/721/1629 1916/727/1629 1917/728/1629 1912/722/1629
f 1912/722/1630 1917/728/1630 1918/729/1630 1913/723/1630
f 1914/725/1631 1919/731/1631 1920/732/1631 1915/726/1631
f 1915/726/1632 1920/732/1632 1916/727/1632 1911/721/1632
f 1916/727/1633 1921/733/1633 1922/734/1633 1917/728/1633
f 1917/728/1634 1922/734/1634 1923/735/1634 1918/729/1634
f 1919/731/1635 1924/737/1635 1925/738/1635 1920/732/1635
f 1920/732/1636 1925/738/1636 1921/733/1636 1916/727/1636
f 1921/733/1637 1926/739/1637 1927/740/1637 1922/734/1637
f 1922/734/1638 1927/740/1638 1928/741/1638 1923/735/1638
f 1924/737/1639 1929/743/1639 1930/744/1639 1925/738/1639
f 1925/738/1640 1930/744/1640 1926/739/1640 1921/733/1640
f 1926/739/1641 1931/745/1641 1932/746/1641 1927/740/1641
f 1927/740/1642 1932/746/1642 1933/747/1642 1928/741/1642
f 1929/743/1643 1934/748/1643 1935/749/1643 1930/744/1643
f 1930/744/1644 1935/749/1644 1931/745/1644 1926/739/1644
f 1931/745/1645 1936/750/1645 1937/751/1645 1932/746/1645
f 1932/746/1646 1937/751/1646 1938/752/1646 1933/747/1646
f 1934/748/1647 1939/754/1647 1940/755/1647 1935/749/1647
f 1935/749/1648 1940/755/1648 1936/750/1648 1931/745/1648
f 1936/750/1649 1941/756/1649 1942/757/1649 1937/751/1649
f 1937/751/1650 1942/757/1650 1943/758/1650 1938/752/1650
f 1939/754/1651 1944/760/1651 1945/761/1651 1940/755/1651
f 1940/755/1652 1945/761/1652 1941/756/1652 1936/750/1652
f 1941/756/1653 1946/762/1653 1947/763/1653 1942/757/1653
f 1942/757/1654 1947/763/1654 1948/764/1654 1943/758/1654
f 1944/760/1655 1949/767/1655 1950/768/1655 1945/761/1655
f 1945/761/1656 1950/768/1656 1946/762/1656 1941/756/1656
f 1946/762/1657 1951/769/1657 1952/770/1657 1947/763/1657
f 1947/763/1658 1952/770/1658 1953/771/1658 1948/764/1658
f 1949/767/1659 1954/772/1659 1955/773/1659 1950/768/1659
f 1950/768/1660 1955/773/1660 1951/769/1660 1946/762/1660
f 1951/769/1661 1956/774/1661 1957/775/1661 1952/770/1661
f 1952/770/1662 1957/775/1662 1958/776/1662 1953/771/1662
f 1954/772/1663 1959/766/1663 1960/777/1663 1955/773/1663
f 1955/773/1664 1960/777/1664 1956/774/1664 1951/769/1664
f 1956/774/1665 1961/778/1665 1962/779/1665 1957/775/1665
f 1957/775/1666 1962/779/1666 1963/780/1666 1958/776/1666
f 1959/766/1667 1964/765/1667 1965/781/1667 1960/777/1667
f 1960/777/1668 1965/781/1668 1961/778/1668 1956/774/1668
f 1961/782/1669 1966/783/1669 1967/784/1669 1962/785/1669
f 1962/785/1670 1967/784/1670 1968/786/1670 1963/787/1670
f 1964/759/1671 1969/753/1671 1970/788/1671 1965/789/1671
f 1965/789/1672 1970/788/1672 1966/783/1672 1961/782/1672
f 1966/783/1673 1971/790/1673 1972/791/1673 1967/784/1673
f 1967/784/1674 1972/791/1674 1973/792/1674 1968/786/1674
f 1969/753/1675 1974/742/1675 1975/793/1675 1970/788/1675
f 1970/788/1676 1975/793/1676 1971/790/1676 1966/783/1676
f 1971/790/1677 1976/794/1677 1977/795/1677 1972/791/1677
f 1972/791/1678 1977/795/1678 1978/796/1678 1973/792/1678
f 1974/742/1679 1979/736/1679 1980/797/1679 1975/793/1679
f 1975/793/1680 1980/797/1680 1976/794/1680 1971/790/1680
f 1976/794/1681 1981/798/1681 1982/799/1681 1977/795/1681
f 1977/795/1682 1982/799/1682 1983/800/1682 1978/796/1682
f 1979/736/1683 1984/730/1683 1985/801/1683 1980/797/1683
f 1980/797/1684 1985/801/1684 1981/798/1684 1976/794/1684
f 1981/798/1685 1986/802/1685 1987/803/1685 1982/799/1685
f 1982/799/1686 1987/803/1686 1988/804/1686 1983/800/1686
f 1984/730/1687 1989/724/1687 1990/805/1687 1985/801/1687
f 1985/801/1688 1990/805/1688 1986/802/1688 1981/798/1688
f 1986/802/1689 1991/806/1689 1992/807/1689 1987/803/1689
f 1987/803/1690 1992/807/1690 1993/808/1690 1988/804/1690
f 1989/724/1691 1994/718/1691 1995/809/1691 1990/805/1691
f 1990/805/1692 1995/809/1692 1991/806/1692 1986/802/1692
f 1991/806/1693 1996/810/1693 1997/811/1693 1992/807/1693
f 1992/807/1694 1997/811/1694 1998/812/1694 1993/808/1694
f 1994/718/1695 1999/712/1695 2000/813/1695 1995/809/1695
f 1995/809/1696 2000/813/1696 1996/810/1696 1991/806/1696
f 1996/810/1697 2001/814/1697 2002/815/1697 1997/811/1697
f 1997/811/1698 2002/815/1698 2003/816/1698 1998/812/1698
f 1999/712/1699 2004/706/1699 2005/817/1699 2000/813/1699
f 2000/813/1700 2005/817/1700 2001/814/1700 1996/810/1700
f 2001/814/1701 2006/818/1701 2007/819/1701 2002/815/1701
f 2002/815/1702 2007/819/1702 2008/820/1702 2003/816/1702
f 2004/706/1703 2009/700/1703 2010/821/1703 2005/817/1703
f 2005/817/1704 2010/821/1704 2006/818/1704 2001/814/1704
f 2006/818/1705 2011/822/1705 2012/823/1705 2007/819/1705
f 2007/819/1706 2012/823/1706 2013/824/1706 2008/820/1706
f 2009/700/1707 2014/694/1707 2015/825/1707 2010/821/1707
f 2010/821/1708 2015/825/1708 2011/822/1708 2006/818/1708
f 2011/822/1709 2016/826/1709 2017/827/1709 2012/823/1709
f 2012/823/1710 2017/827/1710 2018/828/1710 2013/824/1710
f 2014/694/1711 2019/688/1711 2020/829/1711 2015/825/1711
f 2015/825/1712 2020/829/1712 2016/826/1712 2011/822/1712
f 2016/826/1713 2021/830/1713 2022/831/1713 2017/827/1713
f 2017/827/1714 2022/831/1714 2023/832/1714 2018/828/1714
f 2019/688/1715 2024/682/1715 2025/833/1715 2020/829/1715
f 2020/829/1716 2025/833/1716 2021/830/1716 2016/826/1716
f 2021/830/1717 2026/834/1717 2027/835/1717 2022/831/1717
f 2022/831/1718 2027/835/1718 2028/836/1718 2023/832/1718
f 2024/682/1719 2029/676/1719 2030/837/1719 2025/833/1719
f 2025/833/1720 2030/837/1720 2026/834/1720 2021/830/1720
f 2026/834/1721 2031/838/1721 2032/839/1721 2027/835/1721
f 2027/835/1722 2032/839/1722 2033/840/1722 2028/836/1722
f 2029/676/1723 2034/670/1723 2035/841/1723 2030/837/1723
f 2030/837/1724 2035/841/1724 2031/838/1724 2026/834/1724
f 2031/838/1725 2036/842/1725 2037/843/1725 2032/839/1725
f 2032/839/1726 2037/843/1726 2038/844/1726 2033/840/1726
f 2034/670/1727 2039/664/1727 2040/845/1727 2035/841/1727
f 2035/841/1728 2040/845/1728 2036/842/1728 2031/838/1728
f 2036/842/1729 2041/846/1729 2042/847/1729 2037/843/1729
f 2037/843/1730 2042/847/1730 2043/848/1730 2038/844/1730
f 2039/664/1731 2044/658/1731 2045/849/1731 2040/845/1731
f 2040/845/1732 2045/849/1732 2041/846/1732 2036/842/1732
f 2041/846/1733 2046/850/1733 2047/851/1733 2042/847/1733
f 2042/847/1734 2047/851/1734 2048/852/1734 2043/848/1734
f 2044/658/1735 2049/652/1735 2050/853/1735 2045/849/1735
f 2045/849/1736 2050/853/1736 2046/850/1736 2041/846/1736
f 2046/850/1737 2051/854/1737 2052/855/1737 2047/851/1737
f 2047/851/1738 2052/855/1738 2053/856/1738 2048/852/1738
f 2049/652/1739 2054/644/1739 2055/857/1739 2050/853/1739
f 2050/853/1740 2055/857/1740 2051/854/1740 2046/850/1740
f 2051/854/1741 2056/858/1741 2057/859/1741 2052/855/1741
f 2052/855/1742 2057/859/1742 2058/860/1742 2053/856/1742
f 2054/644/1743 2059/643/1743 2060/861/1743 2055/857/1743
f 2055/857/1744 2060/861/1744 2056/858/1744 2051/854/1744
f 2056/858/1745 2061/862/1745 2062/863/1745 2057/859/1745
f 2057/859/1746 2062/863/1746 2063/864/1746 2058/860/1746
f 2059/643/1747 2064/865/1747 2065/866/1747 2060/861/1747
f 2060/861/1748 2065/866/1748 2061/862/1748 2056/858/1748
f 2061/862/1749 2066/867/1749 2067/868/1749 2062/863/1749
f 2062/863/1750 2067/868/1750 2068/869/1750 2063/864/1750
f 2064/865/1751 2069/871/1751 2070/872/1751 2065/866/1751
f 2065/866/1752 2070/872/1752 2066/867/1752 2061/862/1752
f 2066/867/1753 2071/873/1753 2072/874/1753 2067/868/1753
f 2067/868/1754 2072/874/1754 2073/875/1754 2068/869/1754
f 2069/871/1755 2074/876/1755 2075/877/1755 2070/872/1755
f 2070/872/1756 2075/877/1756 2071/873/1756 2066/867/1756
f 2071/873/1757 2076/878/1757 2077/879/1757 2072/874/1757
f 2072/874/1758 2077/879/1758 2078/880/1758 2073/875/1758
f 2074/876/1759 2079/870/1759 2080/881/1759 2075/877/1759
f 2075/877/1760 2080/881/1760 2076/878/1760 2071/873/1760
f 2076/878/1761 1841/636/1761 1842/639/1761 2077/879/1761
f 2077/879/1762 1842/639/1762 1843/641/1762 2078/880/1762
f 2079/870/1763 1844/645/1763 1845/648/1763 2080/881/1763
f 2080/881/1764 1845/648/1764 1841/636/1764 2076/878/1764
f 1818/913/1765 2064/865/1765 1819/882/1765
f 1819/882/1766 2064/865/1766 2059/643/1766
f 1818/913/1767 2074/876/1767 2069/871/1767
f 1817/912/1768 2079/870/1768 2074/876/1768
f 1816/911/1769 2079/870/1769 1817/912/1769
f 1816/911/1770 1849/646/1770 1844/645/1770
f 1815/910/1771 1854/653/1771 1849/646/1771
f 1814/909/1772 1854/653/1772 1815/910/1772
f 1814/909/1773 1864/665/1773 1859/659/1773
f 1813/908/1774 1869/671/1774 1864/665/1774
f 1812/907/1775 1869/671/1775 1813/908/1775
f 1812/907/1776 1879/683/1776 1874/677/1776
f 1811/906/1777 1884/689/1777 1879/683/1777
f 1810/905/1778 1884/689/1778 1811/906/1778
f 1810/905/1779 1894/701/1779 1889/695/1779
f 1809/904/1780 1899/707/1780 1894/701/1780
f 1840/903/1781 1899/707/1781 1809/904/1781
f 1840/903/1782 1909/719/1782 1904/713/1782
f 1839/902/1783 1914/725/1783 1909/719/1783
f 1838/901/1784 1914/725/1784 1839/902/1784
f 1838/901/1785 1924/737/1785 1919/731/1785
f 1837/900/1786 1929/743/1786 1924/737/1786
f 1836/899/1787 1929/743/1787 1837/900/1787
f 1836/899/1788 1939/754/1788 1934/748/1788
f 1835/898/1789 1944/760/1789 1939/754/1789
f 1834/897/1790 1944/760/1790 1835/898/1790
f 1834/897/1791 1954/772/1791 1949/767/1791
f 1833/896/1792 1959/766/1792 1954/772/1792
f 1832/895/1793 1959/766/1793 1833/896/1793
f 1832/914/1794 1969/753/1794 1964/759/1794
f 1831/894/1795 1974/742/1795 1969/753/1795
f 1830/893/1796 1974/742/1796 1831/894/1796
f 1830/893/1797 1984/730/1797 1979/736/1797
f 1829/892/1798 1989/724/1798 1984/730/1798
f 1828/891/1799 1989/724/1799 1829/892/1799
f 1828/891/1800 1999/712/1800 1994/718/1800
f 1827/890/1801 2004/706/1801 1999/712/1801
f 1826/889/1802 2004/706/1802 1827/890/1802
f 1826/889/1803 2014/694/1803 2009/700/1803
f 1825/888/1804 2019/688/1804 2014/694/1804
f 1824/887/1805 2019/688/1805 1825/888/1805
f 1824/887/1806 2029/676/1806 2024/682/1806
f 1823/886/1807 2034/670/1807 2029/676/1807
f 1822/885/1808 2034/670/1808 1823/886/1808
f 1822/885/1809 2044/658/1809 2039/664/1809
f 1821/884/1810 2049/652/1810 2044/658/1810
f 1820/883/1811 2049/652/1811 1821/884/1811
f 1820/883/1812 2059/643/1812 2054/644/1812
f 1818/913/1813 2069/871/1813 2064/865/1813
f 1818/913/1814 1817/912/1814 2074/876/1814
f 1816/911/1815 1844/645/1815 2079/870/1815
f 1816/911/1816 1815/910/1816 1849/646/1816
f 1814/909/1817 1859/659/1817 1854/653/1817
f 1814/909/1818 1813/908/1818 1864/665/1818
f 1812/907/1819 1874/677/1819 1869/671/1819
f 1812/907/1820 1811/906/1820 1879/683/1820
f 1810/905/1821 1889/695/1821 1884/689/1821
f 1810/905/1822 1809/904/1822 1894/701/1822
f 1840/903/1823 1904/713/1823 1899/707/1823
f 1840/903/1824 1839/902/1824 1909/719/1824
f 1838/901/1825 1919/731/1825 1914/725/1825
f 1838/901/1826 1837/900/1826 1924/737/1826
f 1836/899/1827 1934/748/1827 1929/743/1827
f 1836/899/1828 1835/898/1828 1939/754/1828
f 1834/897/1829 1949/767/1829 1944/760/1829
f 1834/897/1830 1833/896/1830 1954/772/1830
f 1832/895/1831 1964/765/1831 1959/766/1831
f 1832/914/1832 1831/894/1832 1969/753/1832
f 1830/893/1833 1979/736/1833 1974/742/1833
f 1830/893/1834 1829/892/1834 1984/730/1834
f 1828/891/1835 1994/718/1835 1989/724/1835
f 1828/891/1836 1827/890/1836 1999/712/1836
f 1826/889/1837 2009/700/1837 2004/706/1837
f 1826/889/1838 1825/888/1838 2014/694/1838
f 1824/887/1839 2024/682/1839 2019/688/1839
f 1824/887/1840 1823/886/1840 2029/676/1840
f 1822/885/1841 2039/664/1841 2034/670/1841
f 1822/885/1842 1821/884/1842 2044/658/1842
f 1820/883/1843 2054/644/1843 2049/652/1843
f 1820/883/1844 1819/882/1844 2059/643/1844
f 2145/915/1845 2176/916/1845 2112/917/1845 2081/918/1845
f 2111/919/1846 2143/920/1846 2144/921/1846 2112/917/1846
f 2110/922/1847 2142/923/1847 2143/920/1847 2111/919/1847
f 2109/924/1848 2141/925/1848 2142/923/1848 2110/922/1848
f 2108/926/1849 2140/927/1849 2141/925/1849 2109/924/1849
f 2107/928/1850 2139/929/1850 2140/927/1850 2108/926/1850
f 2106/930/1851 2138/931/1851 2139/929/1851 2107/928/1851
f 2105/932/1852 2137/933/1852 2138/931/1852 2106/930/1852
f 2104/934/1853 2136/935/1853 2137/933/1853 2105/932/1853
f 2103/936/1854 2135/937/1854 2136/935/1854 2104/934/1854
f 2102/938/1855 2134/939/1855 2135/937/1855 2103/936/1855
f 2101/940/1856 2133/941/1856 2134/939/1856 2102/938/1856
f 2100/942/1857 2132/943/1857 2133/941/1857 2101/940/1857
f 2099/944/1858 2131/945/1858 2132/943/1858 2100/942/1858
f 2098/946/1859 2130/947/1859 2131/945/1859 2099/944/1859
f 2097/948/1860 2129/949/1860 2130/947/1860 2098/946/1860
f 2096/950/1861 2128/951/1861 2129/949/1861 2097/948/1861
f 2095/952/1862 2127/953/1862 2128/951/1862 2096/950/1862
f 2094/954/1863 2126/955/1863 2127/953/1863 2095/952/1863
f 2093/956/1864 2125/957/1864 2126/955/1864 2094/954/1864
f 2092/958/1865 2124/959/1865 2125/957/1865 2093/956/1865
f 2091/960/1866 2123/961/1866 2124/959/1866 2092/958/1866
f 2090/962/1867 2122/963/1867 2123/961/1867 2091/960/1867
f 2089/964/1868 2121/965/1868 2122/963/1868 2090/962/1868
f 2088/966/1869 2120/967/1869 2121/965/1869 2089/964/1869
f 2087/968/1870 2119/969/1870 2120/967/1870 2088/966/1870
f 2086/970/1871 2118/971/1871 2119/969/1871 2087/968/1871
f 2085/972/1872 2117/973/1872 2118/971/1872 2086/970/1872
f 2084/974/1873 2116/975/1873 2117/973/1873 2085/972/1873
f 2083/976/1874 2115/977/1874 2116/975/1874 2084/974/1874
f 2082/978/1875 2114/979/1875 2115/977/1875 2083/976/1875
f 2081/918/1876 2113/980/1876 2114/979/1876 2082/978/1876
f 2112/917/1877 2144/921/1877 2113/980/1877 2081/918/1877
f 2118/971/1878 2058/860/1878 2063/864/1878
f 2117/973/1879 2053/856/1879 2058/860/1879
f 2117/973/1880 2048/852/1880 2053/856/1880
f 2116/975/1881 2043/848/1881 2048/852/1881
f 2115/977/1882 2038/844/1882 2043/848/1882
f 2115/977/1883 2033/840/1883 2038/844/1883
f 2114/979/1884 2028/836/1884 2033/840/1884
f 2113/980/1885 2023/832/1885 2028/836/1885
f 2113/980/1886 2018/828/1886 2023/832/1886
f 2144/921/1887 2013/824/1887 2018/828/1887
f 2143/920/1888 2008/820/1888 2013/824/1888
f 2143/920/1889 2003/816/1889 2008/820/1889
f 2142/923/1890 1998/812/1890 2003/816/1890
f 2141/925/1891 1993/808/1891 1998/812/1891
f 2141/925/1892 1988/804/1892 1993/808/1892
f 2140/927/1893 1983/800/1893 1988/804/1893
f 2139/929/1894 1978/796/1894 1983/800/1894
f 2139/929/1895 1973/792/1895 1978/796/1895
f 2138/931/1896 1968/786/1896 1973/792/1896
f 2137/933/1897 1963/787/1897 1968/786/1897
f 2137/933/1898 1958/776/1898 1963/780/1898
f 2136/935/1899 1953/771/1899 1958/776/1899
f 2135/937/1900 1948/764/1900 1953/771/1900
f 2135/937/1901 1943/758/1901 1948/764/1901
f 2134/939/1902 1938/752/1902 1943/758/1902
f 2133/941/1903 1933/747/1903 1938/752/1903
f 2133/941/1904 1928/741/1904 1933/747/1904
f 2132/943/1905 1923/735/1905 1928/741/1905
f 2131/945/1906 1918/729/1906 1923/735/1906
f 2131/945/1907 1913/723/1907 1918/729/1907
f 2130/947/1908 1908/717/1908 1913/723/1908
f 2129/949/1909 1903/711/1909 1908/717/1909
f 2129/949/1910 1898/705/1910 1903/711/1910
f 2128/951/1911 1893/699/1911 1898/705/1911
f 2127/953/1912 1888/693/1912 1893/699/1912
f 2127/953/1913 1883/687/1913 1888/693/1913
f 2126/955/1914 1878/681/1914 1883/687/1914
f 2125/957/1915 1873/675/1915 1878/681/1915
f 2125/957/1916 1868/669/1916 1873/675/1916
f 2124/959/1917 1863/663/1917 1868/669/1917
f 2123/961/1918 1858/657/1918 1863/663/1918
f 2123/961/1919 1853/651/1919 1858/657/1919
f 2122/963/1920 1848/640/1920 1853/651/1920
f 2121/965/1921 1843/641/1921 1848/640/1921
f 2121/965/1922 2078/880/1922 1843/641/1922
f 2120/967/1923 2073/875/1923 2078/880/1923
f 2119/969/1924 2068/869/1924 2073/875/1924
f 2119/969/1925 2063/864/1925 2068/869/1925
f 2118/971/1926 2117/973/1926 2058/860/1926
f 2117/973/1927 2116/975/1927 2048/852/1927
f 2116/975/1928 2115/977/1928 2043/848/1928
f 2115/977/1929 2114/979/1929 2033/840/1929
f 2114/979/1930 2113/980/1930 2028/836/1930
f 2113/980/1931 2144/921/1931 2018/828/1931
f 2144/921/1932 2143/920/1932 2013/824/1932
f 2143/920/1933 2142/923/1933 2003/816/1933
f 2142/923/1934 2141/925/1934 1998/812/1934
f 2141/925/1935 2140/927/1935 1988/804/1935
f 2140/927/1936 2139/929/1936 1983/800/1936
f 2139/929/1937 2138/931/1937 1973/792/1937
f 2138/931/1938 2137/933/1938 1968/786/1938
f 2137/933/1939 2136/935/1939 1958/776/1939
f 2136/935/1940 2135/937/1940 1953/771/1940
f 2135/937/1941 2134/939/1941 1943/758/1941
f 2134/939/1942 2133/941/1942 1938/752/1942
f 2133/941/1943 2132/943/1943 1928/741/1943
f 2132/943/1944 2131/945/1944 1923/735/1944
f 2131/945/1945 2130/947/1945 1913/723/1945
f 2130/947/1946 2129/949/1946 1908/717/1946
f 2129/949/1947 2128/951/1947 1898/705/1947
f 2128/951/1948 2127/953/1948 1893/699/1948
f 2127/953/1949 2126/955/1949 1883/687/1949
f 2126/955/1950 2125/957/1950 1878/681/1950
f 2125/957/1951 2124/959/1951 1868/669/1951
f 2124/959/1952 2123/961/1952 1863/663/1952
f 2123/961/1953 2122/963/1953 1853/651/1953
f 2122/963/1954 2121/965/1954 1848/640/1954
f 2121/965/1955 2120/967/1955 2078/880/1955
f 2120/967/1956 2119/969/1956 2073/875/1956
f 2119/969/1957 2118/971/1957 2063/864/1957
f 2166/981/1958 2167/982/1958 2199/982/1958 2198/981/1958
f 2176/916/1959 2175/983/1959 2111/919/1959 2112/917/1959
f 2175/983/1960 2174/984/1960 2110/922/1960 2111/919/1960
f 2174/984/1961 2173/985/1961 2109/924/1961 2110/922/1961
f 2173/985/1962 2172/986/1962 2108/926/1962 2109/924/1962
f 2172/986/1963 2171/987/1963 2107/928/1963 2108/926/1963
f 2171/987/1964 2170/988/1964 2106/930/1964 2107/928/1964
f 2170/988/1965 2169/185/1965 2105/932/1965 2106/930/1965
f 2169/185/1966 2168/989/1966 2104/934/1966 2105/932/1966
f 2168/989/1967 2167/982/1967 2103/936/1967 2104/934/1967
f 2167/982/1968 2166/981/1968 2102/938/1968 2103/936/1968
f 2166/981/1969 2165/990/1969 2101/940/1969 2102/938/1969
f 2165/990/1970 2164/991/1970 2100/942/1970 2101/940/1970
f 2164/991/1971 2163/992/1971 2099/944/1971 2100/942/1971
f 2163/992/1972 2162/993/1972 2098/946/1972 2099/944/1972
f 2162/993/1973 2161/994/1973 2097/948/1973 2098/946/1973
f 2161/994/1974 2160/995/1974 2096/950/1974 2097/948/1974
f 2160/995/1975 2159/996/1975 2095/952/1975 2096/950/1975
f 2159/996/1976 2158/997/1976 2094/954/1976 2095/952/1976
f 2158/997/1977 2157/998/1977 2093/956/1977 2094/954/1977
f 2157/998/1978 2156/999/1978 2092/958/1978 2093/956/1978
f 2156/999/1979 2155/171/1979 2091/960/1979 2092/958/1979
f 2155/171/1980 2154/1000/1980 2090/962/1980 2091/960/1980
f 2154/1000/1981 2153/1001/1981 2089/964/1981 2090/962/1981
f 2153/1001/1982 2152/1002/1982 2088/966/1982 2089/964/1982
f 2152/1002/1983 2151/167/1983 2087/968/1983 2088/966/1983
f 2151/167/1984 2150/1003/1984 2086/970/1984 2087/968/1984
f 2150/1003/1985 2149/1004/1985 2085/972/1985 2086/970/1985
f 2149/1004/1986 2148/1005/1986 2084/974/1986 2085/972/1986
f 2148/1005/1987 2147/163/1987 2083/976/1987 2084/974/1987
f 2147/163/1988 2146/162/1988 2082/978/1988 2083/976/1988
f 2146/162/1989 2145/915/1989 2081/918/1989 2082/978/1989
f 2209/1006/1990 2207/983/1990 2208/916/1990
f 2153/1001/1991 2154/1000/1991 2186/1000/1991 2185/1001/1991
f 2167/982/1992 2168/989/1992 2200/989/1992 2199/982/1992
f 2154/1000/1993 2155/171/1993 2187/171/1993 2186/1000/1993
f 2168/989/1994 2169/185/1994 2201/185/1994 2200/989/1994
f 2155/171/1995 2156/999/1995 2188/999/1995 2187/171/1995
f 2169/185/1996 2170/988/1996 2202/988/1996 2201/185/1996
f 2156/999/1997 2157/998/1997 2189/998/1997 2188/999/1997
f 2170/988/1998 2171/987/1998 2203/987/1998 2202/988/1998
f 2157/998/1999 2158/997/1999 2190/997/1999 2189/998/1999
f 2171/987/2000 2172/986/2000 2204/986/2000 2203/987/2000
f 2158/997/2001 2159/996/2001 2191/996/2001 2190/997/2001
f 2145/915/2002 2146/162/2002 2178/162/2002 2177/915/2002
f 2172/986/2003 2173/985/2003 2205/985/2003 2204/986/2003
f 2159/996/2004 2160/995/2004 2192/995/2004 2191/996/2004
f 2146/162/2005 2147/163/2005 2179/163/2005 2178/162/2005
f 2173/985/2006 2174/984/2006 2206/984/2006 2205/985/2006
f 2160/995/2007 2161/994/2007 2193/994/2007 2192/995/2007
f 2147/163/2008 2148/1005/2008 2180/1005/2008 2179/163/2008
f 2174/984/2009 2175/983/2009 2207/983/2009 2206/984/2009
f 2161/994/2010 2162/993/2010 2194/993/2010 2193/994/2010
f 2148/1005/2011 2149/1004/2011 2181/1004/2011 2180/1005/2011
f 2175/983/2012 2176/916/2012 2208/916/2012 2207/983/2012
f 2162/993/2013 2163/992/2013 2195/992/2013 2194/993/2013
f 2149/1004/2014 2150/1003/2014 2182/1003/2014 2181/1004/2014
f 2176/916/2015 2145/915/2015 2177/915/2015 2208/916/2015
f 2163/992/2016 2164/991/2016 2196/991/2016 2195/992/2016
f 2150/1003/2017 2151/167/2017 2183/167/2017 2182/1003/2017
f 2164/991/2018 2165/990/2018 2197/990/2018 2196/991/2018
f 2151/167/2019 2152/1002/2019 2184/1002/2019 2183/167/2019
f 2165/990/2020 2166/981/2020 2198/981/2020 2197/990/2020
f 2152/1002/2021 2153/1001/2021 2185/1001/2021 2184/1002/2021
f 2209/1006/2022 2210/1007/2022 2212/1008/2022 2211/1009/2022
f 2211/1009/2023 2212/1008/2023 2216/232/2023 2215/216/2023
f 2215/216/2024 2216/232/2024 2214/76/2024 2213/553/2024
f 2213/553/2025 2214/76/2025 2210/1010/2025 2209/1011/2025
f 2217/1006/2022 2218/1007/2022 2220/1008/2022 2219/1009/2022
f 2216/232/642 2212/248/642 2210/33/642 2214/76/642
f 2209/1006/2026 2206/984/2026 2207/983/2026
f 2209/1006/2027 2205/985/2027 2206/984/2027
f 2209/1006/2028 2204/986/2028 2205/985/2028
f 2209/1006/2029 2203/987/2029 2204/986/2029
f 2209/1006/2030 2202/988/2030 2203/987/2030
f 2209/1006/2031 2201/185/2031 2202/988/2031
f 2211/1009/2032 2201/185/2032 2209/1006/2032
f 2211/1009/2033 2199/982/2033 2200/989/2033
f 2211/1009/2034 2198/981/2034 2199/982/2034
f 2211/1009/2035 2197/990/2035 2198/981/2035
f 2211/1009/2036 2196/991/2036 2197/990/2036
f 2211/1009/2037 2195/992/2037 2196/991/2037
f 2211/1009/2038 2194/993/2038 2195/992/2038
f 2211/1009/2039 2215/216/2039 2194/993/2039
f 2213/553/2040 2209/1011/2040 2208/916/2040
f 2215/216/2041 2191/996/2041 2192/995/2041
f 2215/216/2042 2190/997/2042 2191/996/2042
f 2215/216/2043 2189/998/2043 2190/997/2043
f 2215/216/2044 2188/999/2044 2189/998/2044
f 2215/216/2045 2187/171/2045 2188/999/2045
f 2215/216/2046 2186/1000/2046 2187/171/2046
f 2215/216/2047 2185/1001/2047 2186/1000/2047
f 2213/553/2048 2185/1001/2048 2215/216/2048
f 2213/553/2049 2183/167/2049 2184/1002/2049
f 2213/553/2050 2182/1003/2050 2183/167/2050
f 2213/553/2051 2181/1004/2051 2182/1003/2051
f 2213/553/2052 2180/1005/2052 2181/1004/2052
f 2213/553/2053 2179/163/2053 2180/1005/2053
f 2213/553/2054 2178/162/2054 2179/163/2054
f 2213/553/2055 2177/915/2055 2178/162/2055
f 2177/915/2056 2213/553/2056 2208/916/2056
f 2211/1009/2057 2200/989/2057 2201/185/2057
f 2215/216/2058 2192/995/2058 2193/994/2058
f 2213/553/2059 2184/1002/2059 2185/1001/2059
f 2215/216/2060 2193/994/2060 2194/993/2060
f 2219/1009/2023 2220/1008/2023 2224/232/2023 2223/216/2023
f 2223/216/2024 2224/232/2024 2222/76/2024 2221/553/2024
f 2221/553/2025 2222/76/2025 2218/1010/2025 2217/1011/2025
f 2224/232/642 2220/248/642 2218/33/642 2222/76/642
