# Blender 4.1.1
# www.blender.org
mtllib chessQueen.mtl
o Cylinder.010
v -0.078836 0.279619 0.049082
v -0.084105 0.279619 0.037573
v 0.064425 0.279619 0.069401
v 0.055469 0.279619 0.077862
v -0.090257 0.279619 0.012835
v -0.091037 0.279619 0.000030
v -0.011856 0.279619 0.097296
v -0.023539 0.279619 0.094792
v -0.045503 0.279619 0.084991
v -0.055408 0.279619 0.077862
v 0.087995 0.279619 -0.025362
v 0.090319 0.279619 -0.012776
v -0.072218 0.279619 0.059752
v 0.034880 0.279619 0.090667
v 0.023600 0.279619 0.094792
v 0.000031 0.279619 0.098135
v 0.064425 0.279619 -0.069341
v 0.072279 0.279619 -0.059693
v -0.034819 0.279619 0.090667
v 0.084166 0.279619 -0.037513
v 0.045564 0.279619 0.084991
v 0.023600 0.279619 -0.094733
v 0.034880 0.279619 -0.090608
v 0.011917 0.279619 0.097296
v 0.055469 0.279619 -0.077802
v 0.078897 0.279619 -0.049023
v -0.023539 0.279619 -0.094733
v -0.011856 0.279619 -0.097236
v 0.011917 0.279619 -0.097236
v 0.045564 0.279619 -0.084932
v -0.064364 0.279619 -0.069341
v -0.055408 0.279619 -0.077802
v 0.091098 0.279619 0.000030
v -0.034819 0.279619 -0.090608
v 0.000031 0.279619 -0.098075
v -0.072218 0.279619 -0.059693
v -0.045503 0.279619 -0.084932
v 0.087995 0.279619 0.025421
v 0.084166 0.279619 0.037573
v -0.078836 0.279619 -0.049023
v -0.087934 0.279619 -0.025362
v 0.083707 0.493665 0.045811
v -0.095770 0.493665 -0.011919
v -0.068296 0.493665 0.064774
v 0.095826 0.493665 0.011982
v -0.093304 0.493665 0.023729
v 0.076685 0.493665 0.055769
v -0.084105 0.279619 -0.037513
v 0.072279 0.279619 0.059752
v -0.089241 0.493665 -0.035007
v -0.093304 0.493665 -0.023666
v -0.083651 0.493665 -0.045748
v 0.089297 0.493665 0.035070
v 0.093360 0.493665 0.023729
v -0.048284 0.493665 -0.079262
v -0.076629 0.493665 -0.055707
v -0.087934 0.279619 0.025421
v 0.000028 0.493665 -0.091528
v -0.036949 0.493665 -0.084559
v 0.096653 0.493665 0.000031
v -0.058793 0.493665 -0.072608
v -0.068296 0.493665 -0.064711
v 0.048340 0.493665 -0.079262
v 0.012640 0.493665 -0.090745
v 0.090319 0.279619 0.012835
v -0.012584 0.493665 -0.090745
v -0.024980 0.493665 -0.088408
v 0.083707 0.493665 -0.045748
v 0.058849 0.493665 -0.072608
v 0.012640 0.493665 0.090808
v 0.037005 0.493665 -0.084559
v 0.025036 0.493665 -0.088408
v -0.064364 0.279619 0.069401
v 0.048340 0.493665 0.079325
v 0.089297 0.493665 -0.035007
v -0.036949 0.493665 0.084622
v 0.076685 0.493665 -0.055707
v 0.068352 0.493665 -0.064711
v 0.000028 0.493665 0.091591
v 0.025036 0.493665 0.088471
v -0.090257 0.279619 -0.012776
v 0.037005 0.493665 0.084622
v -0.076629 0.493665 0.055769
v 0.095826 0.493665 -0.011919
v 0.093360 0.493665 -0.023666
v -0.058793 0.493665 0.072671
v -0.048284 0.493665 0.079325
v -0.024980 0.493665 0.088471
v 0.078897 0.279619 0.049082
v -0.012584 0.493665 0.090808
v -0.096597 0.493665 0.000031
v -0.095770 0.493665 0.011982
v 0.058849 0.493665 0.072671
v 0.068352 0.493665 0.064774
v -0.089242 0.493665 0.035070
v -0.083651 0.493665 0.045811
v -0.069172 0.460259 -0.051542
v -0.062523 0.425115 -0.047713
v -0.057449 0.381117 -0.044821
v -0.060175 0.347833 -0.047915
v -0.064998 0.314549 -0.052743
v -0.057928 0.314549 -0.061269
v -0.053630 0.347833 -0.055660
v -0.051200 0.381117 -0.052066
v -0.055723 0.425115 -0.055427
v -0.061649 0.460259 -0.059873
v 0.033407 0.460259 0.078301
v 0.030200 0.425115 0.072491
v 0.027756 0.381117 0.068097
v 0.029071 0.347833 0.072792
v 0.031398 0.314549 0.080120
v 0.021245 0.314549 0.083765
v 0.019672 0.347833 0.076104
v 0.018782 0.381117 0.071195
v 0.020434 0.425115 0.075789
v 0.022603 0.460259 0.081863
v 0.086506 0.460259 0.011089
v 0.078197 0.425115 0.010269
v 0.071862 0.381117 0.009646
v 0.075268 0.347833 0.010310
v 0.081296 0.314549 0.011345
v 0.079204 0.314549 0.022467
v 0.073332 0.347833 0.020414
v 0.070013 0.381117 0.019098
v 0.076185 0.425115 0.020331
v 0.084281 0.460259 0.021958
v -0.022547 0.460259 -0.081800
v -0.020378 0.425115 -0.075726
v -0.018721 0.381117 -0.071135
v -0.019610 0.347833 -0.076044
v -0.021184 0.314549 -0.083706
v -0.010668 0.314549 -0.085918
v -0.009875 0.347833 -0.078054
v -0.009426 0.381117 -0.073015
v -0.010263 0.425115 -0.077727
v -0.011357 0.460259 -0.083962
v -0.086451 0.460259 -0.011026
v -0.078141 0.425115 -0.010206
v -0.071801 0.381117 -0.009587
v -0.075207 0.347833 -0.010250
v -0.081235 0.314549 -0.011285
v -0.079143 0.314549 -0.022407
v -0.073271 0.347833 -0.020354
v -0.069952 0.381117 -0.019039
v -0.076129 0.425115 -0.020268
v -0.084225 0.460259 -0.021895
v -0.043584 0.460259 -0.073336
v -0.039394 0.425115 -0.067891
v -0.036195 0.381117 -0.063775
v -0.037913 0.347833 -0.068176
v -0.040953 0.314549 -0.075045
v -0.031337 0.314549 -0.080061
v -0.029010 0.347833 -0.072732
v -0.027695 0.381117 -0.068037
v -0.030144 0.425115 -0.072428
v -0.033352 0.460259 -0.078238
v 0.000028 0.460259 0.084749
v 0.000028 0.425115 0.078461
v 0.000031 0.381117 0.073705
v 0.000031 0.347833 0.078787
v 0.000031 0.314549 0.086719
v -0.010668 0.314549 0.085977
v -0.009875 0.347833 0.078113
v -0.009426 0.381117 0.073075
v -0.010263 0.425115 0.077790
v -0.011357 0.460259 0.084025
v 0.053127 0.460259 0.067243
v 0.048025 0.425115 0.062254
v 0.044136 0.381117 0.058480
v 0.046228 0.347833 0.062512
v 0.049928 0.314549 0.068805
v 0.041014 0.314549 0.075105
v 0.037974 0.347833 0.068236
v 0.036256 0.381117 0.063834
v 0.039450 0.425115 0.067954
v 0.043640 0.460259 0.073399
v 0.075567 0.460259 0.042390
v 0.068309 0.425115 0.039246
v 0.062775 0.381117 0.036867
v 0.065751 0.347833 0.039408
v 0.071015 0.314549 0.043374
v 0.065059 0.314549 0.052803
v 0.060236 0.347833 0.047974
v 0.057510 0.381117 0.044880
v 0.062579 0.425115 0.047776
v 0.069228 0.460259 0.051604
v 0.033407 0.460259 -0.078238
v 0.030200 0.425115 -0.072428
v 0.027756 0.381117 -0.068037
v 0.029071 0.347833 -0.072732
v 0.031398 0.314549 -0.080061
v 0.041014 0.314549 -0.075045
v 0.037974 0.347833 -0.068176
v 0.036256 0.381117 -0.063775
v 0.039450 0.425115 -0.067891
v 0.043640 0.460259 -0.073336
v 0.061705 0.460259 -0.059873
v 0.055779 0.425115 -0.055427
v 0.051261 0.381117 -0.052066
v 0.053691 0.347833 -0.055660
v 0.057989 0.314549 -0.061269
v 0.065059 0.314549 -0.052743
v 0.060236 0.347833 -0.047915
v 0.057510 0.381117 -0.044821
v 0.062579 0.425115 -0.047713
v 0.069228 0.460259 -0.051542
v 0.011413 0.460259 -0.083962
v 0.010319 0.425115 -0.077727
v 0.009487 0.381117 -0.073015
v 0.009936 0.347833 -0.078054
v 0.010729 0.314549 -0.085918
v 0.021245 0.314549 -0.083706
v 0.019672 0.347833 -0.076044
v 0.018782 0.381117 -0.071135
v 0.020434 0.425115 -0.075726
v 0.022603 0.460259 -0.081800
v -0.022547 0.460259 0.081863
v -0.020378 0.425115 0.075789
v -0.018721 0.381117 0.071195
v -0.019610 0.347833 0.076104
v -0.021184 0.314549 0.083765
v -0.031337 0.314549 0.080120
v -0.029010 0.347833 0.072792
v -0.027695 0.381117 0.068097
v -0.030144 0.425115 0.072491
v -0.033352 0.460259 0.078301
v -0.075511 0.460259 0.042390
v -0.068253 0.425115 0.039246
v -0.062714 0.381117 0.036867
v -0.065690 0.347833 0.039408
v -0.070954 0.314549 0.043374
v -0.075697 0.314549 0.033204
v -0.070080 0.347833 0.030169
v -0.066905 0.381117 0.028224
v -0.072814 0.425115 0.030045
v -0.080557 0.460259 0.032452
v 0.075758 0.314549 0.033204
v 0.070141 0.347833 0.030169
v 0.066967 0.381117 0.028224
v 0.072870 0.425115 0.030045
v 0.080613 0.460259 0.032452
v -0.040953 0.314549 0.075105
v -0.037913 0.347833 0.068236
v -0.036195 0.381117 0.063834
v -0.039394 0.425115 0.067954
v -0.043584 0.460259 0.073399
v 0.049928 0.314549 -0.068745
v 0.046228 0.347833 -0.062453
v 0.044136 0.381117 -0.058421
v 0.048025 0.425115 -0.062191
v 0.053127 0.460259 -0.067180
v 0.061705 0.460259 0.059936
v 0.055779 0.425115 0.055490
v 0.051261 0.381117 0.052126
v 0.053691 0.347833 0.055720
v 0.057989 0.314549 0.061328
v -0.075511 0.460259 -0.042327
v -0.068253 0.425115 -0.039183
v -0.062714 0.381117 -0.036808
v -0.065690 0.347833 -0.039349
v -0.070954 0.314549 -0.043315
v 0.080613 0.460259 -0.032389
v 0.072870 0.425115 -0.029982
v 0.066967 0.381117 -0.028164
v 0.070141 0.347833 -0.030109
v 0.075758 0.314549 -0.033145
v 0.079204 0.314549 -0.022407
v 0.073332 0.347833 -0.020354
v 0.070013 0.381117 -0.019039
v 0.076185 0.425115 -0.020268
v 0.084281 0.460259 -0.021895
v -0.079143 0.314549 0.022467
v -0.073271 0.347833 0.020414
v -0.069952 0.381117 0.019098
v -0.076129 0.425115 0.020331
v -0.084225 0.460259 0.021958
v -0.049867 0.314549 -0.068745
v -0.046167 0.347833 -0.062453
v -0.044075 0.381117 -0.058421
v -0.047969 0.425115 -0.062191
v -0.053071 0.460259 -0.067180
v -0.086451 0.460259 0.011089
v -0.078141 0.425115 0.010269
v -0.071801 0.381117 0.009646
v -0.075207 0.347833 0.010310
v -0.081235 0.314549 0.011345
v -0.081936 0.314549 0.000030
v -0.075857 0.347833 0.000030
v -0.072420 0.381117 0.000030
v -0.078816 0.425115 0.000031
v -0.087197 0.460259 0.000031
v 0.000031 0.314549 -0.086660
v 0.000031 0.347833 -0.078728
v 0.000031 0.381117 -0.073645
v 0.000028 0.425115 -0.078398
v 0.000028 0.460259 -0.084686
v 0.086506 0.460259 -0.011026
v 0.078197 0.425115 -0.010206
v 0.071862 0.381117 -0.009587
v 0.075268 0.347833 -0.010250
v 0.081296 0.314549 -0.011285
v 0.081997 0.314549 0.000030
v 0.075918 0.347833 0.000030
v 0.072481 0.381117 0.000030
v 0.078872 0.425115 0.000031
v 0.087253 0.460259 0.000031
v -0.075696 0.314549 -0.033145
v -0.070080 0.347833 -0.030109
v -0.066905 0.381117 -0.028164
v -0.072814 0.425115 -0.029982
v -0.080557 0.460259 -0.032389
v 0.010729 0.314549 0.085977
v 0.009936 0.347833 0.078113
v 0.009487 0.381117 0.073075
v 0.010319 0.425115 0.077790
v 0.011413 0.460259 0.084025
v -0.049867 0.314549 0.068805
v -0.046167 0.347833 0.062512
v -0.044075 0.381117 0.058480
v -0.047969 0.425115 0.062254
v -0.053071 0.460259 0.067243
v 0.071015 0.314549 -0.043315
v 0.065751 0.347833 -0.039349
v 0.062775 0.381117 -0.036808
v 0.068309 0.425115 -0.039183
v 0.075567 0.460259 -0.042327
v -0.057928 0.314549 0.061328
v -0.053630 0.347833 0.055720
v -0.051200 0.381117 0.052126
v -0.055723 0.425115 0.055490
v -0.061649 0.460259 0.059936
v -0.069172 0.460259 0.051604
v -0.062523 0.425115 0.047776
v -0.057449 0.381117 0.044880
v -0.060175 0.347833 0.047974
v -0.064998 0.314549 0.052803
v 0.000031 -0.000177 -0.228080
v 0.041340 -0.000177 -0.223697
v 0.081062 -0.000177 -0.210717
v 0.117670 -0.000177 -0.189637
v 0.149757 -0.000177 -0.161269
v 0.176091 -0.000177 -0.126701
v 0.195658 -0.000177 -0.087264
v 0.207708 -0.000177 -0.044472
v 0.211776 -0.000177 0.000030
v 0.207708 -0.000177 0.044532
v 0.195658 -0.000177 0.087324
v 0.176091 -0.000177 0.126761
v 0.149757 -0.000177 0.161328
v 0.117670 -0.000177 0.189697
v 0.081062 -0.000177 0.210776
v 0.041340 -0.000177 0.223757
v 0.000031 -0.000177 0.228140
v -0.041279 -0.000177 0.223757
v -0.081001 -0.000177 0.210776
v -0.117609 -0.000177 0.189697
v -0.149696 -0.000177 0.161328
v -0.176029 -0.000177 0.126761
v -0.195597 -0.000177 0.087324
v -0.207646 -0.000177 0.044532
v -0.211715 -0.000177 0.000030
v -0.207646 -0.000177 -0.044472
v -0.195597 -0.000177 -0.087264
v -0.176029 -0.000177 -0.126701
v -0.149696 -0.000177 -0.161269
v -0.117609 -0.000177 -0.189637
v -0.081001 -0.000177 -0.210717
v -0.041279 -0.000177 -0.223697
v 0.000031 0.033266 -0.228080
v 0.041340 0.033266 -0.223697
v 0.081062 0.033266 -0.210717
v 0.117670 0.033266 -0.189637
v 0.149757 0.033266 -0.161269
v 0.176091 0.033266 -0.126701
v 0.195658 0.033266 -0.087264
v 0.207708 0.033266 -0.044472
v 0.211776 0.033266 0.000030
v 0.207708 0.033266 0.044532
v 0.195658 0.033266 0.087324
v 0.176091 0.033266 0.126761
v 0.149757 0.033266 0.161328
v 0.117670 0.033266 0.189697
v 0.081062 0.033266 0.210776
v 0.041340 0.033266 0.223757
v 0.000031 0.033266 0.228140
v -0.041279 0.033266 0.223757
v -0.081001 0.033266 0.210776
v -0.117609 0.033266 0.189697
v -0.149696 0.033266 0.161328
v -0.176029 0.033266 0.126761
v -0.195597 0.033266 0.087324
v -0.207646 0.033266 0.044532
v -0.211715 0.033266 0.000030
v -0.207646 0.033266 -0.044472
v -0.195597 0.033266 -0.087264
v -0.176029 0.033266 -0.126701
v -0.149696 0.033266 -0.161269
v -0.117609 0.033266 -0.189637
v -0.081001 0.033266 -0.210717
v -0.041279 0.033266 -0.223697
v 0.000031 0.052009 -0.204823
v 0.037128 0.052009 -0.200887
v 0.072800 0.052009 -0.189230
v 0.105676 0.052009 -0.170299
v 0.134492 0.052009 -0.144823
v 0.158140 0.052009 -0.113781
v 0.175713 0.052009 -0.078364
v 0.186534 0.052009 -0.039935
v 0.190188 0.052009 0.000030
v 0.186534 0.052009 0.039995
v 0.175713 0.052009 0.078424
v 0.158140 0.052009 0.113840
v 0.134492 0.052009 0.144883
v 0.105676 0.052009 0.170359
v 0.072800 0.052009 0.189289
v 0.037128 0.052009 0.200947
v 0.000031 0.052009 0.204883
v -0.037067 0.052009 0.200947
v -0.072739 0.052009 0.189289
v -0.105615 0.052009 0.170359
v -0.134431 0.052009 0.144883
v -0.158079 0.052009 0.113840
v -0.175652 0.052009 0.078424
v -0.186473 0.052009 0.039995
v -0.190126 0.052009 0.000030
v -0.186473 0.052009 -0.039935
v -0.175652 0.052009 -0.078364
v -0.158079 0.052009 -0.113781
v -0.134431 0.052009 -0.144823
v -0.105615 0.052009 -0.170299
v -0.072739 0.052009 -0.189230
v -0.037067 0.052009 -0.200887
v 0.196686 0.081455 0.000030
v 0.191417 0.111049 0.000030
v 0.167609 0.134111 0.000030
v 0.146024 0.186815 0.000030
v 0.191417 0.051862 0.000030
v 0.195004 0.081455 -0.027623
v 0.189780 0.111049 -0.026882
v 0.166176 0.134111 -0.023534
v 0.144775 0.186815 -0.020499
v 0.189780 0.051862 -0.026882
v 0.189986 0.081455 -0.054802
v 0.184896 0.111049 -0.053333
v 0.161899 0.134111 -0.046695
v 0.141050 0.186815 -0.040676
v 0.184896 0.051862 -0.053333
v 0.181717 0.081455 -0.081043
v 0.176849 0.111049 -0.078871
v 0.154853 0.134111 -0.069056
v 0.134911 0.186815 -0.060157
v 0.176849 0.051862 -0.078871
v 0.170340 0.081455 -0.105897
v 0.165776 0.111049 -0.103059
v 0.145158 0.134111 -0.090235
v 0.126465 0.186815 -0.078609
v 0.165776 0.051862 -0.103059
v 0.156048 0.081455 -0.128939
v 0.151868 0.111049 -0.125483
v 0.132980 0.134111 -0.109870
v 0.115855 0.186815 -0.095714
v 0.151868 0.051862 -0.125483
v 0.139087 0.081455 -0.149774
v 0.135361 0.111049 -0.145760
v 0.118527 0.134111 -0.127624
v 0.103264 0.186815 -0.111182
v 0.135361 0.051862 -0.145760
v 0.119747 0.081455 -0.168046
v 0.116539 0.111049 -0.163542
v 0.102046 0.134111 -0.143194
v 0.088906 0.186815 -0.124746
v 0.116539 0.051862 -0.163542
v 0.098358 0.081455 -0.183441
v 0.095724 0.111049 -0.178525
v 0.083820 0.134111 -0.156314
v 0.073027 0.186815 -0.136176
v 0.095724 0.051862 -0.178525
v 0.075288 0.081455 -0.195698
v 0.073271 0.111049 -0.190454
v 0.064160 0.134111 -0.166758
v 0.055900 0.186815 -0.145275
v 0.073271 0.051862 -0.190454
v 0.050929 0.081455 -0.204606
v 0.049565 0.111049 -0.199123
v 0.043403 0.134111 -0.174349
v 0.037817 0.186815 -0.151888
v 0.049565 0.051862 -0.199123
v 0.025699 0.081455 -0.210012
v 0.025011 0.111049 -0.204384
v 0.021904 0.134111 -0.178956
v 0.019087 0.186815 -0.155902
v 0.025011 0.051862 -0.204384
v 0.000031 0.081455 -0.211825
v 0.000031 0.111049 -0.206148
v 0.000031 0.134111 -0.180500
v 0.000031 0.186815 -0.157247
v 0.000031 0.051862 -0.206148
v -0.025638 0.081455 -0.210012
v -0.024950 0.111049 -0.204384
v -0.021843 0.134111 -0.178956
v -0.019025 0.186815 -0.155902
v -0.024950 0.051862 -0.204384
v -0.050868 0.081455 -0.204606
v -0.049504 0.111049 -0.199123
v -0.043342 0.134111 -0.174349
v -0.037755 0.186815 -0.151888
v -0.049504 0.051862 -0.199123
v -0.075226 0.081455 -0.195698
v -0.073210 0.111049 -0.190454
v -0.064099 0.134111 -0.166758
v -0.055839 0.186815 -0.145275
v -0.073210 0.051862 -0.190454
v -0.098297 0.081455 -0.183441
v -0.095663 0.111049 -0.178525
v -0.083759 0.134111 -0.156314
v -0.072966 0.186815 -0.136176
v -0.095663 0.051862 -0.178525
v -0.119686 0.081455 -0.168046
v -0.116478 0.111049 -0.163542
v -0.101985 0.134111 -0.143194
v -0.088845 0.186815 -0.124746
v -0.116478 0.051862 -0.163542
v -0.139026 0.081455 -0.149774
v -0.135300 0.111049 -0.145760
v -0.118465 0.134111 -0.127624
v -0.103203 0.186815 -0.111182
v -0.135300 0.051862 -0.145760
v -0.155987 0.081455 -0.128939
v -0.151807 0.111049 -0.125483
v -0.132919 0.134111 -0.109870
v -0.115794 0.186815 -0.095714
v -0.151807 0.051862 -0.125483
v -0.170278 0.081455 -0.105897
v -0.165715 0.111049 -0.103059
v -0.145097 0.134111 -0.090235
v -0.126404 0.186815 -0.078609
v -0.165715 0.051862 -0.103059
v -0.181656 0.081455 -0.081043
v -0.176788 0.111049 -0.078871
v -0.154792 0.134111 -0.069056
v -0.134850 0.186815 -0.060157
v -0.176788 0.051862 -0.078871
v -0.189924 0.081455 -0.054802
v -0.184835 0.111049 -0.053333
v -0.161838 0.134111 -0.046695
v -0.140989 0.186815 -0.040676
v -0.184835 0.051862 -0.053333
v -0.194943 0.081455 -0.027623
v -0.189719 0.111049 -0.026882
v -0.166114 0.134111 -0.023534
v -0.144714 0.186815 -0.020499
v -0.189719 0.051862 -0.026882
v -0.196625 0.081455 0.000030
v -0.191356 0.111049 0.000030
v -0.167548 0.134111 0.000030
v -0.145963 0.186815 0.000030
v 0.091956 0.164825 0.129088
v 0.095659 0.150288 0.134287
v 0.019740 0.164825 0.161312
v 0.020534 0.150288 0.167809
v -0.191356 0.051862 0.000030
v -0.194943 0.081455 0.027682
v -0.189719 0.111049 0.026941
v -0.166114 0.134111 0.023594
v -0.144714 0.186815 0.020559
v -0.057756 0.164825 0.150321
v -0.060084 0.150288 0.156375
v -0.119769 0.164825 0.099059
v -0.124595 0.150288 0.103049
v -0.189719 0.051862 0.026941
v -0.189924 0.081455 0.054862
v -0.184835 0.111049 0.053393
v -0.161838 0.134111 0.046754
v -0.140989 0.186815 0.040736
v -0.149681 0.164825 0.021263
v -0.155712 0.150288 0.022118
v -0.139478 0.164825 -0.062223
v -0.145099 0.150288 -0.064731
v -0.184835 0.051862 0.053393
v -0.181656 0.081455 0.081103
v -0.176788 0.111049 0.078931
v -0.154792 0.134111 0.069116
v -0.134850 0.186815 0.060217
v -0.091895 0.164825 -0.129028
v -0.095598 0.150288 -0.134227
v -0.019679 0.164825 -0.161252
v -0.020473 0.150288 -0.167749
v -0.176788 0.051862 0.078931
v -0.170278 0.081455 0.105957
v -0.165715 0.111049 0.103119
v -0.145097 0.134111 0.090295
v -0.126404 0.186815 0.078668
v 0.057817 0.164825 -0.150261
v 0.060145 0.150288 -0.156315
v 0.119830 0.164825 -0.099000
v 0.124656 0.150288 -0.102989
v -0.165715 0.051862 0.103119
v -0.155987 0.081455 0.128999
v -0.151807 0.111049 0.125543
v -0.132919 0.134111 0.109929
v -0.115794 0.186815 0.095774
v 0.149742 0.164825 -0.021203
v 0.155773 0.150288 -0.022059
v 0.139540 0.164825 0.062282
v 0.145160 0.150288 0.064790
v -0.151807 0.051862 0.125543
v -0.139026 0.081455 0.149833
v -0.135300 0.111049 0.145819
v -0.118465 0.134111 0.127684
v -0.103203 0.186815 0.111241
v 0.106806 0.164825 0.115058
v 0.111107 0.150288 0.119691
v 0.039113 0.164825 0.157161
v 0.040687 0.150288 0.163490
v -0.135300 0.051862 0.145819
v -0.119686 0.081455 0.168105
v -0.116478 0.111049 0.163602
v -0.101985 0.134111 0.143254
v -0.088845 0.186815 0.124806
v -0.039052 0.164825 0.157161
v -0.040626 0.150288 0.163490
v -0.106745 0.164825 0.115057
v -0.111046 0.150288 0.119691
v -0.116478 0.051862 0.163602
v -0.098297 0.081455 0.183501
v -0.095663 0.111049 0.178585
v -0.083759 0.134111 0.156373
v -0.072966 0.186815 0.136236
v -0.145828 0.164825 0.042133
v -0.151703 0.150288 0.043829
v -0.145828 0.164825 -0.042073
v -0.151703 0.150288 -0.043769
v -0.095663 0.051862 0.178585
v -0.075226 0.081455 0.195758
v -0.073210 0.111049 0.190513
v -0.064099 0.134111 0.166818
v -0.055839 0.186815 0.145335
v -0.106745 0.164825 -0.114998
v -0.111046 0.150288 -0.119632
v -0.039052 0.164825 -0.157101
v -0.040626 0.150288 -0.163431
v -0.073210 0.051862 0.190513
v -0.050868 0.081455 0.204665
v -0.049504 0.111049 0.199182
v -0.043342 0.134111 0.174408
v -0.037755 0.186815 0.151948
v 0.039113 0.164825 -0.157101
v 0.040688 0.150288 -0.163431
v 0.106806 0.164825 -0.114998
v 0.111108 0.150288 -0.119632
v -0.049504 0.051862 0.199182
v -0.025638 0.081455 0.210072
v -0.024951 0.111049 0.204444
v -0.021843 0.134111 0.179015
v -0.019026 0.186815 0.155961
v 0.145889 0.164825 -0.042073
v 0.151765 0.150288 -0.043769
v 0.145889 0.164825 0.042133
v 0.151765 0.150288 0.043829
v -0.024951 0.051862 0.204444
v 0.000031 0.081455 0.211884
v 0.000031 0.111049 0.206207
v 0.000031 0.134111 0.180560
v 0.000031 0.186815 0.157307
v 0.057817 0.164825 0.150321
v 0.060145 0.150288 0.156375
v -0.019679 0.164825 0.161312
v -0.020473 0.150288 0.167809
v 0.000031 0.051862 0.206207
v 0.025699 0.081455 0.210072
v 0.025011 0.111049 0.204444
v 0.021904 0.134111 0.179015
v 0.019087 0.186815 0.155961
v -0.091895 0.164825 0.129087
v -0.095598 0.150288 0.134287
v -0.139478 0.164825 0.062282
v -0.145099 0.150288 0.064790
v 0.025011 0.051862 0.204444
v 0.050929 0.081455 0.204665
v 0.049565 0.111049 0.199182
v 0.043403 0.134111 0.174408
v 0.037816 0.186815 0.151948
v -0.149681 0.164825 -0.021203
v -0.155712 0.150288 -0.022059
v -0.119769 0.164825 -0.099000
v -0.124595 0.150288 -0.102989
v 0.049565 0.051862 0.199182
v 0.075288 0.081455 0.195758
v 0.073271 0.111049 0.190513
v 0.064160 0.134111 0.166818
v 0.055900 0.186815 0.145335
v -0.057756 0.164825 -0.150261
v -0.060084 0.150288 -0.156315
v 0.019740 0.164825 -0.161252
v 0.020534 0.150288 -0.167749
v 0.073271 0.051862 0.190513
v 0.098358 0.081455 0.183501
v 0.095724 0.111049 0.178585
v 0.083820 0.134111 0.156373
v 0.073027 0.186815 0.136236
v 0.091956 0.164825 -0.129028
v 0.095659 0.150288 -0.134227
v 0.139540 0.164825 -0.062223
v 0.145160 0.150288 -0.064731
v 0.095724 0.051862 0.178585
v 0.119747 0.081455 0.168105
v 0.116539 0.111049 0.163602
v 0.102046 0.134111 0.143254
v 0.088906 0.186815 0.124806
v 0.149742 0.164825 0.021263
v 0.155773 0.150288 0.022118
v 0.119830 0.164825 0.099059
v 0.124656 0.150288 0.103049
v 0.116539 0.051862 0.163602
v 0.139087 0.081455 0.149834
v 0.135361 0.111049 0.145820
v 0.118526 0.134111 0.127684
v 0.103264 0.186815 0.111241
v 0.075532 0.164825 0.140909
v 0.078574 0.150288 0.146585
v 0.000031 0.164825 0.162704
v 0.000031 0.150288 0.169257
v 0.135361 0.051862 0.145820
v 0.156048 0.081455 0.128999
v 0.151868 0.111049 0.125543
v 0.132980 0.134111 0.109929
v 0.115855 0.186815 0.095774
v -0.075471 0.164825 0.140909
v -0.078513 0.150288 0.146585
v -0.130742 0.164825 0.081367
v -0.136010 0.150288 0.084643
v 0.151868 0.051862 0.125543
v 0.170340 0.081455 0.105957
v 0.165776 0.111049 0.103119
v 0.145158 0.134111 0.090295
v 0.126465 0.186815 0.078668
v -0.150973 0.164825 0.000030
v -0.157056 0.150288 0.000030
v -0.130742 0.164825 -0.081307
v -0.136010 0.150288 -0.084584
v 0.165776 0.051862 0.103119
v 0.181717 0.081455 0.081103
v 0.176849 0.111049 0.078931
v 0.154853 0.134111 0.069116
v 0.134911 0.186815 0.060217
v -0.075471 0.164825 -0.140850
v -0.078513 0.150288 -0.146525
v 0.000031 0.164825 -0.162644
v 0.000031 0.150288 -0.169197
v 0.176849 0.051862 0.078931
v 0.189986 0.081455 0.054862
v 0.184896 0.111049 0.053392
v 0.161899 0.134111 0.046754
v 0.141050 0.186815 0.040736
v 0.075532 0.164825 -0.140850
v 0.078574 0.150288 -0.146525
v 0.130803 0.164825 -0.081307
v 0.136072 0.150288 -0.084584
v 0.184896 0.051862 0.053392
v 0.195004 0.081455 0.027682
v 0.189780 0.111049 0.026941
v 0.166176 0.134111 0.023594
v 0.144775 0.186815 0.020559
v 0.151034 0.164825 0.000030
v 0.157117 0.150288 0.000030
v 0.130803 0.164825 0.081367
v 0.136072 0.150288 0.084643
v 0.189780 0.051862 0.026941
v 0.136222 0.186815 0.000030
v 0.135057 0.186815 -0.019121
v 0.131581 0.186815 -0.037943
v 0.125855 0.186815 -0.056116
v 0.117976 0.186815 -0.073329
v 0.108078 0.186815 -0.089286
v 0.096332 0.186815 -0.103715
v 0.082939 0.186815 -0.116368
v 0.068126 0.186815 -0.127031
v 0.052149 0.186815 -0.135519
v 0.035279 0.186815 -0.141688
v 0.017807 0.186815 -0.145432
v 0.000031 0.186815 -0.146687
v -0.017746 0.186815 -0.145432
v -0.035218 0.186815 -0.141688
v -0.052088 0.186815 -0.135519
v -0.068065 0.186815 -0.127031
v -0.082877 0.186815 -0.116368
v -0.096271 0.186815 -0.103715
v -0.108017 0.186815 -0.089286
v -0.117914 0.186815 -0.073329
v -0.125794 0.186815 -0.056116
v -0.131520 0.186815 -0.037943
v -0.134995 0.186815 -0.019121
v -0.136161 0.186815 0.000030
v -0.134995 0.186815 0.019180
v -0.131520 0.186815 0.038003
v -0.125794 0.186815 0.056176
v -0.117914 0.186815 0.073388
v -0.108017 0.186815 0.089345
v -0.096271 0.186815 0.103774
v -0.082877 0.186815 0.116428
v -0.068065 0.186815 0.127090
v -0.052088 0.186815 0.135578
v -0.035218 0.186815 0.141747
v -0.017746 0.186815 0.145491
v 0.000031 0.186815 0.146746
v 0.017807 0.186815 0.145491
v 0.035279 0.186815 0.141747
v 0.052149 0.186815 0.135578
v 0.068126 0.186815 0.127090
v 0.082938 0.186815 0.116428
v 0.096332 0.186815 0.103774
v 0.108078 0.186815 0.089345
v 0.117976 0.186815 0.073388
v 0.125855 0.186815 0.056176
v 0.131581 0.186815 0.038003
v 0.135057 0.186815 0.019180
v -0.105399 0.209756 0.065604
v -0.095239 0.229131 0.059285
v -0.085863 0.247924 0.053453
v -0.080572 0.264874 0.050162
v -0.085957 0.264874 0.038400
v -0.091600 0.247924 0.040918
v -0.101603 0.229131 0.045381
v -0.112442 0.209756 0.050218
v 0.086113 0.209756 0.092765
v 0.077818 0.229131 0.083829
v 0.070162 0.247924 0.075581
v 0.065842 0.264874 0.070928
v 0.056689 0.264874 0.079576
v 0.060408 0.247924 0.084796
v 0.066999 0.229131 0.094050
v 0.074141 0.209756 0.104076
v -0.120667 0.209756 0.017148
v -0.109036 0.229131 0.015498
v -0.098302 0.247924 0.013976
v -0.092245 0.264874 0.013117
v -0.093042 0.264874 0.000030
v -0.099150 0.247924 0.000030
v -0.109977 0.229131 0.000030
v -0.121709 0.209756 0.000030
v -0.015860 0.209756 0.130056
v -0.014328 0.229131 0.117526
v -0.012915 0.247924 0.105962
v -0.012118 0.264874 0.099437
v -0.024058 0.264874 0.096879
v -0.025639 0.247924 0.103235
v -0.028442 0.229131 0.114501
v -0.031478 0.209756 0.126709
v -0.060839 0.209756 0.113607
v -0.054973 0.229131 0.102662
v -0.049560 0.247924 0.092561
v -0.046506 0.264874 0.086862
v -0.056628 0.264874 0.079576
v -0.060347 0.247924 0.084796
v -0.066938 0.229131 0.094050
v -0.074080 0.209756 0.104076
v 0.117622 0.209756 -0.033914
v 0.106290 0.229131 -0.030643
v 0.095832 0.247924 -0.027624
v 0.089931 0.264874 -0.025921
v 0.092306 0.264874 -0.013057
v 0.098363 0.247924 -0.013916
v 0.109097 0.229131 -0.015439
v 0.120728 0.209756 -0.017088
v -0.096552 0.209756 0.079867
v -0.087244 0.229131 0.072174
v -0.078655 0.247924 0.065073
v -0.073809 0.264874 0.061067
v 0.046618 0.209756 0.121194
v 0.042129 0.229131 0.109518
v 0.037985 0.247924 0.098742
v 0.035648 0.264874 0.092663
v 0.024119 0.264874 0.096879
v 0.025700 0.247924 0.103235
v 0.028503 0.229131 0.114501
v 0.031539 0.209756 0.126709
v 0.000031 0.209756 0.131178
v 0.000031 0.229131 0.118539
v 0.000031 0.247924 0.106876
v 0.000031 0.264874 0.100295
v 0.086113 0.209756 -0.092706
v 0.077818 0.229131 -0.083769
v 0.070162 0.247924 -0.075522
v 0.065843 0.264874 -0.070868
v 0.073870 0.264874 -0.061008
v 0.078716 0.247924 -0.065014
v 0.087306 0.229131 -0.072114
v 0.096613 0.209756 -0.079808
v -0.046557 0.209756 0.121195
v -0.042068 0.229131 0.109518
v -0.037924 0.247924 0.098743
v -0.035587 0.264874 0.092663
v 0.112503 0.209756 -0.050158
v 0.101664 0.229131 -0.045322
v 0.091662 0.247924 -0.040858
v 0.086018 0.264874 -0.038340
v 0.060900 0.209756 0.113607
v 0.055034 0.229131 0.102662
v 0.049621 0.247924 0.092561
v 0.046567 0.264874 0.086862
v 0.031539 0.209756 -0.126649
v 0.028503 0.229131 -0.114442
v 0.025700 0.247924 -0.103175
v 0.024119 0.264874 -0.096819
v 0.035648 0.264874 -0.092603
v 0.037985 0.247924 -0.098683
v 0.042129 0.229131 -0.109459
v 0.046618 0.209756 -0.121135
v 0.015921 0.209756 0.130056
v 0.014389 0.229131 0.117526
v 0.012976 0.247924 0.105962
v 0.012179 0.264874 0.099437
v 0.074141 0.209756 -0.104017
v 0.066999 0.229131 -0.093990
v 0.060408 0.247924 -0.084737
v 0.056689 0.264874 -0.079516
v 0.105460 0.209756 -0.065544
v 0.095300 0.229131 -0.059225
v 0.085924 0.247924 -0.053393
v 0.080633 0.264874 -0.050103
v -0.031478 0.209756 -0.126649
v -0.028442 0.229131 -0.114442
v -0.025639 0.247924 -0.103175
v -0.024058 0.264874 -0.096819
v -0.012118 0.264874 -0.099378
v -0.012915 0.247924 -0.105902
v -0.014328 0.229131 -0.117466
v -0.015860 0.209756 -0.129996
v 0.015921 0.209756 -0.129996
v 0.014389 0.229131 -0.117466
v 0.012976 0.247924 -0.105902
v 0.012179 0.264874 -0.099378
v 0.060900 0.209756 -0.113547
v 0.055034 0.229131 -0.102603
v 0.049621 0.247924 -0.092501
v 0.046567 0.264874 -0.086802
v -0.086052 0.209756 -0.092706
v -0.077757 0.229131 -0.083769
v -0.070101 0.247924 -0.075522
v -0.065781 0.264874 -0.070868
v -0.056628 0.264874 -0.079516
v -0.060347 0.247924 -0.084737
v -0.066938 0.229131 -0.093990
v -0.074080 0.209756 -0.104017
v 0.093103 0.264874 0.000030
v 0.099211 0.247924 0.000030
v 0.110038 0.229131 0.000030
v 0.121770 0.209756 0.000030
v -0.046557 0.209756 -0.121135
v -0.042068 0.229131 -0.109459
v -0.037924 0.247924 -0.098683
v -0.035587 0.264874 -0.092603
v 0.000031 0.209756 -0.131118
v 0.000031 0.229131 -0.118480
v 0.000031 0.247924 -0.106816
v 0.000031 0.264874 -0.100235
v -0.096552 0.209756 -0.079808
v -0.087244 0.229131 -0.072114
v -0.078655 0.247924 -0.065014
v -0.073809 0.264874 -0.061008
v -0.060839 0.209756 -0.113547
v -0.054973 0.229131 -0.102603
v -0.049560 0.247924 -0.092501
v -0.046506 0.264874 -0.086802
v 0.117622 0.209756 0.033973
v 0.106290 0.229131 0.030702
v 0.095832 0.247924 0.027684
v 0.089931 0.264874 0.025980
v 0.086018 0.264874 0.038400
v 0.091662 0.247924 0.040918
v 0.101664 0.229131 0.045382
v 0.112503 0.209756 0.050218
v -0.105399 0.209756 -0.065544
v -0.095239 0.229131 -0.059225
v -0.085863 0.247924 -0.053393
v -0.080572 0.264874 -0.050103
v -0.117560 0.209756 -0.033914
v -0.106229 0.229131 -0.030643
v -0.095771 0.247924 -0.027624
v -0.089870 0.264874 -0.025921
v -0.085957 0.264874 -0.038340
v -0.091600 0.247924 -0.040858
v -0.101603 0.229131 -0.045322
v -0.112442 0.209756 -0.050158
v 0.096613 0.209756 0.079867
v 0.087306 0.229131 0.072174
v 0.078716 0.247924 0.065073
v 0.073870 0.264874 0.061067
v -0.117560 0.209756 0.033973
v -0.106229 0.229131 0.030702
v -0.095771 0.247924 0.027684
v -0.089870 0.264874 0.025980
v 0.120728 0.209756 0.017148
v 0.109097 0.229131 0.015498
v 0.098363 0.247924 0.013976
v 0.092306 0.264874 0.013117
v -0.086052 0.209756 0.092765
v -0.077757 0.229131 0.083829
v -0.070101 0.247924 0.075581
v -0.065781 0.264874 0.070928
v -0.120667 0.209756 -0.017088
v -0.109036 0.229131 -0.015439
v -0.098302 0.247924 -0.013916
v -0.092245 0.264874 -0.013057
v 0.105460 0.209756 0.065604
v 0.095300 0.229131 0.059285
v 0.085924 0.247924 0.053453
v 0.080633 0.264874 0.050162
v 0.115895 0.514739 0.000168
v 0.112831 0.525609 0.000031
v 0.104314 0.533748 0.000154
v 0.081269 0.533776 0.000031
v 0.104314 0.495730 0.000154
v 0.112831 0.503869 0.000031
v 0.114923 0.514739 -0.014157
v 0.111846 0.525714 -0.013777
v 0.103439 0.533748 -0.012738
v 0.080446 0.533748 -0.010090
v 0.103511 0.495806 -0.012871
v 0.111757 0.503688 -0.013900
v 0.111930 0.514843 -0.028366
v 0.108989 0.525609 -0.027620
v 0.100849 0.533671 -0.025553
v 0.078416 0.533748 -0.019758
v 0.100849 0.495806 -0.025553
v 0.108883 0.503688 -0.027592
v 0.107061 0.514843 -0.041957
v 0.104249 0.525609 -0.040853
v 0.096463 0.533671 -0.037797
v 0.075089 0.533776 -0.029408
v 0.096430 0.495730 -0.037651
v 0.104266 0.503764 -0.040716
v 0.100362 0.514843 -0.054829
v 0.097726 0.525609 -0.053386
v 0.090427 0.533671 -0.049393
v 0.070393 0.533776 -0.038433
v 0.090427 0.495806 -0.049393
v 0.097726 0.503869 -0.053386
v 0.092051 0.514739 -0.066665
v 0.089587 0.525714 -0.064878
v 0.082855 0.533748 -0.059996
v 0.064339 0.533748 -0.046808
v 0.082846 0.495806 -0.060144
v 0.089445 0.503688 -0.064942
v 0.081961 0.514843 -0.077552
v 0.079808 0.525609 -0.075512
v 0.073849 0.533671 -0.069866
v 0.057480 0.533748 -0.054219
v 0.073849 0.495806 -0.069866
v 0.079731 0.503688 -0.075439
v 0.070574 0.514843 -0.087015
v 0.068721 0.525609 -0.084727
v 0.063590 0.533671 -0.078391
v 0.049507 0.533776 -0.061000
v 0.063639 0.495730 -0.078249
v 0.068808 0.503764 -0.084617
v 0.057980 0.514843 -0.094989
v 0.056458 0.525609 -0.092491
v 0.052245 0.533671 -0.085575
v 0.040677 0.533776 -0.066590
v 0.052245 0.495806 -0.085575
v 0.056458 0.503869 -0.092491
v 0.044537 0.514739 -0.101302
v 0.043346 0.525714 -0.098587
v 0.040092 0.533748 -0.091169
v 0.031016 0.533748 -0.070975
v 0.040006 0.495806 -0.091294
v 0.043189 0.503688 -0.098575
v 0.030054 0.514843 -0.105950
v 0.029266 0.525609 -0.103163
v 0.027085 0.533671 -0.095450
v 0.021165 0.533748 -0.074144
v 0.027085 0.495806 -0.095450
v 0.029238 0.503688 -0.103063
v 0.015199 0.514843 -0.108750
v 0.014802 0.525609 -0.105890
v 0.013702 0.533671 -0.097972
v 0.010682 0.533776 -0.076238
v 0.013819 0.495730 -0.097873
v 0.014936 0.503764 -0.105836
v 0.000086 0.514843 -0.109688
v 0.000086 0.525609 -0.106804
v 0.000086 0.533671 -0.098818
v 0.000086 0.533776 -0.076897
v 0.000086 0.495806 -0.098818
v 0.000086 0.503869 -0.106804
v -0.014888 0.514739 -0.108786
v -0.014487 0.525714 -0.105871
v -0.013390 0.533748 -0.097905
v -0.010595 0.533748 -0.076116
v -0.013531 0.495806 -0.097972
v -0.014616 0.503688 -0.105786
v -0.029883 0.514843 -0.105950
v -0.029095 0.525609 -0.103163
v -0.026914 0.533671 -0.095450
v -0.020799 0.533748 -0.074193
v -0.026914 0.495806 -0.095450
v -0.029066 0.503688 -0.103063
v -0.044225 0.514843 -0.101337
v -0.043060 0.525609 -0.098671
v -0.039835 0.533671 -0.091294
v -0.030982 0.533776 -0.071041
v -0.039681 0.495730 -0.091263
v -0.042916 0.503764 -0.098688
v -0.057809 0.514843 -0.094989
v -0.056287 0.525609 -0.092491
v -0.052073 0.533671 -0.085575
v -0.040506 0.533776 -0.066590
v -0.052073 0.495806 -0.085575
v -0.056287 0.503869 -0.092491
v -0.070301 0.514739 -0.087113
v -0.068414 0.525714 -0.084778
v -0.063262 0.533748 -0.078399
v -0.049344 0.533748 -0.060854
v -0.063419 0.495806 -0.078391
v -0.068482 0.503688 -0.084644
v -0.081790 0.514843 -0.077552
v -0.079637 0.525609 -0.075512
v -0.073678 0.533671 -0.069866
v -0.057166 0.533748 -0.054354
v -0.073678 0.495806 -0.069866
v -0.079559 0.503688 -0.075439
v -0.091776 0.514843 -0.066762
v -0.089361 0.525609 -0.065006
v -0.082675 0.533671 -0.060144
v -0.064321 0.533776 -0.046799
v -0.082525 0.495730 -0.060190
v -0.089245 0.503764 -0.065089
v -0.100191 0.514843 -0.054829
v -0.097554 0.525609 -0.053386
v -0.090256 0.533671 -0.049393
v -0.070221 0.533776 -0.038433
v -0.090256 0.495806 -0.049393
v -0.097554 0.503869 -0.053386
v -0.106853 0.514739 -0.042090
v -0.103988 0.525714 -0.040961
v -0.096159 0.533748 -0.037878
v -0.074849 0.533748 -0.029277
v -0.096291 0.495806 -0.037797
v -0.104095 0.503764 -0.040716
v -0.111758 0.514843 -0.028366
v -0.108711 0.525790 -0.027592
v -0.100677 0.533671 -0.025553
v -0.078193 0.533748 -0.019942
v -0.100677 0.495806 -0.025553
v -0.108816 0.503764 -0.027482
v -0.114713 0.514843 -0.014290
v -0.111586 0.525790 -0.013900
v -0.103340 0.533671 -0.012871
v -0.080403 0.533776 -0.010010
v -0.103234 0.495730 -0.012982
v -0.111638 0.503764 -0.014040
v -0.115704 0.514843 0.000031
v -0.112549 0.525790 0.000031
v -0.104232 0.533671 0.000031
v -0.081098 0.533776 0.000031
v -0.104232 0.495806 0.000031
v -0.112659 0.503869 0.000031
v -0.114752 0.514739 0.014220
v -0.111675 0.525714 0.013840
v -0.103268 0.533748 0.012801
v -0.080274 0.533748 0.010153
v -0.103340 0.495806 0.012934
v -0.111638 0.503764 0.014103
v -0.111758 0.514843 0.028429
v -0.108711 0.525790 0.027655
v -0.100677 0.533671 0.025616
v -0.078245 0.533748 0.019821
v -0.100677 0.495806 0.025616
v -0.108744 0.503764 0.027801
v -0.106890 0.514843 0.042019
v -0.103975 0.525790 0.040876
v -0.096291 0.533671 0.037860
v -0.074918 0.533776 0.029470
v -0.096258 0.495730 0.037714
v -0.104095 0.503764 0.040779
v -0.100191 0.514843 0.054891
v -0.097459 0.525790 0.053397
v -0.090256 0.533671 0.049456
v -0.070221 0.533776 0.038495
v -0.090256 0.495806 0.049456
v -0.097554 0.503869 0.053449
v -0.091880 0.514739 0.066728
v -0.089415 0.525714 0.064941
v -0.082683 0.533748 0.060059
v -0.064168 0.533748 0.046871
v -0.082675 0.495806 0.060207
v -0.089245 0.503764 0.065152
v -0.081790 0.514843 0.077615
v -0.079559 0.525790 0.075502
v -0.073678 0.533671 0.069929
v -0.057308 0.533748 0.054282
v -0.073678 0.495806 0.069929
v -0.079511 0.503764 0.075643
v -0.070403 0.514843 0.087078
v -0.068482 0.525790 0.084707
v -0.063419 0.533671 0.078454
v -0.049336 0.533776 0.061062
v -0.063467 0.495730 0.078312
v -0.068637 0.503764 0.084680
v -0.057809 0.514843 0.095052
v -0.056232 0.525790 0.092463
v -0.052073 0.533671 0.085638
v -0.040506 0.533776 0.066653
v -0.052073 0.495806 0.085638
v -0.056287 0.503869 0.092553
v -0.044366 0.514739 0.101365
v -0.043174 0.525714 0.098650
v -0.039920 0.533748 0.091232
v -0.030844 0.533748 0.071038
v -0.039835 0.495806 0.091357
v -0.042916 0.503764 0.098751
v -0.029883 0.514843 0.106013
v -0.029066 0.525790 0.103125
v -0.026914 0.533671 0.095513
v -0.020993 0.533748 0.074207
v -0.026914 0.495806 0.095513
v -0.028950 0.503764 0.103225
v -0.015028 0.514843 0.108813
v -0.014616 0.525790 0.105849
v -0.013531 0.533671 0.098035
v -0.010511 0.533776 0.076301
v -0.013647 0.495730 0.097936
v -0.014764 0.503764 0.105899
v 0.000086 0.514843 0.109751
v 0.000086 0.525790 0.106762
v 0.000086 0.533671 0.098881
v 0.000086 0.533776 0.076959
v 0.000086 0.495806 0.098881
v 0.000086 0.503869 0.106867
v 0.015059 0.514739 0.108849
v 0.014658 0.525714 0.105934
v 0.013562 0.533748 0.097968
v 0.010767 0.533748 0.076179
v 0.013702 0.495806 0.098035
v 0.014936 0.503764 0.105899
v 0.030054 0.514843 0.106013
v 0.029238 0.525790 0.103125
v 0.027085 0.533671 0.095513
v 0.020970 0.533748 0.074256
v 0.027085 0.495806 0.095513
v 0.029391 0.503764 0.103157
v 0.044396 0.514843 0.101399
v 0.043189 0.525790 0.098638
v 0.040006 0.533671 0.091357
v 0.031153 0.533776 0.071104
v 0.039853 0.495730 0.091325
v 0.043087 0.503764 0.098751
v 0.057980 0.514843 0.095052
v 0.056403 0.525790 0.092463
v 0.052245 0.533671 0.085638
v 0.040677 0.533776 0.066653
v 0.052245 0.495806 0.085638
v 0.056458 0.503869 0.092553
v 0.070472 0.514739 0.087176
v 0.068586 0.525714 0.084841
v 0.063433 0.533748 0.078462
v 0.049516 0.533748 0.060917
v 0.063639 0.495730 0.078312
v 0.068808 0.503764 0.084680
v 0.081961 0.514843 0.077615
v 0.079731 0.525790 0.075502
v 0.073878 0.533748 0.069782
v 0.057337 0.533748 0.054417
v 0.073849 0.495806 0.069929
v 0.079731 0.503688 0.075502
v 0.091948 0.514843 0.066825
v 0.089532 0.525609 0.065069
v 0.082695 0.533776 0.060097
v 0.064493 0.533776 0.046862
v 0.082697 0.495730 0.060253
v 0.089416 0.503764 0.065152
v 0.100362 0.514843 0.054891
v 0.097726 0.525609 0.053449
v 0.090262 0.533776 0.049366
v 0.070393 0.533776 0.038495
v 0.090427 0.495806 0.049456
v 0.097726 0.503869 0.053449
v 0.107025 0.514739 0.042153
v 0.104159 0.525714 0.041024
v 0.096331 0.533748 0.037941
v 0.075020 0.533748 0.029340
v 0.096463 0.495806 0.037860
v 0.104147 0.503688 0.040876
v 0.111930 0.514843 0.028429
v 0.108989 0.525609 0.027682
v 0.100664 0.533776 0.025569
v 0.078364 0.533748 0.020005
v 0.100849 0.495806 0.025616
v 0.108883 0.503688 0.027655
v 0.114884 0.514843 0.014353
v 0.111846 0.525714 0.013840
v 0.103439 0.533748 0.012801
v 0.080575 0.533776 0.010073
v 0.103406 0.495730 0.013045
v 0.111810 0.503764 0.014103
v 0.098236 0.550271 0.000147
v 0.095640 0.559481 0.000031
v 0.088423 0.566377 0.000135
v 0.088423 0.534164 0.000135
v 0.095640 0.541060 0.000031
v 0.097413 0.550271 -0.011991
v 0.094805 0.559570 -0.011669
v 0.087682 0.566377 -0.010789
v 0.087743 0.534229 -0.010901
v 0.094730 0.540907 -0.011773
v 0.094876 0.550359 -0.024030
v 0.092384 0.559481 -0.023398
v 0.085487 0.566312 -0.021646
v 0.085487 0.534229 -0.021646
v 0.092294 0.540907 -0.023375
v 0.090751 0.550359 -0.035546
v 0.088368 0.559481 -0.034610
v 0.081771 0.566312 -0.032021
v 0.081743 0.534164 -0.031897
v 0.088383 0.540972 -0.034495
v 0.085075 0.550359 -0.046452
v 0.082841 0.559481 -0.045230
v 0.076657 0.566312 -0.041847
v 0.076657 0.534229 -0.041847
v 0.082841 0.541060 -0.045230
v 0.078033 0.550271 -0.056482
v 0.075945 0.559570 -0.054967
v 0.070240 0.566377 -0.050830
v 0.070234 0.534229 -0.050956
v 0.075824 0.540907 -0.055022
v 0.069483 0.550359 -0.065706
v 0.067659 0.559481 -0.063978
v 0.062610 0.566312 -0.059193
v 0.062610 0.534229 -0.059193
v 0.067593 0.540907 -0.063915
v 0.059835 0.550359 -0.073724
v 0.058265 0.559481 -0.071785
v 0.053918 0.566312 -0.066417
v 0.053959 0.534164 -0.066297
v 0.058339 0.540972 -0.071692
v 0.049164 0.550359 -0.080480
v 0.047874 0.559481 -0.078364
v 0.044304 0.566312 -0.072504
v 0.044304 0.534229 -0.072504
v 0.047874 0.541060 -0.078364
v 0.037773 0.550271 -0.085830
v 0.036764 0.559570 -0.083529
v 0.034007 0.566377 -0.077244
v 0.033935 0.534229 -0.077350
v 0.036632 0.540907 -0.083519
v 0.025502 0.550359 -0.089768
v 0.024834 0.559481 -0.087407
v 0.022986 0.566312 -0.080871
v 0.022986 0.534229 -0.080871
v 0.024810 0.540907 -0.087321
v 0.012915 0.550359 -0.092140
v 0.012579 0.559481 -0.089717
v 0.011647 0.566312 -0.083009
v 0.011745 0.534164 -0.082924
v 0.012692 0.540972 -0.089672
v 0.000109 0.550359 -0.092936
v 0.000109 0.559481 -0.090491
v 0.000109 0.566312 -0.083725
v 0.000109 0.534229 -0.083725
v 0.000109 0.541060 -0.090491
v -0.012578 0.550271 -0.092171
v -0.012238 0.559570 -0.089701
v -0.011309 0.566377 -0.082951
v -0.011428 0.534229 -0.083009
v -0.012348 0.540907 -0.089629
v -0.025283 0.550359 -0.089768
v -0.024616 0.559481 -0.087407
v -0.022767 0.566312 -0.080871
v -0.022767 0.534229 -0.080871
v -0.024591 0.540907 -0.087321
v -0.037436 0.550359 -0.085859
v -0.036448 0.559481 -0.083601
v -0.033716 0.566312 -0.077350
v -0.033586 0.534164 -0.077323
v -0.036326 0.540972 -0.083615
v -0.048945 0.550359 -0.080480
v -0.047656 0.559481 -0.078364
v -0.044085 0.566312 -0.072504
v -0.044085 0.534229 -0.072504
v -0.047656 0.541060 -0.078364
v -0.059530 0.550271 -0.073807
v -0.057932 0.559570 -0.071829
v -0.053566 0.566377 -0.066424
v -0.053699 0.534229 -0.066417
v -0.057989 0.540907 -0.071715
v -0.069265 0.550359 -0.065706
v -0.067441 0.559481 -0.063978
v -0.062391 0.566312 -0.059193
v -0.062391 0.534229 -0.059193
v -0.067375 0.540907 -0.063915
v -0.077726 0.550359 -0.056563
v -0.075680 0.559481 -0.055075
v -0.070015 0.566312 -0.050956
v -0.069888 0.534164 -0.050995
v -0.075582 0.540972 -0.055146
v -0.084856 0.550359 -0.046452
v -0.082622 0.559481 -0.045230
v -0.076438 0.566312 -0.041847
v -0.076438 0.534229 -0.041847
v -0.082622 0.541060 -0.045230
v -0.090501 0.550271 -0.035659
v -0.088073 0.559570 -0.034702
v -0.081440 0.566377 -0.032090
v -0.081552 0.534229 -0.032021
v -0.088164 0.540972 -0.034495
v -0.094657 0.550359 -0.024030
v -0.092075 0.559634 -0.023375
v -0.085268 0.566312 -0.021646
v -0.085268 0.534229 -0.021646
v -0.092165 0.540972 -0.023281
v -0.097161 0.550359 -0.012103
v -0.094511 0.559634 -0.011773
v -0.087524 0.566312 -0.010901
v -0.087435 0.534164 -0.010995
v -0.094555 0.540972 -0.011892
v -0.098000 0.550359 0.000031
v -0.095327 0.559634 0.000031
v -0.088280 0.566312 0.000031
v -0.088280 0.534229 0.000031
v -0.095421 0.541060 0.000031
v -0.097194 0.550271 0.012053
v -0.094587 0.559570 0.011731
v -0.087463 0.566377 0.010851
v -0.087524 0.534229 0.010964
v -0.094555 0.540972 0.011954
v -0.094657 0.550359 0.024093
v -0.092075 0.559634 0.023437
v -0.085268 0.566312 0.021709
v -0.085268 0.534229 0.021709
v -0.092103 0.540972 0.023561
v -0.090532 0.550359 0.035608
v -0.088063 0.559634 0.034639
v -0.081552 0.566312 0.032083
v -0.081524 0.534164 0.031960
v -0.088164 0.540972 0.034557
v -0.084856 0.550359 0.046515
v -0.082541 0.559634 0.045248
v -0.076438 0.566312 0.041909
v -0.076438 0.534229 0.041909
v -0.082622 0.541060 0.045293
v -0.077814 0.550271 0.056544
v -0.075726 0.559570 0.055030
v -0.070022 0.566377 0.050893
v -0.070015 0.534229 0.051019
v -0.075582 0.540972 0.055208
v -0.069265 0.550359 0.065769
v -0.067375 0.559634 0.063978
v -0.062391 0.566312 0.059256
v -0.062391 0.534229 0.059256
v -0.067334 0.540972 0.064098
v -0.059616 0.550359 0.073787
v -0.057989 0.559634 0.071778
v -0.053699 0.566312 0.066480
v -0.053740 0.534164 0.066360
v -0.058120 0.540972 0.071755
v -0.048945 0.550359 0.080543
v -0.047609 0.559634 0.078350
v -0.044085 0.566312 0.072566
v -0.044085 0.534229 0.072566
v -0.047656 0.541060 0.078426
v -0.037555 0.550271 0.085892
v -0.036545 0.559570 0.083592
v -0.033788 0.566377 0.077306
v -0.033716 0.534229 0.077412
v -0.036326 0.540972 0.083678
v -0.025283 0.550359 0.089830
v -0.024592 0.559634 0.087384
v -0.022768 0.566312 0.080934
v -0.022768 0.534229 0.080934
v -0.024493 0.540972 0.087469
v -0.012697 0.550359 0.092203
v -0.012348 0.559634 0.089692
v -0.011428 0.566312 0.083071
v -0.011527 0.534164 0.082987
v -0.012473 0.540972 0.089734
v 0.000109 0.550359 0.092998
v 0.000109 0.559634 0.090465
v 0.000109 0.566312 0.083788
v 0.000109 0.534229 0.083788
v 0.000109 0.541060 0.090554
v 0.012797 0.550271 0.092234
v 0.012457 0.559570 0.089763
v 0.011528 0.566377 0.083014
v 0.011647 0.534229 0.083071
v 0.012692 0.540972 0.089734
v 0.025502 0.550359 0.089830
v 0.024810 0.559634 0.087384
v 0.022986 0.566312 0.080934
v 0.022986 0.534229 0.080934
v 0.024941 0.540972 0.087410
v 0.037654 0.550359 0.085922
v 0.036632 0.559634 0.083582
v 0.033935 0.566312 0.077412
v 0.033804 0.534164 0.077386
v 0.036545 0.540972 0.083678
v 0.049164 0.550359 0.080543
v 0.047828 0.559634 0.078350
v 0.044304 0.566312 0.072566
v 0.044304 0.534229 0.072566
v 0.047874 0.541060 0.078426
v 0.059748 0.550271 0.073870
v 0.058150 0.559570 0.071892
v 0.053785 0.566377 0.066486
v 0.053959 0.534164 0.066360
v 0.058339 0.540972 0.071755
v 0.069483 0.550359 0.065769
v 0.067593 0.559634 0.063978
v 0.062634 0.566377 0.059132
v 0.062610 0.534229 0.059256
v 0.067593 0.540907 0.063978
v 0.077945 0.550359 0.056626
v 0.075899 0.559481 0.055138
v 0.070105 0.566401 0.050926
v 0.070107 0.534164 0.051058
v 0.075800 0.540972 0.055208
v 0.085075 0.550359 0.046515
v 0.082841 0.559481 0.045293
v 0.076517 0.566401 0.041833
v 0.076657 0.534229 0.041909
v 0.082841 0.541060 0.045293
v 0.090720 0.550271 0.035721
v 0.088292 0.559570 0.034765
v 0.081659 0.566377 0.032152
v 0.081771 0.534229 0.032083
v 0.088281 0.540907 0.034639
v 0.094876 0.550359 0.024093
v 0.092384 0.559481 0.023460
v 0.085331 0.566401 0.021669
v 0.085487 0.534229 0.021709
v 0.092294 0.540907 0.023437
v 0.097380 0.550359 0.012166
v 0.094805 0.559570 0.011731
v 0.087682 0.566377 0.010851
v 0.087654 0.534164 0.011057
v 0.094774 0.540972 0.011954
v 0.076505 0.576712 0.041828
v 0.081647 0.576688 0.032147
v 0.088411 0.576688 0.000130
v 0.087670 0.576688 0.010846
v 0.087670 0.576688 -0.010794
v 0.076645 0.576623 -0.041852
v 0.070228 0.576688 -0.050835
v 0.044292 0.576623 -0.072509
v 0.033995 0.576688 -0.077248
v 0.000097 0.576623 -0.083730
v -0.011321 0.576688 -0.082956
v -0.044097 0.576623 -0.072509
v -0.053578 0.576688 -0.066428
v -0.076450 0.576623 -0.041852
v -0.081452 0.576688 -0.032094
v -0.088292 0.576623 0.000026
v -0.087475 0.576688 0.010846
v -0.076450 0.576623 0.041905
v -0.070034 0.576688 0.050888
v -0.044097 0.576623 0.072562
v -0.033800 0.576688 0.077301
v 0.000097 0.576623 0.083783
v 0.011516 0.576688 0.083009
v 0.044292 0.576623 0.072562
v 0.053773 0.576688 0.066481
v 0.070093 0.576712 0.050921
v 0.081759 0.576623 -0.032026
v 0.053906 0.576623 -0.066422
v 0.011635 0.576623 -0.083013
v -0.033728 0.576623 -0.077354
v -0.070027 0.576623 -0.050961
v -0.087536 0.576623 -0.010906
v -0.081564 0.576623 0.032079
v -0.053711 0.576623 0.066475
v -0.011440 0.576623 0.083066
v 0.033923 0.576623 0.077407
v 0.062622 0.576688 0.059127
v 0.085319 0.576712 0.021664
v 0.085475 0.576623 -0.021651
v 0.062598 0.576623 -0.059198
v 0.022974 0.576623 -0.080876
v -0.022779 0.576623 -0.080876
v -0.062403 0.576623 -0.059198
v -0.085280 0.576623 -0.021651
v -0.085280 0.576623 0.021704
v -0.062403 0.576623 0.059251
v -0.022780 0.576623 0.080929
v 0.022974 0.576623 0.080929
v 0.092105 0.579224 0.000139
v 0.089676 0.580480 0.000031
v 0.082925 0.581420 0.000128
v 0.089676 0.577968 0.000031
v 0.091335 0.579224 -0.011215
v 0.088896 0.580492 -0.010914
v 0.082232 0.581420 -0.010091
v 0.088825 0.577947 -0.011011
v 0.088962 0.579236 -0.022478
v 0.086631 0.580480 -0.021886
v 0.080179 0.581411 -0.020248
v 0.086547 0.577947 -0.021865
v 0.085103 0.579236 -0.033250
v 0.082873 0.580480 -0.032375
v 0.076702 0.581411 -0.029953
v 0.082888 0.577956 -0.032267
v 0.079793 0.579236 -0.043453
v 0.077703 0.580480 -0.042310
v 0.071918 0.581411 -0.039145
v 0.077703 0.577968 -0.042310
v 0.073205 0.579224 -0.052835
v 0.071252 0.580492 -0.051419
v 0.065916 0.581420 -0.047549
v 0.071139 0.577947 -0.051469
v 0.065207 0.579236 -0.061465
v 0.063501 0.580480 -0.059848
v 0.058778 0.581411 -0.055372
v 0.063439 0.577947 -0.059789
v 0.056181 0.579236 -0.068966
v 0.054712 0.580480 -0.067151
v 0.050646 0.581411 -0.062130
v 0.054782 0.577956 -0.067064
v 0.046199 0.579236 -0.075286
v 0.044993 0.580480 -0.073306
v 0.041653 0.581411 -0.067824
v 0.044993 0.577968 -0.073306
v 0.035544 0.579224 -0.080290
v 0.034600 0.580492 -0.078138
v 0.032020 0.581420 -0.072258
v 0.034475 0.577947 -0.078128
v 0.024064 0.579236 -0.083974
v 0.023439 0.580480 -0.081765
v 0.021711 0.581411 -0.075651
v 0.023417 0.577947 -0.081685
v 0.012289 0.579236 -0.086193
v 0.011974 0.580480 -0.083926
v 0.011102 0.581411 -0.077651
v 0.012080 0.577956 -0.083884
v 0.000310 0.579236 -0.086937
v 0.000310 0.580480 -0.084651
v 0.000310 0.581411 -0.078321
v 0.000310 0.577968 -0.084651
v -0.011559 0.579224 -0.086222
v -0.011241 0.580492 -0.083911
v -0.010372 0.581420 -0.077597
v -0.011344 0.577947 -0.083844
v -0.023445 0.579236 -0.083974
v -0.022820 0.580480 -0.081765
v -0.021091 0.581411 -0.075651
v -0.022797 0.577947 -0.081685
v -0.034813 0.579236 -0.080317
v -0.033889 0.580480 -0.078205
v -0.031333 0.581411 -0.072357
v -0.033775 0.577956 -0.078218
v -0.045580 0.579236 -0.075286
v -0.044373 0.580480 -0.073306
v -0.041034 0.581411 -0.067824
v -0.044373 0.577968 -0.073306
v -0.055481 0.579224 -0.069043
v -0.053986 0.580492 -0.067192
v -0.049902 0.581420 -0.062136
v -0.054040 0.577947 -0.067086
v -0.064588 0.579236 -0.061465
v -0.062882 0.580480 -0.059848
v -0.058159 0.581411 -0.055372
v -0.062820 0.577947 -0.059789
v -0.072504 0.579236 -0.052912
v -0.070589 0.580480 -0.051520
v -0.065290 0.581411 -0.047667
v -0.070498 0.577956 -0.051586
v -0.079174 0.579236 -0.043453
v -0.077084 0.580480 -0.042310
v -0.071299 0.581411 -0.039145
v -0.077084 0.577968 -0.042310
v -0.084454 0.579224 -0.033356
v -0.082183 0.580492 -0.032461
v -0.075978 0.581420 -0.030017
v -0.082268 0.577956 -0.032267
v -0.088342 0.579236 -0.022478
v -0.085927 0.580501 -0.021865
v -0.079559 0.581411 -0.020248
v -0.086011 0.577956 -0.021777
v -0.090684 0.579236 -0.011320
v -0.088206 0.580501 -0.011011
v -0.081669 0.581411 -0.010196
v -0.088247 0.577956 -0.011122
v -0.091470 0.579236 0.000031
v -0.088969 0.580501 0.000031
v -0.082377 0.581411 0.000031
v -0.089057 0.577968 0.000031
v -0.090715 0.579224 0.011278
v -0.088276 0.580492 0.010976
v -0.081613 0.581420 0.010153
v -0.088247 0.577956 0.011185
v -0.088342 0.579236 0.022540
v -0.085927 0.580501 0.021927
v -0.079559 0.581411 0.020310
v -0.085953 0.577956 0.022043
v -0.084483 0.579236 0.033313
v -0.082173 0.580501 0.032406
v -0.076083 0.581411 0.030015
v -0.082268 0.577956 0.032329
v -0.079174 0.579236 0.043515
v -0.077008 0.580501 0.042331
v -0.071299 0.581411 0.039207
v -0.077084 0.577968 0.042372
v -0.072586 0.579224 0.052898
v -0.070633 0.580492 0.051481
v -0.065296 0.581420 0.047611
v -0.070498 0.577956 0.051648
v -0.064588 0.579236 0.061527
v -0.062820 0.580501 0.059852
v -0.058159 0.581411 0.055435
v -0.062782 0.577956 0.059964
v -0.055562 0.579236 0.069028
v -0.054040 0.580501 0.067148
v -0.050027 0.581411 0.062192
v -0.054162 0.577956 0.067127
v -0.045580 0.579236 0.075348
v -0.044330 0.580501 0.073296
v -0.041034 0.581411 0.067886
v -0.044373 0.577968 0.073368
v -0.034924 0.579224 0.080352
v -0.033980 0.580492 0.078200
v -0.031401 0.581420 0.072320
v -0.033775 0.577956 0.078280
v -0.023445 0.579236 0.084036
v -0.022797 0.580501 0.081748
v -0.021091 0.581411 0.075714
v -0.022705 0.577956 0.081827
v -0.011670 0.579236 0.086256
v -0.011344 0.580501 0.083907
v -0.010483 0.581411 0.077713
v -0.011461 0.577956 0.083946
v 0.000310 0.579236 0.087000
v 0.000310 0.580501 0.084630
v 0.000310 0.581411 0.078383
v 0.000310 0.577968 0.084713
v 0.012178 0.579224 0.086285
v 0.011860 0.580492 0.083974
v 0.010991 0.581420 0.077659
v 0.012080 0.577956 0.083946
v 0.024064 0.579236 0.084036
v 0.023417 0.580501 0.081748
v 0.021711 0.581411 0.075714
v 0.023539 0.577956 0.081772
v 0.035432 0.579236 0.080380
v 0.034475 0.580501 0.078191
v 0.031952 0.581411 0.072419
v 0.034394 0.577956 0.078280
v 0.046199 0.579236 0.075348
v 0.044949 0.580501 0.073296
v 0.041653 0.581411 0.067886
v 0.044993 0.577968 0.073368
v 0.056101 0.579224 0.069106
v 0.054606 0.580492 0.067255
v 0.050522 0.581420 0.062198
v 0.054782 0.577956 0.067127
v 0.065207 0.579236 0.061527
v 0.063439 0.580501 0.059852
v 0.058800 0.581420 0.055318
v 0.063439 0.577947 0.059852
v 0.073123 0.579236 0.052974
v 0.071209 0.580480 0.051582
v 0.065789 0.581423 0.047642
v 0.071117 0.577956 0.051648
v 0.079793 0.579236 0.043515
v 0.077703 0.580480 0.042372
v 0.071787 0.581423 0.039136
v 0.077703 0.577968 0.042372
v 0.085074 0.579224 0.033418
v 0.082803 0.580492 0.032524
v 0.076597 0.581420 0.030080
v 0.082793 0.577947 0.032406
v 0.088962 0.579236 0.022540
v 0.086631 0.580480 0.021948
v 0.080033 0.581423 0.020273
v 0.086547 0.577947 0.021927
v 0.091304 0.579236 0.011383
v 0.088896 0.580492 0.010976
v 0.082232 0.581420 0.010153
v 0.088867 0.577956 0.011185
v 0.015498 0.583062 -0.073488
v 0.030347 0.583062 -0.069220
v 0.044032 0.583062 -0.062288
v 0.056028 0.583062 -0.052960
v 0.065872 0.583062 -0.041594
v 0.073187 0.583062 -0.028626
v 0.077691 0.583062 -0.014555
v 0.079212 0.583062 0.000079
v 0.077691 0.583062 0.014712
v 0.073187 0.583062 0.028783
v 0.065872 0.583062 0.041751
v 0.056028 0.583062 0.053117
v 0.044032 0.583062 0.062446
v 0.030347 0.583062 0.069377
v 0.015498 0.583062 0.073646
v 0.000055 0.583062 0.075087
v -0.015388 0.583062 0.073646
v -0.030237 0.583062 0.069377
v -0.043922 0.583062 0.062446
v -0.055918 0.583062 0.053117
v -0.065762 0.583062 0.041751
v -0.073077 0.583062 0.028783
v -0.077581 0.583062 0.014712
v -0.079102 0.583062 0.000079
v -0.077581 0.583062 -0.014555
v -0.073077 0.583062 -0.028626
v -0.065762 0.583062 -0.041594
v -0.055918 0.583062 -0.052960
v -0.043922 0.583062 -0.062288
v -0.030237 0.583062 -0.069220
v -0.015388 0.583062 -0.073488
v 0.000055 0.583062 -0.074929
v 0.015498 0.616733 -0.073488
v 0.030347 0.616733 -0.069220
v 0.044032 0.616733 -0.062288
v 0.056028 0.616733 -0.052960
v 0.065872 0.616733 -0.041594
v 0.073187 0.616733 -0.028626
v 0.077691 0.616733 -0.014555
v 0.079212 0.616733 0.000079
v 0.077691 0.616733 0.014712
v 0.073187 0.616733 0.028783
v 0.065872 0.616733 0.041751
v 0.056028 0.616733 0.053117
v 0.044032 0.616733 0.062446
v 0.030347 0.616733 0.069377
v 0.015498 0.616733 0.073646
v 0.000055 0.616733 0.075087
v -0.015388 0.616733 0.073646
v -0.030237 0.616733 0.069377
v -0.043922 0.616733 0.062446
v -0.055918 0.616733 0.053117
v -0.065762 0.616733 0.041751
v -0.073077 0.616733 0.028783
v -0.077581 0.616733 0.014712
v -0.079102 0.616733 0.000079
v -0.077581 0.616733 -0.014555
v -0.073077 0.616733 -0.028626
v -0.065762 0.616733 -0.041594
v -0.055918 0.616733 -0.052960
v -0.043922 0.616733 -0.062288
v -0.030237 0.616733 -0.069220
v -0.015388 0.616733 -0.073488
v 0.000055 0.616733 -0.074929
v 0.092685 0.622789 0.000141
v 0.090227 0.625206 0.000031
v 0.083396 0.627015 0.000130
v 0.083396 0.618563 0.000130
v 0.090227 0.620373 0.000031
v 0.091906 0.622789 -0.011351
v 0.089437 0.625229 -0.011046
v 0.082694 0.627015 -0.010212
v 0.082751 0.618580 -0.010319
v 0.089366 0.620332 -0.011144
v 0.089504 0.622812 -0.022749
v 0.087145 0.625206 -0.022150
v 0.080616 0.626998 -0.020492
v 0.080616 0.618580 -0.020492
v 0.087060 0.620332 -0.022128
v 0.085599 0.622812 -0.033651
v 0.083343 0.625206 -0.032765
v 0.077097 0.626998 -0.030314
v 0.077071 0.618563 -0.030197
v 0.083357 0.620349 -0.032655
v 0.080225 0.622812 -0.043976
v 0.078110 0.625206 -0.042819
v 0.072256 0.626998 -0.039616
v 0.072256 0.618580 -0.039616
v 0.078110 0.620373 -0.042819
v 0.073558 0.622789 -0.053471
v 0.071581 0.625229 -0.052038
v 0.066181 0.627015 -0.048121
v 0.066174 0.618580 -0.048240
v 0.071468 0.620332 -0.052089
v 0.065464 0.622812 -0.062205
v 0.063737 0.625206 -0.060568
v 0.058957 0.626998 -0.056039
v 0.058957 0.618580 -0.056039
v 0.063675 0.620332 -0.060509
v 0.056330 0.622812 -0.069796
v 0.054843 0.625206 -0.067960
v 0.050728 0.626998 -0.062878
v 0.050767 0.618563 -0.062764
v 0.054913 0.620349 -0.067872
v 0.046227 0.622812 -0.076192
v 0.045006 0.625206 -0.074188
v 0.041626 0.626998 -0.068640
v 0.041626 0.618580 -0.068640
v 0.045006 0.620373 -0.074188
v 0.035444 0.622789 -0.081256
v 0.034488 0.625229 -0.079078
v 0.031878 0.627015 -0.073127
v 0.031809 0.618580 -0.073228
v 0.034362 0.620332 -0.079068
v 0.023826 0.622812 -0.084984
v 0.023194 0.625206 -0.082749
v 0.021444 0.626998 -0.076562
v 0.021444 0.618580 -0.076562
v 0.023171 0.620332 -0.082668
v 0.011909 0.622812 -0.087230
v 0.011591 0.625206 -0.084936
v 0.010708 0.626998 -0.078585
v 0.010802 0.618563 -0.078505
v 0.011698 0.620349 -0.084893
v -0.000214 0.622812 -0.087983
v -0.000214 0.625206 -0.085669
v -0.000214 0.626998 -0.079264
v -0.000214 0.618580 -0.079264
v -0.000214 0.620373 -0.085669
v -0.012226 0.622789 -0.087260
v -0.011904 0.625229 -0.084921
v -0.011024 0.627015 -0.078531
v -0.011137 0.618580 -0.078585
v -0.012008 0.620332 -0.084853
v -0.024254 0.622812 -0.084984
v -0.023622 0.625206 -0.082749
v -0.021872 0.626998 -0.076562
v -0.021872 0.618580 -0.076562
v -0.023599 0.620332 -0.082668
v -0.035759 0.622812 -0.081284
v -0.034825 0.625206 -0.079146
v -0.032238 0.626998 -0.073228
v -0.032114 0.618563 -0.073203
v -0.034709 0.620349 -0.079159
v -0.046656 0.622812 -0.076192
v -0.045435 0.625206 -0.074188
v -0.042055 0.626998 -0.068640
v -0.042055 0.618580 -0.068640
v -0.045435 0.620373 -0.074188
v -0.056676 0.622789 -0.069874
v -0.055163 0.625229 -0.068001
v -0.051030 0.627015 -0.062884
v -0.051156 0.618580 -0.062878
v -0.055218 0.620332 -0.067893
v -0.065893 0.622812 -0.062205
v -0.064166 0.625206 -0.060568
v -0.059386 0.626998 -0.056039
v -0.059386 0.618580 -0.056039
v -0.064103 0.620332 -0.060509
v -0.073904 0.622812 -0.053549
v -0.071966 0.625206 -0.052140
v -0.066603 0.626998 -0.048240
v -0.066483 0.618563 -0.048277
v -0.071873 0.620349 -0.052207
v -0.080654 0.622812 -0.043976
v -0.078539 0.625206 -0.042819
v -0.072684 0.626998 -0.039616
v -0.072684 0.618580 -0.039616
v -0.078539 0.620373 -0.042819
v -0.085998 0.622789 -0.033757
v -0.083699 0.625229 -0.032852
v -0.077420 0.627015 -0.030379
v -0.077525 0.618580 -0.030314
v -0.083785 0.620349 -0.032655
v -0.089933 0.622812 -0.022749
v -0.087488 0.625246 -0.022128
v -0.081044 0.626998 -0.020492
v -0.081044 0.618580 -0.020492
v -0.087573 0.620349 -0.022039
v -0.092303 0.622812 -0.011457
v -0.089794 0.625246 -0.011144
v -0.083179 0.626998 -0.010319
v -0.083095 0.618563 -0.010408
v -0.089836 0.620349 -0.011257
v -0.093098 0.622812 0.000031
v -0.090567 0.625246 0.000031
v -0.083895 0.626998 0.000031
v -0.083895 0.618580 0.000031
v -0.090656 0.620373 0.000031
v -0.092334 0.622789 0.011413
v -0.089866 0.625229 0.011108
v -0.083122 0.627015 0.010275
v -0.083179 0.618580 0.010381
v -0.089836 0.620349 0.011319
v -0.089933 0.622812 0.022811
v -0.087488 0.625246 0.022190
v -0.081044 0.626998 0.020554
v -0.081044 0.618580 0.020554
v -0.087515 0.620349 0.022307
v -0.086027 0.622812 0.033713
v -0.083689 0.625246 0.032795
v -0.077525 0.626998 0.030376
v -0.077499 0.618563 0.030259
v -0.083785 0.620349 0.032718
v -0.080654 0.622812 0.044039
v -0.078462 0.625246 0.042840
v -0.072684 0.626998 0.039679
v -0.072684 0.618580 0.039679
v -0.078539 0.620373 0.042882
v -0.073987 0.622789 0.053534
v -0.072010 0.625229 0.052100
v -0.066609 0.627015 0.048183
v -0.066603 0.618580 0.048303
v -0.071873 0.620349 0.052269
v -0.065893 0.622812 0.062267
v -0.064103 0.625246 0.060571
v -0.059386 0.626998 0.056101
v -0.059386 0.618580 0.056101
v -0.064065 0.620349 0.060685
v -0.056758 0.622812 0.069858
v -0.055218 0.625246 0.067956
v -0.051156 0.626998 0.062940
v -0.051195 0.618563 0.062826
v -0.055342 0.620349 0.067934
v -0.046656 0.622812 0.076254
v -0.045391 0.625246 0.074178
v -0.042055 0.626998 0.068702
v -0.042055 0.618580 0.068702
v -0.045435 0.620373 0.074250
v -0.035872 0.622789 0.081318
v -0.034916 0.625229 0.079140
v -0.032306 0.627015 0.073190
v -0.032238 0.618580 0.073290
v -0.034709 0.620349 0.079222
v -0.024254 0.622812 0.085047
v -0.023599 0.625246 0.082731
v -0.021873 0.626998 0.076624
v -0.021873 0.618580 0.076624
v -0.023506 0.620349 0.082811
v -0.012338 0.622812 0.087293
v -0.012008 0.625246 0.084916
v -0.011137 0.626998 0.078648
v -0.011230 0.618563 0.078568
v -0.012127 0.620349 0.084956
v -0.000214 0.622812 0.088046
v -0.000214 0.625246 0.085648
v -0.000214 0.626998 0.079326
v -0.000214 0.618580 0.079326
v -0.000214 0.620373 0.085732
v 0.011797 0.622789 0.087322
v 0.011475 0.625229 0.084983
v 0.010596 0.627015 0.078593
v 0.010708 0.618580 0.078648
v 0.011698 0.620349 0.084956
v 0.023826 0.622812 0.085047
v 0.023171 0.625246 0.082731
v 0.021444 0.626998 0.076624
v 0.021444 0.618580 0.076624
v 0.023294 0.620349 0.082756
v 0.035331 0.622812 0.081346
v 0.034362 0.625246 0.079131
v 0.031809 0.626998 0.073290
v 0.031686 0.618563 0.073265
v 0.034281 0.620349 0.079222
v 0.046227 0.622812 0.076254
v 0.044962 0.625246 0.074178
v 0.041626 0.626998 0.068702
v 0.041626 0.618580 0.068702
v 0.045006 0.620373 0.074250
v 0.056248 0.622789 0.069937
v 0.054735 0.625229 0.068064
v 0.050602 0.627015 0.062946
v 0.050766 0.618563 0.062826
v 0.054913 0.620349 0.067934
v 0.065464 0.622812 0.062267
v 0.063675 0.625246 0.060571
v 0.058980 0.627015 0.055984
v 0.058957 0.618580 0.056101
v 0.063675 0.620332 0.060571
v 0.073475 0.622812 0.053611
v 0.071538 0.625206 0.052202
v 0.066053 0.627021 0.048214
v 0.066055 0.618563 0.048340
v 0.071445 0.620349 0.052269
v 0.080225 0.622812 0.044039
v 0.078110 0.625206 0.042882
v 0.072123 0.627021 0.039606
v 0.072256 0.618580 0.039679
v 0.078110 0.620373 0.042882
v 0.085570 0.622789 0.033820
v 0.083271 0.625229 0.032915
v 0.076991 0.627015 0.030441
v 0.077097 0.618580 0.030376
v 0.083261 0.620332 0.032795
v 0.089504 0.622812 0.022811
v 0.087145 0.625206 0.022212
v 0.080468 0.627021 0.020517
v 0.080616 0.618580 0.020554
v 0.087060 0.620332 0.022190
v 0.091875 0.622812 0.011519
v 0.089437 0.625229 0.011108
v 0.082694 0.627015 0.010275
v 0.082667 0.618563 0.010470
v 0.089408 0.620349 0.011319
v -0.000407 0.744349 0.107865
v 0.020644 0.744356 0.105791
v 0.040886 0.744376 0.099651
v 0.059540 0.744407 0.089680
v 0.075892 0.744450 0.076261
v 0.089311 0.744502 0.059910
v 0.099282 0.744561 0.041255
v 0.105422 0.744626 0.021013
v 0.107496 0.744692 -0.000038
v 0.105422 0.744759 -0.021088
v 0.099282 0.744824 -0.041330
v 0.089311 0.744883 -0.059985
v 0.075892 0.744935 -0.076336
v 0.059540 0.744978 -0.089755
v 0.040886 0.745009 -0.099726
v 0.020644 0.745029 -0.105867
v -0.000407 0.745035 -0.107940
v -0.021458 0.745029 -0.105867
v -0.041700 0.745009 -0.099726
v -0.060355 0.744978 -0.089755
v -0.076706 0.744935 -0.076336
v -0.090125 0.744883 -0.059985
v -0.100096 0.744824 -0.041330
v -0.106237 0.744759 -0.021088
v -0.108310 0.744692 -0.000038
v -0.106237 0.744626 0.021013
v -0.100096 0.744561 0.041255
v -0.090125 0.744502 0.059910
v -0.076706 0.744450 0.076261
v -0.060355 0.744407 0.089680
v -0.041700 0.744376 0.099651
v -0.021458 0.744356 0.105791
v -0.000407 0.633612 0.077502
v 0.014789 0.633612 0.076003
v 0.029398 0.633612 0.071564
v 0.042856 0.633612 0.064358
v 0.054646 0.633612 0.054662
v 0.064313 0.633612 0.042854
v 0.071486 0.633612 0.029388
v 0.075891 0.633612 0.014786
v 0.077362 0.633612 -0.000391
v 0.075844 0.633612 -0.015558
v 0.071398 0.633612 -0.030134
v 0.064198 0.633612 -0.043559
v 0.054522 0.633612 -0.055320
v 0.042742 0.633612 -0.064968
v 0.029310 0.633612 -0.072135
v 0.014741 0.633612 -0.076547
v -0.000407 0.633612 -0.078037
v -0.015556 0.633612 -0.076547
v -0.030124 0.633612 -0.072135
v -0.043556 0.633612 -0.064968
v -0.055336 0.633612 -0.055320
v -0.065013 0.633612 -0.043559
v -0.072213 0.633612 -0.030134
v -0.076658 0.633612 -0.015558
v -0.078176 0.633612 -0.000391
v -0.076706 0.633612 0.014786
v -0.072300 0.633612 0.029388
v -0.065127 0.633612 0.042854
v -0.055460 0.633612 0.054662
v -0.043670 0.633612 0.064358
v -0.030212 0.633612 0.071564
v -0.015603 0.633612 0.076003
v -0.000407 0.764647 0.076897
v 0.014602 0.764651 0.075419
v 0.029035 0.764665 0.071041
v 0.042336 0.764688 0.063931
v 0.053994 0.764718 0.054363
v 0.063562 0.764755 0.042705
v 0.070672 0.764798 0.029404
v 0.075050 0.764844 0.014971
v 0.076528 0.764891 -0.000038
v 0.075050 0.764939 -0.015047
v 0.070672 0.764985 -0.029479
v 0.063562 0.765027 -0.042780
v 0.053994 0.765064 -0.054439
v 0.042336 0.765095 -0.064007
v 0.029035 0.765117 -0.071116
v 0.014602 0.765131 -0.075494
v -0.000407 0.765136 -0.076972
v -0.015416 0.765131 -0.075494
v -0.029849 0.765117 -0.071116
v -0.043150 0.765095 -0.064007
v -0.054808 0.765064 -0.054439
v -0.064376 0.765027 -0.042780
v -0.071486 0.764985 -0.029479
v -0.075864 0.764939 -0.015047
v -0.077342 0.764891 -0.000038
v -0.075864 0.764844 0.014971
v -0.071486 0.764798 0.029404
v -0.064376 0.764755 0.042705
v -0.054808 0.764718 0.054363
v -0.043150 0.764688 0.063931
v -0.029849 0.764665 0.071041
v -0.015416 0.764651 0.075419
v -0.000407 0.781226 0.076897
v 0.014602 0.781231 0.075419
v 0.029035 0.781245 0.071041
v 0.042336 0.781267 0.063931
v 0.053994 0.781298 0.054363
v 0.063562 0.781335 0.042705
v 0.070672 0.781377 0.029404
v 0.075050 0.781423 0.014971
v 0.076528 0.781471 -0.000038
v 0.075050 0.781518 -0.015047
v 0.070672 0.781564 -0.029479
v 0.063562 0.781607 -0.042780
v 0.053994 0.781644 -0.054439
v 0.042336 0.781674 -0.064007
v 0.029035 0.781697 -0.071116
v 0.014602 0.781710 -0.075494
v -0.000407 0.781715 -0.076972
v -0.015416 0.781710 -0.075494
v -0.029849 0.781697 -0.071116
v -0.043150 0.781674 -0.064007
v -0.054808 0.781644 -0.054439
v -0.064376 0.781607 -0.042780
v -0.071486 0.781564 -0.029479
v -0.075864 0.781518 -0.015047
v -0.077342 0.781471 -0.000038
v -0.075864 0.781423 0.014971
v -0.071486 0.781377 0.029404
v -0.064376 0.781335 0.042705
v -0.054808 0.781298 0.054363
v -0.043150 0.781267 0.063931
v -0.029849 0.781245 0.071041
v -0.015416 0.781231 0.075419
v 0.012807 0.792675 -0.066468
v 0.025513 0.792663 -0.062613
v 0.037223 0.792643 -0.056354
v 0.047486 0.792616 -0.047931
v 0.055910 0.792584 -0.037667
v 0.062169 0.792547 -0.025957
v 0.066023 0.792506 -0.013251
v 0.067325 0.792464 -0.000038
v 0.066023 0.792422 0.013176
v 0.062169 0.792382 0.025882
v 0.055910 0.792345 0.037592
v 0.047486 0.792312 0.047856
v 0.012807 0.792253 0.066392
v 0.037223 0.792285 0.056279
v -0.000407 0.792249 0.067694
v 0.025513 0.792265 0.062538
v -0.000407 0.792680 -0.067769
v -0.013621 0.792675 -0.066468
v -0.026327 0.792663 -0.062613
v -0.038037 0.792643 -0.056354
v -0.048301 0.792616 -0.047931
v -0.056724 0.792584 -0.037667
v -0.062983 0.792547 -0.025957
v -0.066838 0.792506 -0.013251
v -0.068139 0.792464 -0.000038
v -0.066838 0.792422 0.013176
v -0.062983 0.792382 0.025882
v -0.056724 0.792345 0.037592
v -0.048301 0.792312 0.047856
v -0.038037 0.792285 0.056279
v -0.026327 0.792265 0.062538
v -0.013621 0.792253 0.066392
v 0.009900 0.805873 -0.051853
v 0.019810 0.805863 -0.048847
v 0.028944 0.805848 -0.043965
v 0.036950 0.805827 -0.037395
v 0.043520 0.805801 -0.029389
v 0.048402 0.805772 -0.020255
v 0.051409 0.805741 -0.010344
v 0.052424 0.805708 -0.000038
v 0.051409 0.805675 0.010269
v 0.048402 0.805644 0.020180
v 0.043520 0.805615 0.029313
v 0.036950 0.805589 0.037319
v 0.009900 0.805543 0.051778
v 0.028944 0.805569 0.043889
v -0.000407 0.805540 0.052793
v 0.019810 0.805553 0.048771
v -0.000407 0.805876 -0.052868
v -0.010714 0.805873 -0.051853
v -0.020625 0.805863 -0.048847
v -0.029758 0.805848 -0.043965
v -0.037764 0.805827 -0.037395
v -0.044334 0.805801 -0.029389
v -0.049217 0.805772 -0.020255
v -0.052223 0.805741 -0.010344
v -0.053238 0.805708 -0.000038
v -0.052223 0.805675 0.010269
v -0.049217 0.805644 0.020180
v -0.044334 0.805615 0.029313
v -0.037764 0.805589 0.037319
v -0.029758 0.805569 0.043889
v -0.020625 0.805553 0.048771
v -0.010714 0.805543 0.051778
v 0.005112 0.812388 -0.027764
v 0.010420 0.812383 -0.026155
v 0.015311 0.812375 -0.023540
v 0.019598 0.812364 -0.020022
v 0.023116 0.812350 -0.015735
v 0.025731 0.812334 -0.010843
v 0.027341 0.812317 -0.005536
v 0.027884 0.812300 -0.000017
v 0.027341 0.812282 0.005503
v 0.025731 0.812265 0.010810
v 0.023116 0.812250 0.015701
v 0.019598 0.812236 0.019988
v 0.005112 0.812212 0.027731
v 0.015311 0.812225 0.023507
v -0.000407 0.812210 0.028275
v 0.010420 0.812217 0.026121
v -0.000407 0.812390 -0.028308
v -0.005926 0.812388 -0.027764
v -0.011234 0.812383 -0.026155
v -0.016125 0.812375 -0.023540
v -0.020412 0.812364 -0.020022
v -0.023930 0.812350 -0.015735
v -0.026545 0.812334 -0.010843
v -0.028155 0.812317 -0.005536
v -0.028698 0.812300 -0.000017
v -0.028155 0.812282 0.005503
v -0.026545 0.812265 0.010810
v -0.023930 0.812250 0.015701
v -0.020412 0.812236 0.019988
v -0.016125 0.812225 0.023507
v -0.011234 0.812217 0.026121
v -0.005926 0.812212 0.027731
v 0.001730 0.816525 -0.010085
v 0.003659 0.816523 -0.009500
v 0.005437 0.816520 -0.008549
v 0.006995 0.816516 -0.007271
v 0.008274 0.816511 -0.005712
v 0.009224 0.816506 -0.003935
v 0.009809 0.816499 -0.002006
v 0.010007 0.816493 0.000000
v 0.009809 0.816487 0.002006
v 0.009224 0.816481 0.003935
v 0.008274 0.816475 0.005713
v 0.006995 0.816470 0.007271
v 0.001730 0.816461 0.010085
v 0.005437 0.816466 0.008550
v -0.000276 0.816460 0.010283
v 0.003659 0.816463 0.009500
v -0.000276 0.816526 -0.010282
v -0.002282 0.816525 -0.010085
v -0.004211 0.816523 -0.009500
v -0.005988 0.816520 -0.008549
v -0.007547 0.816516 -0.007271
v -0.008825 0.816511 -0.005712
v -0.009776 0.816506 -0.003935
v -0.010361 0.816499 -0.002006
v -0.010558 0.816493 0.000000
v -0.010361 0.816487 0.002006
v -0.009776 0.816481 0.003935
v -0.008825 0.816475 0.005713
v -0.007547 0.816470 0.007271
v -0.005988 0.816466 0.008550
v -0.004211 0.816463 0.009500
v -0.002282 0.816461 0.010085
v -0.000667 0.847462 -0.010365
v -0.000667 0.842315 -0.015513
v -0.000667 0.835589 -0.018298
v -0.000667 0.831949 -0.018657
v -0.000667 0.828310 -0.018298
v -0.000667 0.821584 -0.015513
v 0.000043 0.850248 -0.003570
v 0.000726 0.849186 -0.007002
v 0.001355 0.847462 -0.010166
v 0.001907 0.845142 -0.012939
v 0.002359 0.842315 -0.015215
v 0.002696 0.839089 -0.016906
v 0.002903 0.835589 -0.017947
v 0.002973 0.831949 -0.018298
v 0.002903 0.828310 -0.017947
v 0.002696 0.824810 -0.016906
v 0.002359 0.821584 -0.015215
v 0.001907 0.818757 -0.012939
v 0.001355 0.816437 -0.010166
v 0.000726 0.850248 -0.003363
v 0.002065 0.849186 -0.006596
v 0.003300 0.847462 -0.009576
v 0.004382 0.845142 -0.012188
v 0.005270 0.842315 -0.014332
v 0.005929 0.839089 -0.015925
v 0.006336 0.835589 -0.016906
v 0.006473 0.831949 -0.017237
v 0.006336 0.828310 -0.016906
v 0.005929 0.824810 -0.015925
v 0.005270 0.821584 -0.014332
v 0.004382 0.818757 -0.012188
v 0.003300 0.816437 -0.009576
v 0.001355 0.850248 -0.003026
v 0.003300 0.849186 -0.005936
v 0.005092 0.847462 -0.008618
v 0.006662 0.845142 -0.010969
v 0.007952 0.842315 -0.012898
v 0.008909 0.839089 -0.014332
v 0.009499 0.835589 -0.015215
v 0.009698 0.831949 -0.015513
v 0.009499 0.828310 -0.015215
v 0.008909 0.824810 -0.014332
v 0.007952 0.821584 -0.012898
v 0.006662 0.818757 -0.010969
v 0.005092 0.816437 -0.008618
v 0.001907 0.850248 -0.002574
v 0.004382 0.849186 -0.005048
v 0.006662 0.847462 -0.007329
v 0.008662 0.845142 -0.009328
v 0.010302 0.842315 -0.010969
v 0.011521 0.839089 -0.012188
v 0.012272 0.835589 -0.012939
v 0.012526 0.831949 -0.013192
v 0.012272 0.828310 -0.012939
v 0.011521 0.824810 -0.012188
v 0.010302 0.821584 -0.010969
v 0.008662 0.818757 -0.009328
v 0.006662 0.816437 -0.007329
v 0.002359 0.850248 -0.002022
v 0.005270 0.849186 -0.003966
v 0.007952 0.847462 -0.005759
v 0.010302 0.845142 -0.007329
v 0.012231 0.842315 -0.008618
v 0.013665 0.839089 -0.009576
v 0.014548 0.835589 -0.010166
v 0.014846 0.831949 -0.010365
v 0.014548 0.828310 -0.010166
v 0.013665 0.824810 -0.009576
v 0.012231 0.821584 -0.008618
v 0.010302 0.818757 -0.007329
v 0.007952 0.816437 -0.005759
v -0.000667 0.850607 0.000000
v 0.002696 0.850248 -0.001393
v 0.005929 0.849186 -0.002732
v 0.008909 0.847462 -0.003966
v 0.011521 0.845142 -0.005048
v 0.013665 0.842315 -0.005936
v 0.015258 0.839089 -0.006596
v 0.016239 0.835589 -0.007002
v 0.016570 0.831949 -0.007140
v 0.016239 0.828310 -0.007002
v 0.015258 0.824810 -0.006596
v 0.013665 0.821584 -0.005936
v 0.011521 0.818757 -0.005048
v 0.008909 0.816437 -0.003966
v 0.002903 0.850248 -0.000710
v 0.006336 0.849186 -0.001393
v 0.009499 0.847462 -0.002022
v 0.012272 0.845142 -0.002574
v 0.014548 0.842315 -0.003026
v 0.016239 0.839089 -0.003363
v 0.017280 0.835589 -0.003570
v 0.017632 0.831949 -0.003640
v 0.017280 0.828310 -0.003570
v 0.016239 0.824810 -0.003363
v 0.014548 0.821584 -0.003026
v 0.012272 0.818757 -0.002574
v 0.009499 0.816437 -0.002022
v 0.002973 0.850248 0.000000
v 0.006473 0.849186 0.000000
v 0.009698 0.847462 0.000000
v 0.012526 0.845142 0.000000
v 0.014846 0.842315 0.000000
v 0.016570 0.839089 0.000000
v 0.017632 0.835589 0.000000
v 0.017990 0.831949 0.000000
v 0.017632 0.828310 0.000000
v 0.016570 0.824810 0.000000
v 0.014846 0.821584 0.000000
v 0.012526 0.818757 0.000000
v 0.009698 0.816437 0.000000
v 0.002903 0.850248 0.000710
v 0.006336 0.849186 0.001393
v 0.009499 0.847462 0.002022
v 0.012272 0.845142 0.002574
v 0.014548 0.842315 0.003027
v 0.016239 0.839089 0.003363
v 0.017280 0.835589 0.003570
v 0.017632 0.831949 0.003640
v 0.017280 0.828310 0.003570
v 0.016239 0.824810 0.003363
v 0.014548 0.821584 0.003027
v 0.012272 0.818757 0.002574
v 0.009499 0.816437 0.002022
v 0.002696 0.850248 0.001393
v 0.005929 0.849186 0.002732
v 0.008909 0.847462 0.003967
v 0.011521 0.845142 0.005049
v 0.013665 0.842315 0.005937
v 0.015258 0.839089 0.006596
v 0.016239 0.835589 0.007003
v 0.016570 0.831949 0.007140
v 0.016239 0.828310 0.007003
v 0.015258 0.824810 0.006596
v 0.013665 0.821584 0.005937
v 0.011521 0.818757 0.005049
v 0.008909 0.816437 0.003967
v 0.002359 0.850248 0.002022
v 0.005270 0.849186 0.003967
v 0.007952 0.847462 0.005759
v 0.010302 0.845142 0.007330
v 0.012231 0.842315 0.008619
v 0.013665 0.839089 0.009577
v 0.014548 0.835589 0.010166
v 0.014846 0.831949 0.010366
v 0.014548 0.828310 0.010166
v 0.013665 0.824810 0.009577
v 0.012231 0.821584 0.008619
v 0.010302 0.818757 0.007330
v 0.007952 0.816437 0.005759
v 0.001907 0.850248 0.002574
v 0.004382 0.849186 0.005049
v 0.006662 0.847462 0.007330
v 0.008662 0.845142 0.009329
v 0.010302 0.842315 0.010969
v 0.011521 0.839089 0.012189
v 0.012272 0.835589 0.012939
v 0.012526 0.831949 0.013193
v 0.012272 0.828310 0.012939
v 0.011521 0.824810 0.012189
v 0.010302 0.821584 0.010969
v 0.008662 0.818757 0.009329
v 0.006662 0.816437 0.007330
v 0.001355 0.850248 0.003027
v 0.003300 0.849186 0.005937
v 0.005092 0.847462 0.008619
v 0.006662 0.845142 0.010969
v 0.007952 0.842315 0.012899
v 0.008909 0.839089 0.014332
v 0.009499 0.835589 0.015215
v 0.009698 0.831949 0.015513
v 0.009499 0.828310 0.015215
v 0.008909 0.824810 0.014332
v 0.007952 0.821584 0.012899
v 0.006662 0.818757 0.010969
v 0.005092 0.816437 0.008619
v 0.000726 0.850248 0.003363
v 0.002065 0.849186 0.006596
v 0.003300 0.847462 0.009576
v 0.004382 0.845142 0.012189
v 0.005270 0.842315 0.014332
v 0.005929 0.839089 0.015925
v 0.006336 0.835589 0.016906
v 0.006473 0.831949 0.017237
v 0.006336 0.828310 0.016906
v 0.005929 0.824810 0.015925
v 0.005270 0.821584 0.014332
v 0.004382 0.818757 0.012189
v 0.003300 0.816437 0.009576
v 0.000043 0.850248 0.003570
v 0.000726 0.849186 0.007003
v 0.001355 0.847462 0.010166
v 0.001907 0.845142 0.012939
v 0.002359 0.842315 0.015215
v 0.002696 0.839089 0.016906
v 0.002903 0.835589 0.017947
v 0.002973 0.831949 0.018299
v 0.002903 0.828310 0.017947
v 0.002696 0.824810 0.016906
v 0.002359 0.821584 0.015215
v 0.001907 0.818757 0.012939
v 0.001355 0.816437 0.010166
v -0.000667 0.850248 0.003640
v -0.000667 0.849186 0.007140
v -0.000667 0.847462 0.010366
v -0.000667 0.845142 0.013193
v -0.000667 0.842315 0.015513
v -0.000667 0.839089 0.017237
v -0.000667 0.835589 0.018299
v -0.000667 0.831949 0.018657
v -0.000667 0.828310 0.018299
v -0.000667 0.824810 0.017237
v -0.000667 0.821584 0.015513
v -0.000667 0.818757 0.013193
v -0.000667 0.816437 0.010366
v -0.001377 0.850248 0.003570
v -0.002060 0.849186 0.007003
v -0.002689 0.847462 0.010166
v -0.003241 0.845142 0.012939
v -0.003693 0.842315 0.015215
v -0.004030 0.839089 0.016906
v -0.004237 0.835589 0.017947
v -0.004307 0.831949 0.018299
v -0.004237 0.828310 0.017947
v -0.004030 0.824810 0.016906
v -0.003693 0.821584 0.015215
v -0.003241 0.818757 0.012939
v -0.002689 0.816437 0.010166
v -0.002060 0.850248 0.003363
v -0.003399 0.849186 0.006596
v -0.004634 0.847462 0.009576
v -0.005716 0.845142 0.012189
v -0.006603 0.842315 0.014332
v -0.007263 0.839089 0.015925
v -0.007670 0.835589 0.016906
v -0.007807 0.831949 0.017237
v -0.007670 0.828310 0.016906
v -0.007263 0.824810 0.015925
v -0.006603 0.821584 0.014332
v -0.005716 0.818757 0.012189
v -0.004634 0.816437 0.009576
v -0.002689 0.850248 0.003027
v -0.004634 0.849186 0.005937
v -0.006426 0.847462 0.008619
v -0.007996 0.845142 0.010969
v -0.009285 0.842315 0.012899
v -0.010243 0.839089 0.014332
v -0.010833 0.835589 0.015215
v -0.011032 0.831949 0.015513
v -0.010833 0.828310 0.015215
v -0.010243 0.824810 0.014332
v -0.009285 0.821584 0.012899
v -0.007996 0.818757 0.010969
v -0.006426 0.816437 0.008619
v -0.003241 0.850248 0.002574
v -0.005716 0.849186 0.005049
v -0.007996 0.847462 0.007330
v -0.009996 0.845142 0.009329
v -0.011636 0.842315 0.010969
v -0.012855 0.839089 0.012189
v -0.013606 0.835589 0.012939
v -0.013860 0.831949 0.013193
v -0.013606 0.828310 0.012939
v -0.012855 0.824810 0.012189
v -0.011636 0.821584 0.010969
v -0.009996 0.818757 0.009329
v -0.007996 0.816437 0.007330
v -0.003693 0.850248 0.002022
v -0.006603 0.849186 0.003967
v -0.009285 0.847462 0.005759
v -0.011636 0.845142 0.007330
v -0.013565 0.842315 0.008619
v -0.014999 0.839089 0.009576
v -0.015882 0.835589 0.010166
v -0.016180 0.831949 0.010366
v -0.015882 0.828310 0.010166
v -0.014999 0.824810 0.009576
v -0.013565 0.821584 0.008619
v -0.011636 0.818757 0.007330
v -0.009285 0.816437 0.005759
v -0.004030 0.850248 0.001393
v -0.007263 0.849186 0.002732
v -0.010243 0.847462 0.003967
v -0.012855 0.845142 0.005049
v -0.014999 0.842315 0.005937
v -0.016592 0.839089 0.006596
v -0.017573 0.835589 0.007003
v -0.017904 0.831949 0.007140
v -0.017573 0.828310 0.007003
v -0.016592 0.824810 0.006596
v -0.014999 0.821584 0.005937
v -0.012855 0.818757 0.005049
v -0.010243 0.816437 0.003967
v -0.004237 0.850248 0.000710
v -0.007670 0.849186 0.001393
v -0.010833 0.847462 0.002022
v -0.013606 0.845142 0.002574
v -0.015882 0.842315 0.003027
v -0.017573 0.839089 0.003363
v -0.018614 0.835589 0.003570
v -0.018966 0.831949 0.003640
v -0.018614 0.828310 0.003570
v -0.017573 0.824810 0.003363
v -0.015882 0.821584 0.003027
v -0.013606 0.818757 0.002574
v -0.010833 0.816437 0.002022
v -0.004307 0.850248 0.000000
v -0.007807 0.849186 0.000000
v -0.011032 0.847462 0.000000
v -0.013860 0.845142 0.000000
v -0.016180 0.842315 0.000000
v -0.017904 0.839089 0.000000
v -0.018966 0.835589 0.000000
v -0.019324 0.831949 0.000000
v -0.018966 0.828310 0.000000
v -0.017904 0.824810 0.000000
v -0.016180 0.821584 0.000000
v -0.013860 0.818757 0.000000
v -0.011032 0.816437 0.000000
v -0.004237 0.850248 -0.000710
v -0.007670 0.849186 -0.001393
v -0.010833 0.847462 -0.002022
v -0.013606 0.845142 -0.002574
v -0.015882 0.842315 -0.003026
v -0.017573 0.839089 -0.003363
v -0.018614 0.835589 -0.003570
v -0.018966 0.831949 -0.003640
v -0.018614 0.828310 -0.003570
v -0.017573 0.824810 -0.003363
v -0.015882 0.821584 -0.003026
v -0.013606 0.818757 -0.002574
v -0.010833 0.816437 -0.002022
v -0.004030 0.850248 -0.001393
v -0.007263 0.849186 -0.002732
v -0.010243 0.847462 -0.003966
v -0.012855 0.845142 -0.005048
v -0.014999 0.842315 -0.005936
v -0.016592 0.839089 -0.006596
v -0.017573 0.835589 -0.007002
v -0.017904 0.831949 -0.007140
v -0.017573 0.828310 -0.007002
v -0.016592 0.824810 -0.006596
v -0.014999 0.821584 -0.005936
v -0.012855 0.818757 -0.005048
v -0.010243 0.816437 -0.003966
v -0.003693 0.850248 -0.002022
v -0.006603 0.849186 -0.003966
v -0.009285 0.847462 -0.005758
v -0.011636 0.845142 -0.007329
v -0.013565 0.842315 -0.008618
v -0.014999 0.839089 -0.009576
v -0.015882 0.835589 -0.010166
v -0.016180 0.831949 -0.010365
v -0.015882 0.828310 -0.010166
v -0.014999 0.824810 -0.009576
v -0.013565 0.821584 -0.008618
v -0.011636 0.818757 -0.007329
v -0.009285 0.816437 -0.005758
v -0.003241 0.850248 -0.002574
v -0.005716 0.849186 -0.005048
v -0.007996 0.847462 -0.007329
v -0.009996 0.845142 -0.009328
v -0.011636 0.842315 -0.010969
v -0.012855 0.839089 -0.012188
v -0.013606 0.835589 -0.012939
v -0.013860 0.831949 -0.013192
v -0.013606 0.828310 -0.012939
v -0.012855 0.824810 -0.012188
v -0.011636 0.821584 -0.010969
v -0.009996 0.818757 -0.009328
v -0.007996 0.816437 -0.007329
v -0.002689 0.850248 -0.003026
v -0.004634 0.849186 -0.005936
v -0.006426 0.847462 -0.008618
v -0.007996 0.845142 -0.010969
v -0.009285 0.842315 -0.012898
v -0.010243 0.839089 -0.014332
v -0.010833 0.835589 -0.015215
v -0.011032 0.831949 -0.015513
v -0.010833 0.828310 -0.015215
v -0.010243 0.824810 -0.014332
v -0.009285 0.821584 -0.012898
v -0.007996 0.818757 -0.010969
v -0.006426 0.816437 -0.008618
v -0.002060 0.850248 -0.003363
v -0.003399 0.849186 -0.006596
v -0.004634 0.847462 -0.009576
v -0.005716 0.845142 -0.012188
v -0.006603 0.842315 -0.014332
v -0.007263 0.839089 -0.015925
v -0.007670 0.835589 -0.016906
v -0.007807 0.831949 -0.017237
v -0.007670 0.828310 -0.016906
v -0.007263 0.824810 -0.015925
v -0.006603 0.821584 -0.014332
v -0.005716 0.818757 -0.012188
v -0.004634 0.816437 -0.009576
v -0.001377 0.850248 -0.003570
v -0.002060 0.849186 -0.007002
v -0.002689 0.847462 -0.010166
v -0.003241 0.845142 -0.012939
v -0.003693 0.842315 -0.015215
v -0.004030 0.839089 -0.016906
v -0.004237 0.835589 -0.017947
v -0.004307 0.831949 -0.018298
v -0.004237 0.828310 -0.017947
v -0.004030 0.824810 -0.016906
v -0.003693 0.821584 -0.015215
v -0.003241 0.818757 -0.012939
v -0.002689 0.816437 -0.010166
v -0.000667 0.850248 -0.003640
v -0.000667 0.849186 -0.007140
v -0.000667 0.845142 -0.013192
v -0.000667 0.839089 -0.017237
v -0.000667 0.824810 -0.017237
v -0.000667 0.818757 -0.013192
v -0.000667 0.816437 -0.010365
v 0.006610 0.744352 0.107173
v 0.013627 0.744354 0.106482
v 0.027391 0.744363 0.103744
v 0.034138 0.744369 0.101698
v 0.047104 0.744386 0.096327
v 0.053322 0.744397 0.093003
v 0.064991 0.744421 0.085207
v 0.070441 0.744436 0.080734
v 0.080365 0.744467 0.070810
v 0.084838 0.744485 0.065360
v 0.092635 0.744522 0.053691
v 0.095958 0.744541 0.047473
v 0.101329 0.744583 0.034507
v 0.103376 0.744604 0.027760
v 0.106114 0.744648 0.013996
v 0.106805 0.744670 0.006979
v 0.106805 0.744715 -0.007055
v 0.106114 0.744737 -0.014071
v 0.103376 0.744781 -0.027836
v 0.101329 0.744802 -0.034583
v 0.095958 0.744843 -0.047548
v 0.092635 0.744863 -0.053767
v 0.084838 0.744900 -0.065435
v 0.080365 0.744918 -0.070886
v 0.070441 0.744949 -0.080809
v 0.064991 0.744963 -0.085282
v 0.053322 0.744988 -0.093079
v 0.047104 0.744999 -0.096403
v 0.034138 0.745016 -0.101773
v 0.027391 0.745022 -0.103820
v 0.013627 0.745031 -0.106558
v 0.006610 0.745033 -0.107249
v -0.007424 0.745033 -0.107249
v -0.014441 0.745031 -0.106558
v -0.028205 0.745022 -0.103820
v -0.034953 0.745016 -0.101773
v -0.047918 0.744999 -0.096403
v -0.054136 0.744988 -0.093079
v -0.065805 0.744963 -0.085282
v -0.071256 0.744949 -0.080809
v -0.081179 0.744918 -0.070886
v -0.085652 0.744900 -0.065435
v -0.093449 0.744863 -0.053767
v -0.096773 0.744843 -0.047548
v -0.102143 0.744802 -0.034583
v -0.104190 0.744781 -0.027836
v -0.106928 0.744737 -0.014071
v -0.107619 0.744715 -0.007055
v -0.107619 0.744670 0.006979
v -0.106928 0.744648 0.013996
v -0.104190 0.744604 0.027760
v -0.102143 0.744583 0.034507
v -0.096773 0.744541 0.047473
v -0.093449 0.744522 0.053691
v -0.085652 0.744485 0.065360
v -0.081179 0.744467 0.070810
v -0.071256 0.744436 0.080734
v -0.065805 0.744421 0.085207
v -0.054136 0.744397 0.093003
v -0.047918 0.744386 0.096327
v -0.034953 0.744369 0.101698
v -0.028205 0.744363 0.103744
v -0.014441 0.744354 0.106482
v -0.007424 0.744352 0.107173
v 0.004596 0.764648 0.076404
v 0.009599 0.764650 0.075911
v 0.019413 0.764656 0.073959
v 0.024224 0.764661 0.072500
v 0.033468 0.764673 0.068671
v 0.037902 0.764680 0.066301
v 0.046222 0.764698 0.060742
v 0.050108 0.764708 0.057553
v 0.057183 0.764731 0.050477
v 0.060373 0.764743 0.046591
v 0.065932 0.764769 0.038271
v 0.068302 0.764784 0.033838
v 0.072131 0.764813 0.024593
v 0.073590 0.764828 0.019782
v 0.075542 0.764859 0.009968
v 0.076035 0.764875 0.004965
v 0.076035 0.764907 -0.005041
v 0.075542 0.764923 -0.010044
v 0.073590 0.764954 -0.019858
v 0.072131 0.764970 -0.024669
v 0.068302 0.764999 -0.033913
v 0.065932 0.765013 -0.038347
v 0.060373 0.765039 -0.046666
v 0.057183 0.765052 -0.050553
v 0.050108 0.765074 -0.057628
v 0.046222 0.765084 -0.060817
v 0.037902 0.765102 -0.066376
v 0.033468 0.765110 -0.068746
v 0.024224 0.765122 -0.072575
v 0.019413 0.765126 -0.074035
v 0.009599 0.765133 -0.075987
v 0.004596 0.765134 -0.076480
v -0.005410 0.765134 -0.076480
v -0.010413 0.765133 -0.075987
v -0.020227 0.765126 -0.074035
v -0.025038 0.765122 -0.072575
v -0.034283 0.765110 -0.068746
v -0.038716 0.765102 -0.066376
v -0.047036 0.765084 -0.060817
v -0.050922 0.765074 -0.057628
v -0.057998 0.765052 -0.050553
v -0.061187 0.765039 -0.046666
v -0.066746 0.765013 -0.038347
v -0.069116 0.764999 -0.033913
v -0.072945 0.764970 -0.024669
v -0.074405 0.764954 -0.019858
v -0.076357 0.764923 -0.010044
v -0.076850 0.764907 -0.005041
v -0.076850 0.764875 0.004965
v -0.076357 0.764859 0.009968
v -0.074405 0.764828 0.019782
v -0.072945 0.764813 0.024593
v -0.069116 0.764784 0.033838
v -0.066746 0.764769 0.038271
v -0.061187 0.764743 0.046591
v -0.057998 0.764731 0.050477
v -0.050922 0.764708 0.057553
v -0.047036 0.764698 0.060742
v -0.038716 0.764680 0.066301
v -0.034283 0.764673 0.068671
v -0.025038 0.764661 0.072500
v -0.020227 0.764656 0.073959
v -0.010413 0.764650 0.075911
v -0.005410 0.764648 0.076404
v -0.000407 0.778250 0.125702
v -0.000407 0.786968 0.112400
v -0.022343 0.786975 0.110240
v -0.024938 0.778257 0.123286
v -0.043436 0.786995 0.103842
v -0.048526 0.778280 0.116130
v -0.062875 0.787028 0.093451
v -0.070265 0.778317 0.104511
v -0.079913 0.787073 0.079468
v -0.089319 0.778367 0.088874
v -0.093896 0.787127 0.062429
v -0.104956 0.778427 0.069819
v -0.104287 0.787189 0.042990
v -0.116576 0.778497 0.048081
v -0.110685 0.787256 0.021898
v -0.123731 0.778571 0.024493
v -0.112846 0.787326 -0.000038
v -0.126147 0.778650 -0.000038
v -0.110685 0.787395 -0.021973
v -0.123731 0.778728 -0.024568
v -0.104287 0.787462 -0.043066
v -0.116576 0.778803 -0.048156
v -0.093896 0.787524 -0.062505
v -0.104956 0.778872 -0.069895
v -0.079913 0.787578 -0.079543
v -0.089319 0.778932 -0.088949
v -0.062875 0.787623 -0.093527
v -0.070265 0.778982 -0.104586
v -0.043436 0.787656 -0.103917
v -0.048526 0.779019 -0.116206
v -0.022343 0.787676 -0.110315
v -0.024938 0.779042 -0.123361
v -0.000407 0.787683 -0.112476
v -0.000407 0.779049 -0.125777
v 0.021529 0.787676 -0.110315
v 0.024124 0.779042 -0.123361
v 0.042621 0.787656 -0.103917
v 0.047712 0.779019 -0.116206
v 0.062060 0.787623 -0.093527
v 0.069450 0.778982 -0.104586
v 0.079099 0.787578 -0.079543
v 0.088505 0.778932 -0.088949
v 0.093082 0.787524 -0.062505
v 0.104142 0.778872 -0.069895
v 0.103473 0.787462 -0.043066
v 0.115762 0.778803 -0.048156
v 0.109871 0.787395 -0.021973
v 0.122917 0.778728 -0.024568
v 0.112032 0.787326 -0.000038
v 0.125333 0.778650 -0.000038
v 0.109871 0.787256 0.021898
v 0.122917 0.778571 0.024493
v 0.103473 0.787189 0.042990
v 0.115762 0.778497 0.048081
v 0.093082 0.787127 0.062429
v 0.104142 0.778427 0.069819
v 0.079099 0.787073 0.079468
v 0.088505 0.778367 0.088874
v 0.062060 0.787028 0.093451
v 0.069450 0.778317 0.104511
v 0.042621 0.786995 0.103842
v 0.047712 0.778280 0.116130
v 0.021529 0.786975 0.110240
v 0.024124 0.778257 0.123286
v 0.014217 0.786973 0.110960
v 0.015947 0.778255 0.124091
v 0.006905 0.786970 0.111680
v 0.007770 0.778252 0.124896
v 0.035590 0.786988 0.105974
v 0.039849 0.778273 0.118515
v 0.028560 0.786982 0.108107
v 0.031986 0.778265 0.120901
v 0.055581 0.787017 0.096915
v 0.062204 0.778305 0.108384
v 0.049101 0.787006 0.100378
v 0.054958 0.778293 0.112257
v 0.073419 0.787058 0.084129
v 0.082153 0.778350 0.094086
v 0.067740 0.787043 0.088790
v 0.075802 0.778334 0.099298
v 0.088421 0.787109 0.068109
v 0.098930 0.778407 0.076171
v 0.083760 0.787091 0.073788
v 0.093717 0.778387 0.082522
v 0.100009 0.787168 0.049470
v 0.111888 0.778473 0.055327
v 0.096546 0.787147 0.055950
v 0.108015 0.778450 0.062573
v 0.107738 0.787233 0.028929
v 0.120532 0.778547 0.032355
v 0.105606 0.787211 0.035960
v 0.118147 0.778522 0.040218
v 0.111311 0.787302 0.007274
v 0.124528 0.778624 0.008139
v 0.110591 0.787279 0.014586
v 0.123722 0.778598 0.016316
v 0.110591 0.787372 -0.014661
v 0.123722 0.778702 -0.016391
v 0.111311 0.787349 -0.007350
v 0.124528 0.778676 -0.008215
v 0.105606 0.787440 -0.036035
v 0.118147 0.778777 -0.040294
v 0.107738 0.787418 -0.029004
v 0.120532 0.778753 -0.032431
v 0.096546 0.787503 -0.056025
v 0.108015 0.778849 -0.062649
v 0.100009 0.787483 -0.049546
v 0.111888 0.778826 -0.055402
v 0.083760 0.787560 -0.073864
v 0.093717 0.778912 -0.082598
v 0.088421 0.787542 -0.068184
v 0.098930 0.778892 -0.076246
v 0.067740 0.787608 -0.088865
v 0.075802 0.778965 -0.099374
v 0.073419 0.787593 -0.084204
v 0.082153 0.778949 -0.094161
v 0.049101 0.787645 -0.100453
v 0.054958 0.779006 -0.112333
v 0.055581 0.787634 -0.096990
v 0.062204 0.778994 -0.108459
v 0.028560 0.787669 -0.108182
v 0.031986 0.779034 -0.120976
v 0.035590 0.787662 -0.106050
v 0.039849 0.779026 -0.118591
v 0.006905 0.787681 -0.111756
v 0.007770 0.779047 -0.124972
v 0.014217 0.787678 -0.111035
v 0.015947 0.779044 -0.124166
v -0.015031 0.787678 -0.111035
v -0.016761 0.779044 -0.124166
v -0.007719 0.787681 -0.111756
v -0.008584 0.779047 -0.124972
v -0.036405 0.787662 -0.106050
v -0.040663 0.779026 -0.118591
v -0.029374 0.787669 -0.108182
v -0.032800 0.779034 -0.120976
v -0.056395 0.787634 -0.096990
v -0.063018 0.778994 -0.108459
v -0.049915 0.787645 -0.100453
v -0.055772 0.779006 -0.112333
v -0.074234 0.787593 -0.084204
v -0.082967 0.778949 -0.094161
v -0.068554 0.787608 -0.088865
v -0.076616 0.778965 -0.099374
v -0.089235 0.787542 -0.068184
v -0.099744 0.778892 -0.076246
v -0.084574 0.787560 -0.073864
v -0.094531 0.778912 -0.082598
v -0.100823 0.787483 -0.049546
v -0.112703 0.778826 -0.055402
v -0.097360 0.787503 -0.056025
v -0.108829 0.778849 -0.062649
v -0.108553 0.787418 -0.029004
v -0.121346 0.778753 -0.032431
v -0.106420 0.787440 -0.036035
v -0.118961 0.778777 -0.040294
v -0.112126 0.787349 -0.007350
v -0.125342 0.778676 -0.008215
v -0.111406 0.787372 -0.014661
v -0.124537 0.778702 -0.016391
v -0.111406 0.787279 0.014586
v -0.124537 0.778597 0.016316
v -0.112126 0.787302 0.007274
v -0.125342 0.778624 0.008139
v -0.106420 0.787211 0.035960
v -0.118961 0.778522 0.040218
v -0.108553 0.787233 0.028929
v -0.121346 0.778547 0.032355
v -0.097360 0.787147 0.055950
v -0.108829 0.778450 0.062573
v -0.100823 0.787168 0.049470
v -0.112703 0.778473 0.055327
v -0.084574 0.787091 0.073788
v -0.094531 0.778387 0.082522
v -0.089235 0.787109 0.068109
v -0.099744 0.778407 0.076171
v -0.068554 0.787043 0.088790
v -0.076616 0.778334 0.099298
v -0.074234 0.787058 0.084129
v -0.082967 0.778350 0.094086
v -0.049915 0.787006 0.100378
v -0.055772 0.778293 0.112257
v -0.056395 0.787017 0.096915
v -0.063018 0.778305 0.108384
v -0.029374 0.786982 0.108107
v -0.032800 0.778265 0.120901
v -0.036405 0.786988 0.105974
v -0.040663 0.778273 0.118515
v -0.007719 0.786970 0.111680
v -0.008584 0.778252 0.124896
v -0.015031 0.786973 0.110960
v -0.016761 0.778255 0.124091
vn -0.9606 -0.2700 -0.0657
vn -0.1834 -0.2028 0.9619
vn -0.9095 -0.2630 -0.3220
vn 0.3028 -0.2073 -0.9302
vn 0.1834 -0.2028 0.9619
vn -0.3028 -0.2073 -0.9302
vn -0.5260 -0.2216 0.8211
vn -0.4176 -0.2137 -0.8831
vn 0.5260 -0.2216 0.8211
vn -0.9434 -0.2676 -0.1957
vn -0.1834 -0.2028 -0.9619
vn 0.3028 -0.2073 0.9302
vn -0.7164 -0.2395 -0.6553
vn -0.7947 -0.2484 -0.5538
vn -0.4176 -0.2137 0.8831
vn -0.8595 -0.2564 0.4421
vn 0.1834 -0.2028 -0.9619
vn 0.4176 -0.2137 -0.8831
vn 0.9434 -0.2676 0.1957
vn 0.7947 -0.2484 0.5538
vn 0.9606 -0.2700 -0.0657
vn 0.4176 -0.2137 0.8831
vn -0.0614 -0.2005 -0.9778
vn -0.9606 -0.2700 0.0657
vn -0.6263 -0.2304 -0.7448
vn -0.0614 -0.2005 0.9778
vn 0.8595 -0.2564 0.4421
vn -0.7164 -0.2395 0.6553
vn -0.6263 -0.2304 0.7448
vn -0.8595 -0.2564 -0.4421
vn -0.5260 -0.2216 -0.8211
vn 0.0614 -0.2005 -0.9778
vn 0.0614 -0.2005 0.9778
vn 0.9606 -0.2700 0.0657
vn -0.9095 -0.2630 0.3220
vn 0.9095 -0.2630 -0.3220
vn 0.6263 -0.2304 0.7448
vn 0.5260 -0.2216 -0.8211
vn 0.9095 -0.2630 0.3220
vn -0.3028 -0.2073 0.9302
vn 0.7164 -0.2395 -0.6553
vn 0.7164 -0.2395 0.6553
vn -0.9434 -0.2676 0.1957
vn 0.8595 -0.2564 -0.4421
vn -0.7947 -0.2484 0.5538
vn 0.7947 -0.2484 -0.5538
vn 0.6263 -0.2304 -0.7448
vn 0.9434 -0.2676 -0.1957
vn -0.1949 -0.1087 0.9748
vn -0.1980 0.1488 0.9688
vn -0.9707 -0.2313 -0.0648
vn -0.1987 0.2293 0.9529
vn -0.9876 -0.1434 -0.0644
vn -0.1977 0.3077 0.9307
vn -0.9927 0.1027 -0.0633
vn -0.9818 0.1795 -0.0614
vn -0.9659 0.2519 -0.0593
vn -0.1887 -0.1779 0.9658
vn 0.3111 -0.1815 -0.9329
vn 0.3210 -0.1109 -0.9406
vn 0.3259 0.1456 -0.9341
vn -0.9208 -0.2257 -0.3182
vn 0.3265 0.2258 -0.9178
vn -0.9381 -0.1398 -0.3168
vn 0.3247 0.3038 -0.8957
vn -0.9440 0.1074 -0.3119
vn 0.1887 -0.1779 0.9658
vn -0.9350 0.1845 -0.3028
vn 0.1949 -0.1086 0.9748
vn -0.9209 0.2574 -0.2927
vn 0.1987 0.2293 0.9529
vn -0.5537 -0.1186 0.8242
vn 0.1977 0.3077 0.9307
vn -0.5608 0.1356 0.8168
vn -0.3111 -0.1815 -0.9329
vn -0.5602 0.2149 0.8000
vn -0.3210 -0.1110 -0.9406
vn -0.3259 0.1456 -0.9341
vn -0.3265 0.2258 -0.9178
vn -0.3247 0.3038 -0.8957
vn 0.1980 0.1488 0.9688
vn -0.5384 -0.1930 0.8203
vn -0.4448 0.2982 -0.8445
vn 0.5384 -0.1930 0.8203
vn 0.5537 -0.1185 0.8242
vn -0.5557 0.2914 0.7787
vn 0.5608 0.1356 0.8168
vn -0.4283 -0.1867 -0.8841
vn 0.5602 0.2149 0.8000
vn -0.4413 -0.1144 -0.8901
vn 0.5557 0.2914 0.7787
vn -0.4475 0.1411 -0.8831
vn -0.9540 -0.2294 -0.1932
vn -0.4478 0.2209 -0.8664
vn 0.3111 -0.1815 0.9329
vn -0.9662 0.1812 -0.1834
vn 0.3210 -0.1110 0.9406
vn -0.9509 0.2537 -0.1771
vn 0.3259 0.1456 0.9341
vn -0.1887 -0.1779 -0.9658
vn -0.1949 -0.1086 -0.9748
vn -0.1980 0.1488 -0.9688
vn -0.1987 0.2293 -0.9529
vn -0.9710 -0.1422 -0.1921
vn -0.1977 0.3077 -0.9307
vn -0.9764 0.1043 -0.1890
vn -0.7427 0.2763 -0.6099
vn -0.8077 -0.2143 -0.5493
vn 0.3265 0.2258 0.9178
vn -0.8255 -0.1324 -0.5486
vn 0.3247 0.3037 0.8957
vn -0.8326 0.1171 -0.5414
vn -0.7298 -0.2073 -0.6515
vn -0.8270 0.1950 -0.5273
vn -0.7474 -0.1278 -0.6520
vn -0.8165 0.2691 -0.5108
vn -0.7549 0.1232 -0.6442
vn -0.7512 0.2015 -0.6286
vn -0.4475 0.1411 0.8831
vn 0.1887 -0.1779 -0.9658
vn -0.4478 0.2209 0.8664
vn 0.1949 -0.1086 -0.9748
vn -0.4448 0.2982 0.8445
vn -0.8717 -0.2206 0.4376
vn -0.8894 -0.1365 0.4363
vn -0.8959 0.1117 0.4299
vn -0.4283 -0.1867 0.8841
vn -0.8885 0.1892 0.4181
vn -0.4413 -0.1144 0.8900
vn -0.8760 0.2626 0.4045
vn 0.4478 0.2209 -0.8664
vn 0.4448 0.2982 -0.8445
vn 0.1980 0.1488 -0.9688
vn 0.9540 -0.2294 0.1932
vn 0.1987 0.2293 -0.9529
vn 0.9710 -0.1421 0.1921
vn 0.1977 0.3077 -0.9307
vn 0.9764 0.1043 0.1890
vn 0.4283 -0.1867 -0.8841
vn 0.9662 0.1812 0.1834
vn 0.4413 -0.1143 -0.8901
vn 0.4475 0.1411 -0.8831
vn 0.9659 0.2519 -0.0593
vn 0.8326 0.1171 0.5414
vn 0.4283 -0.1867 0.8841
vn 0.8270 0.1950 0.5272
vn 0.8165 0.2691 0.5108
vn 0.9707 -0.2313 -0.0648
vn 0.9876 -0.1433 -0.0644
vn 0.9509 0.2537 0.1771
vn 0.9927 0.1027 -0.0633
vn 0.8077 -0.2143 0.5493
vn 0.9818 0.1795 -0.0614
vn 0.8255 -0.1324 0.5486
vn -0.0667 0.2311 -0.9706
vn 0.4413 -0.1144 0.8901
vn -0.0664 0.3098 -0.9485
vn 0.4475 0.1411 0.8831
vn -0.9707 -0.2313 0.0648
vn 0.4478 0.2209 0.8664
vn -0.9876 -0.1434 0.0644
vn 0.4448 0.2982 0.8445
vn -0.9927 0.1027 0.0633
vn -0.0633 -0.1760 -0.9824
vn -0.0654 -0.1073 -0.9921
vn -0.0664 0.1504 -0.9864
vn -0.0664 0.3098 0.9485
vn -0.6638 0.1295 -0.7366
vn -0.6619 0.2083 -0.7201
vn -0.6554 0.2840 -0.6998
vn -0.0633 -0.1760 0.9824
vn -0.9818 0.1795 0.0614
vn -0.0654 -0.1074 0.9921
vn -0.9659 0.2519 0.0593
vn -0.0664 0.1504 0.9864
vn -0.6395 -0.2000 -0.7423
vn -0.0667 0.2311 0.9706
vn -0.6563 -0.1231 -0.7444
vn 0.8717 -0.2206 0.4376
vn -0.7512 0.2015 0.6286
vn 0.8894 -0.1364 0.4363
vn -0.7427 0.2763 0.6099
vn 0.8959 0.1117 0.4299
vn -0.6395 -0.2000 0.7423
vn 0.8885 0.1892 0.4181
vn -0.6563 -0.1232 0.7444
vn 0.8760 0.2626 0.4045
vn -0.7298 -0.2073 0.6515
vn -0.7474 -0.1279 0.6520
vn -0.7549 0.1232 0.6442
vn -0.8894 -0.1365 -0.4363
vn -0.8959 0.1117 -0.4299
vn -0.8885 0.1892 -0.4180
vn -0.8760 0.2626 -0.4045
vn -0.6638 0.1295 0.7366
vn -0.5384 -0.1930 -0.8203
vn -0.6619 0.2083 0.7201
vn -0.5537 -0.1185 -0.8242
vn -0.6554 0.2840 0.6998
vn -0.5608 0.1356 -0.8168
vn -0.8717 -0.2206 -0.4376
vn -0.5602 0.2149 -0.8000
vn 0.0664 0.1504 0.9864
vn 0.0633 -0.1760 -0.9824
vn 0.0667 0.2311 0.9706
vn 0.0654 -0.1073 -0.9921
vn 0.0664 0.3098 0.9485
vn 0.0664 0.1504 -0.9864
vn 0.9707 -0.2313 0.0648
vn 0.0667 0.2311 -0.9706
vn 0.0664 0.3098 -0.9485
vn 0.0633 -0.1760 0.9824
vn 0.0654 -0.1074 0.9921
vn -0.5557 0.2914 -0.7787
vn -0.9381 -0.1398 0.3168
vn -0.9440 0.1074 0.3119
vn -0.9350 0.1845 0.3028
vn 0.9876 -0.1433 0.0644
vn -0.9209 0.2574 0.2927
vn 0.9927 0.1027 0.0633
vn 0.9208 -0.2257 -0.3182
vn 0.9818 0.1795 0.0614
vn 0.9382 -0.1397 -0.3168
vn 0.9659 0.2519 0.0593
vn 0.9440 0.1074 -0.3119
vn -0.9208 -0.2257 0.3182
vn 0.9209 0.2574 -0.2927
vn 0.5608 0.1356 -0.8168
vn 0.6395 -0.2000 0.7423
vn 0.5602 0.2149 -0.8000
vn 0.6563 -0.1231 0.7444
vn 0.5557 0.2914 -0.7787
vn 0.6638 0.1295 0.7366
vn 0.6619 0.2083 0.7201
vn 0.6554 0.2840 0.6998
vn 0.5384 -0.1930 -0.8203
vn 0.9350 0.1845 -0.3028
vn 0.5537 -0.1184 -0.8243
vn -0.3111 -0.1815 0.9329
vn -0.3210 -0.1110 0.9406
vn -0.3259 0.1456 0.9341
vn 0.9208 -0.2257 0.3182
vn -0.3265 0.2258 0.9178
vn 0.9382 -0.1397 0.3168
vn -0.3247 0.3037 0.8957
vn 0.9440 0.1074 0.3119
vn 0.7298 -0.2073 -0.6515
vn 0.9350 0.1845 0.3028
vn 0.7474 -0.1278 -0.6520
vn 0.9209 0.2574 0.2927
vn -0.9710 -0.1422 0.1921
vn 0.7427 0.2763 -0.6099
vn -0.9764 0.1043 0.1890
vn 0.7298 -0.2073 0.6515
vn -0.9662 0.1812 0.1834
vn 0.7474 -0.1278 0.6520
vn 0.7549 0.1232 0.6442
vn 0.7512 0.2015 0.6286
vn 0.7427 0.2763 0.6099
vn 0.7549 0.1232 -0.6442
vn -0.9540 -0.2294 0.1932
vn 0.7512 0.2015 -0.6286
vn -0.8077 -0.2143 0.5493
vn -0.8255 -0.1325 0.5486
vn -0.9509 0.2537 0.1771
vn -0.8326 0.1171 0.5414
vn 0.8717 -0.2206 -0.4376
vn -0.8270 0.1950 0.5272
vn 0.8894 -0.1364 -0.4363
vn -0.8165 0.2691 0.5108
vn 0.8959 0.1117 -0.4299
vn 0.8077 -0.2143 -0.5493
vn 0.8885 0.1892 -0.4181
vn 0.8760 0.2626 -0.4045
vn 0.9710 -0.1421 -0.1921
vn 0.8165 0.2691 -0.5108
vn 0.9764 0.1043 -0.1890
vn 0.6395 -0.2000 -0.7423
vn 0.6563 -0.1230 -0.7444
vn 0.6638 0.1295 -0.7366
vn 0.6619 0.2083 -0.7201
vn 0.8255 -0.1323 -0.5487
vn 0.6554 0.2840 -0.6998
vn 0.8326 0.1171 -0.5414
vn 0.9540 -0.2294 -0.1932
vn 0.8270 0.1950 -0.5272
vn 0.9662 0.1812 -0.1834
vn 0.9509 0.2537 -0.1771
vn -0.0000 -1.0000 -0.0000
vn -0.1055 -0.0000 -0.9944
vn -0.3106 -0.0000 -0.9505
vn -0.4990 -0.0000 -0.8666
vn -0.6624 -0.0000 -0.7492
vn -0.7955 -0.0000 -0.6060
vn -0.8958 -0.0000 -0.4445
vn -0.9626 -0.0000 -0.2710
vn -0.9958 -0.0000 -0.0910
vn -0.9958 -0.0000 0.0910
vn -0.9626 -0.0000 0.2710
vn -0.8958 -0.0000 0.4445
vn -0.7955 -0.0000 0.6060
vn -0.6624 -0.0000 0.7492
vn -0.4990 -0.0000 0.8666
vn -0.3106 -0.0000 0.9505
vn -0.1055 -0.0000 0.9944
vn 0.1055 -0.0000 0.9944
vn 0.3106 -0.0000 0.9505
vn 0.4990 -0.0000 0.8666
vn 0.6624 -0.0000 0.7492
vn 0.7955 -0.0000 0.6060
vn 0.8958 -0.0000 0.4445
vn 0.9626 -0.0000 0.2710
vn 0.9958 -0.0000 0.0910
vn 0.9958 -0.0000 -0.0910
vn 0.9626 -0.0000 -0.2710
vn 0.8958 -0.0000 -0.4445
vn 0.7955 -0.0000 -0.6060
vn 0.6624 -0.0000 -0.7492
vn 0.4990 -0.0000 -0.8666
vn 0.3106 -0.0000 -0.9505
vn 0.1055 -0.0000 -0.9944
vn -0.0664 0.7769 -0.6261
vn -0.1963 0.7751 -0.6006
vn -0.3174 0.7717 -0.5511
vn -0.4247 0.7674 -0.4804
vn -0.5144 0.7628 -0.3919
vn -0.5837 0.7586 -0.2896
vn -0.6307 0.7554 -0.1776
vn -0.6544 0.7538 -0.0598
vn -0.6544 0.7538 0.0598
vn -0.6307 0.7554 0.1776
vn -0.5837 0.7586 0.2896
vn -0.5144 0.7628 0.3919
vn -0.4247 0.7674 0.4804
vn -0.3174 0.7717 0.5511
vn -0.1963 0.7751 0.6006
vn -0.0664 0.7769 0.6261
vn 0.0664 0.7769 0.6261
vn 0.1963 0.7751 0.6006
vn 0.3174 0.7717 0.5511
vn 0.4247 0.7674 0.4804
vn 0.5144 0.7628 0.3919
vn 0.5837 0.7586 0.2896
vn 0.6307 0.7554 0.1776
vn 0.6544 0.7538 0.0598
vn 0.6544 0.7538 -0.0598
vn 0.6307 0.7554 -0.1776
vn 0.5837 0.7586 -0.2896
vn 0.5144 0.7628 -0.3919
vn 0.4247 0.7674 -0.4804
vn 0.3174 0.7717 -0.5511
vn 0.1963 0.7751 -0.6006
vn 0.0664 0.7769 -0.6261
vn 0.9828 0.1750 -0.0598
vn 0.6951 0.7176 -0.0423
vn 0.9733 0.2217 -0.0592
vn 0.9828 -0.1750 -0.0598
vn 0.9681 0.1754 -0.1788
vn 0.6840 0.7184 -0.1263
vn 0.9588 0.2222 -0.1770
vn 0.9681 -0.1754 -0.1788
vn 0.9389 0.1762 -0.2958
vn 0.6619 0.7200 -0.2086
vn 0.9297 0.2232 -0.2930
vn 0.9389 -0.1762 -0.2958
vn 0.8949 0.1773 -0.4096
vn 0.6289 0.7223 -0.2879
vn 0.8860 0.2246 -0.4056
vn 0.8949 -0.1773 -0.4096
vn 0.8361 0.1787 -0.5186
vn 0.5852 0.7251 -0.3630
vn 0.8278 0.2263 -0.5134
vn 0.8361 -0.1787 -0.5186
vn 0.7628 0.1803 -0.6210
vn 0.5315 0.7282 -0.4327
vn 0.7550 0.2283 -0.6147
vn 0.7628 -0.1803 -0.6210
vn 0.6753 0.1820 -0.7148
vn 0.4682 0.7315 -0.4956
vn 0.6683 0.2304 -0.7073
vn 0.6753 -0.1820 -0.7148
vn 0.5743 0.1837 -0.7978
vn 0.3963 0.7348 -0.5505
vn 0.5682 0.2325 -0.7894
vn 0.5743 -0.1837 -0.7978
vn 0.4610 0.1852 -0.8678
vn 0.3167 0.7377 -0.5962
vn 0.4561 0.2344 -0.8585
vn 0.4610 -0.1852 -0.8678
vn 0.3374 0.1865 -0.9227
vn 0.2310 0.7401 -0.6316
vn 0.3337 0.2360 -0.9126
vn 0.3374 -0.1865 -0.9227
vn 0.2058 0.1874 -0.9605
vn 0.1405 0.7419 -0.6557
vn 0.2035 0.2372 -0.9499
vn 0.2058 -0.1874 -0.9605
vn 0.0692 0.1879 -0.9797
vn 0.0472 0.7428 -0.6679
vn 0.0684 0.2378 -0.9689
vn 0.0692 -0.1879 -0.9797
vn -0.0692 0.1879 -0.9797
vn -0.0472 0.7428 -0.6679
vn -0.0684 0.2378 -0.9689
vn -0.0692 -0.1879 -0.9797
vn -0.2058 0.1874 -0.9605
vn -0.1405 0.7419 -0.6557
vn -0.2035 0.2372 -0.9499
vn -0.2058 -0.1874 -0.9605
vn -0.3374 0.1865 -0.9227
vn -0.2310 0.7401 -0.6316
vn -0.3337 0.2360 -0.9126
vn -0.3374 -0.1865 -0.9227
vn -0.4610 0.1852 -0.8678
vn -0.3167 0.7377 -0.5962
vn -0.4561 0.2344 -0.8585
vn -0.4610 -0.1852 -0.8678
vn -0.5743 0.1837 -0.7978
vn -0.3963 0.7348 -0.5505
vn -0.5682 0.2325 -0.7894
vn -0.5743 -0.1837 -0.7978
vn -0.6753 0.1820 -0.7148
vn -0.4682 0.7315 -0.4956
vn -0.6683 0.2304 -0.7073
vn -0.6753 -0.1820 -0.7148
vn -0.7628 0.1803 -0.6210
vn -0.5315 0.7282 -0.4327
vn -0.7550 0.2283 -0.6147
vn -0.7628 -0.1803 -0.6210
vn -0.8361 0.1787 -0.5186
vn -0.5852 0.7251 -0.3630
vn -0.8278 0.2263 -0.5134
vn -0.8361 -0.1787 -0.5186
vn -0.8949 0.1773 -0.4096
vn -0.6289 0.7223 -0.2879
vn -0.8860 0.2246 -0.4056
vn -0.8949 -0.1773 -0.4096
vn -0.9389 0.1762 -0.2958
vn -0.6619 0.7200 -0.2086
vn -0.9297 0.2232 -0.2930
vn -0.9389 -0.1762 -0.2958
vn -0.9681 0.1754 -0.1788
vn -0.6840 0.7184 -0.1263
vn -0.9588 0.2222 -0.1770
vn 0.9210 0.3854 -0.0560
vn -0.9681 -0.1754 -0.1788
vn -0.9828 0.1750 -0.0598
vn -0.6951 0.7176 -0.0423
vn -0.9733 0.2217 -0.0592
vn 0.8379 0.5435 -0.0510
vn 0.9071 0.3862 -0.1675
vn 0.8249 0.5444 -0.1523
vn 0.8792 0.3877 -0.2770
vn -0.9828 -0.1750 -0.0598
vn -0.9828 0.1750 0.0598
vn -0.6951 0.7176 0.0423
vn -0.9733 0.2217 0.0592
vn 0.7990 0.5461 -0.2518
vn 0.8373 0.3898 -0.3833
vn 0.7602 0.5486 -0.3480
vn 0.7816 0.3925 -0.4848
vn -0.9828 -0.1750 0.0598
vn -0.9681 0.1754 0.1788
vn -0.6840 0.7184 0.1263
vn -0.9588 0.2222 0.1770
vn 0.7123 0.3956 -0.5798
vn 0.7088 0.5517 -0.4396
vn 0.6450 0.5552 -0.5251
vn 0.6298 0.3988 -0.6666
vn -0.9681 -0.1754 0.1788
vn -0.9389 0.1762 0.2958
vn -0.6619 0.7200 0.2086
vn -0.9297 0.2232 0.2930
vn 0.5694 0.5590 -0.6027
vn 0.5349 0.4020 -0.7431
vn 0.4830 0.5626 -0.6710
vn 0.4290 0.4050 -0.8075
vn -0.9389 -0.1762 0.2958
vn -0.8949 0.1773 0.4096
vn -0.6288 0.7223 0.2879
vn -0.8860 0.2246 0.4056
vn 0.3868 0.5660 -0.7280
vn 0.3136 0.4074 -0.8577
vn 0.2825 0.5688 -0.7725
vn 0.1912 0.4092 -0.8922
vn -0.8949 -0.1773 0.4096
vn -0.8361 0.1787 0.5186
vn -0.5852 0.7251 0.3630
vn -0.8278 0.2263 0.5134
vn 0.1720 0.5708 -0.8029
vn 0.0642 0.4101 -0.9098
vn 0.0578 0.5718 -0.8184
vn -0.0642 0.4101 -0.9098
vn -0.8361 -0.1787 0.5186
vn -0.7628 0.1803 0.6210
vn -0.5315 0.7282 0.4327
vn -0.7550 0.2283 0.6147
vn -0.1912 0.4092 -0.8922
vn -0.0578 0.5718 -0.8184
vn -0.1720 0.5708 -0.8029
vn -0.3136 0.4074 -0.8577
vn -0.7628 -0.1803 0.6210
vn -0.6753 0.1820 0.7148
vn -0.4682 0.7315 0.4956
vn -0.6683 0.2304 0.7073
vn -0.2825 0.5688 -0.7725
vn -0.4290 0.4050 -0.8075
vn -0.3868 0.5660 -0.7280
vn -0.5349 0.4020 -0.7431
vn -0.6753 -0.1820 0.7148
vn -0.5743 0.1837 0.7978
vn -0.3963 0.7348 0.5505
vn -0.5682 0.2325 0.7894
vn -0.4830 0.5626 -0.6710
vn -0.6298 0.3988 -0.6666
vn -0.5694 0.5590 -0.6027
vn -0.7123 0.3956 -0.5798
vn -0.5743 -0.1837 0.7978
vn -0.4610 0.1852 0.8678
vn -0.3167 0.7377 0.5962
vn -0.4561 0.2344 0.8585
vn -0.6450 0.5552 -0.5251
vn -0.7816 0.3925 -0.4848
vn -0.7088 0.5517 -0.4396
vn -0.8373 0.3898 -0.3833
vn -0.4610 -0.1852 0.8678
vn -0.3374 0.1865 0.9227
vn -0.2310 0.7401 0.6316
vn -0.3337 0.2360 0.9126
vn -0.8792 0.3877 -0.2770
vn -0.7602 0.5486 -0.3480
vn -0.7990 0.5461 -0.2518
vn -0.9071 0.3862 -0.1675
vn -0.3374 -0.1865 0.9227
vn -0.2058 0.1874 0.9605
vn -0.1405 0.7419 0.6557
vn -0.2035 0.2372 0.9499
vn -0.8249 0.5444 -0.1523
vn -0.9210 0.3854 -0.0560
vn -0.8379 0.5435 -0.0510
vn -0.9210 0.3854 0.0560
vn -0.2058 -0.1874 0.9605
vn -0.0692 0.1879 0.9797
vn -0.0472 0.7428 0.6679
vn -0.0684 0.2378 0.9689
vn -0.8379 0.5435 0.0510
vn -0.9071 0.3862 0.1675
vn -0.8249 0.5444 0.1523
vn -0.8792 0.3877 0.2770
vn -0.0692 -0.1879 0.9797
vn 0.0692 0.1879 0.9797
vn 0.0472 0.7428 0.6679
vn 0.0684 0.2378 0.9689
vn -0.7990 0.5461 0.2518
vn -0.8373 0.3898 0.3833
vn -0.7602 0.5486 0.3480
vn -0.7816 0.3925 0.4848
vn 0.0692 -0.1879 0.9797
vn 0.2058 0.1874 0.9605
vn 0.1405 0.7419 0.6557
vn 0.2035 0.2372 0.9499
vn -0.7123 0.3956 0.5798
vn -0.7088 0.5517 0.4396
vn -0.6450 0.5552 0.5251
vn -0.6298 0.3988 0.6666
vn 0.2058 -0.1874 0.9605
vn 0.3374 0.1865 0.9227
vn 0.2310 0.7401 0.6316
vn 0.3337 0.2360 0.9126
vn -0.5694 0.5590 0.6027
vn -0.5349 0.4020 0.7431
vn -0.4830 0.5626 0.6710
vn -0.4290 0.4050 0.8075
vn 0.3374 -0.1865 0.9227
vn 0.4610 0.1852 0.8678
vn 0.3167 0.7377 0.5962
vn 0.4561 0.2344 0.8585
vn -0.3868 0.5660 0.7280
vn -0.3136 0.4074 0.8577
vn -0.2825 0.5688 0.7725
vn -0.1912 0.4092 0.8922
vn 0.4610 -0.1852 0.8678
vn 0.5743 0.1837 0.7978
vn 0.3963 0.7348 0.5505
vn 0.5682 0.2325 0.7894
vn -0.1720 0.5708 0.8029
vn -0.0642 0.4101 0.9098
vn -0.0578 0.5718 0.8184
vn 0.0642 0.4101 0.9098
vn 0.5743 -0.1837 0.7978
vn 0.6753 0.1820 0.7148
vn 0.4682 0.7315 0.4956
vn 0.6683 0.2304 0.7073
vn 0.1912 0.4092 0.8922
vn 0.0578 0.5718 0.8184
vn 0.1720 0.5708 0.8029
vn 0.3136 0.4074 0.8577
vn 0.6753 -0.1820 0.7148
vn 0.7628 0.1803 0.6210
vn 0.5315 0.7282 0.4327
vn 0.7550 0.2283 0.6147
vn 0.2825 0.5688 0.7725
vn 0.4290 0.4050 0.8075
vn 0.3868 0.5660 0.7280
vn 0.5349 0.4020 0.7431
vn 0.7628 -0.1803 0.6210
vn 0.8361 0.1787 0.5186
vn 0.5852 0.7251 0.3630
vn 0.8278 0.2263 0.5134
vn 0.4830 0.5626 0.6710
vn 0.6298 0.3988 0.6666
vn 0.5694 0.5590 0.6027
vn 0.7123 0.3956 0.5798
vn 0.8361 -0.1787 0.5186
vn 0.8949 0.1773 0.4096
vn 0.6289 0.7223 0.2879
vn 0.8860 0.2246 0.4056
vn 0.6450 0.5552 0.5251
vn 0.7816 0.3925 0.4848
vn 0.7088 0.5517 0.4396
vn 0.8373 0.3898 0.3833
vn 0.8949 -0.1773 0.4096
vn 0.9389 0.1762 0.2958
vn 0.6619 0.7200 0.2086
vn 0.9297 0.2232 0.2930
vn 0.8792 0.3877 0.2770
vn 0.7602 0.5486 0.3480
vn 0.9071 0.3862 0.1675
vn 0.9389 -0.1762 0.2958
vn 0.9681 0.1754 0.1788
vn 0.6840 0.7184 0.1263
vn 0.9588 0.2222 0.1770
vn 0.8249 0.5444 0.1523
vn 0.7990 0.5461 0.2518
vn 0.9210 0.3854 0.0560
vn 0.8379 0.5435 0.0510
vn 0.9681 -0.1754 0.1788
vn 0.9828 0.1750 0.0598
vn 0.6952 0.7176 0.0423
vn 0.9733 0.2217 0.0592
vn 0.9828 -0.1750 0.0598
vn -0.0000 1.0000 -0.0000
vn -0.5746 0.5478 0.6081
vn -0.5812 0.5326 0.6152
vn -0.5892 0.5137 0.6236
vn -0.6431 0.3507 0.6807
vn -0.6800 0.1399 0.7197
vn 0.8450 0.5323 0.0514
vn 0.8543 0.5172 0.0520
vn 0.8653 0.4985 0.0526
vn 0.9392 0.3385 0.0571
vn 0.9891 0.1345 0.0602
vn 0.1737 0.5595 0.8104
vn 0.1758 0.5443 0.8202
vn 0.1783 0.5254 0.8320
vn 0.1955 0.3603 0.9121
vn 0.2073 0.1442 0.9676
vn -0.8450 0.5323 -0.0514
vn -0.8543 0.5172 -0.0520
vn -0.8653 0.4985 -0.0526
vn -0.9392 0.3385 -0.0571
vn -0.9891 0.1345 -0.0602
vn -0.8058 0.5349 0.2539
vn -0.8148 0.5199 0.2567
vn -0.8254 0.5011 0.2601
vn -0.8968 0.3405 0.2826
vn -0.9450 0.1354 0.2978
vn 0.7668 0.5374 0.3510
vn 0.7754 0.5223 0.3549
vn 0.7856 0.5036 0.3596
vn 0.8543 0.3425 0.3911
vn 0.9008 0.1363 0.4123
vn -0.2851 0.5576 0.7796
vn -0.2885 0.5424 0.7890
vn -0.2926 0.5234 0.8003
vn -0.3206 0.3587 0.8767
vn -0.3399 0.1435 0.9295
vn 0.7150 0.5405 0.4435
vn 0.7231 0.5254 0.4485
vn 0.7327 0.5066 0.4544
vn 0.7976 0.3450 0.4947
vn 0.8418 0.1374 0.5221
vn -0.8319 0.5332 -0.1536
vn -0.8411 0.5181 -0.1553
vn -0.8520 0.4994 -0.1573
vn -0.9251 0.3392 -0.1708
vn -0.9744 0.1348 -0.1799
vn -0.6507 0.5440 0.5297
vn -0.6582 0.5289 0.5358
vn -0.6670 0.5101 0.5430
vn -0.7271 0.3478 0.5919
vn -0.7680 0.1386 0.6252
vn -0.7668 0.5374 -0.3510
vn -0.7754 0.5223 -0.3549
vn -0.7856 0.5036 -0.3596
vn -0.8543 0.3425 -0.3911
vn -0.9008 0.1363 -0.4123
vn 0.8319 0.5332 0.1536
vn 0.8411 0.5181 0.1553
vn 0.8520 0.4994 0.1573
vn 0.9251 0.3392 0.1708
vn 0.9744 0.1348 0.1799
vn -0.8319 0.5332 0.1536
vn -0.8411 0.5181 0.1553
vn -0.8520 0.4994 0.1573
vn -0.9251 0.3392 0.1708
vn -0.9744 0.1348 0.1799
vn -0.4874 0.5514 -0.6771
vn -0.4931 0.5363 -0.6850
vn -0.5000 0.5174 -0.6945
vn -0.5464 0.3537 -0.7591
vn -0.5784 0.1413 -0.8035
vn 0.6507 0.5440 0.5297
vn 0.6582 0.5289 0.5358
vn 0.6670 0.5101 0.5430
vn 0.7271 0.3478 0.5919
vn 0.7680 0.1386 0.6252
vn -0.8058 0.5349 -0.2539
vn -0.8148 0.5199 -0.2567
vn -0.8254 0.5011 -0.2601
vn -0.8968 0.3405 -0.2826
vn -0.9450 0.1354 -0.2978
vn -0.0583 0.5606 -0.8260
vn -0.0590 0.5454 -0.8361
vn -0.0599 0.5264 -0.8481
vn -0.0657 0.3611 -0.9302
vn -0.0697 0.1446 -0.9870
vn -0.7150 0.5405 -0.4435
vn -0.7231 0.5254 -0.4485
vn -0.7327 0.5066 -0.4544
vn -0.7976 0.3450 -0.4947
vn -0.8418 0.1374 -0.5221
vn 0.8058 0.5349 0.2539
vn 0.8148 0.5199 0.2567
vn 0.8254 0.5011 0.2601
vn 0.8968 0.3405 0.2826
vn 0.9450 0.1354 0.2978
vn 0.3903 0.5548 -0.7347
vn 0.3950 0.5396 -0.7435
vn 0.4006 0.5207 -0.7540
vn 0.4384 0.3564 -0.8251
vn 0.4644 0.1425 -0.8741
vn -0.3903 0.5548 -0.7347
vn -0.3950 0.5396 -0.7435
vn -0.4006 0.5207 -0.7540
vn -0.4384 0.3564 -0.8251
vn -0.4644 0.1425 -0.8741
vn -0.6507 0.5440 -0.5297
vn -0.6582 0.5289 -0.5358
vn -0.6670 0.5101 -0.5430
vn -0.7271 0.3478 -0.5919
vn -0.7680 0.1386 -0.6252
vn 0.7150 0.5405 -0.4435
vn 0.7231 0.5254 -0.4485
vn 0.7327 0.5066 -0.4544
vn 0.7976 0.3450 -0.4947
vn 0.8418 0.1374 -0.5221
vn 0.0583 0.5606 -0.8260
vn 0.0590 0.5454 -0.8361
vn 0.0599 0.5264 -0.8481
vn 0.0657 0.3611 -0.9302
vn 0.0697 0.1446 -0.9870
vn -0.2851 0.5576 -0.7796
vn -0.2885 0.5424 -0.7890
vn -0.2926 0.5234 -0.8003
vn -0.3206 0.3587 -0.8767
vn -0.3399 0.1435 -0.9295
vn 0.8450 0.5323 -0.0514
vn 0.8543 0.5172 -0.0520
vn 0.8653 0.4985 -0.0526
vn 0.9392 0.3385 -0.0571
vn 0.9891 0.1345 -0.0602
vn -0.5746 0.5478 -0.6081
vn -0.5812 0.5326 -0.6152
vn -0.5892 0.5137 -0.6236
vn -0.6431 0.3507 -0.6807
vn -0.6800 0.1399 -0.7197
vn 0.4874 0.5514 -0.6771
vn 0.4931 0.5363 -0.6850
vn 0.4999 0.5174 -0.6945
vn 0.5464 0.3537 -0.7591
vn 0.5783 0.1413 -0.8035
vn 0.1737 0.5595 -0.8104
vn 0.1758 0.5443 -0.8202
vn 0.1783 0.5254 -0.8320
vn 0.1955 0.3603 -0.9121
vn 0.2073 0.1442 -0.9676
vn 0.4874 0.5514 0.6771
vn 0.4931 0.5363 0.6850
vn 0.4999 0.5174 0.6945
vn 0.5464 0.3537 0.7591
vn 0.5783 0.1413 0.8035
vn -0.1737 0.5595 -0.8104
vn -0.1758 0.5443 -0.8202
vn -0.1783 0.5254 -0.8320
vn -0.1955 0.3603 -0.9121
vn -0.2073 0.1442 -0.9676
vn 0.7668 0.5374 -0.3510
vn 0.7754 0.5223 -0.3549
vn 0.7856 0.5036 -0.3596
vn 0.8543 0.3425 -0.3911
vn 0.9008 0.1363 -0.4123
vn 0.5746 0.5478 -0.6081
vn 0.5812 0.5326 -0.6152
vn 0.5892 0.5137 -0.6236
vn 0.6431 0.3507 -0.6807
vn 0.6800 0.1399 -0.7197
vn 0.0583 0.5606 0.8260
vn 0.0590 0.5454 0.8361
vn 0.0599 0.5264 0.8481
vn 0.0657 0.3611 0.9302
vn 0.0697 0.1446 0.9870
vn 0.2851 0.5576 -0.7796
vn 0.2885 0.5424 -0.7890
vn 0.2926 0.5234 -0.8003
vn 0.3206 0.3587 -0.8767
vn 0.3399 0.1435 -0.9295
vn 0.3903 0.5548 0.7347
vn 0.3950 0.5396 0.7435
vn 0.4006 0.5207 0.7540
vn 0.4384 0.3564 0.8251
vn 0.4644 0.1425 0.8741
vn 0.8058 0.5349 -0.2539
vn 0.8148 0.5199 -0.2567
vn 0.8254 0.5011 -0.2601
vn 0.8968 0.3405 -0.2826
vn 0.9450 0.1354 -0.2978
vn -0.3903 0.5548 0.7347
vn -0.3950 0.5396 0.7435
vn -0.4006 0.5207 0.7540
vn -0.4384 0.3564 0.8251
vn -0.4644 0.1425 0.8741
vn 0.6507 0.5440 -0.5297
vn 0.6582 0.5289 -0.5358
vn 0.6670 0.5101 -0.5430
vn 0.7271 0.3478 -0.5919
vn 0.7680 0.1386 -0.6252
vn -0.0583 0.5606 0.8260
vn -0.0590 0.5454 0.8361
vn -0.0599 0.5264 0.8481
vn -0.0657 0.3611 0.9302
vn -0.0697 0.1446 0.9870
vn 0.2851 0.5576 0.7796
vn 0.2885 0.5424 0.7890
vn 0.2926 0.5234 0.8003
vn 0.3206 0.3587 0.8767
vn 0.3399 0.1435 0.9295
vn -0.7150 0.5405 0.4435
vn -0.7231 0.5254 0.4485
vn -0.7327 0.5066 0.4544
vn -0.7976 0.3450 0.4947
vn -0.8418 0.1374 0.5221
vn 0.8319 0.5332 -0.1536
vn 0.8411 0.5181 -0.1553
vn 0.8520 0.4994 -0.1573
vn 0.9251 0.3392 -0.1708
vn 0.9744 0.1348 -0.1799
vn -0.4874 0.5514 0.6771
vn -0.4931 0.5363 0.6850
vn -0.4999 0.5174 0.6945
vn -0.5464 0.3537 0.7591
vn -0.5784 0.1413 0.8035
vn -0.1737 0.5595 0.8104
vn -0.1758 0.5443 0.8202
vn -0.1783 0.5254 0.8320
vn -0.1955 0.3603 0.9121
vn -0.2073 0.1442 0.9676
vn -0.8450 0.5323 0.0514
vn -0.8543 0.5172 0.0520
vn -0.8653 0.4985 0.0526
vn -0.9392 0.3385 0.0571
vn -0.9891 0.1345 0.0602
vn 0.5746 0.5478 0.6081
vn 0.5812 0.5326 0.6152
vn 0.5892 0.5137 0.6236
vn 0.6431 0.3507 0.6807
vn 0.6800 0.1399 0.7197
vn -0.7668 0.5374 0.3510
vn -0.7754 0.5223 0.3549
vn -0.7856 0.5036 0.3596
vn -0.8543 0.3425 0.3911
vn -0.9008 0.1363 0.4123
vn 0.9604 0.2707 -0.0658
vn 0.6886 0.7238 -0.0451
vn 0.0439 -0.9981 0.0432
vn 0.6886 -0.7238 -0.0451
vn 0.9596 -0.2731 -0.0677
vn 0.9423 0.2710 -0.1965
vn 0.6762 0.7227 -0.1431
vn 0.0426 -0.9980 0.0468
vn 0.6747 -0.7244 -0.1416
vn 0.9413 -0.2726 -0.1990
vn 0.9064 0.2701 -0.3247
vn 0.6535 0.7198 -0.2341
vn 0.0304 -0.9980 0.0548
vn 0.6502 -0.7231 -0.2329
vn 0.9077 -0.2677 -0.3230
vn 0.8544 0.2688 -0.4447
vn 0.6174 0.7180 -0.3213
vn 0.0284 -0.9981 0.0543
vn 0.6154 -0.7196 -0.3215
vn 0.8557 -0.2648 -0.4446
vn 0.7875 0.2673 -0.5553
vn 0.5704 0.7176 -0.3997
vn 0.0176 -0.9980 0.0606
vn 0.5704 -0.7176 -0.3997
vn 0.7875 -0.2673 -0.5553
vn 0.7084 0.2655 -0.6540
vn 0.5123 0.7151 -0.4756
vn 0.0128 -0.9976 0.0680
vn 0.5118 -0.7168 -0.4736
vn 0.7064 -0.2671 -0.6555
vn 0.6165 0.2638 -0.7419
vn 0.4494 0.7110 -0.5408
vn 0.0033 -0.9977 0.0677
vn 0.4473 -0.7143 -0.5382
vn 0.6183 -0.2615 -0.7411
vn 0.5162 0.2622 -0.8153
vn 0.3774 0.7086 -0.5961
vn -0.0012 -0.9981 0.0621
vn 0.3757 -0.7103 -0.5953
vn 0.5173 -0.2583 -0.8159
vn 0.4087 0.2607 -0.8746
vn 0.3006 0.7083 -0.6387
vn -0.0135 -0.9980 0.0619
vn 0.3006 -0.7083 -0.6388
vn 0.4087 -0.2607 -0.8746
vn 0.2968 0.2596 -0.9190
vn 0.2157 0.7065 -0.6740
vn -0.0212 -0.9976 0.0658
vn 0.2162 -0.7082 -0.6721
vn 0.2944 -0.2611 -0.9193
vn 0.1789 0.2588 -0.9492
vn 0.1316 0.7037 -0.6982
vn -0.0293 -0.9977 0.0605
vn 0.1310 -0.7070 -0.6949
vn 0.1808 -0.2565 -0.9495
vn 0.0599 0.2584 -0.9642
vn 0.0441 0.7030 -0.7098
vn -0.0305 -0.9981 0.0532
vn 0.0429 -0.7047 -0.7082
vn 0.0605 -0.2545 -0.9652
vn -0.0599 0.2584 -0.9642
vn -0.0421 0.7047 -0.7082
vn -0.0411 -0.9981 0.0465
vn -0.0421 -0.7047 -0.7082
vn -0.0599 -0.2584 -0.9642
vn -0.1778 0.2587 -0.9494
vn -0.1323 0.7053 -0.6964
vn -0.0496 -0.9977 0.0459
vn -0.1310 -0.7070 -0.6949
vn -0.1800 -0.2603 -0.9486
vn -0.2957 0.2596 -0.9193
vn -0.2172 0.7049 -0.6753
vn -0.0541 -0.9979 0.0370
vn -0.2162 -0.7082 -0.6721
vn -0.2942 -0.2573 -0.9205
vn -0.4087 0.2607 -0.8746
vn -0.2996 0.7065 -0.6411
vn -0.0517 -0.9982 0.0300
vn -0.2998 -0.7082 -0.6392
vn -0.4086 -0.2568 -0.8758
vn -0.5162 0.2622 -0.8153
vn -0.3749 0.7103 -0.5958
vn -0.0577 -0.9982 0.0187
vn -0.3749 -0.7103 -0.5958
vn -0.5162 -0.2622 -0.8153
vn -0.6156 0.2638 -0.7426
vn -0.4492 0.7127 -0.5388
vn -0.4473 -0.7143 -0.5382
vn -0.6172 -0.2654 -0.7407
vn -0.7076 0.2656 -0.6548
vn -0.5143 0.7135 -0.4759
vn -0.0647 -0.9978 0.0136
vn -0.5118 -0.7168 -0.4736
vn -0.7067 -0.2632 -0.6567
vn -0.7875 0.2673 -0.5553
vn -0.5706 0.7159 -0.4024
vn -0.0644 -0.9979 0.0035
vn -0.5699 -0.7175 -0.4005
vn -0.7881 -0.2633 -0.5565
vn -0.8544 0.2688 -0.4447
vn -0.6150 0.7197 -0.3223
vn -0.0590 -0.9983 -0.0012
vn -0.6156 -0.7193 -0.3221
vn -0.8542 -0.2672 -0.4461
vn -0.9060 0.2725 -0.3238
vn -0.6500 0.7231 -0.2338
vn -0.0588 -0.9982 -0.0143
vn -0.6508 -0.7228 -0.2326
vn -0.9077 -0.2677 -0.3231
vn -0.9407 0.2758 -0.1975
vn -0.6747 0.7244 -0.1416
vn -0.0625 -0.9978 -0.0224
vn -0.6747 -0.7244 -0.1416
vn -0.9433 -0.2663 -0.1980
vn -0.9588 0.2763 -0.0663
vn -0.6870 0.7251 -0.0475
vn -0.0574 -0.9979 -0.0309
vn -0.6889 -0.7234 -0.0465
vn -0.9612 -0.2675 -0.0671
vn -0.9596 0.2739 0.0644
vn -0.6870 0.7251 0.0475
vn -0.0505 -0.9982 -0.0322
vn -0.6893 -0.7230 0.0461
vn -0.9607 -0.2699 0.0651
vn -0.9412 0.2734 0.1983
vn -0.6749 0.7244 0.1408
vn -0.0441 -0.9981 -0.0434
vn -0.6750 -0.7240 0.1422
vn -0.9423 -0.2686 0.1998
vn -0.9052 0.2749 0.3243
vn -0.6503 0.7231 0.2329
vn -0.0434 -0.9977 -0.0523
vn -0.6503 -0.7231 0.2329
vn -0.9077 -0.2654 0.3252
vn -0.8532 0.2736 0.4440
vn -0.6144 0.7213 0.3197
vn -0.0350 -0.9978 -0.0570
vn -0.6154 -0.7196 0.3215
vn -0.8557 -0.2648 0.4446
vn -0.7881 0.2696 0.5534
vn -0.5678 0.7192 0.4004
vn -0.0284 -0.9981 -0.0545
vn -0.5704 -0.7172 0.4004
vn -0.7886 -0.2657 0.5545
vn -0.7066 0.2679 0.6549
vn -0.5123 0.7168 0.4730
vn -0.0176 -0.9980 -0.0607
vn -0.5117 -0.7164 0.4742
vn -0.7068 -0.2631 0.6567
vn -0.6157 0.2685 0.7409
vn -0.4473 0.7143 0.5382
vn -0.0128 -0.9976 -0.0681
vn -0.4473 -0.7143 0.5382
vn -0.6173 -0.2592 0.7428
vn -0.5155 0.2668 0.8143
vn -0.3756 0.7120 0.5933
vn -0.0033 -0.9977 -0.0677
vn -0.3757 -0.7103 0.5953
vn -0.5173 -0.2583 0.8159
vn -0.4101 0.2631 0.8733
vn -0.2982 0.7099 0.6381
vn 0.0012 -0.9981 -0.0621
vn -0.3004 -0.7079 0.6393
vn -0.4100 -0.2592 0.8745
vn -0.2949 0.2619 0.9189
vn -0.2170 0.7082 0.6718
vn 0.0135 -0.9980 -0.0618
vn -0.2159 -0.7078 0.6726
vn -0.2942 -0.2572 0.9205
vn -0.1787 0.2634 0.9480
vn -0.1310 0.7070 0.6949
vn 0.0211 -0.9976 -0.0656
vn -0.1310 -0.7070 0.6949
vn -0.1791 -0.2542 0.9504
vn -0.0598 0.2629 0.9630
vn -0.0439 0.7064 0.7064
vn 0.0292 -0.9978 -0.0603
vn -0.0429 -0.7047 0.7082
vn -0.0605 -0.2545 0.9652
vn 0.0580 0.2606 0.9637
vn 0.0439 0.7064 0.7064
vn 0.0304 -0.9981 -0.0530
vn 0.0426 -0.7043 0.7086
vn 0.0587 -0.2568 0.9647
vn 0.1794 0.2611 0.9485
vn 0.1302 0.7070 0.6951
vn 0.0409 -0.9981 -0.0463
vn 0.1315 -0.7067 0.6952
vn 0.1808 -0.2564 0.9495
vn 0.2953 0.2642 0.9181
vn 0.2162 0.7082 0.6721
vn 0.0493 -0.9977 -0.0456
vn 0.2162 -0.7082 0.6721
vn 0.2961 -0.2550 0.9205
vn 0.4082 0.2654 0.8735
vn 0.2982 0.7099 0.6381
vn 0.0538 -0.9979 -0.0368
vn 0.2998 -0.7082 0.6392
vn 0.4086 -0.2568 0.8758
vn 0.5143 0.2645 0.8158
vn 0.3756 0.7120 0.5933
vn 0.0514 -0.9982 -0.0299
vn 0.3757 -0.7103 0.5953
vn 0.5154 -0.2606 0.8164
vn 0.6166 0.2661 0.7409
vn 0.4467 0.7146 0.5383
vn 0.0573 -0.9982 -0.0185
vn 0.4473 -0.7143 0.5382
vn 0.6190 -0.2631 0.7400
vn 0.7058 0.2679 0.6558
vn 0.5144 0.7169 0.4706
vn 0.0643 -0.9978 -0.0135
vn 0.5118 -0.7168 0.4736
vn 0.7067 -0.2632 0.6567
vn 0.7875 0.2673 0.5553
vn 0.5678 0.7192 0.4004
vn 0.0598 -0.9982 -0.0060
vn 0.5699 -0.7175 0.4005
vn 0.7881 -0.2633 0.5565
vn 0.8544 0.2688 0.4447
vn 0.6125 0.7213 0.3234
vn 0.0542 -0.9985 0.0038
vn 0.6150 -0.7196 0.3223
vn 0.8544 -0.2688 0.4447
vn 0.9060 0.2701 0.3259
vn 0.6513 0.7231 0.2300
vn 0.0584 -0.9982 0.0142
vn 0.6503 -0.7231 0.2329
vn 0.9065 -0.2717 0.3233
vn 0.9420 0.2718 0.1971
vn 0.6741 0.7243 0.1448
vn 0.0621 -0.9978 0.0222
vn 0.6747 -0.7244 0.1416
vn 0.9423 -0.2686 0.1999
vn 0.9601 0.2715 0.0664
vn 0.6889 0.7234 0.0456
vn 0.0571 -0.9979 0.0308
vn 0.6889 -0.7234 0.0465
vn 0.9604 -0.2698 0.0691
vn -0.2536 -0.9632 0.0886
vn -0.2653 -0.9626 0.0557
vn -0.2700 -0.9627 0.0187
vn -0.2672 -0.9635 -0.0166
vn -0.2618 -0.9634 -0.0571
vn -0.2560 -0.9623 -0.0917
vn -0.2423 -0.9620 -0.1261
vn -0.2230 -0.9624 -0.1550
vn -0.1990 -0.9620 -0.1870
vn -0.1775 -0.9606 -0.2137
vn -0.1494 -0.9602 -0.2360
vn -0.1192 -0.9607 -0.2507
vn -0.0833 -0.9605 -0.2656
vn -0.0523 -0.9593 -0.2774
vn -0.0175 -0.9593 -0.2819
vn 0.0155 -0.9602 -0.2788
vn 0.0535 -0.9605 -0.2729
vn 0.0859 -0.9599 -0.2669
vn 0.1181 -0.9603 -0.2527
vn 0.1452 -0.9616 -0.2327
vn 0.1754 -0.9623 -0.2078
vn 0.2006 -0.9619 -0.1856
vn 0.2218 -0.9625 -0.1564
vn 0.2359 -0.9637 -0.1249
vn 0.2503 -0.9642 -0.0874
vn 0.2617 -0.9636 -0.0549
vn 0.2632 -0.9645 -0.0201
vn 0.2601 -0.9654 0.0182
vn 0.2582 -0.9645 0.0564
vn 0.2526 -0.9633 0.0905
vn 0.2393 -0.9629 0.1245
vn 0.2205 -0.9633 0.1531
vn 0.1969 -0.9628 0.1850
vn 0.1754 -0.9623 0.2078
vn 0.1452 -0.9616 0.2327
vn 0.1184 -0.9612 0.2491
vn 0.0830 -0.9608 0.2644
vn 0.0521 -0.9596 0.2766
vn 0.0175 -0.9594 0.2816
vn -0.0155 -0.9602 0.2790
vn -0.0536 -0.9603 0.2737
vn -0.0862 -0.9595 0.2681
vn -0.1188 -0.9598 0.2542
vn -0.1463 -0.9610 0.2345
vn -0.1770 -0.9616 0.2098
vn -0.2027 -0.9611 0.1876
vn -0.2244 -0.9616 0.1582
vn -0.2389 -0.9628 0.1264
vn 0.0502 -0.9982 0.0320
vn 0.6391 0.0004 -0.7691
vn -0.9414 -0.0009 0.3372
vn 0.9077 -0.2677 -0.3231
vn 0.7387 0.0005 -0.6740
vn -0.8871 -0.0008 0.4617
vn 0.5704 -0.7176 -0.3998
vn 0.8832 0.0012 0.4691
vn 0.8173 0.0012 0.5763
vn -0.1801 -0.2603 -0.9486
vn 0.8137 0.0007 -0.5812
vn -0.9802 -0.0010 0.1981
vn 0.7395 0.0012 0.6732
vn 0.6391 0.0011 0.7691
vn -0.9972 -0.0011 0.0753
vn 0.8871 0.0008 -0.4616
vn -0.6502 -0.7231 0.2329
vn 0.9414 0.0009 -0.3372
vn 0.5399 0.0010 0.8418
vn -0.9976 -0.0012 -0.0690
vn -0.9787 -0.0012 -0.2054
vn 0.4234 0.0009 0.9060
vn 0.3062 0.0008 0.9520
vn 0.9802 0.0010 -0.1982
vn -0.9389 -0.0013 -0.3442
vn 0.9977 0.0011 -0.0677
vn 0.1786 0.0007 0.9839
vn 0.0010 1.0000 -0.0022
vn -0.0010 1.0000 0.0010
vn 0.0012 1.0000 0.0001
vn 0.0005 1.0000 -0.0013
vn 0.0010 1.0000 -0.0036
vn 0.0041 1.0000 -0.0002
vn 0.0041 1.0000 -0.0021
vn 0.0030 1.0000 0.0004
vn -0.0008 1.0000 -0.0037
vn 0.0035 1.0000 -0.0023
vn 0.0025 1.0000 -0.0040
vn 0.0028 1.0000 -0.0012
vn -0.0025 1.0000 -0.0027
vn 0.0019 1.0000 -0.0038
vn 0.0003 1.0000 -0.0048
vn 0.0018 1.0000 -0.0025
vn -0.0034 1.0000 -0.0011
vn -0.0001 1.0000 -0.0043
vn -0.0020 1.0000 -0.0043
vn 0.0004 1.0000 -0.0031
vn -0.0035 1.0000 0.0009
vn -0.0022 1.0000 -0.0036
vn -0.0038 1.0000 -0.0027
vn -0.0011 1.0000 -0.0029
vn -0.0026 1.0000 0.0026
vn -0.0036 1.0000 -0.0020
vn -0.0045 1.0000 -0.0003
vn -0.0024 1.0000 -0.0019
vn -0.0010 1.0000 0.0036
vn -0.0041 1.0000 0.0002
vn -0.0041 1.0000 0.0021
vn -0.0030 1.0000 -0.0004
vn 0.0008 1.0000 0.0037
vn -0.0035 1.0000 0.0023
vn -0.0025 1.0000 0.0040
vn -0.0028 1.0000 0.0012
vn 0.0025 1.0000 0.0027
vn -0.0019 1.0000 0.0038
vn -0.0003 1.0000 0.0048
vn -0.0018 1.0000 0.0025
vn 0.0034 1.0000 0.0011
vn 0.0001 1.0000 0.0043
vn 0.0020 1.0000 0.0043
vn -0.0004 1.0000 0.0031
vn -0.0015 1.0000 0.0018
vn 0.5349 0.0002 -0.8449
vn -0.8137 -0.0007 0.5812
vn 0.4181 0.0001 -0.9084
vn -0.7387 -0.0005 0.6740
vn 0.3127 -0.0001 -0.9499
vn 0.9976 0.0012 0.0690
vn 0.1852 -0.0003 -0.9827
vn 0.0620 -0.0004 -0.9981
vn 0.9438 0.0013 0.3306
vn 0.9772 0.0012 0.2124
vn -0.0676 -0.0006 -0.9977
vn -0.6391 -0.0004 0.7691
vn -0.5349 -0.0002 0.8449
vn -0.4181 -0.0001 0.9084
vn -0.1786 -0.0007 -0.9839
vn -0.3062 -0.0008 -0.9520
vn -0.4234 -0.0009 -0.9060
vn -0.3127 0.0001 0.9499
vn -0.5399 -0.0010 -0.8417
vn -0.6337 -0.0011 -0.7736
vn -0.1852 0.0003 0.9827
vn -0.0620 0.0004 0.9981
vn -0.7339 -0.0012 -0.6792
vn -0.8173 -0.0012 -0.5763
vn 0.0676 0.0006 0.9977
vn -0.8899 -0.0013 -0.4562
vn 0.4590 0.8879 -0.0314
vn 0.1373 0.9905 -0.0090
vn 0.4556 -0.8896 -0.0322
vn 0.4500 0.8881 -0.0939
vn 0.1351 0.9904 -0.0286
vn 0.4475 -0.8893 -0.0946
vn 0.4340 0.8874 -0.1555
vn 0.1310 0.9903 -0.0469
vn 0.4376 -0.8856 -0.1557
vn 0.4106 0.8864 -0.2137
vn 0.1241 0.9902 -0.0646
vn 0.4160 -0.8833 -0.2162
vn 0.3802 0.8852 -0.2681
vn 0.1147 0.9901 -0.0804
vn 0.3802 -0.8852 -0.2681
vn 0.3436 0.8839 -0.3173
vn 0.1034 0.9900 -0.0960
vn 0.3411 -0.8851 -0.3166
vn 0.3006 0.8825 -0.3617
vn 0.0912 0.9898 -0.1097
vn 0.3035 -0.8807 -0.3637
vn 0.2529 0.8812 -0.3994
vn 0.0768 0.9896 -0.1213
vn 0.2563 -0.8780 -0.4043
vn 0.2011 0.8800 -0.4302
vn 0.0612 0.9896 -0.1301
vn 0.2011 -0.8800 -0.4302
vn 0.1465 0.8791 -0.4536
vn 0.0440 0.9895 -0.1376
vn 0.1447 -0.8803 -0.4517
vn 0.0885 0.8784 -0.4696
vn 0.0270 0.9893 -0.1431
vn 0.0901 -0.8765 -0.4729
vn 0.0297 0.8781 -0.4776
vn 0.0090 0.9893 -0.1456
vn 0.0303 -0.8748 -0.4836
vn -0.0297 0.8781 -0.4776
vn -0.0086 0.9894 -0.1449
vn -0.0297 -0.8781 -0.4776
vn -0.0880 0.8784 -0.4698
vn -0.0271 0.9894 -0.1424
vn -0.0887 -0.8797 -0.4672
vn -0.1460 0.8791 -0.4538
vn -0.0444 0.9894 -0.1382
vn -0.1462 -0.8772 -0.4574
vn -0.2011 0.8800 -0.4302
vn -0.0612 0.9895 -0.1309
vn -0.2033 -0.8768 -0.4358
vn -0.2529 0.8812 -0.3994
vn -0.0761 0.9897 -0.1210
vn -0.2529 -0.8812 -0.3994
vn -0.3002 0.8825 -0.3621
vn -0.0909 0.9899 -0.1091
vn -0.2995 -0.8838 -0.3595
vn -0.3433 0.8839 -0.3177
vn -0.1040 0.9899 -0.0962
vn -0.3452 -0.8820 -0.3208
vn -0.3802 0.8852 -0.2681
vn -0.1150 0.9900 -0.0811
vn -0.3848 -0.8821 -0.2717
vn -0.4106 0.8864 -0.2137
vn -0.1233 0.9903 -0.0646
vn -0.4125 -0.8851 -0.2154
vn -0.4309 0.8891 -0.1540
vn -0.1298 0.9904 -0.0467
vn -0.4377 -0.8855 -0.1558
vn -0.4432 0.8916 -0.0930
vn -0.1345 0.9905 -0.0282
vn -0.4567 -0.8844 -0.0959
vn -0.4511 0.8919 -0.0312
vn -0.1368 0.9906 -0.0095
vn -0.4638 -0.8854 -0.0324
vn -0.4546 0.8902 0.0305
vn -0.1368 0.9906 0.0095
vn -0.4603 -0.8872 0.0312
vn -0.4465 0.8898 0.0941
vn -0.1345 0.9905 0.0281
vn -0.4532 -0.8862 0.0961
vn -0.4276 0.8909 0.1532
vn -0.1298 0.9904 0.0465
vn -0.4406 -0.8837 0.1578
vn -0.4046 0.8899 0.2105
vn -0.1229 0.9904 0.0640
vn -0.4160 -0.8833 0.2161
vn -0.3779 0.8870 0.2653
vn -0.1140 0.9902 0.0804
vn -0.3825 -0.8840 0.2689
vn -0.3405 0.8857 0.3156
vn -0.1031 0.9901 0.0952
vn -0.3453 -0.8820 0.3208
vn -0.2962 0.8862 0.3564
vn -0.0903 0.9900 0.1087
vn -0.3050 -0.8788 0.3671
vn -0.2492 0.8849 0.3936
vn -0.0761 0.9898 0.1202
vn -0.2563 -0.8780 0.4043
vn -0.2004 0.8819 0.4267
vn -0.0606 0.9897 0.1297
vn -0.2026 -0.8788 0.4321
vn -0.1446 0.8809 0.4506
vn -0.0442 0.9896 0.1368
vn -0.1462 -0.8771 0.4575
vn -0.0872 0.8822 0.4628
vn -0.0267 0.9895 0.1418
vn -0.0898 -0.8745 0.4765
vn -0.0292 0.8818 0.4707
vn -0.0090 0.9895 0.1442
vn -0.0303 -0.8748 0.4836
vn 0.0286 0.8800 0.4742
vn 0.0090 0.9895 0.1442
vn 0.0292 -0.8767 0.4801
vn 0.0882 0.8803 0.4662
vn 0.0266 0.9895 0.1418
vn 0.0901 -0.8765 0.4730
vn 0.1438 0.8828 0.4472
vn 0.0440 0.9896 0.1369
vn 0.1481 -0.8752 0.4605
vn 0.1981 0.8837 0.4240
vn 0.0606 0.9897 0.1297
vn 0.2033 -0.8768 0.4358
vn 0.2503 0.8830 0.3970
vn 0.0761 0.9898 0.1202
vn 0.2536 -0.8799 0.4018
vn 0.2986 0.8844 0.3588
vn 0.0902 0.9900 0.1087
vn 0.3025 -0.8819 0.3615
vn 0.3401 0.8857 0.3160
vn 0.1035 0.9901 0.0947
vn 0.3452 -0.8820 0.3208
vn 0.3802 0.8852 0.2681
vn 0.1140 0.9902 0.0804
vn 0.3848 -0.8821 0.2717
vn 0.4106 0.8864 0.2137
vn 0.1226 0.9903 0.0647
vn 0.4106 -0.8864 0.2137
vn 0.4339 0.8874 0.1561
vn 0.1300 0.9904 0.0459
vn 0.4321 -0.8886 0.1541
vn 0.4489 0.8886 0.0939
vn 0.1344 0.9905 0.0289
vn 0.4531 -0.8863 0.0961
vn 0.4579 0.8884 0.0317
vn 0.1375 0.9905 0.0091
vn 0.4602 -0.8872 0.0331
vn 0.5720 -0.7137 0.4043
vn 0.5378 -0.6824 0.4951
vn 0.4814 -0.6603 0.5765
vn 0.4176 -0.6345 0.6504
vn 0.3373 -0.6017 0.7240
vn 0.2471 -0.5907 0.7682
vn 0.1442 -0.6008 0.7862
vn 0.0548 -0.5913 0.8046
vn -0.0525 -0.5567 0.8291
vn -0.1552 -0.5459 0.8233
vn -0.2576 -0.5589 0.7882
vn -0.3487 -0.5513 0.7579
vn -0.4585 -0.5179 0.7222
vn -0.5498 -0.5099 0.6616
vn -0.6261 -0.5277 0.5740
vn -0.6932 -0.5237 0.4952
vn -0.7722 -0.4932 0.4005
vn -0.8211 -0.4891 0.2941
vn -0.8414 -0.5121 0.1724
vn -0.8565 -0.5120 0.0646
vn -0.8721 -0.4854 -0.0616
vn -0.8555 -0.4856 -0.1796
vn -0.8066 -0.5131 -0.2933
vn -0.7618 -0.5168 -0.3905
vn -0.7093 -0.4952 -0.5016
vn -0.6399 -0.4860 -0.5953
vn -0.5472 -0.5077 -0.6655
vn -0.4596 -0.5287 -0.7136
vn -0.3600 -0.5226 -0.7729
vn -0.2598 -0.5190 -0.8143
vn -0.1511 -0.5444 -0.8251
vn -0.0574 -0.5667 -0.8220
vn 0.0522 -0.5640 -0.8242
vn 0.1548 -0.5643 -0.8109
vn 0.2512 -0.5909 -0.7667
vn 0.3291 -0.6120 -0.7191
vn 0.4248 -0.6097 -0.6692
vn 0.5077 -0.6104 -0.6080
vn 0.5705 -0.6343 -0.5217
vn 0.6163 -0.6515 -0.4425
vn 0.6780 -0.6454 -0.3518
vn 0.7224 -0.6420 -0.2567
vn 0.7366 -0.6596 -0.1498
vn 0.7199 -0.6921 -0.0515
vn 0.7161 -0.6962 0.0504
vn 0.6921 -0.7060 0.1504
vn 0.6781 -0.6949 0.2394
vn 0.6349 -0.6975 0.3322
vn 0.3611 0.8971 0.2546
vn 0.3115 0.9068 0.2840
vn 0.2737 0.9037 0.3294
vn 0.2407 0.8945 0.3767
vn 0.1834 0.9013 0.3924
vn 0.1341 0.8989 0.4170
vn 0.0835 0.8859 0.4562
vn 0.0295 0.8947 0.4457
vn -0.0279 0.8929 0.4493
vn -0.0873 0.8819 0.4632
vn -0.1435 0.8873 0.4383
vn -0.1935 0.8873 0.4186
vn -0.2546 0.8795 0.4020
vn -0.2920 0.8895 0.3514
vn -0.3367 0.8897 0.3082
vn -0.3892 0.8785 0.2771
vn -0.4032 0.8907 0.2098
vn -0.4268 0.8913 0.1529
vn -0.4657 0.8798 0.0949
vn -0.4503 0.8922 0.0332
vn -0.4496 0.8927 -0.0311
vn -0.4594 0.8830 -0.0964
vn -0.4286 0.8898 -0.1563
vn -0.4043 0.8906 -0.2081
vn -0.3828 0.8835 -0.2699
vn -0.3297 0.8934 -0.3051
vn -0.2850 0.8936 -0.3468
vn -0.2526 0.8832 -0.3952
vn -0.1891 0.8947 -0.4047
vn -0.1363 0.8955 -0.4236
vn -0.0835 0.8860 -0.4560
vn -0.0290 0.8979 -0.4392
vn 0.0271 0.8996 -0.4358
vn 0.0833 0.8930 -0.4422
vn 0.1350 0.9009 -0.4126
vn 0.1800 0.9034 -0.3892
vn 0.2334 0.8998 -0.3687
vn 0.2656 0.9095 -0.3196
vn 0.3034 0.9114 -0.2779
vn 0.3470 0.9048 -0.2469
vn 0.3589 0.9145 -0.1868
vn 0.3787 0.9155 -0.1357
vn 0.4107 0.9079 -0.0838
vn 0.4046 0.9141 -0.0275
vn 0.4040 0.9143 0.0279
vn 0.4178 0.9040 0.0905
vn 0.3873 0.9119 0.1360
vn 0.3649 0.9107 0.1935
vn 0.2997 0.9180 0.2596
vn 0.2441 0.9175 0.3139
vn 0.1809 0.9164 0.3572
vn 0.1125 0.9134 0.3913
vn 0.0388 0.9089 0.4153
vn -0.0388 0.9087 0.4156
vn -0.1161 0.9074 0.4040
vn -0.1906 0.9067 0.3763
vn -0.2590 0.9066 0.3331
vn -0.3222 0.9046 0.2791
vn -0.3653 0.9078 0.2061
vn -0.3978 0.9086 0.1274
vn -0.4187 0.9071 0.0435
vn -0.4131 0.9097 -0.0429
vn -0.3952 0.9098 -0.1265
vn -0.3614 0.9098 -0.2039
vn -0.3137 0.9098 -0.2717
vn -0.2577 0.9076 -0.3314
vn -0.1869 0.9104 -0.3691
vn -0.1137 0.9113 -0.3957
vn -0.0383 0.9109 -0.4108
vn 0.0376 0.9147 -0.4024
vn 0.1102 0.9170 -0.3834
vn 0.1776 0.9196 -0.3506
vn 0.2375 0.9221 -0.3054
vn 0.2913 0.9228 -0.2523
vn 0.3278 0.9265 -0.1849
vn 0.3554 0.9278 -0.1138
vn 0.3733 0.9269 -0.0388
vn 0.3741 0.9266 0.0389
vn 0.3669 0.9228 0.1175
vn 0.3398 0.9207 0.1917
vn -0.9524 -0.0000 -0.3049
vn 0.6139 -0.0000 0.7894
vn -0.8710 -0.0000 -0.4913
vn 0.4518 -0.0000 0.8921
vn -0.7559 -0.0000 -0.6547
vn 0.2763 -0.0000 0.9611
vn 0.2763 -0.0000 -0.9611
vn -0.6139 -0.0000 -0.7894
vn 0.0929 -0.0000 0.9957
vn 0.4518 -0.0000 -0.8921
vn -0.4518 -0.0000 -0.8921
vn -0.0929 -0.0000 0.9957
vn 0.6139 -0.0000 -0.7894
vn -0.2763 -0.0000 -0.9611
vn -0.2763 -0.0000 0.9611
vn 0.7559 -0.0000 -0.6547
vn -0.0929 -0.0000 -0.9957
vn -0.4518 -0.0000 0.8921
vn 0.8710 -0.0000 -0.4913
vn 0.0929 -0.0000 -0.9957
vn -0.6139 -0.0000 0.7894
vn 0.9524 -0.0000 -0.3049
vn -0.7559 -0.0000 0.6547
vn 0.9946 -0.0000 -0.1034
vn -0.8710 -0.0000 0.4913
vn 0.9946 -0.0000 0.1034
vn -0.9524 -0.0000 0.3049
vn 0.9524 -0.0000 0.3049
vn -0.9946 -0.0000 0.1034
vn 0.8710 -0.0000 0.4913
vn -0.9946 -0.0000 -0.1034
vn 0.7559 -0.0000 0.6547
vn 0.7002 0.7123 -0.0480
vn 0.2549 0.9668 -0.0167
vn 0.2549 -0.9668 -0.0167
vn 0.6968 -0.7156 -0.0492
vn 0.6867 0.7127 -0.1432
vn 0.2506 0.9666 -0.0530
vn 0.2496 -0.9669 -0.0524
vn 0.6841 -0.7149 -0.1446
vn 0.6616 0.7114 -0.2370
vn 0.2431 0.9661 -0.0871
vn 0.2409 -0.9667 -0.0863
vn 0.6653 -0.7081 -0.2368
vn 0.6250 0.7096 -0.3253
vn 0.2301 0.9658 -0.1198
vn 0.2289 -0.9661 -0.1196
vn 0.6303 -0.7039 -0.3275
vn 0.5776 0.7074 -0.4073
vn 0.2127 0.9657 -0.1491
vn 0.2127 -0.9657 -0.1491
vn 0.5777 -0.7074 -0.4073
vn 0.5211 0.7050 -0.4811
vn 0.1916 0.9652 -0.1779
vn 0.1910 -0.9655 -0.1768
vn 0.5183 -0.7072 -0.4809
vn 0.4549 0.7025 -0.5474
vn 0.1689 0.9644 -0.2033
vn 0.1675 -0.9651 -0.2015
vn 0.4581 -0.6991 -0.5490
vn 0.3820 0.7001 -0.6033
vn 0.1423 0.9640 -0.2247
vn 0.1413 -0.9643 -0.2240
vn 0.3854 -0.6943 -0.6078
vn 0.3032 0.6980 -0.6488
vn 0.1134 0.9639 -0.2409
vn 0.1134 -0.9639 -0.2409
vn 0.3032 -0.6980 -0.6488
vn 0.2206 0.6962 -0.6831
vn 0.0815 0.9636 -0.2548
vn 0.0815 -0.9639 -0.2535
vn 0.2183 -0.6985 -0.6815
vn 0.1332 0.6950 -0.7065
vn 0.0499 0.9630 -0.2648
vn 0.0495 -0.9637 -0.2625
vn 0.1351 -0.6916 -0.7095
vn 0.0446 0.6944 -0.7182
vn 0.0167 0.9629 -0.2694
vn 0.0163 -0.9632 -0.2683
vn 0.0454 -0.6886 -0.7237
vn -0.0446 0.6944 -0.7182
vn -0.0159 0.9632 -0.2683
vn -0.0159 -0.9632 -0.2683
vn -0.0446 -0.6944 -0.7182
vn -0.1324 0.6950 -0.7067
vn -0.0501 0.9633 -0.2636
vn -0.0495 -0.9637 -0.2625
vn -0.1337 -0.6973 -0.7042
vn -0.2198 0.6962 -0.6833
vn -0.0823 0.9632 -0.2557
vn -0.0815 -0.9639 -0.2535
vn -0.2195 -0.6928 -0.6869
vn -0.3032 0.6979 -0.6488
vn -0.1132 0.9636 -0.2423
vn -0.1131 -0.9639 -0.2411
vn -0.3052 -0.6921 -0.6541
vn -0.3820 0.7001 -0.6033
vn -0.1411 0.9643 -0.2242
vn -0.1411 -0.9643 -0.2242
vn -0.3820 -0.7001 -0.6033
vn -0.4543 0.7024 -0.5480
vn -0.1685 0.9648 -0.2021
vn -0.1675 -0.9651 -0.2015
vn -0.4542 -0.7047 -0.5451
vn -0.5205 0.7049 -0.4818
vn -0.1927 0.9649 -0.1784
vn -0.1910 -0.9655 -0.1768
vn -0.5220 -0.7015 -0.4851
vn -0.5777 0.7074 -0.4073
vn -0.2133 0.9654 -0.1504
vn -0.2125 -0.9657 -0.1494
vn -0.5820 -0.7017 -0.4110
vn -0.6250 0.7096 -0.3253
vn -0.2288 0.9661 -0.1199
vn -0.2291 -0.9660 -0.1199
vn -0.6267 -0.7073 -0.3272
vn -0.6586 0.7147 -0.2354
vn -0.2408 0.9667 -0.0866
vn -0.2412 -0.9666 -0.0862
vn -0.6653 -0.7080 -0.2368
vn -0.6799 0.7193 -0.1427
vn -0.2496 0.9669 -0.0524
vn -0.2496 -0.9669 -0.0524
vn -0.6931 -0.7060 -0.1455
vn -0.6924 0.7199 -0.0479
vn -0.2539 0.9671 -0.0176
vn -0.2551 -0.9668 -0.0172
vn -0.7048 -0.7077 -0.0492
vn -0.6958 0.7167 0.0467
vn -0.2539 0.9671 0.0176
vn -0.2554 -0.9667 0.0171
vn -0.7015 -0.7111 0.0475
vn -0.6831 0.7160 0.1439
vn -0.2497 0.9669 0.0521
vn -0.2498 -0.9669 0.0526
vn -0.6896 -0.7093 0.1462
vn -0.6553 0.7180 0.2347
vn -0.2409 0.9667 0.0863
vn -0.2409 -0.9667 0.0863
vn -0.6679 -0.7047 0.2393
vn -0.6191 0.7162 0.3222
vn -0.2281 0.9664 0.1187
vn -0.2289 -0.9661 0.1196
vn -0.6303 -0.7039 0.3275
vn -0.5757 0.7108 0.4042
vn -0.2114 0.9660 0.1490
vn -0.2128 -0.9656 0.1494
vn -0.5801 -0.7051 0.4079
vn -0.5178 0.7083 0.4799
vn -0.1913 0.9655 0.1766
vn -0.1911 -0.9655 0.1771
vn -0.5221 -0.7014 0.4851
vn -0.4506 0.7091 0.5423
vn -0.1675 0.9651 0.2015
vn -0.1675 -0.9651 0.2015
vn -0.4591 -0.6956 0.5525
vn -0.3784 0.7068 0.5977
vn -0.1410 0.9646 0.2227
vn -0.1413 -0.9643 0.2240
vn -0.3854 -0.6943 0.6078
vn -0.3030 0.7014 0.6452
vn -0.1122 0.9642 0.2402
vn -0.1133 -0.9638 0.2412
vn -0.3050 -0.6956 0.6504
vn -0.2183 0.6996 0.6804
vn -0.0818 0.9639 0.2534
vn -0.0815 -0.9638 0.2538
vn -0.2196 -0.6927 0.6870
vn -0.1320 0.7018 0.7001
vn -0.0495 0.9637 0.2625
vn -0.0495 -0.9637 0.2625
vn -0.1344 -0.6882 0.7130
vn -0.0442 0.7012 0.7116
vn -0.0166 0.9635 0.2670
vn -0.0163 -0.9632 0.2683
vn -0.0454 -0.6886 0.7237
vn 0.0431 0.6978 0.7150
vn 0.0166 0.9635 0.2670
vn 0.0161 -0.9631 0.2685
vn 0.0438 -0.6921 0.7205
vn 0.1330 0.6984 0.7032
vn 0.0492 0.9637 0.2626
vn 0.0497 -0.9636 0.2627
vn 0.1351 -0.6915 0.7096
vn 0.2178 0.7030 0.6770
vn 0.0815 0.9639 0.2535
vn 0.0815 -0.9639 0.2535
vn 0.2218 -0.6894 0.6896
vn 0.3004 0.7047 0.6428
vn 0.1122 0.9642 0.2402
vn 0.1131 -0.9639 0.2411
vn 0.3052 -0.6921 0.6541
vn 0.3791 0.7034 0.6013
vn 0.1410 0.9646 0.2227
vn 0.1413 -0.9643 0.2240
vn 0.3824 -0.6977 0.6058
vn 0.4531 0.7058 0.5445
vn 0.1672 0.9651 0.2014
vn 0.1675 -0.9651 0.2015
vn 0.4574 -0.7014 0.5467
vn 0.5171 0.7083 0.4805
vn 0.1920 0.9655 0.1757
vn 0.1910 -0.9655 0.1768
vn 0.5220 -0.7015 0.4851
vn 0.5777 0.7074 0.4073
vn 0.2114 0.9660 0.1490
vn 0.2125 -0.9657 0.1494
vn 0.5821 -0.7016 0.4110
vn 0.6250 0.7096 0.3253
vn 0.2274 0.9664 0.1201
vn 0.2288 -0.9661 0.1199
vn 0.6250 -0.7096 0.3253
vn 0.6614 0.7114 0.2379
vn 0.2413 0.9667 0.0852
vn 0.2409 -0.9667 0.0863
vn 0.6598 -0.7136 0.2353
vn 0.6856 0.7137 0.1435
vn 0.2494 0.9669 0.0536
vn 0.2496 -0.9669 0.0524
vn 0.6895 -0.7093 0.1463
vn 0.6991 0.7134 0.0484
vn 0.2551 0.9668 0.0169
vn 0.2551 -0.9668 0.0172
vn 0.7013 -0.7111 0.0504
vn 0.3282 -0.9263 0.1851
vn 0.3416 -0.9079 0.2428
vn 0.3777 -0.9160 0.1353
vn 0.4065 -0.9097 0.0842
vn 0.3741 -0.9266 0.0389
vn 0.4010 -0.9157 -0.0262
vn 0.4036 -0.9110 -0.0847
vn 0.3553 -0.9278 -0.1137
vn 0.3571 -0.9157 -0.1842
vn 0.3373 -0.9109 -0.2378
vn 0.2828 -0.9274 -0.2449
vn 0.2547 -0.9167 -0.3078
vn 0.2228 -0.9102 -0.3491
vn 0.1691 -0.9274 -0.3338
vn 0.1218 -0.9175 -0.3786
vn 0.0751 -0.9121 -0.4031
vn 0.0346 -0.9280 -0.3710
vn -0.0243 -0.9202 -0.3908
vn -0.0743 -0.9161 -0.3940
vn -0.1002 -0.9319 -0.3487
vn -0.1614 -0.9234 -0.3483
vn -0.2084 -0.9210 -0.3292
vn -0.2164 -0.9358 -0.2782
vn -0.2722 -0.9290 -0.2509
vn -0.3097 -0.9250 -0.2200
vn -0.2989 -0.9393 -0.1686
vn -0.3408 -0.9322 -0.1221
vn -0.3651 -0.9279 -0.0758
vn -0.3387 -0.9403 -0.0352
vn -0.3598 -0.9327 0.0249
vn -0.3655 -0.9276 0.0767
vn -0.3256 -0.9397 0.1042
vn -0.3281 -0.9293 0.1694
vn -0.3126 -0.9240 0.2204
vn -0.2655 -0.9363 0.2300
vn -0.2417 -0.9253 0.2921
vn -0.2135 -0.9178 0.3348
vn -0.1642 -0.9317 0.3241
vn -0.1200 -0.9200 0.3731
vn -0.0750 -0.9123 0.4026
vn -0.0349 -0.9267 0.3742
vn 0.0249 -0.9158 0.4008
vn 0.0772 -0.9090 0.4097
vn 0.1048 -0.9252 0.3647
vn 0.1717 -0.9128 0.3707
vn 0.2265 -0.9070 0.3549
vn 0.2343 -0.9243 0.3012
vn 0.2976 -0.9145 0.2741
vn 0.3569 -0.9155 0.1857
vn 0.3572 -0.9270 0.1144
vn 0.4005 -0.9159 0.0282
vn 0.3711 -0.9278 -0.0386
vn 0.3768 -0.9162 -0.1360
vn 0.3253 -0.9276 -0.1835
vn 0.2931 -0.9168 -0.2713
vn 0.2309 -0.9266 -0.2969
vn 0.1688 -0.9171 -0.3612
vn 0.1030 -0.9278 -0.3584
vn 0.0257 -0.9190 -0.3934
vn -0.0341 -0.9301 -0.3656
vn -0.1191 -0.9223 -0.3678
vn -0.1617 -0.9338 -0.3192
vn -0.2389 -0.9275 -0.2875
vn -0.2636 -0.9372 -0.2283
vn -0.3230 -0.9313 -0.1681
vn -0.3240 -0.9404 -0.1037
vn -0.3593 -0.9328 -0.0260
vn -0.3376 -0.9406 0.0351
vn -0.3439 -0.9308 0.1240
vn -0.3013 -0.9383 0.1700
vn -0.2750 -0.9271 0.2545
vn -0.2202 -0.9335 0.2831
vn -0.1642 -0.9218 0.3513
vn -0.1019 -0.9294 0.3546
vn -0.0260 -0.9170 0.3980
vn 0.0351 -0.9261 0.3756
vn 0.1254 -0.9135 0.3870
vn 0.1718 -0.9249 0.3392
vn 0.2584 -0.9141 0.3124
vn 0.2875 -0.9248 0.2490
vn -0.0870 -0.4639 0.8816
vn -0.2804 -0.2631 0.9231
vn -0.4553 -0.2629 0.8506
vn -0.6127 -0.2627 0.7454
vn -0.7465 -0.2623 0.6115
vn -0.8516 -0.2619 0.4541
vn -0.9240 -0.2614 0.2792
vn -0.9608 -0.2609 0.0935
vn -0.9607 -0.2604 -0.0957
vn -0.9237 -0.2599 -0.2813
vn -0.8513 -0.2594 -0.4561
vn -0.7461 -0.2590 -0.6134
vn -0.6123 -0.2586 -0.7472
vn -0.4549 -0.2583 -0.8522
vn -0.2801 -0.2581 -0.9246
vn -0.0946 -0.2580 -0.9615
vn 0.0946 -0.2580 -0.9615
vn 0.2801 -0.2581 -0.9246
vn 0.4549 -0.2583 -0.8522
vn 0.6123 -0.2586 -0.7472
vn 0.7461 -0.2590 -0.6134
vn 0.8513 -0.2594 -0.4561
vn 0.9237 -0.2599 -0.2813
vn 0.9607 -0.2604 -0.0957
vn 0.9608 -0.2609 0.0935
vn 0.9240 -0.2614 0.2792
vn 0.8516 -0.2619 0.4541
vn 0.7465 -0.2623 0.6115
vn 0.6127 -0.2627 0.7454
vn 0.4553 -0.2629 0.8506
vn 0.2804 -0.2631 0.9231
vn 0.0947 -0.2632 0.9601
vn -0.0947 -0.2632 0.9601
vn 0.6744 0.5649 0.4755
vn 0.6281 0.5273 0.5722
vn 0.5543 0.4978 0.6670
vn 0.4912 0.4126 0.7671
vn 0.3943 0.3640 0.8438
vn 0.2881 0.3387 0.8957
vn 0.1727 0.2629 0.9492
vn 0.0648 0.2670 0.9615
vn -0.0598 0.2637 0.9627
vn -0.1789 0.2587 0.9492
vn -0.2962 0.3161 0.9013
vn -0.3943 0.3359 0.8554
vn -0.4924 0.3906 0.7778
vn -0.5608 0.4797 0.6748
vn -0.6371 0.5049 0.5824
vn -0.6822 0.5461 0.4862
vn -0.7029 0.6100 0.3658
vn -0.7372 0.6219 0.2641
vn -0.7589 0.6326 0.1545
vn -0.7535 0.6551 0.0558
vn -0.7570 0.6513 -0.0524
vn -0.7634 0.6258 -0.1602
vn -0.7500 0.6021 -0.2739
vn -0.7221 0.5838 -0.3712
vn -0.6994 0.5173 -0.4932
vn -0.6503 0.4635 -0.6019
vn -0.5735 0.4271 -0.6990
vn -0.5099 0.3262 -0.7960
vn -0.4071 0.2740 -0.8713
vn -0.2967 0.2472 -0.9224
vn -0.1763 0.1705 -0.9695
vn -0.0662 0.1801 -0.9814
vn 0.0609 0.1838 -0.9811
vn 0.1820 0.1865 -0.9654
vn 0.3019 0.2557 -0.9184
vn 0.4010 0.2869 -0.8700
vn 0.5003 0.3543 -0.7901
vn 0.5689 0.4558 -0.6846
vn 0.6417 0.4941 -0.5866
vn 0.6840 0.5427 -0.4875
vn 0.7005 0.6135 -0.3646
vn 0.7278 0.6342 -0.2607
vn 0.7445 0.6502 -0.1516
vn 0.7389 0.6719 -0.0501
vn 0.7349 0.6762 0.0508
vn 0.7399 0.6533 0.1604
vn 0.7224 0.6434 0.2535
vn 0.6858 0.6304 0.3638
vn 0.6281 0.5841 0.5142
vn 0.5493 0.5021 0.6680
vn 0.4237 0.4410 0.7912
vn 0.2716 0.3571 0.8937
vn 0.0933 0.3119 0.9455
vn -0.0932 0.3147 0.9446
vn -0.2731 0.3432 0.8987
vn -0.4282 0.4208 0.7997
vn -0.5558 0.4842 0.6758
vn -0.6382 0.5655 0.5224
vn -0.6950 0.6164 0.3702
vn -0.7187 0.6606 0.2168
vn -0.7390 0.6699 0.0716
vn -0.7388 0.6699 -0.0739
vn -0.7281 0.6485 -0.2221
vn -0.7082 0.5951 -0.3798
vn -0.6518 0.5363 -0.5362
vn -0.5727 0.4279 -0.6993
vn -0.4396 0.3576 -0.8239
vn -0.2792 0.2687 -0.9219
vn -0.0953 0.2260 -0.9694
vn 0.0950 0.2398 -0.9662
vn 0.2779 0.2837 -0.9178
vn 0.4355 0.3797 -0.8162
vn 0.5620 0.4617 -0.6863
vn 0.6411 0.5575 -0.5275
vn 0.6909 0.6208 -0.3705
vn 0.7082 0.6721 -0.2160
vn 0.7205 0.6897 -0.0721
vn 0.7179 0.6927 0.0696
vn 0.7060 0.6754 0.2130
vn 0.6844 0.6314 0.3646
vn -0.8819 -0.0000 -0.4714
vn -0.2576 -0.4639 0.8476
vn -0.4182 -0.4638 0.7810
vn -0.5628 -0.4637 0.6843
vn -0.6856 -0.4637 0.5612
vn -0.7821 -0.4636 0.4165
vn -0.8484 -0.4635 0.2559
vn -0.8821 -0.4633 0.0854
vn -0.8818 -0.4632 -0.0883
vn -0.8477 -0.4631 -0.2586
vn -0.7811 -0.4630 -0.4190
vn -0.6845 -0.4629 -0.5632
vn -0.5616 -0.4628 -0.6858
vn -0.4173 -0.4627 -0.7821
vn -0.2569 -0.4627 -0.8485
vn -0.0867 -0.4627 -0.8823
vn 0.0867 -0.4627 -0.8823
vn 0.2569 -0.4627 -0.8485
vn 0.4173 -0.4627 -0.7821
vn 0.5616 -0.4628 -0.6858
vn 0.6845 -0.4629 -0.5632
vn 0.7811 -0.4630 -0.4190
vn 0.8477 -0.4631 -0.2586
vn 0.8818 -0.4632 -0.0883
vn 0.8821 -0.4633 0.0854
vn 0.8484 -0.4635 0.2559
vn 0.7820 -0.4636 0.4165
vn 0.6856 -0.4637 0.5612
vn 0.5628 -0.4637 0.6843
vn 0.4182 -0.4638 0.7810
vn 0.2576 -0.4639 0.8476
vn 0.0870 -0.4639 0.8816
vn 0.9952 -0.0000 -0.0980
vn -0.9569 -0.0000 -0.2903
vn 0.9569 -0.0000 -0.2903
vn -0.9952 -0.0000 -0.0980
vn 0.8819 -0.0000 -0.4714
vn -0.9952 -0.0000 0.0980
vn 0.7730 -0.0000 -0.6344
vn -0.9569 -0.0000 0.2903
vn 0.6344 -0.0000 -0.7730
vn -0.8819 -0.0000 0.4714
vn 0.4714 -0.0000 -0.8819
vn 0.0980 -0.0000 0.9952
vn -0.7730 -0.0000 0.6344
vn 0.2903 -0.0000 -0.9569
vn 0.2903 -0.0000 0.9569
vn -0.6344 -0.0000 0.7730
vn 0.0980 -0.0000 -0.9952
vn 0.4714 -0.0000 0.8819
vn -0.4714 -0.0000 0.8819
vn -0.0980 -0.0000 -0.9952
vn 0.6344 -0.0000 0.7730
vn -0.2903 -0.0000 0.9569
vn -0.2903 -0.0000 -0.9569
vn 0.7730 -0.0000 0.6344
vn -0.0980 -0.0000 0.9952
vn -0.4714 -0.0000 -0.8819
vn 0.8819 -0.0000 0.4714
vn -0.6344 -0.0000 -0.7730
vn 0.9569 -0.0000 0.2903
vn -0.7730 -0.0000 -0.6344
vn 0.9952 -0.0000 0.0980
vn 0.7647 0.6402 -0.0733
vn 0.7349 0.6398 0.2250
vn 0.0752 0.6391 0.7655
vn 0.5945 0.6407 -0.4859
vn -0.7645 0.6400 0.0773
vn 0.6781 0.6406 -0.3604
vn -0.7647 0.6402 -0.0733
vn 0.7356 0.6404 -0.2211
vn 0.7645 0.6400 0.0773
vn -0.7349 0.6398 0.2250
vn 0.4868 0.6393 0.5952
vn -0.0754 0.6411 -0.7638
vn -0.3617 0.6392 0.6787
vn 0.3617 0.6392 0.6787
vn 0.0754 0.6411 -0.7638
vn -0.4868 0.6393 0.5952
vn 0.2227 0.6391 0.7362
vn -0.7356 0.6404 -0.2211
vn -0.4880 0.6409 -0.5926
vn 0.6771 0.6396 0.3639
vn -0.3627 0.6410 -0.6765
vn -0.0752 0.6391 0.7655
vn 0.5933 0.6394 0.4890
vn 0.4880 0.6409 -0.5926
vn -0.2227 0.6391 0.7362
vn -0.6781 0.6406 -0.3604
vn -0.2234 0.6410 -0.7343
vn -0.5945 0.6407 -0.4859
vn -0.5933 0.6394 0.4890
vn 0.5144 0.7451 0.4245
vn -0.6771 0.6396 0.3639
vn 0.2234 0.6410 -0.7343
vn 0.3627 0.6410 -0.6765
vn 0.2298 0.9658 -0.1198
vn 0.1937 0.7470 -0.6360
vn -0.5870 0.7453 0.3161
vn 0.3144 0.7469 -0.5859
vn -0.6371 0.7455 0.1956
vn 0.4231 0.7468 -0.5132
vn -0.6628 0.7457 0.0677
vn 0.5154 0.7466 -0.4206
vn -0.6630 0.7460 -0.0629
vn 0.5879 0.7464 -0.3119
vn -0.6377 0.7462 -0.1911
vn 0.6377 0.7462 -0.1911
vn -0.5879 0.7464 -0.3119
vn 0.3136 0.7448 0.5890
vn -0.5154 0.7466 -0.4206
vn 0.6630 0.7460 -0.0629
vn -0.4231 0.7468 -0.5132
vn 0.6628 0.7457 0.0677
vn -0.3144 0.7469 -0.5859
vn -0.0652 0.7447 0.6642
vn 0.1931 0.7447 0.6388
vn -0.1937 0.7470 -0.6360
vn -0.1931 0.7447 0.6388
vn 0.6371 0.7455 0.1956
vn -0.0654 0.7470 -0.6616
vn -0.3136 0.7448 0.5890
vn 0.5870 0.7453 0.3161
vn 0.4221 0.7449 0.5167
vn -0.4221 0.7449 0.5167
vn 0.0652 0.7447 0.6642
vn 0.0654 0.7470 -0.6616
vn -0.5144 0.7451 0.4245
vn 0.2283 0.9734 -0.0194
vn -0.2494 0.9657 -0.0726
vn 0.2494 0.9657 -0.0726
vn -0.2298 0.9658 -0.1198
vn 0.1228 0.9647 0.2329
vn -0.2014 0.9660 -0.1623
vn 0.2593 0.9655 -0.0225
vn -0.1653 0.9661 -0.1984
vn 0.2593 0.9654 0.0286
vn -0.1228 0.9662 -0.2268
vn -0.0255 0.9646 0.2624
vn 0.0756 0.9647 0.2524
vn -0.0756 0.9662 -0.2463
vn -0.0756 0.9647 0.2524
vn 0.2494 0.9652 0.0787
vn -0.0255 0.9663 -0.2563
vn -0.1228 0.9647 0.2329
vn 0.2298 0.9651 0.1259
vn 0.1653 0.9648 0.2045
vn -0.1653 0.9648 0.2045
vn 0.0255 0.9646 0.2624
vn 0.0255 0.9663 -0.2563
vn -0.2014 0.9649 0.1684
vn 0.2014 0.9649 0.1684
vn 0.0756 0.9662 -0.2463
vn -0.2298 0.9651 0.1259
vn 0.1228 0.9662 -0.2268
vn -0.2494 0.9652 0.0787
vn 0.1653 0.9661 -0.1984
vn -0.2593 0.9654 0.0286
vn 0.2014 0.9660 -0.1623
vn -0.2593 0.9655 -0.0225
vn 0.0485 -0.9945 -0.0923
vn -0.1439 0.9745 -0.1722
vn 0.2283 0.9733 0.0256
vn -0.1070 0.9745 -0.1971
vn -0.0223 0.9730 0.2297
vn 0.0663 0.9729 0.2216
vn -0.0660 0.9745 -0.2144
vn -0.0660 0.9731 0.2207
vn 0.2195 0.9731 0.0697
vn -0.0223 0.9745 -0.2234
vn -0.1071 0.9732 0.2034
vn 0.2022 0.9730 0.1112
vn 0.1452 0.9729 0.1800
vn -0.1439 0.9734 0.1784
vn 0.0224 0.9729 0.2300
vn 0.0223 0.9744 -0.2237
vn -0.1752 0.9735 0.1469
vn 0.1771 0.9729 0.1484
vn 0.0663 0.9743 -0.2153
vn -0.1997 0.9737 0.1098
vn 0.1077 0.9742 -0.1984
vn -0.2166 0.9738 0.0688
vn 0.1451 0.9740 -0.1738
vn -0.2252 0.9740 0.0253
vn 0.1770 0.9739 -0.1422
vn -0.2252 0.9741 -0.0191
vn 0.2021 0.9737 -0.1049
vn -0.2165 0.9743 -0.0626
vn 0.2194 0.9736 -0.0635
vn -0.1997 0.9744 -0.1036
vn 0.1078 0.9729 0.2047
vn -0.1751 0.9744 -0.1406
vn 0.0865 0.4696 -0.8786
vn 0.0938 0.2890 -0.9527
vn 0.0975 0.0975 -0.9904
vn 0.0097 0.9951 -0.0980
vn 0.0975 -0.0976 -0.9904
vn 0.0286 0.9566 -0.2902
vn 0.0938 -0.2890 -0.9527
vn 0.0464 0.8810 -0.4709
vn 0.0865 -0.4696 -0.8786
vn 0.0624 0.7715 -0.6332
vn 0.0759 -0.6326 -0.7708
vn 0.0759 0.6326 -0.7708
vn 0.0624 -0.7715 -0.6332
vn 0.2248 -0.6326 -0.7412
vn 0.2248 0.6326 -0.7412
vn 0.1847 -0.7715 -0.6088
vn 0.2563 0.4696 -0.8448
vn 0.2779 0.2890 -0.9161
vn 0.2889 0.0975 -0.9524
vn 0.0285 0.9951 -0.0943
vn 0.2889 -0.0976 -0.9524
vn 0.0846 0.9566 -0.2790
vn 0.2779 -0.2890 -0.9161
vn 0.1374 0.8810 -0.4528
vn 0.2563 -0.4696 -0.8449
vn 0.1847 0.7715 -0.6088
vn 0.4692 -0.0975 -0.8777
vn 0.1374 0.9566 -0.2571
vn 0.4513 -0.2890 -0.8443
vn 0.2230 0.8810 -0.4173
vn 0.4162 -0.4696 -0.7786
vn 0.2999 0.7715 -0.5611
vn 0.3651 -0.6326 -0.6831
vn 0.3651 0.6326 -0.6831
vn 0.2999 -0.7715 -0.5611
vn 0.4162 0.4696 -0.7786
vn 0.4513 0.2890 -0.8443
vn 0.4692 0.0975 -0.8777
vn 0.0465 0.9951 -0.0869
vn 0.4036 -0.7715 -0.4918
vn 0.5601 0.4696 -0.6825
vn 0.6073 0.2890 -0.7400
vn 0.6314 0.0975 -0.7693
vn 0.0624 0.9951 -0.0761
vn 0.6314 -0.0975 -0.7693
vn 0.1849 0.9566 -0.2254
vn 0.6073 -0.2890 -0.7400
vn 0.3002 0.8810 -0.3658
vn 0.5601 -0.4696 -0.6825
vn 0.4036 0.7715 -0.4918
vn 0.4913 -0.6326 -0.5987
vn 0.4913 0.6326 -0.5987
vn 0.2254 0.9566 -0.1850
vn 0.7400 -0.2890 -0.6073
vn 0.3658 0.8810 -0.3002
vn 0.6825 -0.4696 -0.5601
vn 0.4918 0.7715 -0.4036
vn 0.5987 -0.6326 -0.4913
vn 0.5987 0.6326 -0.4913
vn 0.4918 -0.7715 -0.4036
vn 0.6825 0.4696 -0.5601
vn 0.7400 0.2890 -0.6073
vn 0.7693 0.0975 -0.6314
vn 0.0761 0.9951 -0.0625
vn 0.7693 -0.0975 -0.6314
vn 0.7786 0.4696 -0.4162
vn 0.8443 0.2890 -0.4513
vn 0.8777 0.0975 -0.4692
vn 0.0869 0.9951 -0.0464
vn 0.8777 -0.0975 -0.4692
vn 0.2571 0.9566 -0.1374
vn 0.8443 -0.2890 -0.4513
vn 0.4173 0.8810 -0.2230
vn 0.7786 -0.4696 -0.4162
vn 0.5611 0.7715 -0.2999
vn 0.6831 -0.6326 -0.3651
vn 0.6831 0.6326 -0.3651
vn 0.5611 -0.7715 -0.2999
vn 0.9161 -0.2890 -0.2779
vn 0.4528 0.8810 -0.1374
vn 0.8449 -0.4696 -0.2563
vn 0.6088 0.7715 -0.1847
vn 0.7412 -0.6326 -0.2248
vn 0.7412 0.6326 -0.2248
vn 0.6088 -0.7715 -0.1847
vn 0.8448 0.4696 -0.2563
vn 0.9161 0.2890 -0.2779
vn 0.9524 0.0976 -0.2889
vn 0.0942 0.9951 -0.0286
vn 0.9524 -0.0976 -0.2889
vn 0.2790 0.9566 -0.0846
vn 0.6332 -0.7715 -0.0624
vn 0.8786 0.4696 -0.0865
vn 0.9527 0.2890 -0.0938
vn 0.9904 0.0976 -0.0976
vn 0.0980 0.9951 -0.0097
vn 0.9904 -0.0976 -0.0976
vn 0.2902 0.9566 -0.0286
vn 0.9527 -0.2890 -0.0938
vn 0.4709 0.8810 -0.0464
vn 0.8786 -0.4696 -0.0865
vn 0.6332 0.7715 -0.0624
vn 0.7708 -0.6326 -0.0759
vn 0.7708 0.6326 -0.0759
vn 0.9527 -0.2890 0.0938
vn 0.4709 0.8810 0.0464
vn 0.8786 -0.4696 0.0865
vn 0.6332 0.7715 0.0624
vn 0.7708 -0.6326 0.0759
vn 0.7708 0.6325 0.0759
vn 0.6332 -0.7715 0.0624
vn 0.8786 0.4696 0.0865
vn 0.9527 0.2890 0.0938
vn 0.9904 0.0975 0.0976
vn 0.0980 0.9951 0.0097
vn 0.9904 -0.0975 0.0976
vn 0.2901 0.9566 0.0286
vn 0.9161 0.2890 0.2779
vn 0.9524 0.0975 0.2889
vn 0.0943 0.9951 0.0286
vn 0.9524 -0.0975 0.2889
vn 0.2790 0.9566 0.0846
vn 0.9161 -0.2890 0.2779
vn 0.4528 0.8810 0.1374
vn 0.8449 -0.4696 0.2563
vn 0.6088 0.7715 0.1847
vn 0.7412 -0.6326 0.2248
vn 0.7412 0.6326 0.2248
vn 0.6088 -0.7715 0.1847
vn 0.8448 0.4696 0.2563
vn 0.4173 0.8810 0.2230
vn 0.7786 -0.4696 0.4162
vn 0.5611 0.7715 0.2999
vn 0.6831 -0.6326 0.3651
vn 0.6831 0.6326 0.3651
vn 0.5611 -0.7715 0.2999
vn 0.7786 0.4696 0.4162
vn 0.8443 0.2890 0.4513
vn 0.8777 0.0975 0.4691
vn 0.0868 0.9951 0.0464
vn 0.8777 -0.0975 0.4691
vn 0.2572 0.9565 0.1374
vn 0.8443 -0.2890 0.4513
vn 0.7400 0.2890 0.6073
vn 0.7693 0.0975 0.6314
vn 0.0762 0.9951 0.0625
vn 0.7693 -0.0975 0.6314
vn 0.2253 0.9566 0.1850
vn 0.7400 -0.2890 0.6073
vn 0.3658 0.8810 0.3002
vn 0.6825 -0.4696 0.5601
vn 0.4918 0.7715 0.4036
vn 0.5987 -0.6326 0.4913
vn 0.5987 0.6326 0.4914
vn 0.4918 -0.7715 0.4036
vn 0.6825 0.4696 0.5601
vn 0.5601 -0.4696 0.6825
vn 0.4036 0.7715 0.4918
vn 0.4913 -0.6326 0.5987
vn 0.4913 0.6326 0.5987
vn 0.4036 -0.7715 0.4918
vn 0.5601 0.4696 0.6825
vn 0.6073 0.2890 0.7400
vn 0.6314 0.0975 0.7693
vn 0.0624 0.9951 0.0761
vn 0.6314 -0.0975 0.7693
vn 0.1850 0.9566 0.2254
vn 0.6073 -0.2890 0.7400
vn 0.3002 0.8810 0.3658
vn 0.4691 0.0976 0.8777
vn 0.0465 0.9951 0.0869
vn 0.4691 -0.0976 0.8777
vn 0.1374 0.9566 0.2571
vn 0.4513 -0.2890 0.8443
vn 0.2230 0.8810 0.4173
vn 0.4162 -0.4696 0.7786
vn 0.2999 0.7715 0.5611
vn 0.3651 -0.6326 0.6831
vn 0.3651 0.6325 0.6831
vn 0.2999 -0.7715 0.5611
vn 0.4162 0.4696 0.7786
vn 0.4513 0.2890 0.8443
vn 0.1847 0.7715 0.6088
vn 0.2248 -0.6326 0.7412
vn 0.2248 0.6325 0.7412
vn 0.1847 -0.7715 0.6088
vn 0.2563 0.4696 0.8448
vn 0.2779 0.2890 0.9161
vn 0.2889 0.0976 0.9524
vn 0.0285 0.9951 0.0943
vn 0.2889 -0.0976 0.9524
vn 0.0846 0.9566 0.2790
vn 0.2779 -0.2890 0.9161
vn 0.1374 0.8810 0.4528
vn 0.2563 -0.4696 0.8448
vn 0.0975 0.0975 0.9904
vn 0.0096 0.9951 0.0980
vn 0.0975 -0.0976 0.9904
vn 0.0286 0.9566 0.2902
vn 0.0938 -0.2890 0.9527
vn 0.0464 0.8810 0.4709
vn 0.0865 -0.4696 0.8786
vn 0.0624 0.7715 0.6332
vn 0.0759 -0.6326 0.7708
vn 0.0759 0.6326 0.7708
vn 0.0624 -0.7715 0.6332
vn 0.0865 0.4696 0.8786
vn 0.0938 0.2890 0.9527
vn -0.0759 -0.6326 0.7708
vn -0.0759 0.6326 0.7708
vn -0.0624 -0.7715 0.6332
vn -0.0865 0.4696 0.8786
vn -0.0938 0.2890 0.9527
vn -0.0976 0.0975 0.9904
vn -0.0096 0.9951 0.0980
vn -0.0976 -0.0975 0.9904
vn -0.0286 0.9566 0.2902
vn -0.0938 -0.2890 0.9527
vn -0.0464 0.8810 0.4709
vn -0.0865 -0.4696 0.8786
vn -0.0624 0.7715 0.6332
vn -0.2889 -0.0975 0.9524
vn -0.0846 0.9566 0.2790
vn -0.2779 -0.2890 0.9161
vn -0.1374 0.8810 0.4528
vn -0.2563 -0.4696 0.8448
vn -0.1847 0.7715 0.6088
vn -0.2248 -0.6326 0.7412
vn -0.2248 0.6325 0.7412
vn -0.1847 -0.7715 0.6088
vn -0.2563 0.4696 0.8448
vn -0.2779 0.2890 0.9161
vn -0.2889 0.0975 0.9524
vn -0.0285 0.9951 0.0943
vn -0.2999 -0.7715 0.5611
vn -0.4162 0.4696 0.7786
vn -0.4513 0.2890 0.8443
vn -0.4692 0.0975 0.8777
vn -0.0465 0.9951 0.0869
vn -0.4692 -0.0975 0.8777
vn -0.1375 0.9565 0.2571
vn -0.4513 -0.2890 0.8443
vn -0.2230 0.8810 0.4173
vn -0.4162 -0.4696 0.7786
vn -0.2999 0.7715 0.5611
vn -0.3651 -0.6326 0.6831
vn -0.3651 0.6325 0.6831
vn -0.1850 0.9566 0.2254
vn -0.6073 -0.2890 0.7400
vn -0.3002 0.8810 0.3658
vn -0.5601 -0.4696 0.6825
vn -0.4036 0.7715 0.4918
vn -0.4913 -0.6326 0.5987
vn -0.4914 0.6325 0.5987
vn -0.4036 -0.7715 0.4918
vn -0.5601 0.4696 0.6825
vn -0.6073 0.2890 0.7400
vn -0.6314 0.0975 0.7693
vn -0.0625 0.9951 0.0761
vn -0.6314 -0.0975 0.7693
vn -0.6825 0.4696 0.5601
vn -0.7400 0.2890 0.6073
vn -0.7693 0.0976 0.6314
vn -0.0762 0.9951 0.0625
vn -0.7693 -0.0976 0.6314
vn -0.2254 0.9566 0.1850
vn -0.7400 -0.2890 0.6073
vn -0.3658 0.8810 0.3002
vn -0.6825 -0.4696 0.5601
vn -0.4918 0.7715 0.4036
vn -0.5987 -0.6326 0.4913
vn -0.5987 0.6326 0.4913
vn -0.4918 -0.7715 0.4036
vn -0.8443 -0.2890 0.4513
vn -0.4173 0.8810 0.2230
vn -0.7786 -0.4696 0.4162
vn -0.5611 0.7715 0.2999
vn -0.6830 -0.6326 0.3651
vn -0.6831 0.6326 0.3651
vn -0.5611 -0.7715 0.2999
vn -0.7786 0.4696 0.4162
vn -0.1897 0.9816 0.0202
vn -0.8443 0.2890 0.4513
vn -0.2106 0.9754 0.0655
vn -0.8777 0.0976 0.4691
vn -0.0868 0.9951 0.0464
vn -0.8777 -0.0976 0.4692
vn -0.2571 0.9566 0.1374
vn -0.2326 0.9644 0.1259
vn -0.9161 0.2890 0.2779
vn -0.2557 0.9434 0.2113
vn -0.9524 0.0976 0.2889
vn -0.0943 0.9951 0.0286
vn 0.0190 -0.9807 -0.1947
vn -0.9524 -0.0976 0.2889
vn -0.2790 0.9566 0.0846
vn -0.9161 -0.2890 0.2779
vn -0.4528 0.8810 0.1374
vn -0.8448 -0.4696 0.2563
vn -0.6088 0.7715 0.1847
vn -0.7412 -0.6326 0.2248
vn -0.7412 0.6325 0.2248
vn -0.6088 -0.7715 0.1847
vn -0.8448 0.4696 0.2563
vn -0.4709 0.8810 0.0464
vn -0.8786 -0.4696 0.0865
vn -0.6332 0.7715 0.0624
vn -0.7708 -0.6326 0.0759
vn -0.7708 0.6325 0.0759
vn -0.6331 -0.7715 0.0624
vn -0.8786 0.4696 0.0865
vn -0.2802 0.8967 0.3427
vn -0.9527 0.2890 0.0938
vn -0.3020 0.7669 0.5663
vn -0.9904 0.0975 0.0975
vn -0.0980 0.9951 0.0097
vn -0.0466 -0.8786 -0.4753
vn -0.9904 -0.0975 0.0975
vn -0.2902 0.9566 0.0286
vn -0.9527 -0.2890 0.0938
vn -0.9527 0.2890 -0.0938
vn -0.0879 -0.4447 0.8914
vn -0.9904 0.0975 -0.0975
vn -0.0980 0.9951 -0.0097
vn -0.1827 0.7781 -0.6010
vn -0.9904 -0.0975 -0.0975
vn -0.2902 0.9566 -0.0286
vn -0.9527 -0.2890 -0.0938
vn -0.4709 0.8810 -0.0464
vn -0.8786 -0.4696 -0.0865
vn -0.6331 0.7715 -0.0624
vn -0.7708 -0.6326 -0.0759
vn -0.7708 0.6325 -0.0759
vn -0.6331 -0.7715 -0.0624
vn -0.8786 0.4696 -0.0865
vn -0.2734 0.3345 0.9019
vn -0.8449 -0.4696 -0.2563
vn -0.6088 0.7715 -0.1847
vn -0.7412 -0.6326 -0.2248
vn -0.7412 0.6325 -0.2248
vn -0.6088 -0.7715 -0.1847
vn -0.8448 0.4696 -0.2563
vn 0.0582 -0.8060 0.5890
vn -0.9161 0.2890 -0.2779
vn 0.1185 -0.9134 0.3894
vn -0.9524 0.0976 -0.2889
vn -0.0942 0.9951 -0.0286
vn -0.1232 0.9656 -0.2291
vn -0.9524 -0.0976 -0.2889
vn -0.2790 0.9566 -0.0846
vn -0.9161 -0.2890 -0.2779
vn -0.4528 0.8810 -0.1374
vn 0.1521 -0.9711 0.1838
vn -0.8777 0.0975 -0.4692
vn -0.0869 0.9951 -0.0464
vn -0.1173 0.9830 -0.1413
vn -0.8777 -0.0976 -0.4692
vn -0.2572 0.9565 -0.1374
vn -0.8443 -0.2890 -0.4513
vn -0.4173 0.8810 -0.2230
vn -0.7786 -0.4696 -0.4162
vn -0.5611 0.7715 -0.2999
vn -0.6831 -0.6326 -0.3651
vn -0.6831 0.6326 -0.3651
vn -0.5611 -0.7715 -0.2999
vn -0.7786 0.4696 -0.4162
vn 0.1435 -0.9530 0.2668
vn -0.8443 0.2890 -0.4513
vn -0.5987 -0.6326 -0.4913
vn -0.5987 0.6326 -0.4914
vn -0.4918 -0.7715 -0.4036
vn -0.6825 0.4696 -0.5601
vn 0.1519 -0.9807 0.1231
vn -0.7400 0.2890 -0.6073
vn 0.1462 -0.9863 0.0766
vn -0.7693 0.0975 -0.6314
vn -0.0761 0.9951 -0.0625
vn -0.1238 0.9872 -0.1001
vn -0.7693 -0.0975 -0.6314
vn -0.2254 0.9566 -0.1850
vn -0.7400 -0.2890 -0.6073
vn -0.3658 0.8810 -0.3002
vn -0.6825 -0.4696 -0.5601
vn -0.4918 0.7715 -0.4036
vn -0.0624 0.9951 -0.0761
vn -0.1364 0.9881 -0.0712
vn -0.6314 -0.0975 -0.7693
vn -0.1850 0.9566 -0.2254
vn -0.6073 -0.2890 -0.7400
vn -0.3002 0.8810 -0.3658
vn -0.5601 -0.4696 -0.6825
vn -0.4036 0.7715 -0.4918
vn -0.4913 -0.6326 -0.5987
vn -0.4913 0.6326 -0.5987
vn -0.4036 -0.7715 -0.4918
vn -0.5601 0.4696 -0.6825
vn 0.1366 -0.9898 0.0399
vn -0.6073 0.2890 -0.7400
vn 0.1248 -0.9921 0.0107
vn -0.6314 0.0975 -0.7693
vn -0.3651 0.6326 -0.6831
vn -0.2999 -0.7715 -0.5611
vn -0.4162 0.4696 -0.7786
vn 0.1116 -0.9937 -0.0126
vn -0.4513 0.2890 -0.8443
vn 0.0979 -0.9947 -0.0313
vn -0.4692 0.0975 -0.8777
vn -0.0465 0.9951 -0.0869
vn -0.1520 0.9874 -0.0445
vn -0.4692 -0.0975 -0.8777
vn -0.1374 0.9566 -0.2571
vn -0.4513 -0.2890 -0.8443
vn -0.2230 0.8810 -0.4173
vn -0.4162 -0.4696 -0.7786
vn -0.2999 0.7715 -0.5611
vn -0.3651 -0.6326 -0.6831
vn -0.2889 -0.0975 -0.9524
vn -0.0846 0.9566 -0.2790
vn -0.2779 -0.2890 -0.9161
vn -0.1374 0.8810 -0.4528
vn -0.2563 -0.4696 -0.8448
vn -0.1847 0.7715 -0.6088
vn -0.2248 -0.6326 -0.7412
vn -0.2248 0.6325 -0.7412
vn -0.1847 -0.7715 -0.6088
vn -0.2563 0.4696 -0.8448
vn 0.0843 -0.9953 -0.0466
vn -0.2779 0.2890 -0.9161
vn 0.0714 -0.9956 -0.0602
vn -0.2889 0.0975 -0.9524
vn -0.0286 0.9951 -0.0943
vn -0.1701 0.9853 -0.0152
vn -0.0624 -0.7715 -0.6332
vn -0.0865 0.4696 -0.8786
vn 0.0595 -0.9955 -0.0741
vn -0.0938 0.2890 -0.9527
vn 0.0370 -0.9917 -0.1235
vn -0.0976 0.0975 -0.9904
vn -0.0097 0.9951 -0.0980
vn -0.0976 -0.0975 -0.9904
vn -0.0286 0.9566 -0.2902
vn -0.0938 -0.2890 -0.9527
vn -0.0464 0.8810 -0.4709
vn -0.0865 -0.4696 -0.8786
vn -0.0624 0.7715 -0.6332
vn -0.0759 -0.6326 -0.7708
vn -0.0759 0.6326 -0.7708
vn -0.0526 0.8454 -0.5315
vn 0.0537 0.8352 0.5474
vn 0.0536 0.8352 0.5474
vn -0.1558 0.8454 -0.5110
vn 0.1589 0.8352 0.5265
vn -0.2530 0.8453 -0.4706
vn 0.2581 0.8353 0.4855
vn -0.3404 0.8451 -0.4121
vn 0.3474 0.8354 0.4259
vn -0.4147 0.8450 -0.3377
vn 0.4233 0.8356 0.3501
vn -0.4730 0.8448 -0.2502
vn 0.4831 0.8358 0.2609
vn -0.5132 0.8446 -0.1530
vn 0.5243 0.8360 0.1617
vn -0.5335 0.8443 -0.0499
vn 0.5454 0.8362 0.0564
vn -0.5334 0.8441 0.0552
vn 0.5456 0.8365 -0.0511
vn -0.5127 0.8438 0.1582
vn 0.5248 0.8367 -0.1565
vn -0.4724 0.8436 0.2552
vn 0.4838 0.8369 -0.2559
vn -0.4140 0.8434 0.3424
vn 0.4241 0.8371 -0.3454
vn -0.3397 0.8433 0.4166
vn 0.3481 0.8373 -0.4216
vn -0.2524 0.8431 0.4748
vn 0.2587 0.8374 -0.4814
vn -0.1554 0.8430 0.5149
vn 0.1593 0.8375 -0.5226
vn 0.0868 -0.4627 -0.8823
vn -0.0525 0.8430 0.5354
vn 0.0538 0.8376 -0.5437
vn -0.0868 -0.4627 -0.8823
vn 0.0525 0.8430 0.5354
vn -0.0538 0.8376 -0.5437
vn 0.1554 0.8430 0.5149
vn -0.1593 0.8375 -0.5226
vn 0.2524 0.8431 0.4748
vn -0.2587 0.8374 -0.4814
vn 0.3397 0.8433 0.4166
vn -0.3481 0.8373 -0.4216
vn 0.4140 0.8434 0.3424
vn -0.4241 0.8371 -0.3454
vn 0.4724 0.8436 0.2552
vn -0.4838 0.8369 -0.2559
vn 0.5127 0.8438 0.1582
vn -0.5248 0.8367 -0.1565
vn 0.5334 0.8441 0.0552
vn -0.5456 0.8365 -0.0511
vn 0.5335 0.8443 -0.0499
vn -0.5454 0.8362 0.0564
vn 0.5132 0.8446 -0.1530
vn -0.5243 0.8360 0.1617
vn -0.7820 -0.4636 0.4165
vn 0.4730 0.8448 -0.2502
vn -0.4831 0.8358 0.2609
vn 0.4147 0.8450 -0.3377
vn -0.4233 0.8356 0.3501
vn 0.3404 0.8451 -0.4121
vn -0.3474 0.8354 0.4259
vn 0.2530 0.8453 -0.4706
vn -0.2581 0.8353 0.4855
vn 0.1558 0.8454 -0.5110
vn -0.1589 0.8352 0.5265
vn 0.0526 0.8454 -0.5315
vn -0.0537 0.8352 0.5474
vn -0.0536 0.8352 0.5474
vt 0.979167 0.750000
vt 0.000000 0.750000
vt 0.000000 0.750000
vt 0.979167 0.750000
vt 0.208333 0.750000
vt 0.229167 0.750000
vt 0.229167 0.750000
vt 0.208333 0.750000
vt 0.937500 0.750000
vt 0.958333 0.750000
vt 0.937500 0.750000
vt 0.687500 0.750000
vt 0.708333 0.750000
vt 0.270833 0.750000
vt 0.291667 0.750000
vt 0.291667 0.750000
vt 0.791667 0.750000
vt 0.812500 0.750000
vt 0.812500 0.750000
vt 0.791667 0.750000
vt 0.145833 0.750000
vt 0.166667 0.750000
vt 0.145833 0.750000
vt 0.833333 0.750000
vt 0.833333 0.750000
vt 0.333333 0.750000
vt 0.354167 0.750000
vt 0.354167 0.750000
vt 0.333333 0.750000
vt 0.770833 0.750000
vt 0.312500 0.750000
vt 0.312500 0.750000
vt 0.875000 0.750000
vt 0.895833 0.750000
vt 0.895833 0.750000
vt 0.875000 0.750000
vt 0.916667 0.750000
vt 0.187500 0.750000
vt 0.187500 0.750000
vt 0.062500 0.750000
vt 0.083333 0.750000
vt 0.729167 0.750000
vt 0.666667 0.750000
vt 0.666667 0.750000
vt 0.458333 0.750000
vt 0.479167 0.750000
vt 0.479167 0.750000
vt 0.458333 0.750000
vt 0.395833 0.750000
vt 0.416667 0.750000
vt 0.395833 0.750000
vt 0.500000 0.750000
vt 0.520833 0.750000
vt 0.520833 0.750000
vt 0.750000 0.750000
vt 0.750000 0.750000
vt 0.020833 0.750000
vt 0.854167 0.750000
vt 0.854167 0.750000
vt 0.250000 0.750000
vt 0.250000 0.750000
vt 0.437500 0.750000
vt 0.104167 0.750000
vt 0.125000 0.750000
vt 0.125000 0.750000
vt 0.041667 0.750000
vt 0.041667 0.750000
vt 0.541667 0.750000
vt 0.562500 0.750000
vt 0.541667 0.750000
vt 0.375000 0.750000
vt 0.375000 0.750000
vt 0.645833 0.750000
vt 0.645833 0.750000
vt 0.604167 0.750000
vt 0.625000 0.750000
vt 0.583333 0.750000
vt 0.208333 0.750000
vt 0.208333 0.750000
vt 0.229167 0.750000
vt 0.979167 0.750000
vt 0.708333 0.750000
vt 0.687500 0.750000
vt 0.687500 0.750000
vt 0.937500 0.750000
vt 0.958333 0.750000
vt 0.958333 0.750000
vt 0.937500 0.750000
vt 0.958333 0.750000
vt 0.291667 0.750000
vt 0.937500 0.750000
vt 0.291667 0.750000
vt 0.270833 0.750000
vt 0.145833 0.750000
vt 0.791667 0.750000
vt 0.812500 0.750000
vt 0.145833 0.750000
vt 0.166667 0.750000
vt 0.833333 0.750000
vt 0.354167 0.750000
vt 0.833333 0.750000
vt 0.312500 0.750000
vt 0.312500 0.750000
vt 0.770833 0.750000
vt 0.770833 0.750000
vt 0.770833 0.750000
vt 0.875000 0.750000
vt 0.916667 0.750000
vt 0.895833 0.750000
vt 0.916667 0.750000
vt 0.875000 0.750000
vt 0.875000 0.750000
vt 0.729167 0.750000
vt 0.187500 0.750000
vt 0.062500 0.750000
vt 0.062500 0.750000
vt 0.083333 0.750000
vt 0.666667 0.750000
vt 0.729167 0.750000
vt 0.479167 0.750000
vt 0.729167 0.750000
vt 0.458333 0.750000
vt 0.479167 0.750000
vt 0.479167 0.750000
vt 0.666667 0.750000
vt 0.395833 0.750000
vt 0.416667 0.750000
vt 0.395833 0.750000
vt 0.395833 0.750000
vt 0.520833 0.750000
vt 0.500000 0.750000
vt 0.395833 0.750000
vt 0.416667 0.750000
vt 0.020833 0.750000
vt 0.750000 0.750000
vt 0.854167 0.750000
vt 0.854167 0.750000
vt 0.854167 0.750000
vt 0.250000 0.750000
vt 0.020833 0.750000
vt 0.250000 0.750000
vt 0.104167 0.750000
vt 0.104167 0.750000
vt 0.437500 0.750000
vt 0.125000 0.750000
vt 0.437500 0.750000
vt 0.104167 0.750000
vt 0.041667 0.750000
vt 0.041667 0.750000
vt 0.041667 0.750000
vt 0.541667 0.750000
vt 0.645833 0.750000
vt 0.645833 0.750000
vt 0.645833 0.750000
vt 0.604167 0.750000
vt 0.604167 0.750000
vt 0.604167 0.750000
vt 0.604167 0.750000
vt 0.625000 0.750000
vt 0.703178 0.485388
vt 0.750000 0.490000
vt 0.796822 0.485388
vt 0.841844 0.471731
vt 0.883337 0.449553
vt 0.919706 0.419706
vt 0.949553 0.383337
vt 0.971731 0.341844
vt 0.985388 0.296822
vt 0.990000 0.250000
vt 0.985388 0.203178
vt 0.971731 0.158156
vt 0.949553 0.116663
vt 0.919706 0.080294
vt 0.883337 0.050447
vt 0.841844 0.028269
vt 0.796822 0.014612
vt 0.750000 0.010000
vt 0.703178 0.014612
vt 0.658156 0.028269
vt 0.616663 0.050447
vt 0.580294 0.080294
vt 0.550447 0.116663
vt 0.528269 0.158156
vt 0.514612 0.203178
vt 0.510000 0.250000
vt 0.514612 0.296822
vt 0.528269 0.341844
vt 0.550447 0.383337
vt 0.580294 0.419706
vt 0.616663 0.449553
vt 0.658156 0.471731
vt 0.031250 0.500000
vt 0.031250 0.533333
vt 0.000000 0.533333
vt 0.000000 0.500000
vt 0.062500 0.500000
vt 0.062500 0.533333
vt 0.093750 0.500000
vt 0.093750 0.533333
vt 0.125000 0.500000
vt 0.125000 0.533333
vt 0.156250 0.500000
vt 0.156250 0.533333
vt 0.187500 0.500000
vt 0.187500 0.533333
vt 0.218750 0.500000
vt 0.218750 0.533333
vt 0.250000 0.500000
vt 0.250000 0.533333
vt 0.281250 0.500000
vt 0.281250 0.533333
vt 0.312500 0.500000
vt 0.312500 0.533333
vt 0.343750 0.500000
vt 0.343750 0.533333
vt 0.375000 0.500000
vt 0.375000 0.533333
vt 0.406250 0.500000
vt 0.406250 0.533333
vt 0.437500 0.500000
vt 0.437500 0.533333
vt 0.468750 0.500000
vt 0.468750 0.533333
vt 0.500000 0.500000
vt 0.500000 0.533333
vt 0.531250 0.500000
vt 0.531250 0.533333
vt 0.562500 0.500000
vt 0.562500 0.533333
vt 0.593750 0.500000
vt 0.593750 0.533333
vt 0.625000 0.500000
vt 0.625000 0.533333
vt 0.656250 0.500000
vt 0.656250 0.533333
vt 0.687500 0.500000
vt 0.687500 0.533333
vt 0.718750 0.500000
vt 0.718750 0.533333
vt 0.750000 0.500000
vt 0.750000 0.533333
vt 0.781250 0.500000
vt 0.781250 0.533333
vt 0.812500 0.500000
vt 0.812500 0.533333
vt 0.843750 0.500000
vt 0.843750 0.533333
vt 0.875000 0.500000
vt 0.875000 0.533333
vt 0.906250 0.500000
vt 0.906250 0.533333
vt 0.937500 0.500000
vt 0.937500 0.533333
vt 0.968750 0.500000
vt 0.968750 0.533333
vt 1.000000 0.500000
vt 1.000000 0.533333
vt 0.031250 0.556962
vt 0.000000 0.556962
vt 0.062500 0.556962
vt 0.093750 0.556962
vt 0.125000 0.556962
vt 0.156250 0.556962
vt 0.187500 0.556962
vt 0.218750 0.556962
vt 0.250000 0.556962
vt 0.281250 0.556962
vt 0.312500 0.556962
vt 0.343750 0.556962
vt 0.375000 0.556962
vt 0.406250 0.556962
vt 0.437500 0.556962
vt 0.468750 0.556962
vt 0.500000 0.556962
vt 0.531250 0.556962
vt 0.562500 0.556962
vt 0.593750 0.556962
vt 0.625000 0.556962
vt 0.656250 0.556962
vt 0.687500 0.556962
vt 0.718750 0.556962
vt 0.750000 0.556962
vt 0.781250 0.556962
vt 0.812500 0.556962
vt 0.843750 0.556962
vt 0.875000 0.556962
vt 0.906250 0.556962
vt 0.937500 0.556962
vt 0.968750 0.556962
vt 1.000000 0.556962
vt 0.520833 0.500000
vt 0.520833 0.583333
vt 0.500000 0.583333
vt 0.520833 0.666667
vt 0.500000 0.666667
vt 0.500000 0.727124
vt 0.520833 0.727124
vt 0.500000 0.416667
vt 0.520833 0.416667
vt 0.541667 0.500000
vt 0.541667 0.583333
vt 0.541667 0.666667
vt 0.541667 0.727124
vt 0.541667 0.750000
vt 0.541667 0.416667
vt 0.562500 0.583333
vt 0.562500 0.666667
vt 0.562500 0.727124
vt 0.562500 0.416667
vt 0.583333 0.500000
vt 0.583333 0.583333
vt 0.583333 0.666667
vt 0.583333 0.727124
vt 0.583333 0.750000
vt 0.583333 0.416667
vt 0.604167 0.500000
vt 0.604167 0.583333
vt 0.604167 0.666667
vt 0.604167 0.727124
vt 0.604167 0.750000
vt 0.604167 0.416667
vt 0.625000 0.583333
vt 0.625000 0.666667
vt 0.625000 0.727124
vt 0.625000 0.416667
vt 0.645833 0.500000
vt 0.645833 0.583333
vt 0.645833 0.666667
vt 0.645833 0.727124
vt 0.645833 0.750000
vt 0.645833 0.416667
vt 0.666667 0.500000
vt 0.666667 0.583333
vt 0.666667 0.666667
vt 0.666667 0.727124
vt 0.666667 0.750000
vt 0.666667 0.416667
vt 0.687500 0.583333
vt 0.687500 0.666667
vt 0.687500 0.727124
vt 0.687500 0.416667
vt 0.708333 0.500000
vt 0.708333 0.583333
vt 0.708333 0.666667
vt 0.708333 0.727124
vt 0.708333 0.750000
vt 0.708333 0.416667
vt 0.729167 0.500000
vt 0.729167 0.583333
vt 0.729167 0.666667
vt 0.729167 0.727124
vt 0.729167 0.750000
vt 0.729167 0.416667
vt 0.750000 0.583333
vt 0.750000 0.666667
vt 0.750000 0.727124
vt 0.750000 0.416667
vt 0.770833 0.500000
vt 0.770833 0.583333
vt 0.770833 0.666667
vt 0.770833 0.727124
vt 0.770833 0.416667
vt 0.791667 0.500000
vt 0.791667 0.583333
vt 0.791667 0.666667
vt 0.791667 0.727124
vt 0.791667 0.750000
vt 0.791667 0.416667
vt 0.812500 0.583333
vt 0.812500 0.666667
vt 0.812500 0.727124
vt 0.812500 0.750000
vt 0.812500 0.416667
vt 0.833333 0.500000
vt 0.833333 0.583333
vt 0.833333 0.666667
vt 0.833333 0.727124
vt 0.833333 0.416667
vt 0.854167 0.500000
vt 0.854167 0.583333
vt 0.854167 0.666667
vt 0.854167 0.727124
vt 0.854167 0.416667
vt 0.875000 0.583333
vt 0.875000 0.666667
vt 0.875000 0.727124
vt 0.875000 0.416667
vt 0.895833 0.500000
vt 0.895833 0.583333
vt 0.895833 0.666667
vt 0.895833 0.727124
vt 0.895833 0.750000
vt 0.895833 0.416667
vt 0.916667 0.500000
vt 0.916667 0.583333
vt 0.916667 0.666667
vt 0.916667 0.727124
vt 0.916667 0.416667
vt 0.937500 0.583333
vt 0.937500 0.666667
vt 0.937500 0.727124
vt 0.937500 0.416667
vt 0.958333 0.500000
vt 0.958333 0.583333
vt 0.958333 0.666667
vt 0.958333 0.727124
vt 0.958333 0.416667
vt 0.979167 0.500000
vt 0.979167 0.583333
vt 0.979167 0.666667
vt 0.979167 0.727124
vt 0.979167 0.750000
vt 0.500000 0.699346
vt 0.520833 0.699347
vt 0.979167 0.416667
vt 1.000000 0.583333
vt 1.000000 0.666667
vt 1.000000 0.727124
vt 1.000000 0.750000
vt 0.541667 0.699346
vt 0.562500 0.699346
vt 1.000000 0.416667
vt 0.000000 0.500000
vt 0.020833 0.500000
vt 0.020833 0.583333
vt 0.000000 0.583333
vt 0.020833 0.666667
vt 0.000000 0.666667
vt 0.000000 0.727124
vt 0.020833 0.727124
vt 0.020833 0.750000
vt 0.000000 0.750000
vt 0.583333 0.699346
vt 0.604167 0.699346
vt 0.000000 0.416667
vt 0.020833 0.416667
vt 0.041667 0.500000
vt 0.041667 0.583333
vt 0.041667 0.666667
vt 0.041667 0.727124
vt 0.041667 0.750000
vt 0.625000 0.699346
vt 0.645833 0.699346
vt 0.041667 0.416667
vt 0.062500 0.583333
vt 0.062500 0.666667
vt 0.062500 0.727124
vt 0.666667 0.699346
vt 0.687500 0.699346
vt 0.062500 0.416667
vt 0.083333 0.500000
vt 0.083333 0.583333
vt 0.083333 0.666667
vt 0.083333 0.727124
vt 0.708333 0.699346
vt 0.729167 0.699346
vt 0.083333 0.416667
vt 0.104167 0.500000
vt 0.104167 0.583333
vt 0.104167 0.666667
vt 0.104167 0.727124
vt 0.104167 0.750000
vt 0.750000 0.699346
vt 0.770833 0.699346
vt 0.104167 0.416667
vt 0.125000 0.583333
vt 0.125000 0.666667
vt 0.125000 0.727124
vt 0.791667 0.699346
vt 0.812500 0.699346
vt 0.125000 0.416667
vt 0.145833 0.500000
vt 0.145833 0.583333
vt 0.145833 0.666667
vt 0.145833 0.727124
vt 0.833333 0.699346
vt 0.854167 0.699346
vt 0.145833 0.416667
vt 0.166667 0.500000
vt 0.166667 0.583333
vt 0.166667 0.666667
vt 0.166667 0.727124
vt 0.166667 0.750000
vt 0.875000 0.699346
vt 0.895833 0.699346
vt 0.166667 0.416667
vt 0.187500 0.583333
vt 0.187500 0.666667
vt 0.187500 0.727124
vt 0.916667 0.699346
vt 0.937500 0.699346
vt 0.187500 0.416667
vt 0.208333 0.500000
vt 0.208333 0.583333
vt 0.208333 0.666667
vt 0.208333 0.727124
vt 0.958333 0.699346
vt 0.979167 0.699346
vt 0.208333 0.416667
vt 0.229167 0.500000
vt 0.229167 0.583333
vt 0.229167 0.666667
vt 0.229167 0.727124
vt 0.229167 0.750000
vt 1.000000 0.699346
vt 0.000000 0.699346
vt 0.020833 0.699346
vt 0.229167 0.416667
vt 0.250000 0.583333
vt 0.250000 0.666667
vt 0.250000 0.727124
vt 0.041667 0.699346
vt 0.062500 0.699346
vt 0.250000 0.416667
vt 0.270833 0.500000
vt 0.270833 0.583333
vt 0.270833 0.666667
vt 0.270833 0.727124
vt 0.270833 0.750000
vt 0.083333 0.699346
vt 0.104167 0.699346
vt 0.270833 0.416667
vt 0.291667 0.500000
vt 0.291667 0.583333
vt 0.291667 0.666667
vt 0.291667 0.727124
vt 0.125000 0.699346
vt 0.145833 0.699346
vt 0.291667 0.416667
vt 0.312500 0.583333
vt 0.312500 0.666667
vt 0.312500 0.727124
vt 0.166667 0.699346
vt 0.187500 0.699346
vt 0.312500 0.416667
vt 0.333333 0.500000
vt 0.333333 0.583333
vt 0.333333 0.666667
vt 0.333333 0.727124
vt 0.208333 0.699346
vt 0.229167 0.699347
vt 0.333333 0.416667
vt 0.354167 0.500000
vt 0.354167 0.583333
vt 0.354167 0.666667
vt 0.354167 0.727124
vt 0.250000 0.699346
vt 0.270833 0.699346
vt 0.354167 0.416667
vt 0.375000 0.583333
vt 0.375000 0.666667
vt 0.375000 0.727124
vt 0.375000 0.750000
vt 0.291667 0.699346
vt 0.312500 0.699346
vt 0.375000 0.416667
vt 0.395833 0.500000
vt 0.395833 0.583333
vt 0.395833 0.666667
vt 0.395833 0.727124
vt 0.395833 0.750000
vt 0.333333 0.699346
vt 0.354167 0.699346
vt 0.395833 0.416667
vt 0.416667 0.500000
vt 0.416667 0.583333
vt 0.416667 0.666667
vt 0.416667 0.727124
vt 0.416667 0.750000
vt 0.375000 0.699346
vt 0.395833 0.699346
vt 0.416667 0.416667
vt 0.437500 0.583333
vt 0.437500 0.666667
vt 0.437500 0.727124
vt 0.416667 0.699346
vt 0.437500 0.699346
vt 0.437500 0.416667
vt 0.458333 0.500000
vt 0.458333 0.583333
vt 0.458333 0.666667
vt 0.458333 0.727124
vt 0.458333 0.750000
vt 0.458333 0.699346
vt 0.479167 0.699346
vt 0.479167 0.727124
vt 0.458333 0.416667
vt 0.479167 0.500000
vt 0.479167 0.583333
vt 0.479167 0.666667
vt 0.479167 0.750000
vt 0.479167 0.416667
vt 0.125000 0.750000
vt 0.479167 0.750000
vt 0.270833 0.750000
vt 0.000000 0.750000
vt 0.979167 0.750000
vt 0.062500 0.750000
vt 0.041667 0.750000
vt 0.437500 0.750000
vt 0.416667 0.750000
vt 0.416667 0.750000
vt 0.958333 0.750000
vt 0.937500 0.750000
vt 0.916667 0.750000
vt 0.916667 0.750000
vt 0.458333 0.750000
vt 0.458333 0.750000
vt 0.854167 0.750000
vt 0.833333 0.750000
vt 0.895833 0.750000
vt 0.687500 0.750000
vt 0.666667 0.750000
vt 0.812500 0.750000
vt 0.875000 0.750000
vt 0.604167 0.750000
vt 0.583333 0.750000
vt 0.729167 0.750000
vt 0.729167 0.750000
vt 0.791667 0.750000
vt 0.520833 0.750000
vt 0.708333 0.750000
vt 0.354167 0.750000
vt 0.562500 0.750000
vt 0.562500 0.750000
vt 0.625000 0.750000
vt 0.625000 0.750000
vt 0.541667 0.750000
vt 0.541667 0.750000
vt 0.166667 0.750000
vt 0.166667 0.750000
vt 0.229167 0.750000
vt 0.229167 0.750000
vt 0.229167 0.750000
vt 0.083333 0.750000
vt 0.499801 0.500000
vt 0.520634 0.500000
vt 0.520634 0.583364
vt 0.500000 0.582592
vt 0.520635 0.666716
vt 0.499801 0.666716
vt 0.000000 0.000000
vt 0.395641 0.333292
vt 0.375000 0.334126
vt 0.499807 0.333292
vt 0.520833 0.334126
vt 0.520833 0.415928
vt 0.500000 0.417408
vt 0.541667 0.500740
vt 0.541667 0.582592
vt 0.541667 0.665925
vt 0.354359 0.333292
vt 0.541667 0.334126
vt 0.541667 0.415928
vt 0.562500 0.500740
vt 0.562500 0.582592
vt 0.562500 0.665925
vt 0.333333 0.334126
vt 0.562307 0.333292
vt 0.562301 0.416636
vt 0.583333 0.500740
vt 0.583333 0.582592
vt 0.583333 0.665925
vt 0.312307 0.333292
vt 0.583333 0.334126
vt 0.583333 0.417408
vt 0.603968 0.500000
vt 0.603968 0.583364
vt 0.603968 0.666716
vt 0.291667 0.334126
vt 0.604167 0.334126
vt 0.604167 0.415928
vt 0.625000 0.500740
vt 0.625000 0.582592
vt 0.625000 0.665925
vt 0.270833 0.334126
vt 0.625000 0.334126
vt 0.625000 0.415928
vt 0.645833 0.500740
vt 0.645833 0.582592
vt 0.645833 0.665925
vt 0.250000 0.334126
vt 0.645641 0.333292
vt 0.645634 0.416636
vt 0.666667 0.500740
vt 0.666667 0.582592
vt 0.666667 0.665925
vt 0.228974 0.333292
vt 0.666667 0.334126
vt 0.666667 0.417408
vt 0.687301 0.500000
vt 0.687301 0.583364
vt 0.687301 0.666716
vt 0.208333 0.334126
vt 0.687500 0.334126
vt 0.687500 0.415928
vt 0.708333 0.500740
vt 0.708333 0.582592
vt 0.708333 0.665925
vt 0.187500 0.334126
vt 0.708333 0.334126
vt 0.708333 0.415928
vt 0.729167 0.500740
vt 0.729167 0.582592
vt 0.729167 0.665925
vt 0.166667 0.334126
vt 0.728974 0.333292
vt 0.728968 0.416636
vt 0.750000 0.500740
vt 0.750000 0.582592
vt 0.750000 0.665925
vt 0.145641 0.333292
vt 0.750000 0.334126
vt 0.750000 0.417408
vt 0.770634 0.500000
vt 0.770634 0.583364
vt 0.770635 0.666716
vt 0.125000 0.334126
vt 0.770833 0.334126
vt 0.770833 0.415928
vt 0.791667 0.500740
vt 0.791667 0.582592
vt 0.791667 0.665925
vt 0.104167 0.334126
vt 0.791667 0.334126
vt 0.791667 0.415928
vt 0.812500 0.500740
vt 0.812500 0.582592
vt 0.812500 0.665925
vt 0.083333 0.334126
vt 0.812307 0.333292
vt 0.812301 0.416636
vt 0.833333 0.500740
vt 0.833333 0.582592
vt 0.833333 0.665925
vt 0.062307 0.333292
vt 0.833333 0.334126
vt 0.833333 0.417408
vt 0.853968 0.500000
vt 0.853968 0.583364
vt 0.853968 0.666716
vt 0.041667 0.334126
vt 0.854167 0.334126
vt 0.854167 0.415928
vt 0.875000 0.500740
vt 0.875000 0.582592
vt 0.875000 0.665925
vt 0.875000 0.334126
vt 0.875000 0.415928
vt 0.895833 0.500740
vt 0.895833 0.582592
vt 0.895833 0.665925
vt 0.020833 0.334126
vt 0.895641 0.333292
vt 0.895634 0.416636
vt 0.916667 0.500740
vt 0.916667 0.582592
vt 0.916667 0.665925
vt 0.000000 0.334126
vt 0.916667 0.334126
vt 0.916667 0.417408
vt 0.937301 0.500000
vt 0.937301 0.583364
vt 0.937301 0.666716
vt 1.000000 0.334126
vt 0.978974 0.333292
vt 0.937500 0.334126
vt 0.937699 0.416636
vt 0.958333 0.500740
vt 0.958333 0.584072
vt 0.958333 0.665925
vt 0.958333 0.334126
vt 0.958532 0.416636
vt 0.979167 0.500740
vt 0.979167 0.584072
vt 0.979167 0.665925
vt 0.978968 0.416636
vt 0.999999 0.500740
vt 0.999996 0.584072
vt 1.000005 0.665925
vt 1.000002 0.417408
vt 0.000001 0.500740
vt 0.020634 0.500000
vt 0.020634 0.583364
vt 0.000004 0.584072
vt 0.020635 0.666716
vt -0.000005 0.665925
vt 0.021032 0.416636
vt -0.000002 0.417408
vt 0.041667 0.500740
vt 0.041667 0.584072
vt 0.041667 0.665925
vt 0.041866 0.416636
vt 0.062500 0.500740
vt 0.062500 0.584072
vt 0.062500 0.665925
vt 0.062301 0.416636
vt 0.083333 0.500740
vt 0.083333 0.584072
vt 0.083333 0.665925
vt 0.083333 0.417408
vt 0.103968 0.500000
vt 0.103968 0.583364
vt 0.103968 0.666716
vt 0.104366 0.416636
vt 0.125000 0.500740
vt 0.125000 0.584072
vt 0.125000 0.665925
vt 0.125199 0.416636
vt 0.145833 0.500740
vt 0.145833 0.584072
vt 0.145833 0.665925
vt 0.145634 0.416636
vt 0.166667 0.500740
vt 0.166667 0.584072
vt 0.166667 0.665925
vt 0.166667 0.417408
vt 0.187301 0.500000
vt 0.187301 0.583364
vt 0.187301 0.666716
vt 0.187699 0.416636
vt 0.208333 0.500740
vt 0.208333 0.584072
vt 0.208333 0.665925
vt 0.208532 0.416636
vt 0.229167 0.500740
vt 0.229167 0.584072
vt 0.229167 0.665925
vt 0.228968 0.416636
vt 0.250000 0.500740
vt 0.250000 0.584072
vt 0.250000 0.665925
vt 0.250000 0.417408
vt 0.270634 0.500000
vt 0.270634 0.583364
vt 0.270635 0.666716
vt 0.271032 0.416636
vt 0.291667 0.500740
vt 0.291667 0.584072
vt 0.291667 0.665925
vt 0.291866 0.416636
vt 0.312500 0.500740
vt 0.312500 0.584072
vt 0.312500 0.665925
vt 0.312301 0.416636
vt 0.333333 0.500740
vt 0.333333 0.584072
vt 0.333333 0.665925
vt 0.333333 0.417408
vt 0.353967 0.500000
vt 0.353968 0.583364
vt 0.353968 0.666716
vt 0.354366 0.416636
vt 0.375000 0.500740
vt 0.375000 0.584072
vt 0.375199 0.666716
vt 0.375000 0.415928
vt 0.395833 0.500740
vt 0.395833 0.582592
vt 0.395833 0.667404
vt 0.395634 0.416636
vt 0.416667 0.500740
vt 0.416667 0.582592
vt 0.416667 0.667404
vt 0.416667 0.334126
vt 0.416667 0.417408
vt 0.437301 0.500000
vt 0.437301 0.583364
vt 0.437301 0.666716
vt 0.478974 0.333292
vt 0.437500 0.334126
vt 0.437500 0.415928
vt 0.458333 0.500740
vt 0.458333 0.582592
vt 0.458333 0.667404
vt 0.458333 0.334126
vt 0.458333 0.415928
vt 0.479167 0.500740
vt 0.479366 0.583364
vt 0.479365 0.666716
vt 0.478968 0.416636
vt 0.406250 0.375000
vt 0.375000 0.375000
vt 0.343750 0.375000
vt 0.312500 0.375000
vt 0.281250 0.375000
vt 0.250000 0.375000
vt 0.218750 0.375000
vt 0.187500 0.375000
vt 0.156250 0.375000
vt 0.125000 0.375000
vt 0.093750 0.375000
vt 0.062500 0.375000
vt 0.031250 0.375000
vt 1.000000 0.375000
vt 0.968750 0.375000
vt 0.937500 0.375000
vt 0.906250 0.375000
vt 0.875000 0.375000
vt 0.843750 0.375000
vt 0.812500 0.375000
vt 0.781250 0.375000
vt 0.750000 0.375000
vt 0.718750 0.375000
vt 0.687500 0.375000
vt 0.656250 0.375000
vt 0.625000 0.375000
vt 0.593750 0.375000
vt 0.562500 0.375000
vt 0.531250 0.375000
vt 0.500000 0.375000
vt 0.468750 0.375000
vt 0.437500 0.375000
vt 0.000000 0.375000
vt 0.385452 0.486926
vt 0.369845 0.485388
vt 0.203178 0.485388
vt 0.218785 0.486926
vt 0.173163 0.476284
vt 0.158156 0.471731
vt 0.196342 0.379542
vt 0.222643 0.387533
vt 0.188171 0.480836
vt 0.130494 0.456945
vt 0.116663 0.449553
vt 0.172112 0.366567
vt 0.144325 0.464338
vt 0.092417 0.429655
vt 0.080294 0.419706
vt 0.150887 0.349113
vt 0.104540 0.439604
vt 0.060396 0.395460
vt 0.050447 0.383337
vt 0.133484 0.327854
vt 0.070345 0.407583
vt 0.035662 0.355675
vt 0.028269 0.341844
vt 0.120570 0.303612
vt 0.043054 0.369506
vt 0.019164 0.311829
vt 0.014612 0.296822
vt 0.112639 0.277323
vt 0.023716 0.326837
vt 0.011537 0.265607
vt 0.010000 0.250000
vt 0.109991 0.250000
vt 0.013074 0.281214
vt 0.013074 0.218786
vt 0.014612 0.203178
vt 0.112724 0.222694
vt 0.011537 0.234393
vt 0.023716 0.173163
vt 0.028269 0.158156
vt 0.120727 0.196453
vt 0.019164 0.188171
vt 0.043054 0.130494
vt 0.050447 0.116663
vt 0.133689 0.172284
vt 0.035662 0.144325
vt 0.070345 0.092417
vt 0.080294 0.080294
vt 0.151110 0.151110
vt 0.060396 0.104540
vt 0.104540 0.060396
vt 0.116663 0.050447
vt 0.172318 0.133740
vt 0.092417 0.070345
vt 0.144325 0.035662
vt 0.158156 0.028269
vt 0.196499 0.120838
vt 0.130494 0.043055
vt 0.203178 0.014612
vt 0.222728 0.112895
vt 0.173163 0.023716
vt 0.188171 0.019164
vt 0.234393 0.011537
vt 0.250000 0.010000
vt 0.250000 0.110213
vt 0.218785 0.013074
vt 0.281214 0.013074
vt 0.296822 0.014612
vt 0.277272 0.112895
vt 0.265607 0.011537
vt 0.326837 0.023716
vt 0.341844 0.028269
vt 0.303501 0.120838
vt 0.311829 0.019164
vt 0.369506 0.043055
vt 0.383337 0.050447
vt 0.327682 0.133740
vt 0.355675 0.035662
vt 0.419706 0.080294
vt 0.348890 0.151110
vt 0.395460 0.060396
vt 0.407583 0.070345
vt 0.449553 0.116663
vt 0.366310 0.172284
vt 0.429655 0.092417
vt 0.439604 0.104540
vt 0.471731 0.158156
vt 0.379273 0.196453
vt 0.456945 0.130494
vt 0.464338 0.144325
vt 0.480836 0.188171
vt 0.485388 0.203178
vt 0.387276 0.222694
vt 0.476283 0.173163
vt 0.488463 0.234393
vt 0.490000 0.250000
vt 0.390009 0.250000
vt 0.486926 0.218786
vt 0.485388 0.296822
vt 0.387361 0.277323
vt 0.488463 0.265607
vt 0.486926 0.281214
vt 0.476283 0.326837
vt 0.471731 0.341844
vt 0.379430 0.303612
vt 0.480836 0.311829
vt 0.456945 0.369506
vt 0.449553 0.383337
vt 0.366516 0.327854
vt 0.464338 0.355675
vt 0.429655 0.407583
vt 0.419706 0.419706
vt 0.349113 0.349113
vt 0.439604 0.395460
vt 0.383337 0.449553
vt 0.327888 0.366567
vt 0.407583 0.429655
vt 0.395460 0.439604
vt 0.355675 0.464338
vt 0.341844 0.471731
vt 0.303658 0.379542
vt 0.369506 0.456945
vt 0.311829 0.480836
vt 0.296822 0.485388
vt 0.277357 0.387533
vt 0.326837 0.476284
vt 0.250000 0.490000
vt 0.250000 0.390232
vt 0.281214 0.486926
vt 0.265607 0.488463
vt 0.234393 0.488463
vt 0.535662 0.144325
vt 0.528269 0.158156
vt 0.550447 0.116663
vt 0.543054 0.130494
vt 0.339830 0.476283
vt 0.324823 0.471731
vt 0.297161 0.456945
vt 0.283330 0.449553
vt 0.259084 0.429655
vt 0.246961 0.419706
vt 0.227063 0.395460
vt 0.217114 0.383337
vt 0.202328 0.355675
vt 0.194936 0.341844
vt 0.185831 0.311829
vt 0.181278 0.296822
vt 0.178204 0.265607
vt 0.176667 0.250000
vt 0.179741 0.218786
vt 0.181278 0.203178
vt 0.190383 0.173163
vt 0.194936 0.158156
vt 0.209721 0.130494
vt 0.217114 0.116663
vt 0.237012 0.092417
vt 0.246961 0.080294
vt 0.271207 0.060396
vt 0.283330 0.050447
vt 0.310992 0.035662
vt 0.324823 0.028269
vt 0.354837 0.019164
vt 0.369845 0.014612
vt 0.401059 0.011537
vt 0.416667 0.010000
vt 0.447881 0.013074
vt 0.463488 0.014612
vt 0.493503 0.023716
vt 0.508511 0.028269
vt 0.536173 0.043055
vt 0.550004 0.050447
vt 0.574249 0.070345
vt 0.586372 0.080294
vt 0.606270 0.104540
vt 0.616219 0.116663
vt 0.631005 0.144325
vt 0.638398 0.158156
vt 0.647503 0.188171
vt 0.652055 0.203178
vt 0.655129 0.234393
vt 0.656667 0.250000
vt 0.653592 0.281214
vt 0.652055 0.296822
vt 0.642950 0.326837
vt 0.638398 0.341844
vt 0.623612 0.369506
vt 0.616219 0.383337
vt 0.596321 0.407583
vt 0.586372 0.419706
vt 0.562126 0.439604
vt 0.550004 0.449553
vt 0.522342 0.464338
vt 0.508511 0.471731
vt 0.478496 0.480836
vt 0.463488 0.485388
vt 0.432274 0.488463
vt 0.416667 0.490000
vt 0.986926 0.218786
vt 0.985388 0.203178
vt 0.990000 0.250000
vt 0.988463 0.234393
vt 0.519164 0.188171
vt 0.514611 0.203178
vt 0.523716 0.173163
vt 0.976283 0.173163
vt 0.980836 0.188171
vt 0.511537 0.234393
vt 0.513074 0.218786
vt 0.956945 0.130494
vt 0.949553 0.116663
vt 0.964338 0.144325
vt 0.514611 0.296822
vt 0.511537 0.265607
vt 0.513074 0.281214
vt 0.929655 0.092417
vt 0.919706 0.080294
vt 0.939604 0.104540
vt 0.528269 0.341844
vt 0.519164 0.311829
vt 0.523716 0.326837
vt 0.883337 0.050447
vt 0.907583 0.070345
vt 0.895460 0.060396
vt 0.543054 0.369506
vt 0.550447 0.383337
vt 0.535662 0.355675
vt 0.855675 0.035662
vt 0.841844 0.028269
vt 0.869506 0.043055
vt 0.781214 0.486926
vt 0.750000 0.490000
vt 0.765607 0.488463
vt 0.570345 0.407583
vt 0.580294 0.419706
vt 0.560396 0.395460
vt 0.796822 0.014612
vt 0.826837 0.023716
vt 0.811829 0.019164
vt 0.826837 0.476284
vt 0.811829 0.480836
vt 0.604540 0.439604
vt 0.616663 0.449553
vt 0.592417 0.429655
vt 0.765607 0.011537
vt 0.750000 0.010000
vt 0.781214 0.013074
vt 0.869506 0.456945
vt 0.883337 0.449553
vt 0.855675 0.464338
vt 0.644325 0.464338
vt 0.658156 0.471731
vt 0.630494 0.456945
vt 0.703178 0.014612
vt 0.734393 0.011537
vt 0.718786 0.013074
vt 0.907583 0.429655
vt 0.919706 0.419706
vt 0.895460 0.439604
vt 0.688171 0.480836
vt 0.703178 0.485388
vt 0.673163 0.476284
vt 0.673163 0.023716
vt 0.658156 0.028269
vt 0.688171 0.019164
vt 0.939604 0.395460
vt 0.949553 0.383337
vt 0.929655 0.407583
vt 0.734393 0.488463
vt 0.718786 0.486926
vt 0.630494 0.043055
vt 0.616663 0.050447
vt 0.644325 0.035662
vt 0.964338 0.355675
vt 0.956945 0.369506
vt 0.592417 0.070345
vt 0.580294 0.080294
vt 0.604540 0.060396
vt 0.980836 0.311829
vt 0.985388 0.296822
vt 0.976283 0.326837
vt 0.560396 0.104540
vt 0.570345 0.092417
vt 0.988463 0.265607
vt 0.986926 0.281214
vt 0.187500 0.187500
vt 0.156250 0.187500
vt 0.750000 0.625000
vt 0.750000 0.687500
vt 0.718750 0.687500
vt 0.718750 0.625000
vt 0.750000 0.562500
vt 0.718750 0.562500
vt 0.750000 0.937500
vt 0.734375 1.000000
vt 0.718750 0.937500
vt 0.750000 0.437500
vt 0.718750 0.437500
vt 0.750000 0.875000
vt 0.718750 0.875000
vt 0.750000 0.812500
vt 0.718750 0.812500
vt 0.750000 0.312500
vt 0.718750 0.312500
vt 0.750000 0.750000
vt 0.718750 0.750000
vt 0.750000 0.250000
vt 0.718750 0.250000
vt 0.750000 0.187500
vt 0.718750 0.187500
vt 0.687500 0.312500
vt 0.687500 0.250000
vt 0.687500 0.687500
vt 0.687500 0.187500
vt 0.687500 0.625000
vt 0.687500 0.562500
vt 0.703125 1.000000
vt 0.687500 0.937500
vt 0.687500 0.437500
vt 0.687500 0.875000
vt 0.687500 0.812500
vt 0.656250 0.437500
vt 0.656250 0.937500
vt 0.656250 0.875000
vt 0.656250 0.812500
vt 0.656250 0.312500
vt 0.656250 0.750000
vt 0.656250 0.250000
vt 0.656250 0.687500
vt 0.656250 0.187500
vt 0.656250 0.625000
vt 0.656250 0.562500
vt 0.671875 1.000000
vt 0.625000 0.250000
vt 0.625000 0.187500
vt 0.625000 0.687500
vt 0.625000 0.625000
vt 0.625000 0.562500
vt 0.640625 1.000000
vt 0.625000 0.937500
vt 0.625000 0.437500
vt 0.625000 0.875000
vt 0.625000 0.812500
vt 0.625000 0.312500
vt 0.593750 0.937500
vt 0.593750 0.875000
vt 0.593750 0.437500
vt 0.593750 0.812500
vt 0.593750 0.312500
vt 0.593750 0.750000
vt 0.593750 0.250000
vt 0.593750 0.687500
vt 0.593750 0.187500
vt 0.593750 0.625000
vt 0.593750 0.562500
vt 0.609375 1.000000
vt 0.562500 0.687500
vt 0.562500 0.625000
vt 0.562500 0.562500
vt 0.578125 1.000000
vt 0.562500 0.937500
vt 0.562500 0.437500
vt 0.562500 0.875000
vt 0.562500 0.812500
vt 0.562500 0.312500
vt 0.562500 0.250000
vt 0.562500 0.187500
vt 0.531250 0.437500
vt 0.531250 0.875000
vt 0.531250 0.812500
vt 0.531250 0.312500
vt 0.531250 0.750000
vt 0.531250 0.250000
vt 0.531250 0.687500
vt 0.531250 0.187500
vt 0.531250 0.625000
vt 0.531250 0.562500
vt 0.546875 1.000000
vt 0.531250 0.937500
vt 0.500000 0.250000
vt 0.500000 0.187500
vt 0.500000 0.687500
vt 0.500000 0.625000
vt 0.500000 0.562500
vt 0.500000 0.500000
vt 0.515625 1.000000
vt 0.500000 0.937500
vt 0.500000 0.437500
vt 0.500000 0.875000
vt 0.500000 0.812500
vt 0.500000 0.312500
vt 0.500000 0.750000
vt 0.468750 0.437500
vt 0.468750 0.875000
vt 0.468750 0.812500
vt 0.468750 0.312500
vt 0.468750 0.750000
vt 0.468750 0.250000
vt 0.468750 0.687500
vt 0.468750 0.187500
vt 0.468750 0.625000
vt 0.468750 0.562500
vt 0.468750 0.500000
vt 0.484375 1.000000
vt 0.468750 0.937500
vt 0.437500 0.625000
vt 0.437500 0.562500
vt 0.437500 0.500000
vt 0.453125 1.000000
vt 0.437500 0.937500
vt 0.437500 0.437500
vt 0.437500 0.875000
vt 0.437500 0.812500
vt 0.437500 0.312500
vt 0.437500 0.750000
vt 0.437500 0.250000
vt 0.437500 0.687500
vt 0.437500 0.187500
vt 0.406250 0.875000
vt 0.406250 0.812500
vt 0.406250 0.312500
vt 0.406250 0.750000
vt 0.406250 0.250000
vt 0.406250 0.687500
vt 0.406250 0.187500
vt 0.406250 0.625000
vt 0.406250 0.562500
vt 0.406250 0.500000
vt 0.421875 1.000000
vt 0.406250 0.937500
vt 0.406250 0.437500
vt 0.375000 0.625000
vt 0.375000 0.562500
vt 0.375000 0.500000
vt 0.390625 1.000000
vt 0.375000 0.937500
vt 0.375000 0.437500
vt 0.375000 0.875000
vt 0.375000 0.812500
vt 0.375000 0.312500
vt 0.375000 0.750000
vt 0.375000 0.250000
vt 0.375000 0.687500
vt 0.375000 0.187500
vt 0.343750 0.312500
vt 0.343750 0.812500
vt 0.343750 0.750000
vt 0.343750 0.250000
vt 0.343750 0.687500
vt 0.343750 0.187500
vt 0.343750 0.625000
vt 0.343750 0.562500
vt 0.343750 0.500000
vt 0.359375 1.000000
vt 0.343750 0.937500
vt 0.343750 0.437500
vt 0.343750 0.875000
vt 0.312500 0.562500
vt 0.312500 0.500000
vt 0.328125 1.000000
vt 0.312500 0.937500
vt 0.312500 0.437500
vt 0.312500 0.875000
vt 0.312500 0.812500
vt 0.312500 0.312500
vt 0.312500 0.750000
vt 0.312500 0.250000
vt 0.312500 0.687500
vt 0.312500 0.187500
vt 0.312500 0.625000
vt 0.281250 0.812500
vt 0.281250 0.750000
vt 0.281250 0.312500
vt 0.281250 0.250000
vt 0.281250 0.687500
vt 0.281250 0.187500
vt 0.281250 0.625000
vt 0.281250 0.562500
vt 0.281250 0.500000
vt 0.296875 1.000000
vt 0.281250 0.937500
vt 0.281250 0.437500
vt 0.281250 0.875000
vt 0.250000 0.562500
vt 0.250000 0.500000
vt 0.265625 1.000000
vt 0.250000 0.937500
vt 0.250000 0.437500
vt 0.250000 0.875000
vt 0.250000 0.812500
vt 0.250000 0.312500
vt 0.250000 0.250000
vt 0.250000 0.687500
vt 0.250000 0.187500
vt 0.250000 0.625000
vt 0.218750 0.312500
vt 0.218750 0.250000
vt 0.218750 0.750000
vt 0.218750 0.687500
vt 0.218750 0.187500
vt 0.218750 0.625000
vt 0.218750 0.562500
vt 0.218750 0.500000
vt 0.234375 1.000000
vt 0.218750 0.937500
vt 0.218750 0.437500
vt 0.218750 0.875000
vt 0.218750 0.812500
vt 0.187500 0.500000
vt 0.187500 0.437500
vt 0.187500 0.937500
vt 0.187500 0.875000
vt 0.187500 0.812500
vt 0.187500 0.312500
vt 0.187500 0.750000
vt 0.187500 0.250000
vt 0.187500 0.687500
vt 0.187500 0.625000
vt 0.187500 0.562500
vt 0.203125 1.000000
vt 0.156250 0.250000
vt 0.156250 0.687500
vt 0.156250 0.625000
vt 0.156250 0.562500
vt 0.156250 0.500000
vt 0.171875 1.000000
vt 0.156250 0.937500
vt 0.156250 0.437500
vt 0.156250 0.875000
vt 0.156250 0.812500
vt 0.156250 0.312500
vt 0.156250 0.750000
vt 0.125000 0.937500
vt 0.125000 0.875000
vt 0.125000 0.437500
vt 0.125000 0.812500
vt 0.125000 0.312500
vt 0.125000 0.750000
vt 0.125000 0.250000
vt 0.125000 0.687500
vt 0.125000 0.187500
vt 0.125000 0.625000
vt 0.125000 0.562500
vt 0.125000 0.500000
vt 0.140625 1.000000
vt 0.093750 0.687500
vt 0.093750 0.625000
vt 0.093750 0.562500
vt 0.093750 0.500000
vt 0.109375 1.000000
vt 0.093750 0.937500
vt 0.093750 0.437500
vt 0.093750 0.875000
vt 0.093750 0.812500
vt 0.093750 0.312500
vt 0.093750 0.750000
vt 0.093750 0.250000
vt 0.093750 0.187500
vt 0.062500 0.437500
vt 0.062500 0.875000
vt 0.062500 0.812500
vt 0.062500 0.312500
vt 0.062500 0.750000
vt 0.062500 0.250000
vt 0.062500 0.687500
vt 0.062500 0.187500
vt 0.062500 0.625000
vt 0.062500 0.562500
vt 0.062500 0.500000
vt 0.078125 1.000000
vt 0.062500 0.937500
vt 0.031250 0.625000
vt 0.031250 0.562500
vt 0.031250 0.500000
vt 0.046875 1.000000
vt 0.031250 0.937500
vt 0.031250 0.437500
vt 0.031250 0.875000
vt 0.031250 0.812500
vt 0.031250 0.312500
vt 0.031250 0.750000
vt 0.031250 0.250000
vt 0.031250 0.687500
vt 0.031250 0.187500
vt 0.000000 0.875000
vt 0.000000 0.812500
vt 0.000000 0.312500
vt 0.000000 0.750000
vt 0.000000 0.250000
vt 0.000000 0.687500
vt 0.000000 0.187500
vt 0.000000 0.625000
vt 0.000000 0.562500
vt 0.015625 1.000000
vt 0.000000 0.937500
vt 0.000000 0.437500
vt 1.000000 0.562500
vt 1.000000 0.625000
vt 0.968750 0.625000
vt 0.968750 0.562500
vt 0.968750 0.500000
vt 1.000000 0.937500
vt 0.984375 1.000000
vt 0.968750 0.937500
vt 1.000000 0.437500
vt 0.968750 0.437500
vt 1.000000 0.875000
vt 0.968750 0.875000
vt 1.000000 0.812500
vt 0.968750 0.812500
vt 1.000000 0.312500
vt 0.968750 0.312500
vt 1.000000 0.750000
vt 0.968750 0.750000
vt 1.000000 0.250000
vt 0.968750 0.250000
vt 1.000000 0.687500
vt 0.968750 0.687500
vt 1.000000 0.187500
vt 0.968750 0.187500
vt 0.937500 0.312500
vt 0.937500 0.812500
vt 0.937500 0.750000
vt 0.937500 0.250000
vt 0.937500 0.687500
vt 0.937500 0.187500
vt 0.937500 0.625000
vt 0.781250 0.187500
vt 0.937500 0.562500
vt 0.812500 0.187500
vt 0.937500 0.500000
vt 0.953125 1.000000
vt 0.937500 0.937500
vt 0.937500 0.437500
vt 0.937500 0.875000
vt 0.875000 0.187500
vt 0.843750 0.187500
vt 0.906250 0.562500
vt 0.906250 0.500000
vt 0.921875 1.000000
vt 0.906250 0.937500
vt 0.906250 0.437500
vt 0.906250 0.875000
vt 0.906250 0.812500
vt 0.906250 0.312500
vt 0.906250 0.750000
vt 0.906250 0.250000
vt 0.906250 0.687500
vt 0.906250 0.187500
vt 0.906250 0.625000
vt 0.875000 0.312500
vt 0.875000 0.250000
vt 0.875000 0.750000
vt 0.875000 0.687500
vt 0.875000 0.625000
vt 0.875000 0.562500
vt 0.875000 0.500000
vt 0.890625 1.000000
vt 0.875000 0.937500
vt 0.875000 0.437500
vt 0.875000 0.875000
vt 0.875000 0.812500
vt 0.859375 1.000000
vt 0.843750 0.937500
vt 0.843750 0.500000
vt 0.843750 0.437500
vt 0.843750 0.875000
vt 0.843750 0.812500
vt 0.843750 0.312500
vt 0.843750 0.750000
vt 0.843750 0.250000
vt 0.843750 0.687500
vt 0.843750 0.625000
vt 0.843750 0.562500
vt 0.812500 0.750000
vt 0.812500 0.687500
vt 0.812500 0.250000
vt 0.812500 0.625000
vt 0.812500 0.562500
vt 0.812500 0.500000
vt 0.828125 1.000000
vt 0.812500 0.937500
vt 0.812500 0.437500
vt 0.812500 0.875000
vt 0.812500 0.812500
vt 0.812500 0.312500
vt 0.781250 0.500000
vt 0.781250 0.437500
vt 0.781250 0.937500
vt 0.781250 0.875000
vt 0.781250 0.812500
vt 0.781250 0.312500
vt 0.781250 0.750000
vt 0.781250 0.250000
vt 0.781250 0.687500
vt 0.781250 0.625000
vt 0.781250 0.562500
vt 0.796875 1.000000
vt 0.765625 1.000000
vt 0.447881 0.486926
vt 0.614548 0.486926
vt 0.630155 0.485388
vt 0.598940 0.488463
vt 0.583333 0.490000
vt 0.493503 0.476283
vt 0.660170 0.476283
vt 0.675177 0.471731
vt 0.645162 0.480836
vt 0.536173 0.456945
vt 0.702839 0.456945
vt 0.716670 0.449553
vt 0.689008 0.464338
vt 0.574249 0.429655
vt 0.740916 0.429655
vt 0.753039 0.419706
vt 0.728793 0.439604
vt 0.606270 0.395460
vt 0.772937 0.395460
vt 0.782886 0.383337
vt 0.762988 0.407583
vt 0.631005 0.355675
vt 0.797672 0.355675
vt 0.805064 0.341844
vt 0.790279 0.369506
vt 0.647503 0.311829
vt 0.814169 0.311829
vt 0.818722 0.296822
vt 0.809617 0.326837
vt 0.655129 0.265607
vt 0.821796 0.265607
vt 0.823333 0.250000
vt 0.820259 0.281214
vt 0.653592 0.218786
vt 0.820259 0.218786
vt 0.818722 0.203178
vt 0.821796 0.234393
vt 0.642950 0.173163
vt 0.809617 0.173163
vt 0.805064 0.158156
vt 0.814169 0.188171
vt 0.623612 0.130494
vt 0.790279 0.130494
vt 0.782886 0.116663
vt 0.797671 0.144325
vt 0.596321 0.092417
vt 0.762988 0.092417
vt 0.753039 0.080294
vt 0.772937 0.104540
vt 0.562126 0.060396
vt 0.728793 0.060396
vt 0.716670 0.050447
vt 0.740916 0.070345
vt 0.522342 0.035662
vt 0.689008 0.035662
vt 0.675177 0.028269
vt 0.702839 0.043055
vt 0.478496 0.019164
vt 0.645162 0.019164
vt 0.630155 0.014612
vt 0.660170 0.023716
vt 0.432274 0.011537
vt 0.598940 0.011537
vt 0.583333 0.010000
vt 0.614548 0.013074
vt 0.385452 0.013074
vt 0.552119 0.013074
vt 0.536512 0.014612
vt 0.567726 0.011537
vt 0.339830 0.023716
vt 0.506497 0.023716
vt 0.491489 0.028269
vt 0.521504 0.019164
vt 0.297161 0.043055
vt 0.463827 0.043055
vt 0.449996 0.050447
vt 0.477658 0.035662
vt 0.259084 0.070345
vt 0.425751 0.070345
vt 0.413628 0.080294
vt 0.437873 0.060396
vt 0.227063 0.104540
vt 0.393730 0.104540
vt 0.383781 0.116663
vt 0.403679 0.092417
vt 0.202328 0.144325
vt 0.368995 0.144325
vt 0.361602 0.158156
vt 0.376388 0.130494
vt 0.185831 0.188171
vt 0.352497 0.188171
vt 0.347945 0.203178
vt 0.357050 0.173163
vt 0.178204 0.234393
vt 0.344870 0.234393
vt 0.343333 0.250000
vt 0.346408 0.218786
vt 0.179741 0.281214
vt 0.346408 0.281214
vt 0.347945 0.296822
vt 0.344870 0.265607
vt 0.190383 0.326837
vt 0.357050 0.326837
vt 0.361602 0.341844
vt 0.352497 0.311829
vt 0.209721 0.369506
vt 0.376388 0.369506
vt 0.383781 0.383337
vt 0.368995 0.355675
vt 0.237012 0.407583
vt 0.403679 0.407583
vt 0.413628 0.419706
vt 0.393730 0.395460
vt 0.271207 0.439604
vt 0.437873 0.439604
vt 0.449996 0.449553
vt 0.425751 0.429655
vt 0.310992 0.464338
vt 0.477658 0.464338
vt 0.491489 0.471731
vt 0.463827 0.456945
vt 0.354837 0.480836
vt 0.521504 0.480836
vt 0.536512 0.485388
vt 0.506497 0.476283
vt 0.401059 0.488463
vt 0.567726 0.488463
vt 0.552119 0.486926
s 0
f 137/1/1 291/2/1 91/3/1 43/4/1
f 217/5/2 166/6/2 90/7/2 88/8/2
f 311/9/3 146/10/3 51/10/3 50/11/3
f 187/12/4 216/13/4 72/13/4 71/12/4
f 316/14/5 116/15/5 80/16/5 70/14/5
f 127/17/6 156/18/6 59/19/6 67/20/6
f 321/21/7 246/22/7 87/22/7 86/23/7
f 156/18/8 147/24/8 55/25/8 59/19/8
f 176/26/9 167/27/9 93/28/9 74/29/9
f 146/10/10 137/1/10 43/4/10 51/10/10
f 136/30/11 127/17/11 67/20/11 66/30/11
f 116/15/12 107/31/12 82/32/12 80/16/12
f 106/33/13 97/34/13 56/35/13 62/36/13
f 97/34/14 257/37/14 52/37/14 56/35/14
f 246/22/15 226/38/15 76/39/15 87/22/15
f 236/40/16 227/41/16 96/41/16 95/40/16
f 216/13/17 207/42/17 64/42/17 72/13/17
f 196/43/18 187/12/18 71/12/18 63/44/18
f 126/45/19 117/46/19 45/47/19 54/48/19
f 186/49/20 177/50/20 42/50/20 47/51/20
f 306/52/21 297/53/21 84/54/21 60/52/21
f 107/31/22 176/26/22 74/29/22 82/32/22
f 296/55/23 136/30/23 66/30/23 58/56/23
f 291/2/24 282/57/24 92/57/24 91/3/24
f 281/58/25 106/33/25 62/36/25 61/59/25
f 166/6/26 157/60/26 79/61/26 90/7/26
f 177/50/27 241/62/27 53/62/27 42/50/27
f 332/63/28 331/64/28 44/65/28 83/63/28
f 331/64/29 321/21/29 86/23/29 44/65/29
f 257/37/30 311/9/30 50/11/30 52/37/30
f 147/24/31 281/58/31 61/59/31 55/25/31
f 207/42/32 296/55/32 58/56/32 64/42/32
f 157/60/33 316/14/33 70/14/33 79/61/33
f 117/46/34 306/52/34 60/52/34 45/47/34
f 276/66/35 236/40/35 95/40/35 46/67/35
f 271/68/36 262/69/36 75/69/36 85/70/36
f 167/27/37 252/71/37 94/72/37 93/28/37
f 251/73/38 196/43/38 63/44/38 69/74/38
f 241/62/39 126/45/39 54/48/39 53/62/39
f 226/38/40 217/5/40 88/8/40 76/39/40
f 206/75/41 197/76/41 78/76/41 77/75/41
f 252/71/42 186/49/42 47/51/42 94/72/42
f 282/57/43 276/66/43 46/67/43 92/57/43
f 262/69/44 326/77/44 68/77/44 75/69/44
f 227/41/45 332/63/45 83/63/45 96/41/45
f 326/77/46 206/75/46 77/75/46 68/77/46
f 197/76/47 251/73/47 69/74/47 78/76/47
f 297/53/48 271/68/48 85/70/48 84/54/48
f 219/8/49 164/7/49 165/6/49 218/78/49
f 220/79/50 163/80/50 164/7/50 219/8/50
f 138/1/51 290/3/51 291/2/51 137/1/51
f 221/8/52 162/7/52 163/80/52 220/79/52
f 139/81/53 289/3/53 290/3/53 138/1/53
f 8/8/54 7/7/54 162/7/54 221/8/54
f 140/81/55 288/3/55 289/3/55 139/81/55
f 141/1/56 287/3/56 288/3/56 140/81/56
f 81/4/57 6/3/57 287/3/57 141/1/57
f 218/78/58 165/6/58 166/6/58 217/5/58
f 188/12/59 215/82/59 216/13/59 187/12/59
f 189/83/60 214/13/60 215/82/60 188/12/60
f 190/84/61 213/82/61 214/13/61 189/83/61
f 310/85/62 145/86/62 146/10/62 311/9/62
f 191/84/63 212/13/63 213/82/63 190/84/63
f 309/11/64 144/87/64 145/86/64 310/85/64
f 23/12/65 22/13/65 212/13/65 191/84/65
f 308/88/66 143/89/66 144/87/66 309/11/66
f 315/14/67 115/90/67 116/15/67 316/14/67
f 307/91/68 142/10/68 143/89/68 308/88/68
f 314/14/69 114/16/69 115/90/69 315/14/69
f 48/11/70 41/10/70 142/10/70 307/91/70
f 312/14/71 112/15/71 113/92/71 313/93/71
f 319/23/72 244/22/72 245/22/72 320/23/72
f 24/14/73 15/16/73 112/15/73 312/14/73
f 318/94/74 243/22/74 244/22/74 319/23/74
f 128/95/75 155/96/75 156/18/75 127/17/75
f 317/97/76 242/98/76 243/22/76 318/94/76
f 129/20/77 154/18/77 155/96/77 128/95/77
f 130/20/78 153/96/78 154/18/78 129/20/78
f 131/20/79 152/96/79 153/96/79 130/20/79
f 27/20/80 34/19/80 152/96/80 131/20/80
f 313/93/81 113/92/81 114/16/81 314/14/81
f 320/23/82 245/22/82 246/22/82 321/21/82
f 34/19/83 37/25/83 151/99/83 152/96/83
f 175/29/84 168/27/84 167/27/84 176/26/84
f 174/26/85 169/27/85 168/27/85 175/29/85
f 10/23/86 9/22/86 242/98/86 317/97/86
f 173/29/87 170/100/87 169/27/87 174/26/87
f 155/96/88 148/25/88 147/24/88 156/18/88
f 172/29/89 171/27/89 170/100/89 173/29/89
f 154/18/90 149/101/90 148/25/90 155/96/90
f 21/29/91 4/28/91 171/27/91 172/29/91
f 153/96/92 150/25/92 149/101/92 154/18/92
f 145/86/93 138/1/93 137/1/93 146/10/93
f 152/96/94 151/99/94 150/25/94 153/96/94
f 115/90/95 108/32/95 107/31/95 116/15/95
f 142/10/96 141/1/96 140/81/96 143/89/96
f 114/16/97 109/102/97 108/32/97 115/90/97
f 41/10/98 81/4/98 141/1/98 142/10/98
f 113/92/99 110/103/99 109/102/99 114/16/99
f 135/104/100 128/95/100 127/17/100 136/30/100
f 134/104/101 129/20/101 128/95/101 135/104/101
f 133/105/102 130/20/102 129/20/102 134/104/102
f 132/106/103 131/20/103 130/20/103 133/105/103
f 144/87/104 139/81/104 138/1/104 145/86/104
f 28/30/105 27/20/105 131/20/105 132/106/105
f 143/89/106 140/81/106 139/81/106 144/87/106
f 31/36/107 36/35/107 101/34/107 102/107/107
f 98/34/108 258/108/108 257/37/108 97/34/108
f 112/15/109 111/103/109 110/103/109 113/92/109
f 99/109/110 259/110/110 258/108/110 98/34/110
f 15/16/111 14/32/111 111/103/111 112/15/111
f 100/35/112 260/37/112 259/110/112 99/109/112
f 105/33/113 98/34/113 97/34/113 106/33/113
f 101/34/114 261/37/114 260/37/114 100/35/114
f 104/111/115 99/109/115 98/34/115 105/33/115
f 36/35/116 40/37/116 261/37/116 101/34/116
f 103/112/117 100/35/117 99/109/117 104/111/117
f 102/107/118 101/34/118 100/35/118 103/112/118
f 243/22/119 223/39/119 224/39/119 244/22/119
f 215/82/120 208/113/120 207/42/120 216/13/120
f 242/98/121 222/114/121 223/39/121 243/22/121
f 214/13/122 209/113/122 208/113/122 215/82/122
f 9/22/123 19/39/123 222/114/123 242/98/123
f 235/115/124 228/41/124 227/41/124 236/40/124
f 234/116/125 229/41/125 228/41/125 235/115/125
f 233/40/126 230/41/126 229/41/126 234/116/126
f 245/22/127 225/39/127 226/38/127 246/22/127
f 232/40/128 231/117/128 230/41/128 233/40/128
f 244/22/129 224/39/129 225/39/129 245/22/129
f 2/40/130 1/41/130 231/117/130 232/40/130
f 192/118/131 191/84/131 190/84/131 193/43/131
f 30/44/132 23/12/132 191/84/132 192/118/132
f 213/82/133 210/119/133 209/113/133 214/13/133
f 125/48/134 118/120/134 117/46/134 126/45/134
f 212/13/135 211/121/135 210/119/135 213/82/135
f 124/122/136 119/123/136 118/120/136 125/48/136
f 22/13/137 29/42/137 211/121/137 212/13/137
f 123/48/138 120/124/138 119/123/138 124/122/138
f 195/125/139 188/12/139 187/12/139 196/43/139
f 122/48/140 121/124/140 120/124/140 123/48/140
f 194/43/141 189/83/141 188/12/141 195/125/141
f 193/43/142 190/84/142 189/83/142 194/43/142
f 33/52/143 12/54/143 301/54/143 302/52/143
f 183/126/144 180/127/144 179/50/144 184/128/144
f 108/32/145 175/29/145 176/26/145 107/31/145
f 182/129/146 181/50/146 180/127/146 183/126/146
f 49/51/147 89/50/147 181/50/147 182/129/147
f 305/52/148 298/130/148 297/53/148 306/52/148
f 304/131/149 299/53/149 298/130/149 305/52/149
f 38/48/150 65/47/150 121/124/150 122/48/150
f 303/52/151 300/54/151 299/53/151 304/131/151
f 185/132/152 178/133/152 177/50/152 186/49/152
f 302/52/153 301/54/153 300/54/153 303/52/153
f 184/128/154 179/50/154 178/133/154 185/132/154
f 292/55/155 132/106/155 133/105/155 293/56/155
f 109/102/156 174/26/156 175/29/156 108/32/156
f 35/56/157 28/30/157 132/106/157 292/55/157
f 110/103/158 173/29/158 174/26/158 109/102/158
f 290/3/159 283/57/159 282/57/159 291/2/159
f 111/103/160 172/29/160 173/29/160 110/103/160
f 289/3/161 284/57/161 283/57/161 290/3/161
f 14/32/162 21/29/162 172/29/162 111/103/162
f 288/3/163 285/134/163 284/57/163 289/3/163
f 295/135/164 135/104/164 136/30/164 296/55/164
f 294/55/165 134/104/165 135/104/165 295/135/165
f 293/56/166 133/105/166 134/104/166 294/55/166
f 7/7/167 16/61/167 161/61/167 162/7/167
f 278/136/168 103/112/168 104/111/168 279/137/168
f 277/138/169 102/107/169 103/112/169 278/136/169
f 32/59/170 31/36/170 102/107/170 277/138/170
f 165/6/171 158/139/171 157/60/171 166/6/171
f 287/3/172 286/140/172 285/134/172 288/3/172
f 164/7/173 159/141/173 158/139/173 165/6/173
f 6/3/174 5/57/174 286/140/174 287/3/174
f 163/80/175 160/61/175 159/141/175 164/7/175
f 280/138/176 105/33/176 106/33/176 281/58/176
f 162/7/177 161/61/177 160/61/177 163/80/177
f 279/137/178 104/111/178 105/33/178 280/138/178
f 178/133/179 240/62/179 241/62/179 177/50/179
f 336/142/180 327/65/180 328/65/180 335/143/180
f 179/50/181 239/144/181 240/62/181 178/133/181
f 13/63/182 73/65/182 327/65/182 336/142/182
f 180/127/183 238/62/183 239/144/183 179/50/183
f 330/145/184 320/23/184 321/21/184 331/64/184
f 181/50/185 237/146/185 238/62/185 180/127/185
f 329/145/186 319/23/186 320/23/186 330/145/186
f 89/50/187 39/62/187 237/146/187 181/50/187
f 333/147/188 330/145/188 331/64/188 332/63/188
f 334/143/189 329/145/189 330/145/189 333/147/189
f 335/143/190 328/65/190 329/145/190 334/143/190
f 259/110/191 309/11/191 310/85/191 258/108/191
f 260/37/192 308/88/192 309/11/192 259/110/192
f 261/37/193 307/91/193 308/88/193 260/37/193
f 40/37/194 48/11/194 307/91/194 261/37/194
f 328/65/195 318/94/195 319/23/195 329/145/195
f 148/25/196 280/138/196 281/58/196 147/24/196
f 327/65/197 317/97/197 318/94/197 328/65/197
f 149/101/198 279/137/198 280/138/198 148/25/198
f 73/65/199 10/23/199 317/97/199 327/65/199
f 150/25/200 278/136/200 279/137/200 149/101/200
f 258/108/201 310/85/201 311/9/201 257/37/201
f 151/99/202 277/138/202 278/136/202 150/25/202
f 160/61/203 313/93/203 314/14/203 159/141/203
f 208/113/204 295/135/204 296/55/204 207/42/204
f 161/61/205 312/14/205 313/93/205 160/61/205
f 209/113/206 294/55/206 295/135/206 208/113/206
f 16/61/207 24/14/207 312/14/207 161/61/207
f 210/119/208 293/56/208 294/55/208 209/113/208
f 118/120/209 305/52/209 306/52/209 117/46/209
f 211/121/210 292/55/210 293/56/210 210/119/210
f 29/42/211 35/56/211 292/55/211 211/121/211
f 158/139/212 315/14/212 316/14/212 157/60/212
f 159/141/213 314/14/213 315/14/213 158/139/213
f 37/25/214 32/59/214 277/138/214 151/99/214
f 274/148/215 234/116/215 235/115/215 275/149/215
f 273/150/216 233/40/216 234/116/216 274/148/216
f 272/149/217 232/40/217 233/40/217 273/150/217
f 119/123/218 304/131/218 305/52/218 118/120/218
f 57/67/219 2/40/219 232/40/219 272/149/219
f 120/124/220 303/52/220 304/131/220 119/123/220
f 270/151/221 263/69/221 262/69/221 271/68/221
f 121/124/222 302/52/222 303/52/222 120/124/222
f 269/70/223 264/69/223 263/69/223 270/151/223
f 65/47/224 33/52/224 302/52/224 121/124/224
f 268/70/225 265/69/225 264/69/225 269/70/225
f 275/149/226 235/115/226 236/40/226 276/66/226
f 11/70/227 20/69/227 266/69/227 267/70/227
f 248/152/228 193/43/228 194/43/228 249/74/228
f 168/27/229 253/72/229 252/71/229 167/27/229
f 247/153/230 192/118/230 193/43/230 248/152/230
f 169/27/231 254/71/231 253/72/231 168/27/231
f 25/74/232 30/44/232 192/118/232 247/153/232
f 170/100/233 255/71/233 254/71/233 169/27/233
f 171/27/234 256/72/234 255/71/234 170/100/234
f 4/28/235 3/72/235 256/72/235 171/27/235
f 250/154/236 195/125/236 196/43/236 251/73/236
f 267/70/237 266/69/237 265/69/237 268/70/237
f 249/74/238 194/43/238 195/125/238 250/154/238
f 225/39/239 218/78/239 217/5/239 226/38/239
f 224/39/240 219/8/240 218/78/240 225/39/240
f 223/39/241 220/79/241 219/8/241 224/39/241
f 240/62/242 125/48/242 126/45/242 241/62/242
f 222/114/243 221/8/243 220/79/243 223/39/243
f 239/144/244 124/122/244 125/48/244 240/62/244
f 19/39/245 8/8/245 221/8/245 222/114/245
f 238/62/246 123/48/246 124/122/246 239/144/246
f 205/155/247 198/76/247 197/76/247 206/75/247
f 237/146/248 122/48/248 123/48/248 238/62/248
f 204/156/249 199/76/249 198/76/249 205/155/249
f 39/62/250 38/48/250 122/48/250 237/146/250
f 284/57/251 274/148/251 275/149/251 283/57/251
f 18/75/252 17/76/252 201/76/252 202/157/252
f 285/134/253 273/150/253 274/148/253 284/57/253
f 253/72/254 185/132/254 186/49/254 252/71/254
f 286/140/255 272/149/255 273/150/255 285/134/255
f 254/71/256 184/128/256 185/132/256 253/72/256
f 255/71/257 183/126/257 184/128/257 254/71/257
f 256/72/258 182/129/258 183/126/258 255/71/258
f 3/72/259 49/51/259 182/129/259 256/72/259
f 203/158/260 200/159/260 199/76/260 204/156/260
f 283/57/261 275/149/261 276/66/261 282/57/261
f 202/157/262 201/76/262 200/159/262 203/158/262
f 228/41/263 333/147/263 332/63/263 227/41/263
f 229/41/264 334/143/264 333/147/264 228/41/264
f 5/57/265 57/67/265 272/149/265 286/140/265
f 230/41/266 335/143/266 334/143/266 229/41/266
f 263/69/267 325/77/267 326/77/267 262/69/267
f 231/117/268 336/142/268 335/143/268 230/41/268
f 264/69/269 324/77/269 325/77/269 263/69/269
f 1/41/270 13/63/270 336/142/270 231/117/270
f 265/69/271 323/77/271 324/77/271 264/69/271
f 325/77/272 205/155/272 206/75/272 326/77/272
f 266/69/273 322/77/273 323/77/273 265/69/273
f 20/69/274 26/77/274 322/77/274 266/69/274
f 299/53/275 269/70/275 270/151/275 298/130/275
f 26/77/276 18/75/276 202/157/276 322/77/276
f 300/54/277 268/70/277 269/70/277 299/53/277
f 198/76/278 250/154/278 251/73/278 197/76/278
f 199/76/279 249/74/279 250/154/279 198/76/279
f 200/159/280 248/152/280 249/74/280 199/76/280
f 201/76/281 247/153/281 248/152/281 200/159/281
f 324/77/282 204/156/282 205/155/282 325/77/282
f 17/76/283 25/74/283 247/153/283 201/76/283
f 323/77/284 203/158/284 204/156/284 324/77/284
f 298/130/285 270/151/285 271/68/285 297/53/285
f 322/77/286 202/157/286 203/158/286 323/77/286
f 301/54/287 267/70/287 268/70/287 300/54/287
f 12/54/288 11/70/288 267/70/288 301/54/288
f 368/160/289 337/161/289 338/162/289 339/163/289 340/164/289 341/165/289 342/166/289 343/167/289 344/168/289 345/169/289 346/170/289 347/171/289 348/172/289 349/173/289 350/174/289 351/175/289 352/176/289 353/177/289 354/178/289 355/179/289 356/180/289 357/181/289 358/182/289 359/183/289 360/184/289 361/185/289 362/186/289 363/187/289 364/188/289 365/189/289 366/190/289 367/191/289
f 368/192/290 400/193/290 369/194/290 337/195/290
f 367/196/291 399/197/291 400/193/291 368/192/291
f 366/198/292 398/199/292 399/197/292 367/196/292
f 365/200/293 397/201/293 398/199/293 366/198/293
f 364/202/294 396/203/294 397/201/294 365/200/294
f 363/204/295 395/205/295 396/203/295 364/202/295
f 362/206/296 394/207/296 395/205/296 363/204/296
f 361/208/297 393/209/297 394/207/297 362/206/297
f 360/210/298 392/211/298 393/209/298 361/208/298
f 359/212/299 391/213/299 392/211/299 360/210/299
f 358/214/300 390/215/300 391/213/300 359/212/300
f 357/216/301 389/217/301 390/215/301 358/214/301
f 356/218/302 388/219/302 389/217/302 357/216/302
f 355/220/303 387/221/303 388/219/303 356/218/303
f 354/222/304 386/223/304 387/221/304 355/220/304
f 353/224/305 385/225/305 386/223/305 354/222/305
f 352/226/306 384/227/306 385/225/306 353/224/306
f 351/228/307 383/229/307 384/227/307 352/226/307
f 350/230/308 382/231/308 383/229/308 351/228/308
f 349/232/309 381/233/309 382/231/309 350/230/309
f 348/234/310 380/235/310 381/233/310 349/232/310
f 347/236/311 379/237/311 380/235/311 348/234/311
f 346/238/312 378/239/312 379/237/312 347/236/312
f 345/240/313 377/241/313 378/239/313 346/238/313
f 344/242/314 376/243/314 377/241/314 345/240/314
f 343/244/315 375/245/315 376/243/315 344/242/315
f 342/246/316 374/247/316 375/245/316 343/244/316
f 341/248/317 373/249/317 374/247/317 342/246/317
f 340/250/318 372/251/318 373/249/318 341/248/318
f 339/252/319 371/253/319 372/251/319 340/250/319
f 338/254/320 370/255/320 371/253/320 339/252/320
f 337/256/321 369/257/321 370/255/321 338/254/321
f 400/193/322 432/258/322 401/259/322 369/194/322
f 399/197/323 431/260/323 432/258/323 400/193/323
f 398/199/324 430/261/324 431/260/324 399/197/324
f 397/201/325 429/262/325 430/261/325 398/199/325
f 396/203/326 428/263/326 429/262/326 397/201/326
f 395/205/327 427/264/327 428/263/327 396/203/327
f 394/207/328 426/265/328 427/264/328 395/205/328
f 393/209/329 425/266/329 426/265/329 394/207/329
f 392/211/330 424/267/330 425/266/330 393/209/330
f 391/213/331 423/268/331 424/267/331 392/211/331
f 390/215/332 422/269/332 423/268/332 391/213/332
f 389/217/333 421/270/333 422/269/333 390/215/333
f 388/219/334 420/271/334 421/270/334 389/217/334
f 387/221/335 419/272/335 420/271/335 388/219/335
f 386/223/336 418/273/336 419/272/336 387/221/336
f 385/225/337 417/274/337 418/273/337 386/223/337
f 384/227/338 416/275/338 417/274/338 385/225/338
f 383/229/339 415/276/339 416/275/339 384/227/339
f 382/231/340 414/277/340 415/276/340 383/229/340
f 381/233/341 413/278/341 414/277/341 382/231/341
f 380/235/342 412/279/342 413/278/342 381/233/342
f 379/237/343 411/280/343 412/279/343 380/235/343
f 378/239/344 410/281/344 411/280/344 379/237/344
f 377/241/345 409/282/345 410/281/345 378/239/345
f 376/243/346 408/283/346 409/282/346 377/241/346
f 375/245/347 407/284/347 408/283/347 376/243/347
f 374/247/348 406/285/348 407/284/348 375/245/348
f 373/249/349 405/286/349 406/285/349 374/247/349
f 372/251/350 404/287/350 405/286/350 373/249/350
f 371/253/351 403/288/351 404/287/351 372/251/351
f 370/255/352 402/289/352 403/288/352 371/253/352
f 369/257/353 401/290/353 402/289/353 370/255/353
f 433/224/354 438/291/354 439/292/354 434/293/354
f 434/293/355 439/292/355 440/294/355 435/295/355
f 764/296/356 602/297/356 441/54/356 436/52/356
f 437/298/357 442/299/357 438/291/357 433/224/357
f 438/291/358 443/300/358 444/301/358 439/292/358
f 439/292/359 444/301/359 445/302/359 440/294/359
f 602/297/360 656/303/360 446/304/360 441/54/360
f 442/299/361 447/305/361 443/300/361 438/291/361
f 443/300/362 448/228/362 449/306/362 444/301/362
f 444/301/363 449/306/363 450/307/363 445/302/363
f 656/303/364 703/308/364 451/69/364 446/304/364
f 447/305/365 452/309/365 448/228/365 443/300/365
f 448/228/366 453/310/366 454/311/366 449/306/366
f 449/306/367 454/311/367 455/312/367 450/307/367
f 703/308/368 757/313/368 456/314/368 451/69/368
f 452/309/369 457/315/369 453/310/369 448/228/369
f 453/310/370 458/316/370 459/317/370 454/311/370
f 454/311/371 459/317/371 460/318/371 455/312/371
f 757/313/372 595/319/372 461/320/372 456/314/372
f 457/315/373 462/321/373 458/316/373 453/310/373
f 458/316/374 463/232/374 464/322/374 459/317/374
f 459/317/375 464/322/375 465/323/375 460/318/375
f 595/319/376 649/324/376 466/76/376 461/320/376
f 462/321/377 467/325/377 463/232/377 458/316/377
f 463/232/378 468/326/378 469/327/378 464/322/378
f 464/322/379 469/327/379 470/328/379 465/323/379
f 649/324/380 701/329/380 471/330/380 466/76/380
f 467/325/381 472/331/381 468/326/381 463/232/381
f 468/326/382 473/332/382 474/333/382 469/327/382
f 469/327/383 474/333/383 475/334/383 470/328/383
f 701/329/384 755/335/384 476/336/384 471/330/384
f 472/331/385 477/337/385 473/332/385 468/326/385
f 473/332/386 478/236/386 479/338/386 474/333/386
f 474/333/387 479/338/387 480/339/387 475/334/387
f 755/335/388 593/340/388 481/12/388 476/336/388
f 477/337/389 482/341/389 478/236/389 473/332/389
f 478/236/390 483/342/390 484/343/390 479/338/390
f 479/338/391 484/343/391 485/344/391 480/339/391
f 593/340/392 647/345/392 486/346/392 481/12/392
f 482/341/393 487/347/393 483/342/393 478/236/393
f 483/342/394 488/348/394 489/349/394 484/343/394
f 484/343/395 489/349/395 490/350/395 485/344/395
f 647/345/396 694/351/396 491/352/396 486/346/396
f 487/347/397 492/353/397 488/348/397 483/342/397
f 488/348/398 493/240/398 494/354/398 489/349/398
f 489/349/399 494/354/399 495/355/399 490/350/399
f 694/351/400 748/356/400 496/55/400 491/352/400
f 492/353/401 497/357/401 493/240/401 488/348/401
f 493/240/402 498/358/402 499/359/402 494/354/402
f 494/354/403 499/359/403 500/360/403 495/355/403
f 748/356/404 586/361/404 501/30/404 496/55/404
f 497/357/405 502/362/405 498/358/405 493/240/405
f 498/358/406 503/363/406 504/364/406 499/359/406
f 499/359/407 504/364/407 505/365/407 500/360/407
f 586/361/408 640/366/408 506/367/408 501/30/408
f 502/362/409 507/368/409 503/363/409 498/358/409
f 503/363/410 508/244/410 509/369/410 504/364/410
f 504/364/411 509/369/411 510/370/411 505/365/411
f 640/366/412 692/371/412 511/372/412 506/367/412
f 507/368/413 512/373/413 508/244/413 503/363/413
f 508/244/414 513/374/414 514/375/414 509/369/414
f 509/369/415 514/375/415 515/376/415 510/370/415
f 692/371/416 746/377/416 516/24/416 511/372/416
f 512/373/417 517/378/417 513/374/417 508/244/417
f 513/374/418 518/379/418 519/380/418 514/375/418
f 514/375/419 519/380/419 520/381/419 515/376/419
f 746/377/420 584/382/420 521/59/420 516/24/420
f 517/378/421 522/383/421 518/379/421 513/374/421
f 518/379/422 523/248/422 524/384/422 519/380/422
f 519/380/423 524/384/423 525/385/423 520/381/423
f 584/382/424 638/386/424 526/33/424 521/59/424
f 522/383/425 527/387/425 523/248/425 518/379/425
f 523/248/426 528/388/426 529/389/426 524/384/426
f 524/384/427 529/389/427 530/390/427 525/385/427
f 638/386/428 685/391/428 531/392/428 526/33/428
f 527/387/429 532/393/429 528/388/429 523/248/429
f 528/388/430 533/394/430 534/395/430 529/389/430
f 529/389/431 534/395/431 535/396/431 530/390/431
f 685/391/432 739/397/432 536/108/432 531/392/432
f 532/393/433 537/398/433 533/394/433 528/388/433
f 533/394/434 538/252/434 539/399/434 534/395/434
f 534/395/435 539/399/435 540/400/435 535/396/435
f 739/397/436 577/401/436 541/88/436 536/108/436
f 537/398/437 542/402/437 538/252/437 533/394/437
f 538/252/438 543/403/438 544/404/438 539/399/438
f 539/399/439 544/404/439 545/405/439 540/400/439
f 577/401/440 631/406/440 546/87/440 541/88/440
f 542/402/441 547/407/441 543/403/441 538/252/441
f 543/403/442 548/408/442 549/409/442 544/404/442
f 544/404/443 549/409/443 550/410/443 545/405/443
f 631/406/444 683/411/444 551/412/444 546/87/444
f 765/413/445 603/414/445 602/297/445 764/296/445
f 547/407/446 552/415/446 548/408/446 543/403/446
f 548/408/447 553/256/447 554/416/447 549/409/447
f 549/409/448 554/416/448 555/417/448 550/410/448
f 683/411/449 737/418/449 556/419/449 551/412/449
f 435/295/450 440/294/450 603/414/450 765/413/450
f 603/414/451 657/420/451 656/303/451 602/297/451
f 440/294/452 445/302/452 657/420/452 603/414/452
f 657/420/453 704/421/453 703/308/453 656/303/453
f 552/415/454 561/422/454 553/256/454 548/408/454
f 553/423/455 562/424/455 563/425/455 554/426/455
f 554/426/456 563/425/456 564/427/456 555/428/456
f 737/429/457 575/430/457 565/431/457 556/432/457
f 445/302/458 450/307/458 704/421/458 657/420/458
f 704/421/459 758/433/459 757/313/459 703/308/459
f 450/307/460 455/312/460 758/433/460 704/421/460
f 758/433/461 596/434/461 595/319/461 757/313/461
f 561/435/462 570/436/462 562/424/462 553/423/462
f 562/424/463 571/437/463 572/438/463 563/425/463
f 563/425/464 572/438/464 573/439/464 564/427/464
f 575/430/465 629/440/465 574/441/465 565/431/465
f 596/434/466 650/442/466 649/324/466 595/319/466
f 455/312/467 460/318/467 596/434/467 758/433/467
f 460/318/468 465/323/468 650/442/468 596/434/468
f 650/442/469 702/443/469 701/329/469 649/324/469
f 570/436/470 579/444/470 571/437/470 562/424/470
f 571/437/471 580/196/471 581/445/471 572/438/471
f 572/438/472 581/445/472 582/446/472 573/439/472
f 629/440/473 676/447/473 583/40/473 574/441/473
f 465/323/474 470/328/474 702/443/474 650/442/474
f 702/443/475 756/448/475 755/335/475 701/329/475
f 470/328/476 475/334/476 756/448/476 702/443/476
f 756/448/477 594/449/477 593/340/477 755/335/477
f 579/444/478 588/450/478 580/196/478 571/437/478
f 580/196/479 589/451/479 590/452/479 581/445/479
f 581/445/480 590/452/480 591/453/480 582/446/480
f 676/447/481 730/454/481 592/117/481 583/40/481
f 475/334/482 480/339/482 594/449/482 756/448/482
f 594/449/483 648/455/483 647/345/483 593/340/483
f 480/339/484 485/344/484 648/455/484 594/449/484
f 648/455/485 695/456/485 694/351/485 647/345/485
f 588/450/486 597/457/486 589/451/486 580/196/486
f 589/451/487 598/458/487 599/459/487 590/452/487
f 590/452/488 599/459/488 600/460/488 591/453/488
f 730/454/489 568/461/489 601/462/489 592/117/489
f 485/344/490 490/350/490 695/456/490 648/455/490
f 695/456/491 749/463/491 748/356/491 694/351/491
f 490/350/492 495/355/492 749/463/492 695/456/492
f 749/463/493 587/464/493 586/361/493 748/356/493
f 597/457/494 606/465/494 598/458/494 589/451/494
f 598/458/495 607/200/495 608/466/495 599/459/495
f 599/459/496 608/466/496 609/467/496 600/460/496
f 568/461/497 622/468/497 610/64/497 601/462/497
f 587/464/498 641/469/498 640/366/498 586/361/498
f 495/355/499 500/360/499 587/464/499 749/463/499
f 500/360/500 505/365/500 641/469/500 587/464/500
f 641/469/501 693/470/501 692/371/501 640/366/501
f 606/465/502 615/471/502 607/200/502 598/458/502
f 607/200/503 616/472/503 617/473/503 608/466/503
f 608/466/504 617/473/504 618/474/504 609/467/504
f 622/468/505 674/475/505 619/94/505 610/64/505
f 505/365/506 510/370/506 693/470/506 641/469/506
f 693/470/507 747/476/507 746/377/507 692/371/507
f 510/370/508 515/376/508 747/476/508 693/470/508
f 747/476/509 585/477/509 584/382/509 746/377/509
f 615/471/510 624/478/510 616/472/510 607/200/510
f 616/472/511 625/479/511 626/480/511 617/473/511
f 617/473/512 626/480/512 627/481/512 618/474/512
f 674/475/513 728/482/513 628/483/513 619/94/513
f 515/376/514 520/381/514 585/477/514 747/476/514
f 585/477/515 639/484/515 638/386/515 584/382/515
f 520/381/516 525/385/516 639/484/516 585/477/516
f 639/484/517 686/485/517 685/391/517 638/386/517
f 624/478/518 633/486/518 625/479/518 616/472/518
f 625/479/519 634/204/519 635/487/519 626/480/519
f 626/480/520 635/487/520 636/488/520 627/481/520
f 728/482/521 566/489/521 637/38/521 628/483/521
f 525/385/522 530/390/522 686/485/522 639/484/522
f 686/485/523 740/490/523 739/397/523 685/391/523
f 530/390/524 535/396/524 740/490/524 686/485/524
f 740/490/525 578/491/525 577/401/525 739/397/525
f 633/486/526 642/492/526 634/204/526 625/479/526
f 634/204/527 643/493/527 644/494/527 635/487/527
f 635/487/528 644/494/528 645/495/528 636/488/528
f 566/489/529 620/496/529 646/78/529 637/38/529
f 578/491/530 632/497/530 631/406/530 577/401/530
f 535/396/531 540/400/531 578/491/531 740/490/531
f 540/400/532 545/405/532 632/497/532 578/491/532
f 632/497/533 684/498/533 683/411/533 631/406/533
f 642/492/534 651/499/534 643/493/534 634/204/534
f 643/493/535 652/500/535 653/501/535 644/494/535
f 644/494/536 653/501/536 654/502/536 645/495/536
f 620/496/537 667/503/537 655/504/537 646/78/537
f 545/405/538 550/410/538 684/498/538 632/497/538
f 684/498/539 738/505/539 737/418/539 683/411/539
f 550/410/540 555/417/540 738/505/540 684/498/540
f 738/506/541 576/507/541 575/430/541 737/429/541
f 651/499/542 660/508/542 652/500/542 643/493/542
f 652/500/543 661/208/543 662/509/543 653/501/543
f 653/501/544 662/509/544 663/510/544 654/502/544
f 667/503/545 721/511/545 664/61/545 655/504/545
f 555/428/546 564/427/546 576/507/546 738/506/546
f 576/507/547 630/512/547 629/440/547 575/430/547
f 564/427/548 573/439/548 630/512/548 576/507/548
f 630/512/549 677/513/549 676/447/549 629/440/549
f 660/508/550 669/514/550 661/208/550 652/500/550
f 661/208/551 670/515/551 671/516/551 662/509/551
f 662/509/552 671/516/552 672/517/552 663/510/552
f 721/511/553 559/518/553 673/519/553 664/61/553
f 573/439/554 582/446/554 677/513/554 630/512/554
f 677/513/555 731/520/555 730/454/555 676/447/555
f 582/446/556 591/453/556 731/520/556 677/513/556
f 731/520/557 569/521/557 568/461/557 730/454/557
f 669/514/558 678/522/558 670/515/558 661/208/558
f 670/515/559 679/523/559 680/524/559 671/516/559
f 671/516/560 680/524/560 681/525/560 672/517/560
f 559/518/561 613/526/561 682/16/561 673/519/561
f 569/521/562 623/527/562 622/468/562 568/461/562
f 591/453/563 600/460/563 569/521/563 731/520/563
f 600/460/564 609/467/564 623/527/564 569/521/564
f 623/527/565 675/528/565 674/475/565 622/468/565
f 678/522/566 687/529/566 679/523/566 670/515/566
f 679/523/567 688/212/567 689/530/567 680/524/567
f 680/524/568 689/530/568 690/531/568 681/525/568
f 613/526/569 665/532/569 691/103/569 682/16/569
f 609/467/570 618/474/570 675/528/570 623/527/570
f 675/528/571 729/533/571 728/482/571 674/475/571
f 618/474/572 627/481/572 729/533/572 675/528/572
f 729/533/573 567/534/573 566/489/573 728/482/573
f 687/529/574 696/535/574 688/212/574 679/523/574
f 688/212/575 697/536/575 698/537/575 689/530/575
f 689/530/576 698/537/576 699/538/576 690/531/576
f 665/532/577 719/539/577 700/26/577 691/103/577
f 627/481/578 636/488/578 567/534/578 729/533/578
f 567/534/579 621/540/579 620/496/579 566/489/579
f 636/488/580 645/495/580 621/540/580 567/534/580
f 621/540/581 668/541/581 667/503/581 620/496/581
f 696/535/582 705/542/582 697/536/582 688/212/582
f 697/536/583 706/543/583 707/544/583 698/537/583
f 698/537/584 707/544/584 708/545/584 699/538/584
f 719/539/585 557/546/585 709/28/585 700/26/585
f 645/495/586 654/502/586 668/541/586 621/540/586
f 668/541/587 722/547/587 721/511/587 667/503/587
f 654/502/588 663/510/588 722/547/588 668/541/588
f 722/547/589 560/548/589 559/518/589 721/511/589
f 705/542/590 714/549/590 706/543/590 697/536/590
f 706/543/591 715/216/591 716/550/591 707/544/591
f 707/544/592 716/550/592 717/551/592 708/545/592
f 557/546/593 611/552/593 718/553/593 709/28/593
f 560/548/594 614/554/594 613/526/594 559/518/594
f 663/510/595 672/517/595 560/548/595 722/547/595
f 672/517/596 681/525/596 614/554/596 560/548/596
f 614/554/597 666/555/597 665/532/597 613/526/597
f 714/549/598 723/556/598 715/216/598 706/543/598
f 715/216/599 724/557/599 725/558/599 716/550/599
f 716/550/600 725/558/600 726/559/600 717/551/600
f 611/552/601 712/560/601 727/561/601 718/553/601
f 681/525/602 690/531/602 666/555/602 614/554/602
f 666/555/603 720/562/603 719/539/603 665/532/603
f 690/531/604 699/538/604 720/562/604 666/555/604
f 720/562/605 558/563/605 557/546/605 719/539/605
f 723/556/606 732/564/606 724/557/606 715/216/606
f 724/557/607 733/565/607 734/566/607 725/558/607
f 725/558/608 734/566/608 735/567/608 726/559/608
f 712/560/609 766/568/609 736/569/609 727/561/609
f 699/538/610 708/545/610 558/563/610 720/562/610
f 558/563/611 612/570/611 611/552/611 557/546/611
f 708/545/612 717/551/612 612/570/612 558/563/612
f 612/570/613 713/571/613 712/560/613 611/552/613
f 732/564/614 741/572/614 733/565/614 724/557/614
f 733/565/615 742/220/615 743/573/615 734/566/615
f 734/566/616 743/573/616 744/574/616 735/567/616
f 766/568/617 604/575/617 745/62/617 736/569/617
f 717/551/618 726/559/618 713/571/618 612/570/618
f 713/571/619 767/576/619 766/568/619 712/560/619
f 726/559/620 735/567/620 767/576/620 713/571/620
f 767/576/621 605/577/621 604/575/621 766/568/621
f 741/572/622 750/578/622 742/220/622 733/565/622
f 742/220/623 751/579/623 752/580/623 743/573/623
f 743/573/624 752/580/624 753/581/624 744/574/624
f 604/575/625 658/582/625 754/583/625 745/62/625
f 605/577/626 659/584/626 658/582/626 604/575/626
f 735/567/627 744/574/627 605/577/627 767/576/627
f 659/584/628 711/585/628 710/586/628 658/582/628
f 750/578/629 759/587/629 751/579/629 742/220/629
f 751/579/630 760/588/630 761/589/630 752/580/630
f 752/580/631 761/589/631 762/590/631 753/581/631
f 658/582/632 710/586/632 763/591/632 754/583/632
f 753/581/633 762/590/633 711/585/633 659/584/633
f 744/574/634 753/581/634 659/584/634 605/577/634
f 711/585/635 765/413/635 764/296/635 710/586/635
f 762/590/636 435/295/636 765/413/636 711/585/636
f 759/587/637 768/592/637 760/588/637 751/579/637
f 760/588/638 433/224/638 434/293/638 761/589/638
f 761/589/639 434/293/639 435/295/639 762/590/639
f 710/586/640 764/296/640 436/52/640 763/591/640
f 768/592/641 437/298/641 433/224/641 760/588/641
f 763/591/642 436/52/642 441/54/642 446/304/642 451/69/642 456/314/642 461/320/642 466/76/642 471/330/642 476/336/642 481/12/642 486/346/642 491/352/642 496/55/642 501/30/642 506/367/642 511/372/642 516/24/642 521/59/642 526/33/642 531/392/642 536/108/642 541/88/642 546/87/642 551/412/642 556/432/642 565/431/642 574/441/642 583/40/642 592/117/642 601/462/642 610/64/642 619/94/642 628/483/642 637/38/642 646/78/642 655/504/642 664/61/642 673/519/642 682/16/642 691/103/642 700/26/642 709/28/642 718/553/642 727/561/642 736/569/642 745/62/642 754/583/642
f 782/30/289 781/55/289 780/352/289 779/346/289 778/12/289 777/336/289 776/330/289 775/76/289 774/320/289 773/314/289 772/69/289 771/304/289 770/54/289 769/52/289 816/591/289 815/583/289 814/62/289 813/569/289 812/561/289 811/553/289 810/28/289 809/26/289 808/103/289 807/16/289 806/519/289 805/61/289 804/504/289 803/78/289 802/38/289 801/483/289 800/94/289 799/64/289 798/462/289 797/117/289 796/40/289 795/441/289 794/431/289 793/432/289 792/412/289 791/87/289 790/88/289 789/108/289 788/392/289 787/33/289 786/59/289 785/24/289 784/372/289 783/367/289
f 799/64/643 800/94/643 856/94/643 997/593/643
f 997/593/644 856/94/644 855/94/644 998/64/644
f 998/64/645 855/94/645 854/94/645 999/64/645
f 999/64/646 854/94/646 853/94/646 1000/65/646
f 1000/65/647 853/94/647 10/23/647 73/65/647
f 816/591/648 769/52/648 948/52/648 993/594/648
f 993/594/649 948/52/649 947/52/649 994/591/649
f 994/591/650 947/52/650 946/52/650 995/123/650
f 995/123/651 946/52/651 945/52/651 996/47/651
f 996/47/652 945/52/652 33/52/652 65/47/652
f 806/519/653 807/16/653 876/16/653 909/595/653
f 909/595/654 876/16/654 875/16/654 910/595/654
f 910/595/655 875/16/655 874/16/655 911/595/655
f 911/595/656 874/16/656 873/16/656 912/14/656
f 912/14/657 873/16/657 15/16/657 24/14/657
f 792/412/658 793/432/658 840/596/658 1001/597/658
f 1001/597/659 840/596/659 839/432/659 1002/597/659
f 1002/597/660 839/432/660 838/432/660 1003/597/660
f 1003/597/661 838/432/661 837/432/661 1004/4/661
f 1004/4/662 837/432/662 6/3/662 81/4/662
f 795/441/663 796/40/663 824/598/663 989/599/663
f 989/599/664 824/598/664 823/40/664 990/150/664
f 990/150/665 823/40/665 822/40/665 991/150/665
f 991/150/666 822/40/666 821/40/666 992/67/666
f 992/67/667 821/40/667 2/40/667 57/67/667
f 813/569/668 814/62/668 972/600/668 1005/601/668
f 1005/601/669 972/600/669 971/62/669 1006/602/669
f 1006/602/670 971/62/670 970/62/670 1007/569/670
f 1007/569/671 970/62/671 969/62/671 1008/50/671
f 1008/50/672 969/62/672 39/62/672 89/50/672
f 802/38/673 803/78/673 848/78/673 889/38/673
f 889/38/674 848/78/674 847/78/674 890/38/674
f 890/38/675 847/78/675 846/78/675 891/38/675
f 891/38/676 846/78/676 845/8/676 892/39/676
f 892/39/677 845/8/677 8/8/677 19/39/677
f 812/561/678 813/569/678 1005/601/678 985/49/678
f 985/49/679 1005/601/679 1006/602/679 986/49/679
f 986/49/680 1006/602/680 1007/569/680 987/49/680
f 987/49/681 1007/569/681 1008/50/681 988/129/681
f 988/129/682 1008/50/682 89/50/682 49/51/682
f 791/87/683 792/412/683 1001/597/683 977/603/683
f 977/603/684 1001/597/684 1002/597/684 978/603/684
f 978/603/685 1002/597/685 1003/597/685 979/10/685
f 979/10/686 1003/597/686 1004/4/686 980/10/686
f 980/10/687 1004/4/687 81/4/687 41/10/687
f 798/462/688 799/64/688 997/593/688 865/462/688
f 865/462/689 997/593/689 998/64/689 866/147/689
f 866/147/690 998/64/690 999/64/690 867/462/690
f 867/462/691 999/64/691 1000/65/691 868/63/691
f 868/63/692 1000/65/692 73/65/692 13/63/692
f 789/108/693 790/88/693 984/604/693 973/605/693
f 973/605/694 984/604/694 983/88/694 974/605/694
f 974/605/695 983/88/695 982/91/695 975/606/695
f 975/606/696 982/91/696 981/91/696 976/108/696
f 976/108/697 981/91/697 48/11/697 40/37/697
f 815/583/698 816/591/698 993/594/698 965/48/698
f 965/48/699 993/594/699 994/591/699 966/607/699
f 966/607/700 994/591/700 995/123/700 967/608/700
f 967/608/701 995/123/701 996/47/701 968/583/701
f 968/583/702 996/47/702 65/47/702 38/48/702
f 794/431/703 795/441/703 989/599/703 833/57/703
f 833/57/704 989/599/704 990/150/704 834/57/704
f 834/57/705 990/150/705 991/150/705 835/57/705
f 835/57/706 991/150/706 992/67/706 836/57/706
f 836/57/707 992/67/707 57/67/707 5/57/707
f 785/24/708 786/59/708 944/609/708 961/101/708
f 961/101/709 944/609/709 943/138/709 962/610/709
f 962/610/710 943/138/710 942/59/710 963/101/710
f 963/101/711 942/59/711 941/59/711 964/24/711
f 964/24/712 941/59/712 32/59/712 37/25/712
f 811/553/713 812/561/713 985/49/713 825/553/713
f 825/553/714 985/49/714 986/49/714 826/553/714
f 826/553/715 986/49/715 987/49/715 827/553/715
f 827/553/716 987/49/716 988/129/716 828/72/716
f 828/72/717 988/129/717 49/51/717 3/72/717
f 790/88/718 791/87/718 977/603/718 984/604/718
f 984/604/719 977/603/719 978/603/719 983/88/719
f 983/88/720 978/603/720 979/10/720 982/91/720
f 982/91/721 979/10/721 980/10/721 981/91/721
f 981/91/722 980/10/722 41/10/722 48/11/722
f 781/55/723 782/30/723 928/106/723 953/55/723
f 953/55/724 928/106/724 927/106/724 954/55/724
f 954/55/725 927/106/725 926/30/725 955/55/725
f 955/55/726 926/30/726 925/104/726 956/56/726
f 956/56/727 925/104/727 28/30/727 35/56/727
f 788/392/728 789/108/728 973/605/728 957/34/728
f 957/34/729 973/605/729 974/605/729 958/611/729
f 958/611/730 974/605/730 975/606/730 959/392/730
f 959/392/731 975/606/731 976/108/731 960/35/731
f 960/35/732 976/108/732 40/37/732 36/35/732
f 814/62/733 815/583/733 965/48/733 972/600/733
f 972/600/734 965/48/734 966/607/734 971/62/734
f 971/62/735 966/607/735 967/608/735 970/62/735
f 970/62/736 967/608/736 968/583/736 969/62/736
f 969/62/737 968/583/737 38/48/737 39/62/737
f 777/336/738 778/12/738 908/612/738 933/336/738
f 933/336/739 908/612/739 907/12/739 934/613/739
f 934/613/740 907/12/740 906/12/740 935/613/740
f 935/613/741 906/12/741 905/12/741 936/44/741
f 936/44/742 905/12/742 23/12/742 30/44/742
f 784/372/743 785/24/743 961/101/743 949/372/743
f 949/372/744 961/101/744 962/610/744 950/372/744
f 950/372/745 962/610/745 963/101/745 951/614/745
f 951/614/746 963/101/746 964/24/746 952/19/746
f 952/19/747 964/24/747 37/25/747 34/19/747
f 787/33/748 788/392/748 957/34/748 937/33/748
f 937/33/749 957/34/749 958/611/749 938/615/749
f 938/615/750 958/611/750 959/392/750 939/33/750
f 939/33/751 959/392/751 960/35/751 940/36/751
f 940/36/752 960/35/752 36/35/752 31/36/752
f 773/314/753 774/320/753 888/616/753 917/617/753
f 917/617/754 888/616/754 887/75/754 918/77/754
f 918/77/755 887/75/755 886/75/755 919/77/755
f 919/77/756 886/75/756 885/75/756 920/77/756
f 920/77/757 885/75/757 18/75/757 26/77/757
f 780/352/758 781/55/758 953/55/758 929/618/758
f 929/618/759 953/55/759 954/55/759 930/352/759
f 930/352/760 954/55/760 955/55/760 931/352/760
f 931/352/761 955/55/761 956/56/761 932/619/761
f 932/619/762 956/56/762 35/56/762 29/42/762
f 783/367/763 784/372/763 949/372/763 921/620/763
f 921/620/764 949/372/764 950/372/764 922/620/764
f 922/620/765 950/372/765 951/614/765 923/620/765
f 923/620/766 951/614/766 952/19/766 924/95/766
f 924/95/767 952/19/767 34/19/767 27/20/767
f 769/52/768 770/54/768 864/621/768 948/52/768
f 948/52/769 864/621/769 863/53/769 947/52/769
f 947/52/770 863/53/770 862/54/770 946/52/770
f 946/52/771 862/54/771 861/54/771 945/52/771
f 945/52/772 861/54/772 12/54/772 33/52/772
f 786/59/773 787/33/773 937/33/773 944/609/773
f 944/609/774 937/33/774 938/615/774 943/138/774
f 943/138/775 938/615/775 939/33/775 942/59/775
f 942/59/776 939/33/776 940/36/776 941/59/776
f 941/59/777 940/36/777 31/36/777 32/59/777
f 776/330/778 777/336/778 933/336/778 913/154/778
f 913/154/779 933/336/779 934/613/779 914/74/779
f 914/74/780 934/613/780 935/613/780 915/74/780
f 915/74/781 935/613/781 936/44/781 916/74/781
f 916/74/782 936/44/782 30/44/782 25/74/782
f 779/346/783 780/352/783 929/618/783 901/622/783
f 901/622/784 929/618/784 930/352/784 902/622/784
f 902/622/785 930/352/785 931/352/785 903/622/785
f 903/622/786 931/352/786 932/619/786 904/13/786
f 904/13/787 932/619/787 29/42/787 22/13/787
f 809/26/788 810/28/788 832/623/788 897/26/788
f 897/26/789 832/623/789 831/27/789 898/29/789
f 898/29/790 831/27/790 830/27/790 899/29/790
f 899/29/791 830/27/791 829/28/791 900/29/791
f 900/29/792 829/28/792 4/28/792 21/29/792
f 782/30/793 783/367/793 921/620/793 928/106/793
f 928/106/794 921/620/794 922/620/794 927/106/794
f 927/106/795 922/620/795 923/620/795 926/30/795
f 926/30/796 923/620/796 924/95/796 925/104/796
f 925/104/797 924/95/797 27/20/797 28/30/797
f 772/69/798 773/314/798 917/617/798 893/624/798
f 893/624/799 917/617/799 918/77/799 894/625/799
f 894/625/800 918/77/800 919/77/800 895/625/800
f 895/625/801 919/77/801 920/77/801 896/69/801
f 896/69/802 920/77/802 26/77/802 20/69/802
f 775/76/803 776/330/803 913/154/803 881/626/803
f 881/626/804 913/154/804 914/74/804 882/627/804
f 882/627/805 914/74/805 915/74/805 883/627/805
f 883/627/806 915/74/806 916/74/806 884/76/806
f 884/76/807 916/74/807 25/74/807 17/76/807
f 805/61/808 806/519/808 909/595/808 877/60/808
f 877/60/809 909/595/809 910/595/809 878/60/809
f 878/60/810 910/595/810 911/595/810 879/60/810
f 879/60/811 911/595/811 912/14/811 880/61/811
f 880/61/812 912/14/812 24/14/812 16/61/812
f 778/12/813 779/346/813 901/622/813 908/612/813
f 908/612/814 901/622/814 902/622/814 907/12/814
f 907/12/815 902/622/815 903/622/815 906/12/815
f 906/12/816 903/622/816 904/13/816 905/12/816
f 905/12/817 904/13/817 22/13/817 23/12/817
f 808/103/818 809/26/818 897/26/818 869/103/818
f 869/103/819 897/26/819 898/29/819 870/103/819
f 870/103/820 898/29/820 899/29/820 871/103/820
f 871/103/821 899/29/821 900/29/821 872/32/821
f 872/32/822 900/29/822 21/29/822 14/32/822
f 771/304/823 772/69/823 893/624/823 857/628/823
f 857/628/824 893/624/824 894/625/824 858/629/824
f 858/629/825 894/625/825 895/625/825 859/629/825
f 859/629/826 895/625/826 896/69/826 860/70/826
f 860/70/827 896/69/827 20/69/827 11/70/827
f 801/483/828 802/38/828 889/38/828 849/630/828
f 849/630/829 889/38/829 890/38/829 850/631/829
f 850/631/830 890/38/830 891/38/830 851/631/830
f 851/631/831 891/38/831 892/39/831 852/22/831
f 852/22/832 892/39/832 19/39/832 9/22/832
f 774/320/833 775/76/833 881/626/833 888/616/833
f 888/616/834 881/626/834 882/627/834 887/75/834
f 887/75/835 882/627/835 883/627/835 886/75/835
f 886/75/836 883/627/836 884/76/836 885/75/836
f 885/75/837 884/76/837 17/76/837 18/75/837
f 804/504/838 805/61/838 877/60/838 841/632/838
f 841/632/839 877/60/839 878/60/839 842/504/839
f 842/504/840 878/60/840 879/60/840 843/633/840
f 843/633/841 879/60/841 880/61/841 844/634/841
f 844/634/842 880/61/842 16/61/842 7/7/842
f 807/16/843 808/103/843 869/103/843 876/16/843
f 876/16/844 869/103/844 870/103/844 875/16/844
f 875/16/845 870/103/845 871/103/845 874/16/845
f 874/16/846 871/103/846 872/32/846 873/16/846
f 873/16/847 872/32/847 14/32/847 15/16/847
f 797/117/848 798/462/848 865/462/848 817/635/848
f 817/635/849 865/462/849 866/147/849 818/41/849
f 818/41/850 866/147/850 867/462/850 819/41/850
f 819/41/851 867/462/851 868/63/851 820/41/851
f 820/41/852 868/63/852 13/63/852 1/41/852
f 770/54/853 771/304/853 857/628/853 864/621/853
f 864/621/854 857/628/854 858/629/854 863/53/854
f 863/53/855 858/629/855 859/629/855 862/54/855
f 862/54/856 859/629/856 860/70/856 861/54/856
f 861/54/857 860/70/857 11/70/857 12/54/857
f 800/94/858 801/483/858 849/630/858 856/94/858
f 856/94/859 849/630/859 850/631/859 855/94/859
f 855/94/860 850/631/860 851/631/860 854/94/860
f 854/94/861 851/631/861 852/22/861 853/94/861
f 853/94/862 852/22/862 9/22/862 10/23/862
f 803/78/863 804/504/863 841/632/863 848/78/863
f 848/78/864 841/632/864 842/504/864 847/78/864
f 847/78/865 842/504/865 843/633/865 846/78/865
f 846/78/866 843/633/866 844/634/866 845/8/866
f 845/8/867 844/634/867 7/7/867 8/8/867
f 793/432/868 794/431/868 833/57/868 840/596/868
f 840/596/869 833/57/869 834/57/869 839/432/869
f 839/432/870 834/57/870 835/57/870 838/432/870
f 838/432/871 835/57/871 836/57/871 837/432/871
f 837/432/872 836/57/872 5/57/872 6/3/872
f 810/28/873 811/553/873 825/553/873 832/623/873
f 832/623/874 825/553/874 826/553/874 831/27/874
f 831/27/875 826/553/875 827/553/875 830/27/875
f 830/27/876 827/553/876 828/72/876 829/28/876
f 829/28/877 828/72/877 3/72/877 4/28/877
f 796/40/878 797/117/878 817/635/878 824/598/878
f 824/598/879 817/635/879 818/41/879 823/40/879
f 823/40/880 818/41/880 819/41/880 822/40/880
f 822/40/881 819/41/881 820/41/881 821/40/881
f 821/40/882 820/41/882 1/41/882 2/40/882
f 1009/636/883 1015/637/883 1016/638/883 1010/639/883
f 1010/639/884 1016/638/884 1017/640/884 1011/641/884
f 1264/642/885 1270/642/885 1515/643/885 1510/644/885
f 1013/645/886 1019/646/886 1020/647/886 1014/648/886
f 1014/648/887 1020/647/887 1015/637/887 1009/636/887
f 1015/637/888 1021/649/888 1022/650/888 1016/638/888
f 1016/638/889 1022/650/889 1023/651/889 1017/640/889
f 1258/642/890 1264/642/890 1510/644/890 1505/652/890
f 1019/646/891 1025/653/891 1026/654/891 1020/647/891
f 1020/647/892 1026/654/892 1021/649/892 1015/637/892
f 1021/649/893 1027/655/893 1028/656/893 1022/650/893
f 1022/650/894 1028/656/894 1029/657/894 1023/651/894
f 1252/642/895 1258/642/895 1505/652/895 1500/658/895
f 1025/653/896 1031/659/896 1032/660/896 1026/654/896
f 1026/654/897 1032/660/897 1027/655/897 1021/649/897
f 1027/655/898 1033/661/898 1034/662/898 1028/656/898
f 1028/656/899 1034/662/899 1035/663/899 1029/657/899
f 1246/642/900 1252/642/900 1500/658/900 1495/664/900
f 1031/659/901 1037/665/901 1038/666/901 1032/660/901
f 1032/660/902 1038/666/902 1033/661/902 1027/655/902
f 1033/661/903 1039/667/903 1040/668/903 1034/662/903
f 1034/662/904 1040/668/904 1041/669/904 1035/663/904
f 1240/642/905 1246/642/905 1495/664/905 1490/670/905
f 1037/665/906 1043/671/906 1044/672/906 1038/666/906
f 1038/666/907 1044/672/907 1039/667/907 1033/661/907
f 1039/667/908 1045/673/908 1046/674/908 1040/668/908
f 1040/668/909 1046/674/909 1047/675/909 1041/669/909
f 1234/642/910 1240/642/910 1490/670/910 1485/676/910
f 1043/671/911 1049/677/911 1050/678/911 1044/672/911
f 1044/672/912 1050/678/912 1045/673/912 1039/667/912
f 1045/673/913 1051/679/913 1052/680/913 1046/674/913
f 1046/674/914 1052/680/914 1053/681/914 1047/675/914
f 1228/642/915 1234/642/915 1485/676/915 1480/682/915
f 1049/677/916 1055/683/916 1056/684/916 1050/678/916
f 1050/678/917 1056/684/917 1051/679/917 1045/673/917
f 1051/679/918 1057/685/918 1058/686/918 1052/680/918
f 1052/680/919 1058/686/919 1059/687/919 1053/681/919
f 1222/642/920 1228/642/920 1480/682/920 1475/688/920
f 1055/683/921 1061/689/921 1062/690/921 1056/684/921
f 1056/684/922 1062/690/922 1057/685/922 1051/679/922
f 1057/685/923 1063/691/923 1064/692/923 1058/686/923
f 1058/686/924 1064/692/924 1065/693/924 1059/687/924
f 1216/642/925 1222/642/925 1475/688/925 1470/694/925
f 1061/689/926 1067/695/926 1068/696/926 1062/690/926
f 1062/690/927 1068/696/927 1063/691/927 1057/685/927
f 1063/691/928 1069/697/928 1070/698/928 1064/692/928
f 1064/692/929 1070/698/929 1071/699/929 1065/693/929
f 1210/642/930 1216/642/930 1470/694/930 1465/700/930
f 1067/695/931 1073/701/931 1074/702/931 1068/696/931
f 1068/696/932 1074/702/932 1069/697/932 1063/691/932
f 1069/697/933 1075/703/933 1076/704/933 1070/698/933
f 1070/698/934 1076/704/934 1077/705/934 1071/699/934
f 1204/642/935 1210/642/935 1465/700/935 1460/706/935
f 1073/701/936 1079/707/936 1080/708/936 1074/702/936
f 1074/702/937 1080/708/937 1075/703/937 1069/697/937
f 1075/703/938 1081/709/938 1082/710/938 1076/704/938
f 1076/704/939 1082/710/939 1083/711/939 1077/705/939
f 1198/642/940 1204/642/940 1460/706/940 1455/712/940
f 1079/707/941 1085/713/941 1086/714/941 1080/708/941
f 1080/708/942 1086/714/942 1081/709/942 1075/703/942
f 1081/709/943 1087/715/943 1088/716/943 1082/710/943
f 1082/710/944 1088/716/944 1089/717/944 1083/711/944
f 1192/642/945 1198/642/945 1455/712/945 1450/718/945
f 1085/713/946 1091/719/946 1092/720/946 1086/714/946
f 1086/714/947 1092/720/947 1087/715/947 1081/709/947
f 1087/715/948 1093/721/948 1094/722/948 1088/716/948
f 1088/716/949 1094/722/949 1095/723/949 1089/717/949
f 1186/642/950 1192/642/950 1450/718/950 1445/724/950
f 1091/719/951 1097/725/951 1098/726/951 1092/720/951
f 1092/720/952 1098/726/952 1093/721/952 1087/715/952
f 1093/721/953 1099/727/953 1100/728/953 1094/722/953
f 1094/722/954 1100/728/954 1101/729/954 1095/723/954
f 1180/642/955 1186/642/955 1445/724/955 1440/730/955
f 1097/725/956 1103/731/956 1104/732/956 1098/726/956
f 1098/726/957 1104/732/957 1099/727/957 1093/721/957
f 1099/727/958 1105/733/958 1106/734/958 1100/728/958
f 1100/728/959 1106/734/959 1107/735/959 1101/729/959
f 1174/642/960 1180/642/960 1440/730/960 1435/736/960
f 1103/731/961 1109/737/961 1110/738/961 1104/732/961
f 1104/732/962 1110/738/962 1105/733/962 1099/727/962
f 1105/733/963 1111/739/963 1112/740/963 1106/734/963
f 1106/734/964 1112/740/964 1113/741/964 1107/735/964
f 1168/642/965 1174/642/965 1435/736/965 1430/742/965
f 1109/737/966 1115/743/966 1116/744/966 1110/738/966
f 1110/738/967 1116/744/967 1111/739/967 1105/733/967
f 1111/739/968 1117/745/968 1118/746/968 1112/740/968
f 1112/740/969 1118/746/969 1119/747/969 1113/741/969
f 1115/743/970 1121/748/970 1122/749/970 1116/744/970
f 1116/744/971 1122/749/971 1117/745/971 1111/739/971
f 1117/745/972 1123/750/972 1124/751/972 1118/746/972
f 1118/746/973 1124/751/973 1125/752/973 1119/747/973
f 1162/642/974 1168/642/974 1430/742/974 1425/753/974
f 1121/748/975 1127/754/975 1128/755/975 1122/749/975
f 1122/749/976 1128/755/976 1123/750/976 1117/745/976
f 1123/750/977 1129/756/977 1130/757/977 1124/751/977
f 1124/751/978 1130/757/978 1131/758/978 1125/752/978
f 1156/642/979 1162/642/979 1425/753/979 1420/759/979
f 1127/754/980 1133/760/980 1134/761/980 1128/755/980
f 1128/755/981 1134/761/981 1129/756/981 1123/750/981
f 1129/756/982 1135/762/982 1136/763/982 1130/757/982
f 1130/757/983 1136/763/983 1137/764/983 1131/758/983
f 1150/642/984 1156/642/984 1420/765/984 1415/766/984
f 1133/760/985 1139/767/985 1140/768/985 1134/761/985
f 1134/761/986 1140/768/986 1135/762/986 1129/756/986
f 1135/762/987 1141/769/987 1142/770/987 1136/763/987
f 1136/763/988 1142/770/988 1143/771/988 1137/764/988
f 1144/642/989 1150/642/989 1415/766/989 1410/772/989
f 1139/767/990 1145/772/990 1146/773/990 1140/768/990
f 1140/768/991 1146/773/991 1141/769/991 1135/762/991
f 1141/769/992 1147/774/992 1148/775/992 1142/770/992
f 1142/770/993 1148/775/993 1149/776/993 1143/771/993
f 1138/642/994 1144/642/994 1410/772/994 1405/767/994
f 1145/772/995 1151/766/995 1152/777/995 1146/773/995
f 1146/773/996 1152/777/996 1147/774/996 1141/769/996
f 1147/774/997 1153/778/997 1154/779/997 1148/775/997
f 1148/775/998 1154/779/998 1155/780/998 1149/776/998
f 1132/642/999 1138/642/999 1405/767/999 1400/760/999
f 1151/766/1000 1157/765/1000 1158/781/1000 1152/777/1000
f 1152/777/1001 1158/781/1001 1153/778/1001 1147/774/1001
f 1153/782/1002 1159/783/1002 1160/784/1002 1154/785/1002
f 1154/785/1003 1160/784/1003 1161/786/1003 1155/787/1003
f 1126/642/1004 1132/642/1004 1400/760/1004 1395/754/1004
f 1157/759/1005 1163/753/1005 1164/788/1005 1158/789/1005
f 1158/789/1006 1164/788/1006 1159/783/1006 1153/782/1006
f 1159/783/1007 1165/790/1007 1166/791/1007 1160/784/1007
f 1160/784/1008 1166/791/1008 1167/792/1008 1161/786/1008
f 1120/642/1009 1126/642/1009 1395/754/1009 1390/748/1009
f 1163/753/1010 1169/742/1010 1170/793/1010 1164/788/1010
f 1164/788/1011 1170/793/1011 1165/790/1011 1159/783/1011
f 1165/790/1012 1171/794/1012 1172/795/1012 1166/791/1012
f 1166/791/1013 1172/795/1013 1173/796/1013 1167/792/1013
f 1114/642/1014 1120/642/1014 1390/748/1014 1385/743/1014
f 1169/742/1015 1175/736/1015 1176/797/1015 1170/793/1015
f 1170/793/1016 1176/797/1016 1171/794/1016 1165/790/1016
f 1171/794/1017 1177/798/1017 1178/799/1017 1172/795/1017
f 1172/795/1018 1178/799/1018 1179/800/1018 1173/796/1018
f 1108/642/1019 1114/642/1019 1385/743/1019 1380/737/1019
f 1175/736/1020 1181/730/1020 1182/801/1020 1176/797/1020
f 1176/797/1021 1182/801/1021 1177/798/1021 1171/794/1021
f 1177/798/1022 1183/802/1022 1184/803/1022 1178/799/1022
f 1178/799/1023 1184/803/1023 1185/804/1023 1179/800/1023
f 1102/642/1024 1108/642/1024 1380/737/1024 1375/731/1024
f 1181/730/1025 1187/724/1025 1188/805/1025 1182/801/1025
f 1182/801/1026 1188/805/1026 1183/802/1026 1177/798/1026
f 1183/802/1027 1189/806/1027 1190/807/1027 1184/803/1027
f 1184/803/1028 1190/807/1028 1191/808/1028 1185/804/1028
f 1096/642/1029 1102/642/1029 1375/731/1029 1370/725/1029
f 1187/724/1030 1193/718/1030 1194/809/1030 1188/805/1030
f 1188/805/1031 1194/809/1031 1189/806/1031 1183/802/1031
f 1189/806/1032 1195/810/1032 1196/811/1032 1190/807/1032
f 1190/807/1033 1196/811/1033 1197/812/1033 1191/808/1033
f 1090/642/1034 1096/642/1034 1370/725/1034 1365/719/1034
f 1193/718/1035 1199/712/1035 1200/813/1035 1194/809/1035
f 1194/809/1036 1200/813/1036 1195/810/1036 1189/806/1036
f 1195/810/1037 1201/814/1037 1202/815/1037 1196/811/1037
f 1196/811/1038 1202/815/1038 1203/816/1038 1197/812/1038
f 1084/642/1039 1090/642/1039 1365/719/1039 1360/713/1039
f 1199/712/1040 1205/706/1040 1206/817/1040 1200/813/1040
f 1200/813/1041 1206/817/1041 1201/814/1041 1195/810/1041
f 1201/814/1042 1207/818/1042 1208/819/1042 1202/815/1042
f 1202/815/1043 1208/819/1043 1209/820/1043 1203/816/1043
f 1078/642/1044 1084/642/1044 1360/713/1044 1355/707/1044
f 1205/706/1045 1211/700/1045 1212/821/1045 1206/817/1045
f 1206/817/1046 1212/821/1046 1207/818/1046 1201/814/1046
f 1207/818/1047 1213/822/1047 1214/823/1047 1208/819/1047
f 1208/819/1048 1214/823/1048 1215/824/1048 1209/820/1048
f 1072/642/1049 1078/642/1049 1355/707/1049 1350/701/1049
f 1211/700/1050 1217/694/1050 1218/825/1050 1212/821/1050
f 1212/821/1051 1218/825/1051 1213/822/1051 1207/818/1051
f 1213/822/1052 1219/826/1052 1220/827/1052 1214/823/1052
f 1214/823/1053 1220/827/1053 1221/828/1053 1215/824/1053
f 1066/642/1054 1072/642/1054 1350/701/1054 1345/695/1054
f 1217/694/1055 1223/688/1055 1224/829/1055 1218/825/1055
f 1218/825/1056 1224/829/1056 1219/826/1056 1213/822/1056
f 1219/826/1057 1225/830/1057 1226/831/1057 1220/827/1057
f 1220/827/1058 1226/831/1058 1227/832/1058 1221/828/1058
f 1060/642/1059 1066/642/1059 1345/695/1059 1340/689/1059
f 1223/688/1060 1229/682/1060 1230/833/1060 1224/829/1060
f 1224/829/1061 1230/833/1061 1225/830/1061 1219/826/1061
f 1225/830/1062 1231/834/1062 1232/835/1062 1226/831/1062
f 1226/831/1063 1232/835/1063 1233/836/1063 1227/832/1063
f 1054/642/1064 1060/642/1064 1340/689/1064 1335/683/1064
f 1229/682/1065 1235/676/1065 1236/837/1065 1230/833/1065
f 1230/833/1066 1236/837/1066 1231/834/1066 1225/830/1066
f 1231/834/1067 1237/838/1067 1238/839/1067 1232/835/1067
f 1232/835/1068 1238/839/1068 1239/840/1068 1233/836/1068
f 1048/642/1069 1054/642/1069 1335/683/1069 1330/677/1069
f 1235/676/1070 1241/670/1070 1242/841/1070 1236/837/1070
f 1236/837/1071 1242/841/1071 1237/838/1071 1231/834/1071
f 1237/838/1072 1243/842/1072 1244/843/1072 1238/839/1072
f 1238/839/1073 1244/843/1073 1245/844/1073 1239/840/1073
f 1042/642/1074 1048/642/1074 1330/677/1074 1325/671/1074
f 1241/670/1075 1247/664/1075 1248/845/1075 1242/841/1075
f 1242/841/1076 1248/845/1076 1243/842/1076 1237/838/1076
f 1243/842/1077 1249/846/1077 1250/847/1077 1244/843/1077
f 1244/843/1078 1250/847/1078 1251/848/1078 1245/844/1078
f 1036/642/1079 1042/642/1079 1325/671/1079 1320/665/1079
f 1247/664/1080 1253/658/1080 1254/849/1080 1248/845/1080
f 1248/845/1081 1254/849/1081 1249/846/1081 1243/842/1081
f 1249/846/1082 1255/850/1082 1256/851/1082 1250/847/1082
f 1250/847/1083 1256/851/1083 1257/852/1083 1251/848/1083
f 1030/642/1084 1036/642/1084 1320/665/1084 1315/659/1084
f 1253/658/1085 1259/652/1085 1260/853/1085 1254/849/1085
f 1254/849/1086 1260/853/1086 1255/850/1086 1249/846/1086
f 1255/850/1087 1261/854/1087 1262/855/1087 1256/851/1087
f 1256/851/1088 1262/855/1088 1263/856/1088 1257/852/1088
f 1024/642/1089 1030/642/1089 1315/659/1089 1310/653/1089
f 1259/652/1090 1265/644/1090 1266/857/1090 1260/853/1090
f 1260/853/1091 1266/857/1091 1261/854/1091 1255/850/1091
f 1261/854/1092 1267/858/1092 1268/859/1092 1262/855/1092
f 1262/855/1093 1268/859/1093 1269/860/1093 1263/856/1093
f 1018/642/1094 1024/642/1094 1310/653/1094 1305/646/1094
f 1265/644/1095 1271/643/1095 1272/861/1095 1266/857/1095
f 1266/857/1096 1272/861/1096 1267/858/1096 1261/854/1096
f 1267/858/1097 1273/862/1097 1274/863/1097 1268/859/1097
f 1268/859/1098 1274/863/1098 1275/864/1098 1269/860/1098
f 1012/642/1099 1018/642/1099 1305/646/1099 1300/645/1099
f 1271/643/1100 1277/865/1100 1278/866/1100 1272/861/1100
f 1272/861/1101 1278/866/1101 1273/862/1101 1267/858/1101
f 1273/862/1102 1279/867/1102 1280/868/1102 1274/863/1102
f 1274/863/1103 1280/868/1103 1281/869/1103 1275/864/1103
f 1294/642/1104 1012/642/1104 1300/645/1104 1535/870/1104
f 1277/865/1105 1283/871/1105 1284/872/1105 1278/866/1105
f 1278/866/1106 1284/872/1106 1279/867/1106 1273/862/1106
f 1279/867/1107 1285/873/1107 1286/874/1107 1280/868/1107
f 1280/868/1108 1286/874/1108 1287/875/1108 1281/869/1108
f 1288/642/1109 1294/642/1109 1535/870/1109 1530/876/1109
f 1283/871/1110 1289/876/1110 1290/877/1110 1284/872/1110
f 1284/872/1111 1290/877/1111 1285/873/1111 1279/867/1111
f 1285/873/1112 1291/878/1112 1292/879/1112 1286/874/1112
f 1286/874/1113 1292/879/1113 1293/880/1113 1287/875/1113
f 1282/642/1114 1288/642/1114 1530/876/1114 1525/871/1114
f 1289/876/1115 1295/870/1115 1296/881/1115 1290/877/1115
f 1290/877/1116 1296/881/1116 1291/878/1116 1285/873/1116
f 1291/878/1117 1009/636/1117 1010/639/1117 1292/879/1117
f 1292/879/1118 1010/639/1118 1011/641/1118 1293/880/1118
f 1276/642/1119 1282/642/1119 1525/871/1119 1520/865/1119
f 1295/870/1120 1013/645/1120 1014/648/1120 1296/881/1120
f 1296/881/1121 1014/648/1121 1009/636/1121 1291/878/1121
f 1175/736/1122 1169/742/1122 46/67/1122 95/40/1122
f 1169/742/1123 1163/753/1123 92/57/1123 46/67/1123
f 1163/753/1124 1157/759/1124 91/3/1124 92/57/1124
f 1157/765/1125 1151/766/1125 43/4/1125 91/3/1125
f 1151/766/1126 1145/772/1126 51/10/1126 43/4/1126
f 1145/772/1127 1139/767/1127 50/11/1127 51/10/1127
f 1139/767/1128 1133/760/1128 52/37/1128 50/11/1128
f 1133/760/1129 1127/754/1129 56/35/1129 52/37/1129
f 1127/754/1130 1121/748/1130 62/36/1130 56/35/1130
f 1121/748/1131 1115/743/1131 61/59/1131 62/36/1131
f 1115/743/1132 1109/737/1132 55/25/1132 61/59/1132
f 1109/737/1133 1103/731/1133 59/19/1133 55/25/1133
f 1103/731/1134 1097/725/1134 67/20/1134 59/19/1134
f 1097/725/1135 1091/719/1135 66/30/1135 67/20/1135
f 1091/719/1136 1085/713/1136 58/56/1136 66/30/1136
f 1085/713/1137 1079/707/1137 64/42/1137 58/56/1137
f 1079/707/1138 1073/701/1138 72/13/1138 64/42/1138
f 1073/701/1139 1067/695/1139 71/12/1139 72/13/1139
f 1067/695/1140 1061/689/1140 63/44/1140 71/12/1140
f 1061/689/1141 1055/683/1141 69/74/1141 63/44/1141
f 1055/683/1142 1049/677/1142 78/76/1142 69/74/1142
f 1049/677/1143 1043/671/1143 77/75/1143 78/76/1143
f 1043/671/1144 1037/665/1144 68/77/1144 77/75/1144
f 1037/665/1145 1031/659/1145 75/69/1145 68/77/1145
f 1031/659/1146 1025/653/1146 85/70/1146 75/69/1146
f 1025/653/1147 1019/646/1147 84/54/1147 85/70/1147
f 1019/646/1148 1013/645/1148 60/52/1148 84/54/1148
f 1013/645/1149 1295/870/1149 45/47/1149 60/52/1149
f 1295/870/1150 1289/876/1150 54/48/1150 45/47/1150
f 1289/876/1151 1283/871/1151 53/62/1151 54/48/1151
f 1283/871/1152 1277/865/1152 42/50/1152 53/62/1152
f 1277/865/1153 1271/643/1153 47/51/1153 42/50/1153
f 1271/643/1154 1265/644/1154 94/72/1154 47/51/1154
f 1265/644/1155 1259/652/1155 93/28/1155 94/72/1155
f 1259/652/1156 1253/658/1156 74/29/1156 93/28/1156
f 1253/658/1157 1247/664/1157 82/32/1157 74/29/1157
f 1247/664/1158 1241/670/1158 80/16/1158 82/32/1158
f 1241/670/1159 1235/676/1159 70/14/1159 80/16/1159
f 1235/676/1160 1229/682/1160 79/61/1160 70/14/1160
f 1229/682/1161 1223/688/1161 90/7/1161 79/61/1161
f 1223/688/1162 1217/694/1162 88/8/1162 90/7/1162
f 1217/694/1163 1211/700/1163 76/39/1163 88/8/1163
f 1211/700/1164 1205/706/1164 87/22/1164 76/39/1164
f 1205/706/1165 1199/712/1165 86/23/1165 87/22/1165
f 1199/712/1166 1193/718/1166 44/65/1166 86/23/1166
f 1193/718/1167 1187/724/1167 83/63/1167 44/65/1167
f 1187/724/1168 1181/730/1168 96/41/1168 83/63/1168
f 1181/730/1169 1175/736/1169 95/40/1169 96/41/1169
f 1270/642/1170 1276/642/1170 1520/865/1170 1515/643/1170
f 1297/636/883 1302/637/883 1303/638/883 1298/639/883
f 1298/639/884 1303/638/884 1304/640/884 1299/641/884
f 1329/675/1171 1334/681/1171 1564/681/1171 1576/675/1171
f 1300/645/886 1305/646/886 1306/647/886 1301/648/886
f 1301/648/887 1306/647/887 1302/637/887 1297/636/887
f 1302/637/888 1307/649/888 1308/650/888 1303/638/888
f 1303/638/889 1308/650/889 1309/651/889 1304/640/889
f 1429/792/1172 1434/796/1172 1569/796/1172 1581/792/1172
f 1305/646/891 1310/653/891 1311/654/891 1306/647/891
f 1306/647/892 1311/654/892 1307/649/892 1302/637/892
f 1307/649/893 1312/655/893 1313/656/893 1308/650/893
f 1308/650/894 1313/656/894 1314/657/894 1309/651/894
f 1310/653/896 1315/659/896 1316/660/896 1311/654/896
f 1311/654/1173 1316/660/1173 1312/655/1173 1307/649/1173
f 1312/655/898 1317/661/898 1318/662/898 1313/656/898
f 1313/656/899 1318/662/899 1319/663/899 1314/657/899
f 1324/669/1174 1329/675/1174 1576/675/1174 1543/669/1174
f 1315/659/901 1320/665/901 1321/666/901 1316/660/901
f 1316/660/902 1321/666/902 1317/661/902 1312/655/902
f 1317/661/903 1322/667/903 1323/668/903 1318/662/903
f 1318/662/904 1323/668/904 1324/669/904 1319/663/904
f 1434/796/1175 1439/800/1175 1554/800/1175 1569/796/1175
f 1320/665/1176 1325/671/1176 1326/672/1176 1321/666/1176
f 1321/666/907 1326/672/907 1322/667/907 1317/661/907
f 1322/667/908 1327/673/908 1328/674/908 1323/668/908
f 1323/668/909 1328/674/909 1329/675/909 1324/669/909
f 1519/864/1177 1524/869/1177 1538/869/1177 1537/864/1177
f 1325/671/911 1330/677/911 1331/678/911 1326/672/911
f 1326/672/912 1331/678/912 1327/673/912 1322/667/912
f 1327/673/913 1332/679/913 1333/680/913 1328/674/913
f 1328/674/914 1333/680/914 1334/681/914 1329/675/914
f 1330/677/916 1335/683/916 1336/684/916 1331/678/916
f 1331/678/917 1336/684/917 1332/679/917 1327/673/917
f 1332/679/918 1337/685/918 1338/686/918 1333/680/918
f 1333/680/919 1338/686/919 1339/687/919 1334/681/919
f 1335/683/921 1340/689/921 1341/690/921 1336/684/921
f 1336/684/922 1341/690/922 1337/685/922 1332/679/922
f 1337/685/923 1342/691/923 1343/692/923 1338/686/923
f 1338/686/924 1343/692/924 1344/693/924 1339/687/924
f 1340/689/926 1345/695/926 1346/696/926 1341/690/926
f 1341/690/927 1346/696/927 1342/691/927 1337/685/927
f 1342/691/928 1347/697/928 1348/698/928 1343/692/928
f 1343/692/929 1348/698/929 1349/699/929 1344/693/929
f 1514/860/1178 1519/864/1178 1537/864/1178 1562/860/1178
f 1345/695/931 1350/701/931 1351/702/931 1346/696/931
f 1346/696/932 1351/702/932 1347/697/932 1342/691/932
f 1347/697/933 1352/703/933 1353/704/933 1348/698/933
f 1348/698/934 1353/704/934 1354/705/934 1349/699/934
f 1350/701/936 1355/707/936 1356/708/936 1351/702/936
f 1351/702/937 1356/708/937 1352/703/937 1347/697/937
f 1352/703/938 1357/709/938 1358/710/938 1353/704/938
f 1353/704/939 1358/710/939 1359/711/939 1354/705/939
f 1355/707/941 1360/713/941 1361/714/941 1356/708/941
f 1356/708/942 1361/714/942 1357/709/942 1352/703/942
f 1357/709/943 1362/715/943 1363/716/943 1358/710/943
f 1358/710/944 1363/716/944 1364/717/944 1359/711/944
f 1360/713/946 1365/719/946 1366/720/946 1361/714/946
f 1361/714/947 1366/720/947 1362/715/947 1357/709/947
f 1362/715/948 1367/721/948 1368/722/948 1363/716/948
f 1363/716/949 1368/722/949 1369/723/949 1364/717/949
f 1365/719/951 1370/725/951 1371/726/951 1366/720/951
f 1366/720/1179 1371/726/1179 1367/721/1179 1362/715/1179
f 1367/721/953 1372/727/953 1373/728/953 1368/722/953
f 1368/722/954 1373/728/954 1374/729/954 1369/723/954
f 1319/663/1180 1324/669/1180 1543/669/1180 1542/663/1180
f 1370/725/956 1375/731/956 1376/732/956 1371/726/956
f 1371/726/957 1376/732/957 1372/727/957 1367/721/957
f 1372/727/958 1377/733/958 1378/734/958 1373/728/958
f 1373/728/959 1378/734/959 1379/735/959 1374/729/959
f 1375/731/961 1380/737/961 1381/738/961 1376/732/961
f 1376/732/962 1381/738/962 1377/733/962 1372/727/962
f 1377/733/963 1382/739/963 1383/740/963 1378/734/963
f 1378/734/964 1383/740/964 1384/741/964 1379/735/964
f 1424/786/1181 1429/792/1181 1581/792/1181 1553/786/1181
f 1380/737/966 1385/743/966 1386/744/966 1381/738/966
f 1381/738/967 1386/744/967 1382/739/967 1377/733/967
f 1382/739/968 1387/745/968 1388/746/968 1383/740/968
f 1383/740/969 1388/746/969 1389/747/969 1384/741/969
f 1385/743/970 1390/748/970 1391/749/970 1386/744/970
f 1386/744/971 1391/749/971 1387/745/971 1382/739/971
f 1387/745/972 1392/750/972 1393/751/972 1388/746/972
f 1388/746/973 1393/751/973 1394/752/973 1389/747/973
f 1390/748/975 1395/754/975 1396/755/975 1391/749/975
f 1391/749/976 1396/755/976 1392/750/976 1387/745/976
f 1392/750/977 1397/756/977 1398/757/977 1393/751/977
f 1393/751/978 1398/757/978 1399/758/978 1394/752/978
f 1509/856/1182 1514/860/1182 1562/860/1182 1573/856/1182
f 1395/754/980 1400/760/980 1401/761/980 1396/755/980
f 1396/755/981 1401/761/981 1397/756/981 1392/750/981
f 1397/756/982 1402/762/982 1403/763/982 1398/757/982
f 1398/757/983 1403/763/983 1404/764/983 1399/758/983
f 1400/760/985 1405/767/985 1406/768/985 1401/761/985
f 1401/761/986 1406/768/986 1402/762/986 1397/756/986
f 1402/762/987 1407/769/987 1408/770/987 1403/763/987
f 1403/763/988 1408/770/988 1409/771/988 1404/764/988
f 1405/767/990 1410/772/990 1411/773/990 1406/768/990
f 1406/768/991 1411/773/991 1407/769/991 1402/762/991
f 1407/769/992 1412/774/992 1413/775/992 1408/770/992
f 1408/770/993 1413/775/993 1414/776/993 1409/771/993
f 1410/772/995 1415/766/995 1416/777/995 1411/773/995
f 1411/773/996 1416/777/996 1412/774/996 1407/769/996
f 1412/774/997 1417/778/997 1418/779/997 1413/775/997
f 1413/775/998 1418/779/998 1419/780/998 1414/776/998
f 1504/852/1183 1509/856/1183 1573/856/1183 1561/852/1183
f 1415/766/1000 1420/765/1000 1421/781/1000 1416/777/1000
f 1416/777/1001 1421/781/1001 1417/778/1001 1412/774/1001
f 1417/782/1002 1422/783/1002 1423/784/1002 1418/785/1002
f 1418/785/1003 1423/784/1003 1424/786/1003 1419/787/1003
f 1419/787/1184 1424/786/1184 1553/786/1184 1552/787/1184
f 1420/759/1005 1425/753/1005 1426/788/1005 1421/789/1005
f 1421/789/1006 1426/788/1006 1422/783/1006 1417/782/1006
f 1422/783/1007 1427/790/1007 1428/791/1007 1423/784/1007
f 1423/784/1008 1428/791/1008 1429/792/1008 1424/786/1008
f 1425/753/1010 1430/742/1010 1431/793/1010 1426/788/1010
f 1426/788/1011 1431/793/1011 1427/790/1011 1422/783/1011
f 1427/790/1012 1432/794/1012 1433/795/1012 1428/791/1012
f 1428/791/1013 1433/795/1013 1434/796/1013 1429/792/1013
f 1314/657/1185 1319/663/1185 1542/663/1185 1563/657/1185
f 1430/742/1186 1435/736/1186 1436/797/1186 1431/793/1186
f 1431/793/1016 1436/797/1016 1432/794/1016 1427/790/1016
f 1432/794/1017 1437/798/1017 1438/799/1017 1433/795/1017
f 1433/795/1018 1438/799/1018 1439/800/1018 1434/796/1018
f 1309/651/1187 1314/657/1187 1563/657/1187 1575/651/1187
f 1435/736/1020 1440/730/1020 1441/801/1020 1436/797/1020
f 1436/797/1021 1441/801/1021 1437/798/1021 1432/794/1021
f 1437/798/1022 1442/802/1022 1443/803/1022 1438/799/1022
f 1438/799/1023 1443/803/1023 1444/804/1023 1439/800/1023
f 1499/848/1188 1504/852/1188 1561/852/1188 1560/848/1188
f 1440/730/1025 1445/724/1025 1446/805/1025 1441/801/1025
f 1441/801/1026 1446/805/1026 1442/802/1026 1437/798/1026
f 1442/802/1027 1447/806/1027 1448/807/1027 1443/803/1027
f 1443/803/1028 1448/807/1028 1449/808/1028 1444/804/1028
f 1445/724/1030 1450/718/1030 1451/809/1030 1446/805/1030
f 1446/805/1031 1451/809/1031 1447/806/1031 1442/802/1031
f 1447/806/1032 1452/810/1032 1453/811/1032 1448/807/1032
f 1448/807/1033 1453/811/1033 1454/812/1033 1449/808/1033
f 1450/718/1035 1455/712/1035 1456/813/1035 1451/809/1035
f 1451/809/1036 1456/813/1036 1452/810/1036 1447/806/1036
f 1452/810/1037 1457/814/1037 1458/815/1037 1453/811/1037
f 1453/811/1038 1458/815/1038 1459/816/1038 1454/812/1038
f 1455/712/1040 1460/706/1040 1461/817/1040 1456/813/1040
f 1456/813/1041 1461/817/1041 1457/814/1041 1452/810/1041
f 1457/814/1042 1462/818/1042 1463/819/1042 1458/815/1042
f 1458/815/1043 1463/819/1043 1464/820/1043 1459/816/1043
f 1414/776/1189 1419/780/1189 1552/780/1189 1568/776/1189
f 1460/706/1045 1465/700/1045 1466/821/1045 1461/817/1045
f 1461/817/1046 1466/821/1046 1462/818/1046 1457/814/1046
f 1462/818/1047 1467/822/1047 1468/823/1047 1463/819/1047
f 1463/819/1048 1468/823/1048 1469/824/1048 1464/820/1048
f 1409/771/1190 1414/776/1190 1568/776/1190 1580/771/1190
f 1465/700/1050 1470/694/1050 1471/825/1050 1466/821/1050
f 1466/821/1051 1471/825/1051 1467/822/1051 1462/818/1051
f 1467/822/1052 1472/826/1052 1473/827/1052 1468/823/1052
f 1468/823/1053 1473/827/1053 1474/828/1053 1469/824/1053
f 1494/844/1191 1499/848/1191 1560/848/1191 1572/844/1191
f 1470/694/1055 1475/688/1055 1476/829/1055 1471/825/1055
f 1471/825/1056 1476/829/1056 1472/826/1056 1467/822/1056
f 1472/826/1057 1477/830/1057 1478/831/1057 1473/827/1057
f 1473/827/1058 1478/831/1058 1479/832/1058 1474/828/1058
f 1489/840/1192 1494/844/1192 1572/844/1192 1584/840/1192
f 1475/688/1060 1480/682/1060 1481/833/1060 1476/829/1060
f 1476/829/1061 1481/833/1061 1477/830/1061 1472/826/1061
f 1477/830/1062 1482/834/1062 1483/835/1062 1478/831/1062
f 1478/831/1063 1483/835/1063 1484/836/1063 1479/832/1063
f 1480/682/1065 1485/676/1065 1486/837/1065 1481/833/1065
f 1481/833/1066 1486/837/1066 1482/834/1066 1477/830/1066
f 1482/834/1067 1487/838/1067 1488/839/1067 1483/835/1067
f 1483/835/1068 1488/839/1068 1489/840/1068 1484/836/1068
f 1485/676/1070 1490/670/1070 1491/841/1070 1486/837/1070
f 1486/837/1071 1491/841/1071 1487/838/1071 1482/834/1071
f 1487/838/1072 1492/842/1072 1493/843/1072 1488/839/1072
f 1488/839/1073 1493/843/1073 1494/844/1073 1489/840/1073
f 1490/670/1075 1495/664/1075 1496/845/1075 1491/841/1075
f 1491/841/1076 1496/845/1076 1492/842/1076 1487/838/1076
f 1492/842/1077 1497/846/1077 1498/847/1077 1493/843/1077
f 1493/843/1078 1498/847/1078 1499/848/1078 1494/844/1078
f 1495/664/1080 1500/658/1080 1501/849/1080 1496/845/1080
f 1496/845/1081 1501/849/1081 1497/846/1081 1492/842/1081
f 1497/846/1082 1502/850/1082 1503/851/1082 1498/847/1082
f 1498/847/1083 1503/851/1083 1504/852/1083 1499/848/1083
f 1500/658/1085 1505/652/1085 1506/853/1085 1501/849/1085
f 1501/849/1086 1506/853/1086 1502/850/1086 1497/846/1086
f 1502/850/1087 1507/854/1087 1508/855/1087 1503/851/1087
f 1503/851/1088 1508/855/1088 1509/856/1088 1504/852/1088
f 1304/640/1193 1309/651/1193 1575/651/1193 1541/640/1193
f 1505/652/1090 1510/644/1090 1511/857/1090 1506/853/1090
f 1506/853/1091 1511/857/1091 1507/854/1091 1502/850/1091
f 1507/854/1092 1512/858/1092 1513/859/1092 1508/855/1092
f 1508/855/1093 1513/859/1093 1514/860/1093 1509/856/1093
f 1510/644/1095 1515/643/1095 1516/861/1095 1511/857/1095
f 1511/857/1096 1516/861/1096 1512/858/1096 1507/854/1096
f 1512/858/1097 1517/862/1097 1518/863/1097 1513/859/1097
f 1513/859/1098 1518/863/1098 1519/864/1098 1514/860/1098
f 1404/764/1194 1409/771/1194 1580/771/1194 1551/764/1194
f 1515/643/1100 1520/865/1100 1521/866/1100 1516/861/1100
f 1516/861/1101 1521/866/1101 1517/862/1101 1512/858/1101
f 1517/862/1102 1522/867/1102 1523/868/1102 1518/863/1102
f 1518/863/1103 1523/868/1103 1524/869/1103 1519/864/1103
f 1299/641/1195 1304/640/1195 1541/640/1195 1539/641/1195
f 1520/865/1105 1525/871/1105 1526/872/1105 1521/866/1105
f 1521/866/1106 1526/872/1106 1522/867/1106 1517/862/1106
f 1522/867/1107 1527/873/1107 1528/874/1107 1523/868/1107
f 1523/868/1108 1528/874/1108 1529/875/1108 1524/869/1108
f 1484/836/1196 1489/840/1196 1584/840/1196 1559/836/1196
f 1525/871/1110 1530/876/1110 1531/877/1110 1526/872/1110
f 1526/872/1111 1531/877/1111 1527/873/1111 1522/867/1111
f 1527/873/1112 1532/878/1112 1533/879/1112 1528/874/1112
f 1528/874/1113 1533/879/1113 1534/880/1113 1529/875/1113
f 1530/876/1115 1535/870/1115 1536/881/1115 1531/877/1115
f 1531/877/1116 1536/881/1116 1532/878/1116 1527/873/1116
f 1532/878/1117 1297/636/1117 1298/639/1117 1533/879/1117
f 1533/879/1118 1298/639/1118 1299/641/1118 1534/880/1118
f 1535/870/1120 1300/645/1120 1301/648/1120 1536/881/1120
f 1536/881/1121 1301/648/1121 1297/636/1121 1532/878/1121
f 1269/860/642 1275/864/642 1276/642/642 1270/642/642
f 1275/864/1197 1281/869/1197 1282/642/1197 1276/642/1197
f 1281/869/1198 1287/875/1198 1288/642/1198 1282/642/1198
f 1287/875/642 1293/880/642 1294/642/642 1288/642/642
f 1293/880/1199 1011/641/1199 1012/642/1199 1294/642/1199
f 1011/641/1200 1017/640/1200 1018/642/1200 1012/642/1200
f 1017/640/1201 1023/651/1201 1024/642/1201 1018/642/1201
f 1023/651/1202 1029/657/1202 1030/642/1202 1024/642/1202
f 1029/657/1203 1035/663/1203 1036/642/1203 1030/642/1203
f 1035/663/1204 1041/669/1204 1042/642/1204 1036/642/1204
f 1041/669/1205 1047/675/1205 1048/642/1205 1042/642/1205
f 1047/675/1206 1053/681/1206 1054/642/1206 1048/642/1206
f 1053/681/1207 1059/687/1207 1060/642/1207 1054/642/1207
f 1059/687/1208 1065/693/1208 1066/642/1208 1060/642/1208
f 1065/693/1209 1071/699/1209 1072/642/1209 1066/642/1209
f 1071/699/1210 1077/705/1210 1078/642/1210 1072/642/1210
f 1077/705/1211 1083/711/1211 1084/642/1211 1078/642/1211
f 1083/711/1212 1089/717/1212 1090/642/1212 1084/642/1212
f 1089/717/1213 1095/723/1213 1096/642/1213 1090/642/1213
f 1095/723/1214 1101/729/1214 1102/642/1214 1096/642/1214
f 1101/729/1215 1107/735/1215 1108/642/1215 1102/642/1215
f 1107/735/1216 1113/741/1216 1114/642/1216 1108/642/1216
f 1113/741/1217 1119/747/1217 1120/642/1217 1114/642/1217
f 1119/747/1218 1125/752/1218 1126/642/1218 1120/642/1218
f 1125/752/1219 1131/758/1219 1132/642/1219 1126/642/1219
f 1131/758/1220 1137/764/1220 1138/642/1220 1132/642/1220
f 1137/764/1221 1143/771/1221 1144/642/1221 1138/642/1221
f 1143/771/1222 1149/776/1222 1150/642/1222 1144/642/1222
f 1149/776/1223 1155/780/1223 1156/642/1223 1150/642/1223
f 1155/787/1224 1161/786/1224 1162/642/1224 1156/642/1224
f 1161/786/1225 1167/792/1225 1168/642/1225 1162/642/1225
f 1167/792/1226 1173/796/1226 1174/642/1226 1168/642/1226
f 1173/796/1227 1179/800/1227 1180/642/1227 1174/642/1227
f 1179/800/1228 1185/804/1228 1186/642/1228 1180/642/1228
f 1185/804/1229 1191/808/1229 1192/642/1229 1186/642/1229
f 1191/808/1230 1197/812/1230 1198/642/1230 1192/642/1230
f 1197/812/1231 1203/816/1231 1204/642/1231 1198/642/1231
f 1203/816/1232 1209/820/1232 1210/642/1232 1204/642/1232
f 1209/820/1233 1215/824/1233 1216/642/1233 1210/642/1233
f 1215/824/1234 1221/828/1234 1222/642/1234 1216/642/1234
f 1221/828/1235 1227/832/1235 1228/642/1235 1222/642/1235
f 1227/832/1236 1233/836/1236 1234/642/1236 1228/642/1236
f 1233/836/1237 1239/840/1237 1240/642/1237 1234/642/1237
f 1239/840/1238 1245/844/1238 1246/642/1238 1240/642/1238
f 1245/844/1239 1251/848/1239 1252/642/1239 1246/642/1239
f 1251/848/1240 1257/852/1240 1258/642/1240 1252/642/1240
f 1257/852/642 1263/856/642 1264/642/642 1258/642/642
f 1263/856/1241 1269/860/1241 1270/642/1241 1264/642/1241
f 1334/681/1242 1339/687/1242 1544/687/1242 1564/681/1242
f 1439/800/1243 1444/804/1243 1555/804/1243 1554/800/1243
f 1339/687/1244 1344/693/1244 1545/693/1244 1544/687/1244
f 1444/804/1245 1449/808/1245 1582/808/1245 1555/804/1245
f 1344/693/1246 1349/699/1246 1577/699/1246 1545/693/1246
f 1534/880/1247 1299/641/1247 1539/641/1247 1540/880/1247
f 1349/699/1248 1354/705/1248 1565/705/1248 1577/699/1248
f 1354/705/1249 1359/711/1249 1546/711/1249 1565/705/1249
f 1524/869/1250 1529/875/1250 1574/875/1250 1538/869/1250
f 1529/875/1251 1534/880/1251 1540/880/1251 1574/875/1251
f 1359/711/1252 1364/717/1252 1547/717/1252 1546/711/1252
f 1449/808/1253 1454/812/1253 1570/812/1253 1582/808/1253
f 1454/812/1254 1459/816/1254 1556/816/1254 1570/812/1254
f 1459/816/1255 1464/820/1255 1557/820/1255 1556/816/1255
f 1364/717/1256 1369/723/1256 1578/723/1256 1547/717/1256
f 1369/723/1257 1374/729/1257 1566/729/1257 1578/723/1257
f 1374/729/1258 1379/735/1258 1548/735/1258 1566/729/1258
f 1464/820/1259 1469/824/1259 1583/824/1259 1557/820/1259
f 1379/735/1260 1384/741/1260 1549/741/1260 1548/735/1260
f 1384/741/1261 1389/747/1261 1579/747/1261 1549/741/1261
f 1469/824/1262 1474/828/1262 1571/828/1262 1583/824/1262
f 1474/828/1263 1479/832/1263 1558/832/1263 1571/828/1263
f 1389/747/1264 1394/752/1264 1567/752/1264 1579/747/1264
f 1394/752/1265 1399/758/1265 1550/758/1265 1567/752/1265
f 1479/832/1266 1484/836/1266 1559/836/1266 1558/832/1266
f 1399/758/1267 1404/764/1267 1551/764/1267 1550/758/1267
f 1585/636/1268 1589/637/1268 1590/638/1268 1586/639/1268
f 1586/639/1269 1590/638/1269 1591/640/1269 1587/641/1269
f 1588/648/1270 1592/647/1270 1589/637/1270 1585/636/1270
f 1589/637/1271 1593/649/1271 1594/650/1271 1590/638/1271
f 1590/638/1272 1594/650/1272 1595/651/1272 1591/640/1272
f 1592/647/1273 1596/654/1273 1593/649/1273 1589/637/1273
f 1593/649/1274 1597/655/1274 1598/656/1274 1594/650/1274
f 1594/650/1275 1598/656/1275 1599/657/1275 1595/651/1275
f 1596/654/1276 1600/660/1276 1597/655/1276 1593/649/1276
f 1597/655/1277 1601/661/1277 1602/662/1277 1598/656/1277
f 1598/656/1278 1602/662/1278 1603/663/1278 1599/657/1278
f 1600/660/1279 1604/666/1279 1601/661/1279 1597/655/1279
f 1601/661/1280 1605/667/1280 1606/668/1280 1602/662/1280
f 1602/662/1281 1606/668/1281 1607/669/1281 1603/663/1281
f 1604/666/1282 1608/672/1282 1605/667/1282 1601/661/1282
f 1605/667/1283 1609/673/1283 1610/674/1283 1606/668/1283
f 1606/668/1284 1610/674/1284 1611/675/1284 1607/669/1284
f 1608/672/1285 1612/678/1285 1609/673/1285 1605/667/1285
f 1609/673/1286 1613/679/1286 1614/680/1286 1610/674/1286
f 1610/674/1287 1614/680/1287 1615/681/1287 1611/675/1287
f 1612/678/1288 1616/684/1288 1613/679/1288 1609/673/1288
f 1613/679/1289 1617/685/1289 1618/686/1289 1614/680/1289
f 1614/680/1290 1618/686/1290 1619/687/1290 1615/681/1290
f 1616/684/1291 1620/690/1291 1617/685/1291 1613/679/1291
f 1617/685/1292 1621/691/1292 1622/692/1292 1618/686/1292
f 1618/686/1293 1622/692/1293 1623/693/1293 1619/687/1293
f 1620/690/1294 1624/696/1294 1621/691/1294 1617/685/1294
f 1621/691/1295 1625/697/1295 1626/698/1295 1622/692/1295
f 1622/692/1296 1626/698/1296 1627/699/1296 1623/693/1296
f 1624/696/1297 1628/702/1297 1625/697/1297 1621/691/1297
f 1625/697/1298 1629/703/1298 1630/704/1298 1626/698/1298
f 1626/698/1299 1630/704/1299 1631/705/1299 1627/699/1299
f 1628/702/1300 1632/708/1300 1629/703/1300 1625/697/1300
f 1629/703/1301 1633/709/1301 1634/710/1301 1630/704/1301
f 1630/704/1302 1634/710/1302 1635/711/1302 1631/705/1302
f 1632/708/1303 1636/714/1303 1633/709/1303 1629/703/1303
f 1633/709/1304 1637/715/1304 1638/716/1304 1634/710/1304
f 1634/710/1305 1638/716/1305 1639/717/1305 1635/711/1305
f 1636/714/1306 1640/720/1306 1637/715/1306 1633/709/1306
f 1637/715/1307 1641/721/1307 1642/722/1307 1638/716/1307
f 1638/716/1308 1642/722/1308 1643/723/1308 1639/717/1308
f 1640/720/1309 1644/726/1309 1641/721/1309 1637/715/1309
f 1641/721/1310 1645/727/1310 1646/728/1310 1642/722/1310
f 1642/722/1311 1646/728/1311 1647/729/1311 1643/723/1311
f 1644/726/1312 1648/732/1312 1645/727/1312 1641/721/1312
f 1645/727/1313 1649/733/1313 1650/734/1313 1646/728/1313
f 1646/728/1314 1650/734/1314 1651/735/1314 1647/729/1314
f 1648/732/1315 1652/738/1315 1649/733/1315 1645/727/1315
f 1649/733/1316 1653/739/1316 1654/740/1316 1650/734/1316
f 1650/734/1317 1654/740/1317 1655/741/1317 1651/735/1317
f 1652/738/1318 1656/744/1318 1653/739/1318 1649/733/1318
f 1653/739/1319 1657/745/1319 1658/746/1319 1654/740/1319
f 1654/740/1320 1658/746/1320 1659/747/1320 1655/741/1320
f 1656/744/1321 1660/749/1321 1657/745/1321 1653/739/1321
f 1657/745/1322 1661/750/1322 1662/751/1322 1658/746/1322
f 1658/746/1323 1662/751/1323 1663/752/1323 1659/747/1323
f 1660/749/1324 1664/755/1324 1661/750/1324 1657/745/1324
f 1661/750/1325 1665/756/1325 1666/757/1325 1662/751/1325
f 1662/751/1326 1666/757/1326 1667/758/1326 1663/752/1326
f 1664/755/1327 1668/761/1327 1665/756/1327 1661/750/1327
f 1665/756/1328 1669/762/1328 1670/763/1328 1666/757/1328
f 1666/757/1329 1670/763/1329 1671/764/1329 1667/758/1329
f 1668/761/1330 1672/768/1330 1669/762/1330 1665/756/1330
f 1669/762/1331 1673/769/1331 1674/770/1331 1670/763/1331
f 1670/763/1332 1674/770/1332 1675/771/1332 1671/764/1332
f 1672/768/1333 1676/773/1333 1673/769/1333 1669/762/1333
f 1673/769/1334 1677/774/1334 1678/775/1334 1674/770/1334
f 1674/770/1335 1678/775/1335 1679/776/1335 1675/771/1335
f 1676/773/1336 1680/777/1336 1677/774/1336 1673/769/1336
f 1677/774/1337 1681/778/1337 1682/779/1337 1678/775/1337
f 1678/775/1338 1682/779/1338 1683/780/1338 1679/776/1338
f 1680/777/1339 1684/781/1339 1681/778/1339 1677/774/1339
f 1681/782/1340 1685/783/1340 1686/784/1340 1682/785/1340
f 1682/785/1341 1686/784/1341 1687/786/1341 1683/787/1341
f 1684/789/1342 1688/788/1342 1685/783/1342 1681/782/1342
f 1685/783/1343 1689/790/1343 1690/791/1343 1686/784/1343
f 1686/784/1344 1690/791/1344 1691/792/1344 1687/786/1344
f 1688/788/1345 1692/793/1345 1689/790/1345 1685/783/1345
f 1689/790/1346 1693/794/1346 1694/795/1346 1690/791/1346
f 1690/791/1347 1694/795/1347 1695/796/1347 1691/792/1347
f 1692/793/1348 1696/797/1348 1693/794/1348 1689/790/1348
f 1693/794/1349 1697/798/1349 1698/799/1349 1694/795/1349
f 1694/795/1350 1698/799/1350 1699/800/1350 1695/796/1350
f 1696/797/1351 1700/801/1351 1697/798/1351 1693/794/1351
f 1697/798/1352 1701/802/1352 1702/803/1352 1698/799/1352
f 1698/799/1353 1702/803/1353 1703/804/1353 1699/800/1353
f 1700/801/1354 1704/805/1354 1701/802/1354 1697/798/1354
f 1701/802/1355 1705/806/1355 1706/807/1355 1702/803/1355
f 1702/803/1356 1706/807/1356 1707/808/1356 1703/804/1356
f 1704/805/1357 1708/809/1357 1705/806/1357 1701/802/1357
f 1705/806/1358 1709/810/1358 1710/811/1358 1706/807/1358
f 1706/807/1359 1710/811/1359 1711/812/1359 1707/808/1359
f 1708/809/1360 1712/813/1360 1709/810/1360 1705/806/1360
f 1709/810/1361 1713/814/1361 1714/815/1361 1710/811/1361
f 1710/811/1362 1714/815/1362 1715/816/1362 1711/812/1362
f 1712/813/1363 1716/817/1363 1713/814/1363 1709/810/1363
f 1713/814/1364 1717/818/1364 1718/819/1364 1714/815/1364
f 1714/815/1365 1718/819/1365 1719/820/1365 1715/816/1365
f 1716/817/1366 1720/821/1366 1717/818/1366 1713/814/1366
f 1717/818/1367 1721/822/1367 1722/823/1367 1718/819/1367
f 1718/819/1368 1722/823/1368 1723/824/1368 1719/820/1368
f 1720/821/1369 1724/825/1369 1721/822/1369 1717/818/1369
f 1721/822/1370 1725/826/1370 1726/827/1370 1722/823/1370
f 1722/823/1371 1726/827/1371 1727/828/1371 1723/824/1371
f 1724/825/1372 1728/829/1372 1725/826/1372 1721/822/1372
f 1725/826/1373 1729/830/1373 1730/831/1373 1726/827/1373
f 1726/827/1374 1730/831/1374 1731/832/1374 1727/828/1374
f 1728/829/1375 1732/833/1375 1729/830/1375 1725/826/1375
f 1729/830/1376 1733/834/1376 1734/835/1376 1730/831/1376
f 1730/831/1377 1734/835/1377 1735/836/1377 1731/832/1377
f 1732/833/1378 1736/837/1378 1733/834/1378 1729/830/1378
f 1733/834/1379 1737/838/1379 1738/839/1379 1734/835/1379
f 1734/835/1380 1738/839/1380 1739/840/1380 1735/836/1380
f 1736/837/1381 1740/841/1381 1737/838/1381 1733/834/1381
f 1737/838/1382 1741/842/1382 1742/843/1382 1738/839/1382
f 1738/839/1383 1742/843/1383 1743/844/1383 1739/840/1383
f 1740/841/1384 1744/845/1384 1741/842/1384 1737/838/1384
f 1741/842/1385 1745/846/1385 1746/847/1385 1742/843/1385
f 1742/843/1386 1746/847/1386 1747/848/1386 1743/844/1386
f 1744/845/1387 1748/849/1387 1745/846/1387 1741/842/1387
f 1745/846/1388 1749/850/1388 1750/851/1388 1746/847/1388
f 1746/847/1389 1750/851/1389 1751/852/1389 1747/848/1389
f 1748/849/1390 1752/853/1390 1749/850/1390 1745/846/1390
f 1749/850/1391 1753/854/1391 1754/855/1391 1750/851/1391
f 1750/851/1392 1754/855/1392 1755/856/1392 1751/852/1392
f 1752/853/1393 1756/857/1393 1753/854/1393 1749/850/1393
f 1753/854/1394 1757/858/1394 1758/859/1394 1754/855/1394
f 1754/855/1395 1758/859/1395 1759/860/1395 1755/856/1395
f 1756/857/1396 1760/861/1396 1757/858/1396 1753/854/1396
f 1757/858/1397 1761/862/1397 1762/863/1397 1758/859/1397
f 1758/859/1398 1762/863/1398 1763/864/1398 1759/860/1398
f 1760/861/1399 1764/866/1399 1761/862/1399 1757/858/1399
f 1761/862/1400 1765/867/1400 1766/868/1400 1762/863/1400
f 1762/863/1401 1766/868/1401 1767/869/1401 1763/864/1401
f 1764/866/1402 1768/872/1402 1765/867/1402 1761/862/1402
f 1765/867/1403 1769/873/1403 1770/874/1403 1766/868/1403
f 1766/868/1404 1770/874/1404 1771/875/1404 1767/869/1404
f 1768/872/1405 1772/877/1405 1769/873/1405 1765/867/1405
f 1769/873/1406 1773/878/1406 1774/879/1406 1770/874/1406
f 1770/874/1407 1774/879/1407 1775/880/1407 1771/875/1407
f 1772/877/1408 1776/881/1408 1773/878/1408 1769/873/1408
f 1773/878/1409 1585/636/1409 1586/639/1409 1774/879/1409
f 1774/879/1410 1586/639/1410 1587/641/1410 1775/880/1410
f 1776/881/1411 1588/648/1411 1585/636/1411 1773/878/1411
f 1764/866/1412 1760/861/1412 1562/860/1412 1537/864/1412
f 1760/861/1413 1756/857/1413 1573/856/1413 1562/860/1413
f 1756/857/1414 1752/853/1414 1561/852/1414 1573/856/1414
f 1752/853/1415 1748/849/1415 1560/848/1415 1561/852/1415
f 1748/849/1416 1744/845/1416 1572/844/1416 1560/848/1416
f 1744/845/1417 1740/841/1417 1584/840/1417 1572/844/1417
f 1740/841/1418 1736/837/1418 1559/836/1418 1584/840/1418
f 1736/837/1419 1732/833/1419 1558/832/1419 1559/836/1419
f 1732/833/1420 1728/829/1420 1571/828/1420 1558/832/1420
f 1728/829/1421 1724/825/1421 1583/824/1421 1571/828/1421
f 1724/825/1422 1720/821/1422 1557/820/1422 1583/824/1422
f 1720/821/1423 1716/817/1423 1556/816/1423 1557/820/1423
f 1716/817/1424 1712/813/1424 1570/812/1424 1556/816/1424
f 1712/813/1425 1708/809/1425 1582/808/1425 1570/812/1425
f 1708/809/1426 1704/805/1426 1555/804/1426 1582/808/1426
f 1704/805/1427 1700/801/1427 1554/800/1427 1555/804/1427
f 1700/801/1428 1696/797/1428 1569/796/1428 1554/800/1428
f 1696/797/1429 1692/793/1429 1581/792/1429 1569/796/1429
f 1692/793/1430 1688/788/1430 1553/786/1430 1581/792/1430
f 1688/788/1431 1684/789/1431 1552/787/1431 1553/786/1431
f 1684/781/1432 1680/777/1432 1568/776/1432 1552/780/1432
f 1680/777/1433 1676/773/1433 1580/771/1433 1568/776/1433
f 1676/773/1434 1672/768/1434 1551/764/1434 1580/771/1434
f 1672/768/1435 1668/761/1435 1550/758/1435 1551/764/1435
f 1668/761/1436 1664/755/1436 1567/752/1436 1550/758/1436
f 1664/755/1437 1660/749/1437 1579/747/1437 1567/752/1437
f 1660/749/1438 1656/744/1438 1549/741/1438 1579/747/1438
f 1656/744/1439 1652/738/1439 1548/735/1439 1549/741/1439
f 1652/738/1440 1648/732/1440 1566/729/1440 1548/735/1440
f 1648/732/1441 1644/726/1441 1578/723/1441 1566/729/1441
f 1644/726/1442 1640/720/1442 1547/717/1442 1578/723/1442
f 1640/720/1443 1636/714/1443 1546/711/1443 1547/717/1443
f 1636/714/1444 1632/708/1444 1565/705/1444 1546/711/1444
f 1632/708/1445 1628/702/1445 1577/699/1445 1565/705/1445
f 1628/702/1446 1624/696/1446 1545/693/1446 1577/699/1446
f 1624/696/1447 1620/690/1447 1544/687/1447 1545/693/1447
f 1620/690/1448 1616/684/1448 1564/681/1448 1544/687/1448
f 1616/684/1449 1612/678/1449 1576/675/1449 1564/681/1449
f 1612/678/1450 1608/672/1450 1543/669/1450 1576/675/1450
f 1608/672/1451 1604/666/1451 1542/663/1451 1543/669/1451
f 1604/666/1452 1600/660/1452 1563/657/1452 1542/663/1452
f 1600/660/1453 1596/654/1453 1575/651/1453 1563/657/1453
f 1596/654/1454 1592/647/1454 1541/640/1454 1575/651/1454
f 1592/647/1455 1588/648/1455 1539/641/1455 1541/640/1455
f 1588/648/1456 1776/881/1456 1540/880/1456 1539/641/1456
f 1776/881/1457 1772/877/1457 1574/875/1457 1540/880/1457
f 1772/877/1458 1768/872/1458 1538/869/1458 1574/875/1458
f 1768/872/1459 1764/866/1459 1537/864/1459 1538/869/1459
f 1787/882/1460 1759/860/1460 1763/864/1460
f 1788/883/1461 1755/856/1461 1759/860/1461
f 1788/883/1462 1751/852/1462 1755/856/1462
f 1789/884/1463 1747/848/1463 1751/852/1463
f 1790/885/1464 1743/844/1464 1747/848/1464
f 1790/885/1465 1739/840/1465 1743/844/1465
f 1791/886/1466 1735/836/1466 1739/840/1466
f 1792/887/1467 1731/832/1467 1735/836/1467
f 1792/887/1468 1727/828/1468 1731/832/1468
f 1793/888/1469 1723/824/1469 1727/828/1469
f 1794/889/1470 1719/820/1470 1723/824/1470
f 1794/889/1471 1715/816/1471 1719/820/1471
f 1795/890/1472 1711/812/1472 1715/816/1472
f 1796/891/1473 1707/808/1473 1711/812/1473
f 1796/891/1474 1703/804/1474 1707/808/1474
f 1797/892/1475 1699/800/1475 1703/804/1475
f 1798/893/1476 1695/796/1476 1699/800/1476
f 1798/893/1477 1691/792/1477 1695/796/1477
f 1799/894/1478 1687/786/1478 1691/792/1478
f 1800/895/1479 1683/787/1479 1687/786/1479
f 1800/895/1480 1679/776/1480 1683/780/1480
f 1801/896/1481 1675/771/1481 1679/776/1481
f 1802/897/1482 1671/764/1482 1675/771/1482
f 1802/897/1483 1667/758/1483 1671/764/1483
f 1803/898/1484 1663/752/1484 1667/758/1484
f 1804/899/1485 1659/747/1485 1663/752/1485
f 1804/899/1486 1655/741/1486 1659/747/1486
f 1805/900/1487 1651/735/1487 1655/741/1487
f 1806/901/1488 1647/729/1488 1651/735/1488
f 1806/901/1489 1643/723/1489 1647/729/1489
f 1807/902/1490 1639/717/1490 1643/723/1490
f 1808/903/1491 1635/711/1491 1639/717/1491
f 1808/903/1492 1631/705/1492 1635/711/1492
f 1777/904/1493 1627/699/1493 1631/705/1493
f 1778/905/1494 1623/693/1494 1627/699/1494
f 1778/905/1495 1619/687/1495 1623/693/1495
f 1779/906/1496 1615/681/1496 1619/687/1496
f 1780/907/1497 1611/675/1497 1615/681/1497
f 1780/907/1498 1607/669/1498 1611/675/1498
f 1781/908/1499 1603/663/1499 1607/669/1499
f 1782/909/1500 1599/657/1500 1603/663/1500
f 1782/909/1501 1595/651/1501 1599/657/1501
f 1783/910/1502 1591/640/1502 1595/651/1502
f 1784/911/1503 1587/641/1503 1591/640/1503
f 1784/911/1504 1775/880/1504 1587/641/1504
f 1785/912/1505 1771/875/1505 1775/880/1505
f 1786/913/1506 1767/869/1506 1771/875/1506
f 1786/913/1507 1763/864/1507 1767/869/1507
f 1787/882/1508 1788/883/1508 1759/860/1508
f 1788/883/1509 1789/884/1509 1751/852/1509
f 1789/884/1510 1790/885/1510 1747/848/1510
f 1790/885/1511 1791/886/1511 1739/840/1511
f 1791/886/1512 1792/887/1512 1735/836/1512
f 1792/887/1513 1793/888/1513 1727/828/1513
f 1793/888/1514 1794/889/1514 1723/824/1514
f 1794/889/1515 1795/890/1515 1715/816/1515
f 1795/890/1516 1796/891/1516 1711/812/1516
f 1796/891/1517 1797/892/1517 1703/804/1517
f 1797/892/1518 1798/893/1518 1699/800/1518
f 1798/893/1519 1799/894/1519 1691/792/1519
f 1799/894/1520 1800/914/1520 1687/786/1520
f 1800/895/1521 1801/896/1521 1679/776/1521
f 1801/896/1522 1802/897/1522 1675/771/1522
f 1802/897/1523 1803/898/1523 1667/758/1523
f 1803/898/1524 1804/899/1524 1663/752/1524
f 1804/899/1525 1805/900/1525 1655/741/1525
f 1805/900/1526 1806/901/1526 1651/735/1526
f 1806/901/1527 1807/902/1527 1643/723/1527
f 1807/902/1528 1808/903/1528 1639/717/1528
f 1808/903/1529 1777/904/1529 1631/705/1529
f 1777/904/1530 1778/905/1530 1627/699/1530
f 1778/905/1531 1779/906/1531 1619/687/1531
f 1779/906/1532 1780/907/1532 1615/681/1532
f 1780/907/1533 1781/908/1533 1607/669/1533
f 1781/908/1534 1782/909/1534 1603/663/1534
f 1782/909/1535 1783/910/1535 1595/651/1535
f 1783/910/1536 1784/911/1536 1591/640/1536
f 1784/911/1537 1785/912/1537 1775/880/1537
f 1785/912/1538 1786/913/1538 1771/875/1538
f 1786/913/1539 1787/882/1539 1763/864/1539
f 1802/897/1540 1801/896/1540 1833/896/1540 1834/897/1540
f 1789/884/1541 1788/883/1541 1820/883/1541 1821/884/1541
f 1803/898/1542 1802/897/1542 1834/897/1542 1835/898/1542
f 1790/885/1543 1789/884/1543 1821/884/1543 1822/885/1543
f 1804/899/1544 1803/898/1544 1835/898/1544 1836/899/1544
f 1791/886/1545 1790/885/1545 1822/885/1545 1823/886/1545
f 1778/905/1546 1777/904/1546 1809/904/1546 1810/905/1546
f 1805/900/1547 1804/899/1547 1836/899/1547 1837/900/1547
f 1792/887/1548 1791/886/1548 1823/886/1548 1824/887/1548
f 1779/906/1549 1778/905/1549 1810/905/1549 1811/906/1549
f 1806/901/1550 1805/900/1550 1837/900/1550 1838/901/1550
f 1793/888/1551 1792/887/1551 1824/887/1551 1825/888/1551
f 1780/907/1552 1779/906/1552 1811/906/1552 1812/907/1552
f 1807/902/1553 1806/901/1553 1838/901/1553 1839/902/1553
f 1794/889/1554 1793/888/1554 1825/888/1554 1826/889/1554
f 1781/908/1555 1780/907/1555 1812/907/1555 1813/908/1555
f 1808/903/1556 1807/902/1556 1839/902/1556 1840/903/1556
f 1795/890/1557 1794/889/1557 1826/889/1557 1827/890/1557
f 1782/909/1558 1781/908/1558 1813/908/1558 1814/909/1558
f 1777/904/1559 1808/903/1559 1840/903/1559 1809/904/1559
f 1796/891/1560 1795/890/1560 1827/890/1560 1828/891/1560
f 1783/910/1561 1782/909/1561 1814/909/1561 1815/910/1561
f 1797/892/1562 1796/891/1562 1828/891/1562 1829/892/1562
f 1784/911/1563 1783/910/1563 1815/910/1563 1816/911/1563
f 1798/893/1564 1797/892/1564 1829/892/1564 1830/893/1564
f 1785/912/1565 1784/911/1565 1816/911/1565 1817/912/1565
f 1799/894/1566 1798/893/1566 1830/893/1566 1831/894/1566
f 1786/913/1567 1785/912/1567 1817/912/1567 1818/913/1567
f 1800/914/1568 1799/894/1568 1831/894/1568 1832/914/1568
f 1787/882/1569 1786/913/1569 1818/913/1569 1819/882/1569
f 1801/896/1570 1800/895/1570 1832/895/1570 1833/896/1570
f 1788/883/1571 1787/882/1571 1819/882/1571 1820/883/1571
f 1841/636/1572 1846/637/1572 1847/638/1572 1842/639/1572
f 1842/639/1573 1847/638/1573 1848/640/1573 1843/641/1573
f 1844/645/1574 1849/646/1574 1850/647/1574 1845/648/1574
f 1845/648/1575 1850/647/1575 1846/637/1575 1841/636/1575
f 1846/637/1576 1851/649/1576 1852/650/1576 1847/638/1576
f 1847/638/1577 1852/650/1577 1853/651/1577 1848/640/1577
f 1849/646/1578 1854/653/1578 1855/654/1578 1850/647/1578
f 1850/647/1579 1855/654/1579 1851/649/1579 1846/637/1579
f 1851/649/1580 1856/655/1580 1857/656/1580 1852/650/1580
f 1852/650/1581 1857/656/1581 1858/657/1581 1853/651/1581
f 1854/653/1582 1859/659/1582 1860/660/1582 1855/654/1582
f 1855/654/1583 1860/660/1583 1856/655/1583 1851/649/1583
f 1856/655/1584 1861/661/1584 1862/662/1584 1857/656/1584
f 1857/656/1585 1862/662/1585 1863/663/1585 1858/657/1585
f 1859/659/1586 1864/665/1586 1865/666/1586 1860/660/1586
f 1860/660/1587 1865/666/1587 1861/661/1587 1856/655/1587
f 1861/661/1588 1866/667/1588 1867/668/1588 1862/662/1588
f 1862/662/1589 1867/668/1589 1868/669/1589 1863/663/1589
f 1864/665/1590 1869/671/1590 1870/672/1590 1865/666/1590
f 1865/666/1591 1870/672/1591 1866/667/1591 1861/661/1591
f 1866/667/1592 1871/673/1592 1872/674/1592 1867/668/1592
f 1867/668/1593 1872/674/1593 1873/675/1593 1868/669/1593
f 1869/671/1594 1874/677/1594 1875/678/1594 1870/672/1594
f 1870/672/1595 1875/678/1595 1871/673/1595 1866/667/1595
f 1871/673/1596 1876/679/1596 1877/680/1596 1872/674/1596
f 1872/674/1597 1877/680/1597 1878/681/1597 1873/675/1597
f 1874/677/1598 1879/683/1598 1880/684/1598 1875/678/1598
f 1875/678/1599 1880/684/1599 1876/679/1599 1871/673/1599
f 1876/679/1600 1881/685/1600 1882/686/1600 1877/680/1600
f 1877/680/1601 1882/686/1601 1883/687/1601 1878/681/1601
f 1879/683/1602 1884/689/1602 1885/690/1602 1880/684/1602
f 1880/684/1603 1885/690/1603 1881/685/1603 1876/679/1603
f 1881/685/1604 1886/691/1604 1887/692/1604 1882/686/1604
f 1882/686/1605 1887/692/1605 1888/693/1605 1883/687/1605
f 1884/689/1606 1889/695/1606 1890/696/1606 1885/690/1606
f 1885/690/1607 1890/696/1607 1886/691/1607 1881/685/1607
f 1886/691/1608 1891/697/1608 1892/698/1608 1887/692/1608
f 1887/692/1609 1892/698/1609 1893/699/1609 1888/693/1609
f 1889/695/1610 1894/701/1610 1895/702/1610 1890/696/1610
f 1890/696/1611 1895/702/1611 1891/697/1611 1886/691/1611
f 1891/697/1612 1896/703/1612 1897/704/1612 1892/698/1612
f 1892/698/1613 1897/704/1613 1898/705/1613 1893/699/1613
f 1894/701/1614 1899/707/1614 1900/708/1614 1895/702/1614
f 1895/702/1615 1900/708/1615 1896/703/1615 1891/697/1615
f 1896/703/1616 1901/709/1616 1902/710/1616 1897/704/1616
f 1897/704/1617 1902/710/1617 1903/711/1617 1898/705/1617
f 1899/707/1618 1904/713/1618 1905/714/1618 1900/708/1618
f 1900/708/1619 1905/714/1619 1901/709/1619 1896/703/1619
f 1901/709/1620 1906/715/1620 1907/716/1620 1902/710/1620
f 1902/710/1621 1907/716/1621 1908/717/1621 1903/711/1621
f 1904/713/1622 1909/719/1622 1910/720/1622 1905/714/1622
f 1905/714/1623 1910/720/1623 1906/715/1623 1901/709/1623
f 1906/715/1624 1911/721/1624 1912/722/1624 1907/716/1624
f 1907/716/1625 1912/722/1625 1913/723/1625 1908/717/1625
f 1909/719/1626 1914/725/1626 1915/726/1626 1910/720/1626
f 1910/720/1627 1915/726/1627 1911/721/1627 1906/715/1627
f 1911/721/1628 1916/727/1628 1917/728/1628 1912/722/1628
f 1912/722/1629 1917/728/1629 1918/729/1629 1913/723/1629
f 1914/725/1630 1919/731/1630 1920/732/1630 1915/726/1630
f 1915/726/1631 1920/732/1631 1916/727/1631 1911/721/1631
f 1916/727/1632 1921/733/1632 1922/734/1632 1917/728/1632
f 1917/728/1633 1922/734/1633 1923/735/1633 1918/729/1633
f 1919/731/1634 1924/737/1634 1925/738/1634 1920/732/1634
f 1920/732/1635 1925/738/1635 1921/733/1635 1916/727/1635
f 1921/733/1636 1926/739/1636 1927/740/1636 1922/734/1636
f 1922/734/1637 1927/740/1637 1928/741/1637 1923/735/1637
f 1924/737/1638 1929/743/1638 1930/744/1638 1925/738/1638
f 1925/738/1639 1930/744/1639 1926/739/1639 1921/733/1639
f 1926/739/1640 1931/745/1640 1932/746/1640 1927/740/1640
f 1927/740/1641 1932/746/1641 1933/747/1641 1928/741/1641
f 1929/743/1642 1934/748/1642 1935/749/1642 1930/744/1642
f 1930/744/1643 1935/749/1643 1931/745/1643 1926/739/1643
f 1931/745/1644 1936/750/1644 1937/751/1644 1932/746/1644
f 1932/746/1645 1937/751/1645 1938/752/1645 1933/747/1645
f 1934/748/1646 1939/754/1646 1940/755/1646 1935/749/1646
f 1935/749/1647 1940/755/1647 1936/750/1647 1931/745/1647
f 1936/750/1648 1941/756/1648 1942/757/1648 1937/751/1648
f 1937/751/1649 1942/757/1649 1943/758/1649 1938/752/1649
f 1939/754/1650 1944/760/1650 1945/761/1650 1940/755/1650
f 1940/755/1651 1945/761/1651 1941/756/1651 1936/750/1651
f 1941/756/1652 1946/762/1652 1947/763/1652 1942/757/1652
f 1942/757/1653 1947/763/1653 1948/764/1653 1943/758/1653
f 1944/760/1654 1949/767/1654 1950/768/1654 1945/761/1654
f 1945/761/1655 1950/768/1655 1946/762/1655 1941/756/1655
f 1946/762/1656 1951/769/1656 1952/770/1656 1947/763/1656
f 1947/763/1657 1952/770/1657 1953/771/1657 1948/764/1657
f 1949/767/1658 1954/772/1658 1955/773/1658 1950/768/1658
f 1950/768/1659 1955/773/1659 1951/769/1659 1946/762/1659
f 1951/769/1660 1956/774/1660 1957/775/1660 1952/770/1660
f 1952/770/1661 1957/775/1661 1958/776/1661 1953/771/1661
f 1954/772/1662 1959/766/1662 1960/777/1662 1955/773/1662
f 1955/773/1663 1960/777/1663 1956/774/1663 1951/769/1663
f 1956/774/1664 1961/778/1664 1962/779/1664 1957/775/1664
f 1957/775/1665 1962/779/1665 1963/780/1665 1958/776/1665
f 1959/766/1666 1964/765/1666 1965/781/1666 1960/777/1666
f 1960/777/1667 1965/781/1667 1961/778/1667 1956/774/1667
f 1961/782/1668 1966/783/1668 1967/784/1668 1962/785/1668
f 1962/785/1669 1967/784/1669 1968/786/1669 1963/787/1669
f 1964/759/1670 1969/753/1670 1970/788/1670 1965/789/1670
f 1965/789/1671 1970/788/1671 1966/783/1671 1961/782/1671
f 1966/783/1672 1971/790/1672 1972/791/1672 1967/784/1672
f 1967/784/1673 1972/791/1673 1973/792/1673 1968/786/1673
f 1969/753/1674 1974/742/1674 1975/793/1674 1970/788/1674
f 1970/788/1675 1975/793/1675 1971/790/1675 1966/783/1675
f 1971/790/1676 1976/794/1676 1977/795/1676 1972/791/1676
f 1972/791/1677 1977/795/1677 1978/796/1677 1973/792/1677
f 1974/742/1678 1979/736/1678 1980/797/1678 1975/793/1678
f 1975/793/1679 1980/797/1679 1976/794/1679 1971/790/1679
f 1976/794/1680 1981/798/1680 1982/799/1680 1977/795/1680
f 1977/795/1681 1982/799/1681 1983/800/1681 1978/796/1681
f 1979/736/1682 1984/730/1682 1985/801/1682 1980/797/1682
f 1980/797/1683 1985/801/1683 1981/798/1683 1976/794/1683
f 1981/798/1684 1986/802/1684 1987/803/1684 1982/799/1684
f 1982/799/1685 1987/803/1685 1988/804/1685 1983/800/1685
f 1984/730/1686 1989/724/1686 1990/805/1686 1985/801/1686
f 1985/801/1687 1990/805/1687 1986/802/1687 1981/798/1687
f 1986/802/1688 1991/806/1688 1992/807/1688 1987/803/1688
f 1987/803/1689 1992/807/1689 1993/808/1689 1988/804/1689
f 1989/724/1690 1994/718/1690 1995/809/1690 1990/805/1690
f 1990/805/1691 1995/809/1691 1991/806/1691 1986/802/1691
f 1991/806/1692 1996/810/1692 1997/811/1692 1992/807/1692
f 1992/807/1693 1997/811/1693 1998/812/1693 1993/808/1693
f 1994/718/1694 1999/712/1694 2000/813/1694 1995/809/1694
f 1995/809/1695 2000/813/1695 1996/810/1695 1991/806/1695
f 1996/810/1696 2001/814/1696 2002/815/1696 1997/811/1696
f 1997/811/1697 2002/815/1697 2003/816/1697 1998/812/1697
f 1999/712/1698 2004/706/1698 2005/817/1698 2000/813/1698
f 2000/813/1699 2005/817/1699 2001/814/1699 1996/810/1699
f 2001/814/1700 2006/818/1700 2007/819/1700 2002/815/1700
f 2002/815/1701 2007/819/1701 2008/820/1701 2003/816/1701
f 2004/706/1702 2009/700/1702 2010/821/1702 2005/817/1702
f 2005/817/1703 2010/821/1703 2006/818/1703 2001/814/1703
f 2006/818/1704 2011/822/1704 2012/823/1704 2007/819/1704
f 2007/819/1705 2012/823/1705 2013/824/1705 2008/820/1705
f 2009/700/1706 2014/694/1706 2015/825/1706 2010/821/1706
f 2010/821/1707 2015/825/1707 2011/822/1707 2006/818/1707
f 2011/822/1708 2016/826/1708 2017/827/1708 2012/823/1708
f 2012/823/1709 2017/827/1709 2018/828/1709 2013/824/1709
f 2014/694/1710 2019/688/1710 2020/829/1710 2015/825/1710
f 2015/825/1711 2020/829/1711 2016/826/1711 2011/822/1711
f 2016/826/1712 2021/830/1712 2022/831/1712 2017/827/1712
f 2017/827/1713 2022/831/1713 2023/832/1713 2018/828/1713
f 2019/688/1714 2024/682/1714 2025/833/1714 2020/829/1714
f 2020/829/1715 2025/833/1715 2021/830/1715 2016/826/1715
f 2021/830/1716 2026/834/1716 2027/835/1716 2022/831/1716
f 2022/831/1717 2027/835/1717 2028/836/1717 2023/832/1717
f 2024/682/1718 2029/676/1718 2030/837/1718 2025/833/1718
f 2025/833/1719 2030/837/1719 2026/834/1719 2021/830/1719
f 2026/834/1720 2031/838/1720 2032/839/1720 2027/835/1720
f 2027/835/1721 2032/839/1721 2033/840/1721 2028/836/1721
f 2029/676/1722 2034/670/1722 2035/841/1722 2030/837/1722
f 2030/837/1723 2035/841/1723 2031/838/1723 2026/834/1723
f 2031/838/1724 2036/842/1724 2037/843/1724 2032/839/1724
f 2032/839/1725 2037/843/1725 2038/844/1725 2033/840/1725
f 2034/670/1726 2039/664/1726 2040/845/1726 2035/841/1726
f 2035/841/1727 2040/845/1727 2036/842/1727 2031/838/1727
f 2036/842/1728 2041/846/1728 2042/847/1728 2037/843/1728
f 2037/843/1729 2042/847/1729 2043/848/1729 2038/844/1729
f 2039/664/1730 2044/658/1730 2045/849/1730 2040/845/1730
f 2040/845/1731 2045/849/1731 2041/846/1731 2036/842/1731
f 2041/846/1732 2046/850/1732 2047/851/1732 2042/847/1732
f 2042/847/1733 2047/851/1733 2048/852/1733 2043/848/1733
f 2044/658/1734 2049/652/1734 2050/853/1734 2045/849/1734
f 2045/849/1735 2050/853/1735 2046/850/1735 2041/846/1735
f 2046/850/1736 2051/854/1736 2052/855/1736 2047/851/1736
f 2047/851/1737 2052/855/1737 2053/856/1737 2048/852/1737
f 2049/652/1738 2054/644/1738 2055/857/1738 2050/853/1738
f 2050/853/1739 2055/857/1739 2051/854/1739 2046/850/1739
f 2051/854/1740 2056/858/1740 2057/859/1740 2052/855/1740
f 2052/855/1741 2057/859/1741 2058/860/1741 2053/856/1741
f 2054/644/1742 2059/643/1742 2060/861/1742 2055/857/1742
f 2055/857/1743 2060/861/1743 2056/858/1743 2051/854/1743
f 2056/858/1744 2061/862/1744 2062/863/1744 2057/859/1744
f 2057/859/1745 2062/863/1745 2063/864/1745 2058/860/1745
f 2059/643/1746 2064/865/1746 2065/866/1746 2060/861/1746
f 2060/861/1747 2065/866/1747 2061/862/1747 2056/858/1747
f 2061/862/1748 2066/867/1748 2067/868/1748 2062/863/1748
f 2062/863/1749 2067/868/1749 2068/869/1749 2063/864/1749
f 2064/865/1750 2069/871/1750 2070/872/1750 2065/866/1750
f 2065/866/1751 2070/872/1751 2066/867/1751 2061/862/1751
f 2066/867/1752 2071/873/1752 2072/874/1752 2067/868/1752
f 2067/868/1753 2072/874/1753 2073/875/1753 2068/869/1753
f 2069/871/1754 2074/876/1754 2075/877/1754 2070/872/1754
f 2070/872/1755 2075/877/1755 2071/873/1755 2066/867/1755
f 2071/873/1756 2076/878/1756 2077/879/1756 2072/874/1756
f 2072/874/1757 2077/879/1757 2078/880/1757 2073/875/1757
f 2074/876/1758 2079/870/1758 2080/881/1758 2075/877/1758
f 2075/877/1759 2080/881/1759 2076/878/1759 2071/873/1759
f 2076/878/1760 1841/636/1760 1842/639/1760 2077/879/1760
f 2077/879/1761 1842/639/1761 1843/641/1761 2078/880/1761
f 2079/870/1762 1844/645/1762 1845/648/1762 2080/881/1762
f 2080/881/1763 1845/648/1763 1841/636/1763 2076/878/1763
f 1818/913/1764 2064/865/1764 1819/882/1764
f 1819/882/1765 2064/865/1765 2059/643/1765
f 1818/913/1766 2074/876/1766 2069/871/1766
f 1817/912/1767 2079/870/1767 2074/876/1767
f 1816/911/1768 2079/870/1768 1817/912/1768
f 1816/911/1769 1849/646/1769 1844/645/1769
f 1815/910/1770 1854/653/1770 1849/646/1770
f 1814/909/1771 1854/653/1771 1815/910/1771
f 1814/909/1772 1864/665/1772 1859/659/1772
f 1813/908/1773 1869/671/1773 1864/665/1773
f 1812/907/1774 1869/671/1774 1813/908/1774
f 1812/907/1775 1879/683/1775 1874/677/1775
f 1811/906/1776 1884/689/1776 1879/683/1776
f 1810/905/1777 1884/689/1777 1811/906/1777
f 1810/905/1778 1894/701/1778 1889/695/1778
f 1809/904/1779 1899/707/1779 1894/701/1779
f 1840/903/1780 1899/707/1780 1809/904/1780
f 1840/903/1781 1909/719/1781 1904/713/1781
f 1839/902/1782 1914/725/1782 1909/719/1782
f 1838/901/1783 1914/725/1783 1839/902/1783
f 1838/901/1784 1924/737/1784 1919/731/1784
f 1837/900/1785 1929/743/1785 1924/737/1785
f 1836/899/1786 1929/743/1786 1837/900/1786
f 1836/899/1787 1939/754/1787 1934/748/1787
f 1835/898/1788 1944/760/1788 1939/754/1788
f 1834/897/1789 1944/760/1789 1835/898/1789
f 1834/897/1790 1954/772/1790 1949/767/1790
f 1833/896/1791 1959/766/1791 1954/772/1791
f 1832/895/1792 1959/766/1792 1833/896/1792
f 1832/914/1793 1969/753/1793 1964/759/1793
f 1831/894/1794 1974/742/1794 1969/753/1794
f 1830/893/1795 1974/742/1795 1831/894/1795
f 1830/893/1796 1984/730/1796 1979/736/1796
f 1829/892/1797 1989/724/1797 1984/730/1797
f 1828/891/1798 1989/724/1798 1829/892/1798
f 1828/891/1799 1999/712/1799 1994/718/1799
f 1827/890/1800 2004/706/1800 1999/712/1800
f 1826/889/1801 2004/706/1801 1827/890/1801
f 1826/889/1802 2014/694/1802 2009/700/1802
f 1825/888/1803 2019/688/1803 2014/694/1803
f 1824/887/1804 2019/688/1804 1825/888/1804
f 1824/887/1805 2029/676/1805 2024/682/1805
f 1823/886/1806 2034/670/1806 2029/676/1806
f 1822/885/1807 2034/670/1807 1823/886/1807
f 1822/885/1808 2044/658/1808 2039/664/1808
f 1821/884/1809 2049/652/1809 2044/658/1809
f 1820/883/1810 2049/652/1810 1821/884/1810
f 1820/883/1811 2059/643/1811 2054/644/1811
f 1818/913/1812 2069/871/1812 2064/865/1812
f 1818/913/1813 1817/912/1813 2074/876/1813
f 1816/911/1814 1844/645/1814 2079/870/1814
f 1816/911/1815 1815/910/1815 1849/646/1815
f 1814/909/1816 1859/659/1816 1854/653/1816
f 1814/909/1817 1813/908/1817 1864/665/1817
f 1812/907/1818 1874/677/1818 1869/671/1818
f 1812/907/1819 1811/906/1819 1879/683/1819
f 1810/905/1820 1889/695/1820 1884/689/1820
f 1810/905/1821 1809/904/1821 1894/701/1821
f 1840/903/1822 1904/713/1822 1899/707/1822
f 1840/903/1823 1839/902/1823 1909/719/1823
f 1838/901/1824 1919/731/1824 1914/725/1824
f 1838/901/1825 1837/900/1825 1924/737/1825
f 1836/899/1826 1934/748/1826 1929/743/1826
f 1836/899/1827 1835/898/1827 1939/754/1827
f 1834/897/1828 1949/767/1828 1944/760/1828
f 1834/897/1829 1833/896/1829 1954/772/1829
f 1832/895/1830 1964/765/1830 1959/766/1830
f 1832/914/1831 1831/894/1831 1969/753/1831
f 1830/893/1832 1979/736/1832 1974/742/1832
f 1830/893/1833 1829/892/1833 1984/730/1833
f 1828/891/1834 1994/718/1834 1989/724/1834
f 1828/891/1835 1827/890/1835 1999/712/1835
f 1826/889/1836 2009/700/1836 2004/706/1836
f 1826/889/1837 1825/888/1837 2014/694/1837
f 1824/887/1838 2024/682/1838 2019/688/1838
f 1824/887/1839 1823/886/1839 2029/676/1839
f 1822/885/1840 2039/664/1840 2034/670/1840
f 1822/885/1841 1821/884/1841 2044/658/1841
f 1820/883/1842 2054/644/1842 2049/652/1842
f 1820/883/1843 1819/882/1843 2059/643/1843
f 3073/915/1844 2885/916/1844 2112/917/1844 2816/918/1844
f 2814/919/1845 2111/920/1845 2143/921/1845 2144/922/1845 2112/917/1845 2815/923/1845
f 2812/924/1846 2110/925/1846 2142/926/1846 2143/921/1846 2111/920/1846 2813/927/1846
f 2810/928/1847 2109/929/1847 2141/930/1847 2142/926/1847 2110/925/1847 2811/931/1847
f 2808/932/1848 2108/933/1848 2140/934/1848 2141/930/1848 2109/929/1848 2809/935/1848
f 2806/936/1849 2107/937/1849 2139/938/1849 2140/934/1849 2108/933/1849 2807/939/1849
f 2804/940/1850 2106/941/1850 2138/942/1850 2139/938/1850 2107/937/1850 2805/943/1850
f 2802/944/1851 2105/945/1851 2137/946/1851 2138/942/1851 2106/941/1851 2803/947/1851
f 2800/948/1852 2104/949/1852 2136/950/1852 2137/946/1852 2105/945/1852 2801/951/1852
f 2798/952/1853 2103/953/1853 2135/954/1853 2136/950/1853 2104/949/1853 2799/955/1853
f 2796/956/1854 2102/957/1854 2134/958/1854 2135/954/1854 2103/953/1854 2797/959/1854
f 2794/960/1855 2101/961/1855 2133/962/1855 2134/958/1855 2102/957/1855 2795/963/1855
f 2792/964/1856 2100/965/1856 2132/966/1856 2133/962/1856 2101/961/1856 2793/967/1856
f 2790/968/1857 2099/969/1857 2131/970/1857 2132/966/1857 2100/965/1857 2791/971/1857
f 2098/972/1858 2130/973/1858 2131/970/1858 2099/969/1858 2789/974/1858 2788/975/1858
f 2786/976/1859 2097/977/1859 2129/978/1859 2130/973/1859 2098/972/1859 2787/979/1859
f 2784/980/1860 2096/981/1860 2128/982/1860 2129/978/1860 2097/977/1860 2785/983/1860
f 2782/984/1861 2095/985/1861 2127/986/1861 2128/982/1861 2096/981/1861 2783/987/1861
f 2780/988/1862 2094/989/1862 2126/990/1862 2127/986/1862 2095/985/1862 2781/991/1862
f 2093/992/1863 2125/993/1863 2126/990/1863 2094/989/1863 2779/994/1863 2778/995/1863
f 2092/996/1864 2124/997/1864 2125/993/1864 2093/992/1864 2777/998/1864 2776/999/1864
f 2091/1000/1865 2123/1001/1865 2124/997/1865 2092/996/1865 2775/1002/1865 2774/1003/1865
f 2772/1004/1866 2090/1005/1866 2122/1006/1866 2123/1001/1866 2091/1000/1866 2773/1007/1866
f 2770/1008/1867 2089/1009/1867 2121/1010/1867 2122/1006/1867 2090/1005/1867 2771/1011/1867
f 2088/1012/1868 2120/1013/1868 2121/1010/1868 2089/1009/1868 2769/1014/1868 2768/1015/1868
f 2766/1016/1869 2087/1017/1869 2119/1018/1869 2120/1013/1869 2088/1012/1869 2767/1019/1869
f 2764/1020/1870 2086/1021/1870 2118/1022/1870 2119/1018/1870 2087/1017/1870 2765/1023/1870
f 2762/1024/1871 2085/1025/1871 2117/1026/1871 2118/1022/1871 2086/1021/1871 2763/1027/1871
f 2084/1028/1872 2116/1029/1872 2117/1026/1872 2085/1025/1872 2761/1030/1872 2760/1031/1872
f 2758/1032/1873 2083/1033/1873 2115/1034/1873 2116/1029/1873 2084/1028/1873 2759/1035/1873
f 2756/1036/1874 2082/1037/1874 2114/1038/1874 2115/1034/1874 2083/1033/1874 2757/1039/1874
f 2081/1040/1875 2113/1041/1875 2114/1038/1875 2082/1037/1875 2755/1042/1875 2754/1043/1875
f 2816/918/1876 2112/917/1876 2144/922/1876 2113/1041/1876 2081/1040/1876 2817/1044/1876
f 2118/1022/1877 2058/860/1877 2063/864/1877
f 2117/1026/1878 2053/856/1878 2058/860/1878
f 2117/1026/1879 2048/852/1879 2053/856/1879
f 2116/1029/1880 2043/848/1880 2048/852/1880
f 2115/1034/1881 2038/844/1881 2043/848/1881
f 2115/1034/1882 2033/840/1882 2038/844/1882
f 2114/1038/1883 2028/836/1883 2033/840/1883
f 2113/1041/1884 2023/832/1884 2028/836/1884
f 2113/1041/1885 2018/828/1885 2023/832/1885
f 2144/922/1886 2013/824/1886 2018/828/1886
f 2143/921/1887 2008/820/1887 2013/824/1887
f 2143/921/1888 2003/816/1888 2008/820/1888
f 2142/926/1889 1998/812/1889 2003/816/1889
f 2141/930/1890 1993/808/1890 1998/812/1890
f 2141/930/1891 1988/804/1891 1993/808/1891
f 2140/934/1892 1983/800/1892 1988/804/1892
f 2139/938/1893 1978/796/1893 1983/800/1893
f 2139/938/1894 1973/792/1894 1978/796/1894
f 2138/942/1895 1968/786/1895 1973/792/1895
f 2137/946/1896 1963/787/1896 1968/786/1896
f 2137/946/1897 1958/776/1897 1963/780/1897
f 2136/950/1898 1953/771/1898 1958/776/1898
f 2135/954/1899 1948/764/1899 1953/771/1899
f 2135/954/1900 1943/758/1900 1948/764/1900
f 2134/958/1901 1938/752/1901 1943/758/1901
f 2133/962/1902 1933/747/1902 1938/752/1902
f 2133/962/1903 1928/741/1903 1933/747/1903
f 2132/966/1904 1923/735/1904 1928/741/1904
f 2131/970/1905 1918/729/1905 1923/735/1905
f 2131/970/1906 1913/723/1906 1918/729/1906
f 2130/973/1907 1908/717/1907 1913/723/1907
f 2129/978/1908 1903/711/1908 1908/717/1908
f 2129/978/1909 1898/705/1909 1903/711/1909
f 2128/982/1910 1893/699/1910 1898/705/1910
f 2127/986/1911 1888/693/1911 1893/699/1911
f 2127/986/1912 1883/687/1912 1888/693/1912
f 2126/990/1913 1878/681/1913 1883/687/1913
f 2125/993/1914 1873/675/1914 1878/681/1914
f 2125/993/1915 1868/669/1915 1873/675/1915
f 2124/997/1916 1863/663/1916 1868/669/1916
f 2123/1001/1917 1858/657/1917 1863/663/1917
f 2123/1001/1918 1853/651/1918 1858/657/1918
f 2122/1006/1919 1848/640/1919 1853/651/1919
f 2121/1010/1920 1843/641/1920 1848/640/1920
f 2121/1010/1921 2078/880/1921 1843/641/1921
f 2120/1013/1922 2073/875/1922 2078/880/1922
f 2119/1018/1923 2068/869/1923 2073/875/1923
f 2119/1018/1924 2063/864/1924 2068/869/1924
f 2118/1022/1925 2117/1026/1925 2058/860/1925
f 2117/1026/1926 2116/1029/1926 2048/852/1926
f 2116/1029/1927 2115/1034/1927 2043/848/1927
f 2115/1034/1928 2114/1038/1928 2033/840/1928
f 2114/1038/1929 2113/1041/1929 2028/836/1929
f 2113/1041/1930 2144/922/1930 2018/828/1930
f 2144/922/1931 2143/921/1931 2013/824/1931
f 2143/921/1932 2142/926/1932 2003/816/1932
f 2142/926/1933 2141/930/1933 1998/812/1933
f 2141/930/1934 2140/934/1934 1988/804/1934
f 2140/934/1935 2139/938/1935 1983/800/1935
f 2139/938/1936 2138/942/1936 1973/792/1936
f 2138/942/1937 2137/946/1937 1968/786/1937
f 2137/946/1938 2136/950/1938 1958/776/1938
f 2136/950/1939 2135/954/1939 1953/771/1939
f 2135/954/1940 2134/958/1940 1943/758/1940
f 2134/958/1941 2133/962/1941 1938/752/1941
f 2133/962/1942 2132/966/1942 1928/741/1942
f 2132/966/1943 2131/970/1943 1923/735/1943
f 2131/970/1944 2130/973/1944 1913/723/1944
f 2130/973/1945 2129/978/1945 1908/717/1945
f 2129/978/1946 2128/982/1946 1898/705/1946
f 2128/982/1947 2127/986/1947 1893/699/1947
f 2127/986/1948 2126/990/1948 1883/687/1948
f 2126/990/1949 2125/993/1949 1878/681/1949
f 2125/993/1950 2124/997/1950 1868/669/1950
f 2124/997/1951 2123/1001/1951 1863/663/1951
f 2123/1001/1952 2122/1006/1952 1853/651/1952
f 2122/1006/1953 2121/1010/1953 1848/640/1953
f 2121/1010/1954 2120/1013/1954 2078/880/1954
f 2120/1013/1955 2119/1018/1955 2073/875/1955
f 2119/1018/1956 2118/1022/1956 2063/864/1956
f 2861/1045/1957 2167/1046/1957 2199/1046/1957 2198/1047/1957 2166/1047/1957 2860/1048/1957
f 3069/1049/1958 2887/1050/1958 2111/920/1958 2814/919/1958
f 3065/1051/1959 2889/1052/1959 2110/925/1959 2812/924/1959
f 3061/1053/1960 2891/1054/1960 2109/929/1960 2810/928/1960
f 3057/1055/1961 2893/1056/1961 2108/933/1961 2808/932/1961
f 3053/1057/1962 2895/1058/1962 2107/937/1962 2806/936/1962
f 3049/1059/1963 2897/1060/1963 2106/941/1963 2804/940/1963
f 3045/1061/1964 2899/1062/1964 2105/945/1964 2802/944/1964
f 3041/1063/1965 2901/1064/1965 2104/949/1965 2800/948/1965
f 3037/1065/1966 2903/1066/1966 2103/953/1966 2798/952/1966
f 3033/1067/1967 2905/1068/1967 2102/957/1967 2796/956/1967
f 3029/1069/1968 2907/1070/1968 2101/961/1968 2794/960/1968
f 3025/1071/1969 2909/1072/1969 2100/965/1969 2792/964/1969
f 3021/1073/1970 2911/1074/1970 2099/969/1970 2790/968/1970
f 3017/1075/1971 2913/1076/1971 2098/972/1971 2788/975/1971
f 3013/1077/1972 2915/1078/1972 2097/977/1972 2786/976/1972
f 3009/1079/1973 2917/1080/1973 2096/981/1973 2784/980/1973
f 3005/1081/1974 2919/1082/1974 2095/985/1974 2782/984/1974
f 3001/1083/1975 2921/1084/1975 2094/989/1975 2780/988/1975
f 2997/1085/1976 2923/1086/1976 2093/992/1976 2778/995/1976
f 2993/1087/1977 2925/1088/1977 2092/996/1977 2776/999/1977
f 2989/1089/1978 2927/1090/1978 2091/1000/1978 2774/1003/1978
f 2985/1091/1979 2929/1092/1979 2090/1005/1979 2772/1004/1979
f 2981/1093/1980 2931/1094/1980 2089/1009/1980 2770/1008/1980
f 2977/1095/1981 2933/1096/1981 2088/1012/1981 2768/1015/1981
f 2973/1097/1982 2935/1098/1982 2087/1017/1982 2766/1016/1982
f 2969/1099/1983 2937/1100/1983 2086/1021/1983 2764/1020/1983
f 2965/1101/1984 2939/1102/1984 2085/1025/1984 2762/1024/1984
f 2961/1103/1985 2941/1104/1985 2084/1028/1985 2760/1031/1985
f 2957/1105/1986 2943/1106/1986 2083/1033/1986 2758/1032/1986
f 2953/1107/1987 2945/1108/1987 2082/1037/1987 2756/1036/1987
f 2949/1109/1988 2882/1110/1988 2081/1040/1988 2754/1043/1988
f 2835/1111/1989 2154/1112/1989 2186/1112/1989 2185/1113/1989 2153/1113/1989 2834/1114/1989
f 2863/1115/1990 2168/1116/1990 2200/1116/1990 2199/1046/1990 2167/1046/1990 2862/1117/1990
f 2837/1118/1991 2155/171/1991 2187/171/1991 2186/1112/1991 2154/1112/1991 2836/1119/1991
f 2865/1120/1992 2169/185/1992 2201/185/1992 2200/1116/1992 2168/1116/1992 2864/1121/1992
f 2839/1122/1993 2156/1123/1993 2188/1123/1993 2187/171/1993 2155/171/1993 2838/1124/1993
f 2202/1125/1994 2201/185/1994 2169/185/1994 2866/1126/1994 2867/1127/1994 2170/1125/1994
f 2841/1128/1995 2157/1129/1995 2189/1129/1995 2188/1123/1995 2156/1123/1995 2840/1130/1995
f 2203/1131/1996 2202/1125/1996 2170/1125/1996 2868/1132/1996 2869/1133/1996 2171/1131/1996
f 2190/1134/1997 2189/1129/1997 2157/1129/1997 2842/1135/1997 2843/1136/1997 2158/1134/1997
f 2871/1137/1998 2172/1138/1998 2204/1138/1998 2203/1131/1998 2171/1131/1998 2870/1139/1998
f 2845/1140/1999 2159/1141/1999 2191/1141/1999 2190/1134/1999 2158/1134/1999 2844/1142/1999
f 2819/1143/2000 2146/162/2000 2178/162/2000 2177/1144/2000 2145/1144/2000 2818/1145/2000
f 2873/1146/2001 2173/1147/2001 2205/1147/2001 2204/1138/2001 2172/1138/2001 2872/1148/2001
f 2192/1149/2002 2191/1141/2002 2159/1141/2002 2846/1150/2002 2847/1151/2002 2160/1149/2002
f 2821/1152/2003 2147/163/2003 2179/163/2003 2178/162/2003 2146/162/2003 2820/1153/2003
f 2875/1154/2004 2174/1155/2004 2206/1155/2004 2205/1147/2004 2173/1147/2004 2874/1156/2004
f 2849/1157/2005 2161/1158/2005 2193/1158/2005 2192/1149/2005 2160/1149/2005 2848/1159/2005
f 2823/1160/2006 2148/1161/2006 2180/1161/2006 2179/163/2006 2147/163/2006 2822/1162/2006
f 2877/1163/2007 2175/1164/2007 2207/1164/2007 2206/1155/2007 2174/1155/2007 2876/1165/2007
f 2194/1166/2008 2193/1158/2008 2161/1158/2008 2850/1167/2008 2851/1168/2008 2162/1166/2008
f 2825/1169/2009 2149/1170/2009 2181/1170/2009 2180/1161/2009 2148/1161/2009 2824/1171/2009
f 2879/1172/2010 2176/1173/2010 2208/1173/2010 2207/1164/2010 2175/1164/2010 2878/1174/2010
f 2853/1175/2011 2163/1176/2011 2195/1176/2011 2194/1166/2011 2162/1166/2011 2852/1177/2011
f 2827/1178/2012 2150/1179/2012 2182/1179/2012 2181/1170/2012 2149/1170/2012 2826/1180/2012
f 2881/1181/2013 2145/1144/2013 2177/1144/2013 2208/1173/2013 2176/1173/2013 2880/1182/2013
f 2855/1183/2014 2164/1184/2014 2196/1184/2014 2195/1176/2014 2163/1176/2014 2854/1185/2014
f 2829/1186/2015 2151/167/2015 2183/167/2015 2182/1179/2015 2150/1179/2015 2828/1187/2015
f 2857/1188/2016 2165/1189/2016 2197/1189/2016 2196/1184/2016 2164/1184/2016 2856/1190/2016
f 2831/1191/2017 2152/1192/2017 2184/1192/2017 2183/167/2017 2151/167/2017 2830/1193/2017
f 2859/1194/2018 2166/1047/2018 2198/1047/2018 2197/1189/2018 2165/1189/2018 2858/1195/2018
f 2833/1196/2019 2153/1113/2019 2185/1113/2019 2184/1192/2019 2152/1192/2019 2832/1197/2019
f 2185/1113/2020 2186/1112/2020 2215/1112/2020 2216/1113/2020
f 2183/167/2021 2184/1192/2021 2217/1192/2021 2218/167/2021
f 2177/1144/2022 2178/162/2022 2221/162/2022 2223/1144/2022
f 2188/1123/2023 2189/1129/2023 2212/1129/2023 2213/1123/2023
f 2201/185/2024 2202/1125/2024 2234/1125/2024 2233/185/2024
f 2187/171/2025 2188/1123/2025 2213/1123/2025 2214/171/2025
f 2200/1116/2026 2201/185/2026 2233/185/2026 2232/1116/2026
f 2186/1112/2027 2187/171/2027 2214/171/2027 2215/1112/2027
f 2184/1192/2028 2185/1113/2028 2216/1113/2028 2217/1192/2028
f 2202/1125/2029 2203/1131/2029 2235/1131/2029 2234/1125/2029
f 2180/1161/2030 2181/1170/2030 2220/1170/2030 2222/1161/2030
f 2193/1158/2031 2194/1166/2031 2226/1166/2031 2225/1158/2031
f 2206/1155/2032 2207/1164/2032 2239/1164/2032 2238/1155/2032
f 2179/163/2033 2180/1161/2033 2222/1161/2033 2224/163/2033
f 2192/1149/2034 2193/1158/2034 2225/1158/2034 2209/1149/2034
f 2205/1147/2035 2206/1155/2035 2238/1155/2035 2237/1147/2035
f 2178/162/2036 2179/163/2036 2224/163/2036 2221/162/2036
f 2199/1046/2037 2200/1116/2037 2232/1116/2037 2231/1046/2037
f 2196/1184/2038 2197/1189/2038 2229/1189/2038 2228/1184/2038
f 2182/1179/2039 2183/167/2039 2218/167/2039 2219/1179/2039
f 2195/1176/2040 2196/1184/2040 2228/1184/2040 2227/1176/2040
f 2208/1173/2041 2177/1144/2041 2223/1144/2041 2240/1173/2041
f 2181/1170/2042 2182/1179/2042 2219/1179/2042 2220/1170/2042
f 2189/1129/2043 2190/1134/2043 2211/1134/2043 2212/1129/2043
f 2207/1164/2044 2208/1173/2044 2240/1173/2044 2239/1164/2044
f 2198/1047/2045 2199/1046/2045 2231/1046/2045 2230/1047/2045
f 2194/1166/2046 2195/1176/2046 2227/1176/2046 2226/1166/2046
f 2197/1189/2047 2198/1047/2047 2230/1047/2047 2229/1189/2047
f 2204/1138/2048 2205/1147/2048 2237/1147/2048 2236/1138/2048
f 2220/1170/2049 2219/1179/2049 2251/1179/2049 2252/1170/2049
f 2203/1131/2050 2204/1138/2050 2236/1138/2050 2235/1131/2050
f 2191/1141/2051 2192/1149/2051 2209/1149/2051 2210/1141/2051
f 2190/1134/2052 2191/1141/2052 2210/1141/2052 2211/1134/2052
f 2246/171/2053 2245/1123/2053 2277/1123/2053 2278/171/2053
f 2210/1141/2054 2209/1149/2054 2241/1149/2054 2242/1141/2054
f 2235/1131/2055 2236/1138/2055 2268/1138/2055 2267/1131/2055
f 2211/1134/2056 2210/1141/2056 2242/1141/2056 2243/1134/2056
f 2234/1125/2057 2235/1131/2057 2267/1131/2057 2266/1125/2057
f 2212/1129/2058 2211/1134/2058 2243/1134/2058 2244/1129/2058
f 2233/185/2059 2234/1125/2059 2266/1125/2059 2265/185/2059
f 2213/1123/2060 2212/1129/2060 2244/1129/2060 2245/1123/2060
f 2232/1116/2061 2233/185/2061 2265/185/2061 2264/1116/2061
f 2214/171/2062 2213/1123/2062 2245/1123/2062 2246/171/2062
f 2231/1046/2063 2232/1116/2063 2264/1116/2063 2263/1046/2063
f 2215/1112/2064 2214/171/2064 2246/171/2064 2247/1112/2064
f 2230/1047/2065 2231/1046/2065 2263/1046/2065 2262/1047/2065
f 2224/163/2066 2222/1161/2066 2254/1161/2066 2256/163/2066
f 2229/1189/2067 2230/1047/2067 2262/1047/2067 2261/1189/2067
f 2216/1113/2068 2215/1112/2068 2247/1112/2068 2248/1113/2068
f 2228/1184/2069 2229/1189/2069 2261/1189/2069 2260/1184/2069
f 2217/1192/2070 2216/1113/2070 2248/1113/2070 2249/1192/2070
f 2227/1176/2071 2228/1184/2071 2260/1184/2071 2259/1176/2071
f 2240/1173/2072 2223/1144/2072 2255/1144/2072 2272/1173/2072
f 2221/162/2073 2224/163/2073 2256/163/2073 2253/162/2073
f 2226/1166/2074 2227/1176/2074 2259/1176/2074 2258/1166/2074
f 2239/1164/2075 2240/1173/2075 2272/1173/2075 2271/1164/2075
f 2218/167/2076 2217/1192/2076 2249/1192/2076 2250/167/2076
f 2225/1158/2077 2226/1166/2077 2258/1166/2077 2257/1158/2077
f 2238/1155/2078 2239/1164/2078 2271/1164/2078 2270/1155/2078
f 2219/1179/2079 2218/167/2079 2250/167/2079 2251/1179/2079
f 2222/1161/2080 2220/1170/2080 2252/1170/2080 2254/1161/2080
f 2237/1147/2081 2238/1155/2081 2270/1155/2081 2269/1147/2081
f 2223/1144/2082 2221/162/2082 2253/162/2082 2255/1144/2082
f 2209/1149/2083 2225/1158/2083 2257/1158/2083 2241/1149/2083
f 2236/1138/2084 2237/1147/2084 2269/1147/2084 2268/1138/2084
f 2280/1113/2085 2279/1112/2085 2311/1112/2085 2312/1113/2085
f 2263/1046/2086 2264/1116/2086 2296/1116/2086 2295/1046/2086
f 2247/1112/2087 2246/171/2087 2278/171/2087 2279/1112/2087
f 2262/1047/2088 2263/1046/2088 2295/1046/2088 2294/1047/2088
f 2256/163/2089 2254/1161/2089 2286/1161/2089 2288/163/2089
f 2261/1189/2090 2262/1047/2090 2294/1047/2090 2293/1189/2090
f 2248/1113/2091 2247/1112/2091 2279/1112/2091 2280/1113/2091
f 2260/1184/2092 2261/1189/2092 2293/1189/2092 2292/1184/2092
f 2249/1192/2093 2248/1113/2093 2280/1113/2093 2281/1192/2093
f 2259/1176/2094 2260/1184/2094 2292/1184/2094 2291/1176/2094
f 2272/1173/2095 2255/1144/2095 2287/1144/2095 2304/1173/2095
f 2253/162/2096 2256/163/2096 2288/163/2096 2285/162/2096
f 2258/1166/2097 2259/1176/2097 2291/1176/2097 2290/1166/2097
f 2271/1164/2098 2272/1173/2098 2304/1173/2098 2303/1164/2098
f 2250/167/2099 2249/1192/2099 2281/1192/2099 2282/167/2099
f 2257/1158/2100 2258/1166/2100 2290/1166/2100 2289/1158/2100
f 2270/1155/2101 2271/1164/2101 2303/1164/2101 2302/1155/2101
f 2251/1179/2102 2250/167/2102 2282/167/2102 2283/1179/2102
f 2254/1161/2103 2252/1170/2103 2284/1170/2103 2286/1161/2103
f 2269/1147/2104 2270/1155/2104 2302/1155/2104 2301/1147/2104
f 2255/1144/2105 2253/162/2105 2285/162/2105 2287/1144/2105
f 2241/1149/2106 2257/1158/2106 2289/1158/2106 2273/1149/2106
f 2268/1138/2107 2269/1147/2107 2301/1147/2107 2300/1138/2107
f 2252/1170/2108 2251/1179/2108 2283/1179/2108 2284/1170/2108
f 2242/1141/2109 2241/1149/2109 2273/1149/2109 2274/1141/2109
f 2267/1131/2110 2268/1138/2110 2300/1138/2110 2299/1131/2110
f 2243/1134/2111 2242/1141/2111 2274/1141/2111 2275/1134/2111
f 2266/1125/2112 2267/1131/2112 2299/1131/2112 2298/1125/2112
f 2244/1129/2113 2243/1134/2113 2275/1134/2113 2276/1129/2113
f 2265/185/2114 2266/1125/2114 2298/1125/2114 2297/185/2114
f 2245/1123/2115 2244/1129/2115 2276/1129/2115 2277/1123/2115
f 2264/1116/2116 2265/185/2116 2297/185/2116 2296/1116/2116
f 2577/1198/2117 2590/1199/2117 2334/1155/2117 2335/1164/2117
f 2292/1184/2118 2293/1189/2118 2325/1189/2118 2324/1184/2118
f 2281/1192/2119 2280/1113/2119 2312/1113/2119 2313/1192/2119
f 2291/1176/2120 2292/1184/2120 2324/1184/2120 2323/1176/2120
f 2304/1173/2121 2287/1144/2121 2319/1144/2121 2336/1173/2121
f 2285/162/2122 2288/163/2122 2320/163/2122 2317/162/2122
f 2290/1166/2123 2291/1176/2123 2323/1176/2123 2322/1166/2123
f 2303/1164/2124 2304/1173/2124 2336/1173/2124 2335/1164/2124
f 2282/167/2125 2281/1192/2125 2313/1192/2125 2314/167/2125
f 2289/1158/2126 2290/1166/2126 2322/1166/2126 2321/1158/2126
f 2302/1155/2127 2303/1164/2127 2335/1164/2127 2334/1155/2127
f 2283/1179/2128 2282/167/2128 2314/167/2128 2315/1179/2128
f 2286/1161/2129 2284/1170/2129 2316/1170/2129 2318/1161/2129
f 2301/1147/2130 2302/1155/2130 2334/1155/2130 2333/1147/2130
f 2287/1144/2131 2285/162/2131 2317/162/2131 2319/1144/2131
f 2273/1149/2132 2289/1158/2132 2321/1158/2132 2305/1149/2132
f 2300/1138/2133 2301/1147/2133 2333/1147/2133 2332/1138/2133
f 2284/1170/2134 2283/1179/2134 2315/1179/2134 2316/1170/2134
f 2274/1141/2135 2273/1149/2135 2305/1149/2135 2306/1141/2135
f 2299/1131/2136 2300/1138/2136 2332/1138/2136 2331/1131/2136
f 2275/1134/2137 2274/1141/2137 2306/1141/2137 2307/1134/2137
f 2298/1125/2138 2299/1131/2138 2331/1131/2138 2330/1125/2138
f 2276/1129/2139 2275/1134/2139 2307/1134/2139 2308/1129/2139
f 2297/185/2140 2298/1125/2140 2330/1125/2140 2329/185/2140
f 2277/1123/2141 2276/1129/2141 2308/1129/2141 2309/1123/2141
f 2296/1116/2142 2297/185/2142 2329/185/2142 2328/1116/2142
f 2278/171/2143 2277/1123/2143 2309/1123/2143 2310/171/2143
f 2295/1046/2144 2296/1116/2144 2328/1116/2144 2327/1046/2144
f 2279/1112/2145 2278/171/2145 2310/171/2145 2311/1112/2145
f 2294/1047/2146 2295/1046/2146 2327/1046/2146 2326/1047/2146
f 2288/163/2147 2286/1161/2147 2318/1161/2147 2320/163/2147
f 2293/1189/2148 2294/1047/2148 2326/1047/2148 2325/1189/2148
f 2750/1200/2149 2338/1201/2149 2347/1202/2149 2348/1203/2149
f 2339/1204/2150 2750/1200/2150 2348/1203/2150 2349/1205/2150
f 2340/240/2151 2339/1204/2151 2349/1205/2151 2350/238/2151
f 2747/1206/2152 2408/1207/2152 2343/1208/2152
f 2341/1209/2153 2340/240/2153 2350/238/2153 2351/1210/2153
f 2748/1211/2154 2747/1206/2154 2343/1208/2154 2344/1212/2154
f 2751/903/2155 2341/1209/2155 2351/1210/2155 2352/904/2155
f 2337/1213/2156 2748/1211/2156 2344/1212/2156 2345/1214/2156
f 2342/1215/2157 2751/903/2157 2352/904/2157 2353/1216/2157
f 2749/1217/2158 2337/1213/2158 2345/1214/2158 2346/1218/2158
f 2752/1219/2159 2342/1215/2159 2353/1216/2159 2354/1220/2159
f 2338/1201/2160 2749/1217/2160 2346/1218/2160 2347/1202/2160
f 2753/1221/2161 2752/1219/2161 2354/1220/2161 2355/1222/2161
f 2354/1220/2162 2353/1216/2162 2366/1223/2162 2367/1224/2162
f 2347/1202/2163 2346/1218/2163 2359/612/2163 2360/1225/2163
f 2355/1222/2164 2354/1220/2164 2367/1224/2164 2368/1226/2164
f 2348/1203/2165 2347/1202/2165 2360/1225/2165 2361/1227/2165
f 2349/1205/2166 2348/1203/2166 2361/1227/2166 2362/1228/2166
f 2350/238/2167 2349/1205/2167 2362/1228/2167 2363/236/2167
f 2343/1208/2168 2408/1229/2168 2356/1230/2168
f 2351/1210/2169 2350/238/2169 2363/236/2169 2364/1231/2169
f 2344/1212/2170 2343/1208/2170 2356/1230/2170 2357/1232/2170
f 2352/904/2171 2351/1210/2171 2364/1231/2171 2365/905/2171
f 2345/1214/2172 2344/1212/2172 2357/1232/2172 2358/1233/2172
f 2353/1216/2173 2352/904/2173 2365/905/2173 2366/1223/2173
f 2346/1218/2174 2345/1214/2174 2358/1233/2174 2359/612/2174
f 2364/1231/2175 2363/236/2175 2376/234/2175 2377/1234/2175
f 2357/1232/2176 2356/1230/2176 2369/1235/2176 2370/1236/2176
f 2365/905/2177 2364/1231/2177 2377/1234/2177 2378/906/2177
f 2358/1233/2178 2357/1232/2178 2370/1236/2178 2371/1237/2178
f 2366/1223/2179 2365/905/2179 2378/906/2179 2379/1238/2179
f 2359/612/2180 2358/1233/2180 2371/1237/2180 2372/1239/2180
f 2367/1224/2181 2366/1223/2181 2379/1238/2181 2380/1240/2181
f 2360/1225/2182 2359/612/2182 2372/1239/2182 2373/1241/2182
f 2368/1226/2183 2367/1224/2183 2380/1240/2183 2381/1242/2183
f 2361/1227/2184 2360/1225/2184 2373/1241/2184 2374/1243/2184
f 2362/1228/2185 2361/1227/2185 2374/1243/2185 2375/1244/2185
f 2363/236/2186 2362/1228/2186 2375/1244/2186 2376/234/2186
f 2356/1230/2187 2408/1245/2187 2369/1235/2187
f 2381/1242/2188 2380/1240/2188 2393/1246/2188 2394/1247/2188
f 2374/1243/2189 2373/1241/2189 2386/1248/2189 2387/1249/2189
f 2375/1244/2190 2374/1243/2190 2387/1249/2190 2388/1250/2190
f 2376/234/2191 2375/1244/2191 2388/1250/2191 2389/232/2191
f 2369/1235/2192 2408/1251/2192 2382/1252/2192
f 2377/1234/2193 2376/234/2193 2389/232/2193 2390/1253/2193
f 2370/1236/2194 2369/1235/2194 2382/1252/2194 2383/1254/2194
f 2378/906/2195 2377/1234/2195 2390/1253/2195 2391/907/2195
f 2371/1237/2196 2370/1236/2196 2383/1254/2196 2384/1255/2196
f 2379/1238/2197 2378/906/2197 2391/907/2197 2392/1256/2197
f 2372/1239/2198 2371/1237/2198 2384/1255/2198 2385/76/2198
f 2380/1240/2199 2379/1238/2199 2392/1256/2199 2393/1246/2199
f 2373/1241/2200 2372/1239/2200 2385/76/2200 2386/1248/2200
f 2383/1254/2201 2382/1252/2201 2395/1257/2201 2396/1258/2201
f 2391/907/2202 2390/1253/2202 2403/1259/2202 2404/908/2202
f 2384/1255/2203 2383/1254/2203 2396/1258/2203 2397/1260/2203
f 2392/1256/2204 2391/907/2204 2404/908/2204 2405/1261/2204
f 2385/76/2205 2384/1255/2205 2397/1260/2205 2398/1262/2205
f 2393/1246/2206 2392/1256/2206 2405/1261/2206 2406/1263/2206
f 2386/1248/2207 2385/76/2207 2398/1262/2207 2399/1264/2207
f 2394/1247/2208 2393/1246/2208 2406/1263/2208 2407/1265/2208
f 2387/1249/2209 2386/1248/2209 2399/1264/2209 2400/1266/2209
f 2388/1250/2210 2387/1249/2210 2400/1266/2210 2401/1267/2210
f 2389/232/2211 2388/1250/2211 2401/1267/2211 2402/230/2211
f 2382/1252/2212 2408/1268/2212 2395/1257/2212
f 2390/1253/2213 2389/232/2213 2402/230/2213 2403/1259/2213
f 2400/1266/2214 2399/1264/2214 2413/1269/2214 2414/1270/2214
f 2401/1267/2215 2400/1266/2215 2414/1270/2215 2415/1271/2215
f 2402/230/2216 2401/1267/2216 2415/1271/2216 2416/228/2216
f 2395/1257/2217 2408/1272/2217 2409/1273/2217
f 2403/1259/2218 2402/230/2218 2416/228/2218 2417/1274/2218
f 2396/1258/2219 2395/1257/2219 2409/1273/2219 2410/1275/2219
f 2404/908/2220 2403/1259/2220 2417/1274/2220 2418/909/2220
f 2397/1260/2221 2396/1258/2221 2410/1275/2221 2411/1276/2221
f 2405/1261/2222 2404/908/2222 2418/909/2222 2419/1277/2222
f 2398/1262/2223 2397/1260/2223 2411/1276/2223 2412/625/2223
f 2406/1263/2224 2405/1261/2224 2419/1277/2224 2420/1278/2224
f 2399/1264/2225 2398/1262/2225 2412/625/2225 2413/1269/2225
f 2407/1265/2226 2406/1263/2226 2420/1278/2226 2421/1279/2226
f 2418/909/2227 2417/1274/2227 2430/1280/2227 2431/910/2227
f 2411/1276/2228 2410/1275/2228 2423/1281/2228 2424/1282/2228
f 2419/1277/2229 2418/909/2229 2431/910/2229 2432/1283/2229
f 2412/625/2230 2411/1276/2230 2424/1282/2230 2425/1284/2230
f 2420/1278/2231 2419/1277/2231 2432/1283/2231 2433/1285/2231
f 2413/1269/2232 2412/625/2232 2425/1284/2232 2426/1286/2232
f 2421/1279/2233 2420/1278/2233 2433/1285/2233 2434/1287/2233
f 2414/1270/2234 2413/1269/2234 2426/1286/2234 2427/1288/2234
f 2415/1271/2235 2414/1270/2235 2427/1288/2235 2428/1289/2235
f 2416/228/2236 2415/1271/2236 2428/1289/2236 2429/226/2236
f 2409/1273/2237 2408/1290/2237 2422/1291/2237
f 2417/1274/2238 2416/228/2238 2429/226/2238 2430/1280/2238
f 2410/1275/2239 2409/1273/2239 2422/1291/2239 2423/1281/2239
f 2434/1287/2240 2433/1285/2240 2446/1292/2240 2447/1293/2240
f 2427/1288/2241 2426/1286/2241 2439/1294/2241 2440/1295/2241
f 2428/1289/2242 2427/1288/2242 2440/1295/2242 2441/1296/2242
f 2429/226/2243 2428/1289/2243 2441/1296/2243 2442/1297/2243
f 2422/1291/2244 2408/1298/2244 2435/1299/2244
f 2430/1280/2245 2429/226/2245 2442/1297/2245 2443/1300/2245
f 2423/1281/2246 2422/1291/2246 2435/1299/2246 2436/1301/2246
f 2431/910/2247 2430/1280/2247 2443/1300/2247 2444/911/2247
f 2424/1282/2248 2423/1281/2248 2436/1301/2248 2437/1302/2248
f 2432/1283/2249 2431/910/2249 2444/911/2249 2445/1303/2249
f 2425/1284/2250 2424/1282/2250 2437/1302/2250 2438/1304/2250
f 2433/1285/2251 2432/1283/2251 2445/1303/2251 2446/1292/2251
f 2426/1286/2252 2425/1284/2252 2438/1304/2252 2439/1294/2252
f 2444/911/2253 2443/1300/2253 2456/1305/2253 2457/912/2253
f 2437/1302/2254 2436/1301/2254 2449/1306/2254 2450/1307/2254
f 2445/1303/2255 2444/911/2255 2457/912/2255 2458/1308/2255
f 2438/1304/2256 2437/1302/2256 2450/1307/2256 2451/1309/2256
f 2446/1292/2257 2445/1303/2257 2458/1308/2257 2459/1310/2257
f 2439/1294/2258 2438/1304/2258 2451/1309/2258 2452/1311/2258
f 2447/1293/2259 2446/1292/2259 2459/1310/2259 2460/1312/2259
f 2440/1295/2260 2439/1294/2260 2452/1311/2260 2453/1313/2260
f 2441/1296/2261 2440/1295/2261 2453/1313/2261 2454/1314/2261
f 2442/1297/2262 2441/1296/2262 2454/1314/2262 2455/1315/2262
f 2435/1299/2263 2408/1316/2263 2448/1317/2263
f 2443/1300/2264 2442/1297/2264 2455/1315/2264 2456/1305/2264
f 2436/1301/2265 2435/1299/2265 2448/1317/2265 2449/1306/2265
f 2454/1314/2266 2453/1313/2266 2466/1318/2266 2467/1319/2266
f 2455/1315/2267 2454/1314/2267 2467/1319/2267 2468/1320/2267
f 2448/1317/2268 2408/1321/2268 2461/1322/2268
f 2456/1305/2269 2455/1315/2269 2468/1320/2269 2469/1323/2269
f 2449/1306/2270 2448/1317/2270 2461/1322/2270 2462/1324/2270
f 2457/912/2271 2456/1305/2271 2469/1323/2271 2470/913/2271
f 2450/1307/2272 2449/1306/2272 2462/1324/2272 2463/1325/2272
f 2458/1308/2273 2457/912/2273 2470/913/2273 2471/1326/2273
f 2451/1309/2274 2450/1307/2274 2463/1325/2274 2464/1327/2274
f 2459/1310/2275 2458/1308/2275 2471/1326/2275 2472/1328/2275
f 2452/1311/2276 2451/1309/2276 2464/1327/2276 2465/1329/2276
f 2460/1312/2277 2459/1310/2277 2472/1328/2277 2473/1330/2277
f 2453/1313/2278 2452/1311/2278 2465/1329/2278 2466/1318/2278
f 2463/1325/2279 2462/1324/2279 2475/1331/2279 2476/1332/2279
f 2471/1326/2280 2470/913/2280 2483/882/2280 2484/1333/2280
f 2464/1327/2281 2463/1325/2281 2476/1332/2281 2477/1334/2281
f 2472/1328/2282 2471/1326/2282 2484/1333/2282 2485/1335/2282
f 2465/1329/2283 2464/1327/2283 2477/1334/2283 2478/1336/2283
f 2473/1330/2284 2472/1328/2284 2485/1335/2284 2486/1337/2284
f 2466/1318/2285 2465/1329/2285 2478/1336/2285 2479/1338/2285
f 2467/1319/2286 2466/1318/2286 2479/1338/2286 2480/1339/2286
f 2468/1320/2287 2467/1319/2287 2480/1339/2287 2481/1340/2287
f 2461/1322/2288 2408/1341/2288 2474/1342/2288
f 2469/1323/2289 2468/1320/2289 2481/1340/2289 2482/1343/2289
f 2462/1324/2290 2461/1322/2290 2474/1342/2290 2475/1331/2290
f 2470/913/2291 2469/1323/2291 2482/1343/2291 2483/882/2291
f 2480/1339/2292 2479/1338/2292 2492/1344/2292 2493/1345/2292
f 2481/1340/2293 2480/1339/2293 2493/1345/2293 2494/1346/2293
f 2474/1342/2294 2408/1347/2294 2487/1348/2294
f 2482/1343/2295 2481/1340/2295 2494/1346/2295 2495/1349/2295
f 2475/1331/2296 2474/1342/2296 2487/1348/2296 2488/1350/2296
f 2483/882/2297 2482/1343/2297 2495/1349/2297 2496/883/2297
f 2476/1332/2298 2475/1331/2298 2488/1350/2298 2489/1351/2298
f 2484/1333/2299 2483/882/2299 2496/883/2299 2497/1352/2299
f 2477/1334/2300 2476/1332/2300 2489/1351/2300 2490/1353/2300
f 2485/1335/2301 2484/1333/2301 2497/1352/2301 2498/1354/2301
f 2478/1336/2302 2477/1334/2302 2490/1353/2302 2491/1355/2302
f 2486/1337/2303 2485/1335/2303 2498/1354/2303 2499/1356/2303
f 2479/1338/2304 2478/1336/2304 2491/1355/2304 2492/1344/2304
f 2497/1352/2305 2496/883/2305 2509/884/2305 2510/1357/2305
f 2490/1353/2306 2489/1351/2306 2502/1358/2306 2503/1359/2306
f 2498/1354/2307 2497/1352/2307 2510/1357/2307 2511/1360/2307
f 2491/1355/2308 2490/1353/2308 2503/1359/2308 2504/1361/2308
f 2499/1356/2309 2498/1354/2309 2511/1360/2309 2512/1362/2309
f 2492/1344/2310 2491/1355/2310 2504/1361/2310 2505/1363/2310
f 2493/1345/2311 2492/1344/2311 2505/1363/2311 2506/1364/2311
f 2494/1346/2312 2493/1345/2312 2506/1364/2312 2507/1365/2312
f 2487/1348/2313 2408/1366/2313 2500/1367/2313
f 2495/1349/2314 2494/1346/2314 2507/1365/2314 2508/1368/2314
f 2488/1350/2315 2487/1348/2315 2500/1367/2315 2501/1369/2315
f 2496/883/2316 2495/1349/2316 2508/1368/2316 2509/884/2316
f 2489/1351/2317 2488/1350/2317 2501/1369/2317 2502/1358/2317
f 2507/1365/2318 2506/1364/2318 2519/1370/2318 2520/1371/2318
f 2500/1367/2319 2408/1372/2319 2513/1373/2319
f 2508/1368/2320 2507/1365/2320 2520/1371/2320 2521/1374/2320
f 2501/1369/2321 2500/1367/2321 2513/1373/2321 2514/1375/2321
f 2509/884/2322 2508/1368/2322 2521/1374/2322 2522/885/2322
f 2502/1358/2323 2501/1369/2323 2514/1375/2323 2515/1376/2323
f 2510/1357/2324 2509/884/2324 2522/885/2324 2523/1377/2324
f 2503/1359/2325 2502/1358/2325 2515/1376/2325 2516/1378/2325
f 2511/1360/2326 2510/1357/2326 2523/1377/2326 2524/1379/2326
f 2504/1361/2327 2503/1359/2327 2516/1378/2327 2517/1380/2327
f 2512/1362/2328 2511/1360/2328 2524/1379/2328 2525/1381/2328
f 2505/1363/2329 2504/1361/2329 2517/1380/2329 2518/1382/2329
f 2506/1364/2330 2505/1363/2330 2518/1382/2330 2519/1370/2330
f 2516/1378/2331 2515/1376/2331 2528/1383/2331 2529/1384/2331
f 2524/1379/2332 2523/1377/2332 2536/1385/2332 2537/1386/2332
f 2517/1380/2333 2516/1378/2333 2529/1384/2333 2530/1387/2333
f 2525/1381/2334 2524/1379/2334 2537/1386/2334 2538/1388/2334
f 2518/1382/2335 2517/1380/2335 2530/1387/2335 2531/1389/2335
f 2519/1370/2336 2518/1382/2336 2531/1389/2336 2532/1390/2336
f 2520/1371/2337 2519/1370/2337 2532/1390/2337 2533/1391/2337
f 2513/1373/2338 2408/1392/2338 2526/1393/2338
f 2521/1374/2339 2520/1371/2339 2533/1391/2339 2534/1394/2339
f 2514/1375/2340 2513/1373/2340 2526/1393/2340 2527/1395/2340
f 2522/885/2341 2521/1374/2341 2534/1394/2341 2535/886/2341
f 2515/1376/2342 2514/1375/2342 2527/1395/2342 2528/1383/2342
f 2523/1377/2343 2522/885/2343 2535/886/2343 2536/1385/2343
f 2533/1391/2344 2532/1390/2344 2545/1396/2344 2546/1397/2344
f 2526/1393/2345 2408/1398/2345 2539/1399/2345
f 2534/1394/2346 2533/1391/2346 2546/1397/2346 2547/1400/2346
f 2527/1395/2347 2526/1393/2347 2539/1399/2347 2540/1401/2347
f 2535/886/2348 2534/1394/2348 2547/1400/2348 2548/887/2348
f 2528/1383/2349 2527/1395/2349 2540/1401/2349 2541/1402/2349
f 2536/1385/2350 2535/886/2350 2548/887/2350 2549/1403/2350
f 2529/1384/2351 2528/1383/2351 2541/1402/2351 2542/60/2351
f 2537/1386/2352 2536/1385/2352 2549/1403/2352 2550/1404/2352
f 2530/1387/2353 2529/1384/2353 2542/60/2353 2543/1405/2353
f 2538/1388/2354 2537/1386/2354 2550/1404/2354 2551/1406/2354
f 2531/1389/2355 2530/1387/2355 2543/1405/2355 2544/1407/2355
f 2532/1390/2356 2531/1389/2356 2544/1407/2356 2545/1396/2356
f 2550/1404/2357 2549/1403/2357 2562/1408/2357 2563/1409/2357
f 2543/1405/2358 2542/60/2358 2555/1410/2358 2556/1411/2358
f 2551/1406/2359 2550/1404/2359 2563/1409/2359 2564/1412/2359
f 2544/1407/2360 2543/1405/2360 2556/1411/2360 2557/1413/2360
f 2545/1396/2361 2544/1407/2361 2557/1413/2361 2558/1414/2361
f 2546/1397/2362 2545/1396/2362 2558/1414/2362 2559/1415/2362
f 2539/1399/2363 2408/1416/2363 2552/1417/2363
f 2547/1400/2364 2546/1397/2364 2559/1415/2364 2560/1418/2364
f 2540/1401/2365 2539/1399/2365 2552/1417/2365 2553/1419/2365
f 2548/887/2366 2547/1400/2366 2560/1418/2366 2561/888/2366
f 2541/1402/2367 2540/1401/2367 2553/1419/2367 2554/1420/2367
f 2549/1403/2368 2548/887/2368 2561/888/2368 2562/1408/2368
f 2542/60/2369 2541/1402/2369 2554/1420/2369 2555/1410/2369
f 2560/1418/2370 2559/1415/2370 2572/1421/2370 2573/1422/2370
f 2553/1419/2371 2552/1417/2371 2565/1423/2371 2566/1424/2371
f 2561/888/2372 2560/1418/2372 2573/1422/2372 2574/889/2372
f 2554/1420/2373 2553/1419/2373 2566/1424/2373 2567/1425/2373
f 2562/1408/2374 2561/888/2374 2574/889/2374 2575/1426/2374
f 2555/1410/2375 2554/1420/2375 2567/1425/2375 2568/1427/2375
f 2563/1409/2376 2562/1408/2376 2575/1426/2376 2576/1428/2376
f 2556/1411/2377 2555/1410/2377 2568/1427/2377 2569/1429/2377
f 2564/1412/2378 2563/1409/2378 2576/1428/2378 2577/1198/2378
f 2557/1413/2379 2556/1411/2379 2569/1429/2379 2570/1430/2379
f 2558/1414/2380 2557/1413/2380 2570/1430/2380 2571/1431/2380
f 2559/1415/2381 2558/1414/2381 2571/1431/2381 2572/1421/2381
f 2552/1417/2382 2408/1432/2382 2565/1423/2382
f 2577/1198/2383 2576/1428/2383 2589/1433/2383 2590/1199/2383
f 2570/1430/2384 2569/1429/2384 2582/1434/2384 2583/1435/2384
f 2571/1431/2385 2570/1430/2385 2583/1435/2385 2584/1436/2385
f 2572/1421/2386 2571/1431/2386 2584/1436/2386 2585/1437/2386
f 2565/1423/2387 2408/1438/2387 2578/1439/2387
f 2573/1422/2388 2572/1421/2388 2585/1437/2388 2586/1440/2388
f 2566/1424/2389 2565/1423/2389 2578/1439/2389 2579/1441/2389
f 2574/889/2390 2573/1422/2390 2586/1440/2390 2587/890/2390
f 2567/1425/2391 2566/1424/2391 2579/1441/2391 2580/1442/2391
f 2575/1426/2392 2574/889/2392 2587/890/2392 2588/1443/2392
f 2568/1427/2393 2567/1425/2393 2580/1442/2393 2581/1444/2393
f 2576/1428/2394 2575/1426/2394 2588/1443/2394 2589/1433/2394
f 2569/1429/2395 2568/1427/2395 2581/1444/2395 2582/1434/2395
f 2579/1441/2396 2578/1439/2396 2591/1445/2396 2592/1446/2396
f 2587/890/2397 2586/1440/2397 2599/1447/2397 2600/891/2397
f 2580/1442/2398 2579/1441/2398 2592/1446/2398 2593/1448/2398
f 2588/1443/2399 2587/890/2399 2600/891/2399 2601/1449/2399
f 2581/1444/2400 2580/1442/2400 2593/1448/2400 2594/1450/2400
f 2589/1433/2401 2588/1443/2401 2601/1449/2401 2602/1451/2401
f 2582/1434/2402 2581/1444/2402 2594/1450/2402 2595/1452/2402
f 2590/1199/2403 2589/1433/2403 2602/1451/2403 2603/1453/2403
f 2583/1435/2404 2582/1434/2404 2595/1452/2404 2596/1454/2404
f 2584/1436/2405 2583/1435/2405 2596/1454/2405 2597/1455/2405
f 2585/1437/2406 2584/1436/2406 2597/1455/2406 2598/1456/2406
f 2578/1439/2407 2408/1457/2407 2591/1445/2407
f 2586/1440/2408 2585/1437/2408 2598/1456/2408 2599/1447/2408
f 2596/1454/2409 2595/1452/2409 2608/1458/2409 2609/1459/2409
f 2597/1455/2410 2596/1454/2410 2609/1459/2410 2610/1460/2410
f 2598/1456/2411 2597/1455/2411 2610/1460/2411 2611/1461/2411
f 2591/1445/2412 2408/1462/2412 2604/1463/2412
f 2599/1447/2413 2598/1456/2413 2611/1461/2413 2612/1464/2413
f 2592/1446/2414 2591/1445/2414 2604/1463/2414 2605/1465/2414
f 2600/891/2415 2599/1447/2415 2612/1464/2415 2613/892/2415
f 2593/1448/2416 2592/1446/2416 2605/1465/2416 2606/1466/2416
f 2601/1449/2417 2600/891/2417 2613/892/2417 2614/1467/2417
f 2594/1450/2418 2593/1448/2418 2606/1466/2418 2607/1468/2418
f 2602/1451/2419 2601/1449/2419 2614/1467/2419 2615/1469/2419
f 2595/1452/2420 2594/1450/2420 2607/1468/2420 2608/1458/2420
f 2603/1453/2421 2602/1451/2421 2615/1469/2421 2616/1470/2421
f 2613/892/2422 2612/1464/2422 2625/1471/2422 2626/893/2422
f 2606/1466/2423 2605/1465/2423 2618/1472/2423 2619/1473/2423
f 2614/1467/2424 2613/892/2424 2626/893/2424 2627/1474/2424
f 2607/1468/2425 2606/1466/2425 2619/1473/2425 2620/1475/2425
f 2615/1469/2426 2614/1467/2426 2627/1474/2426 2628/1476/2426
f 2608/1458/2427 2607/1468/2427 2620/1475/2427 2621/1477/2427
f 2616/1470/2428 2615/1469/2428 2628/1476/2428 2629/1478/2428
f 2609/1459/2429 2608/1458/2429 2621/1477/2429 2622/1479/2429
f 2434/1287/2430 2447/1293/2430 2312/1113/2430 2311/1112/2430
f 2610/1460/2431 2609/1459/2431 2622/1479/2431 2623/1480/2431
f 2421/1279/2432 2434/1287/2432 2311/1112/2432 2310/171/2432
f 2611/1461/2433 2610/1460/2433 2623/1480/2433 2624/1481/2433
f 2604/1463/2434 2408/1482/2434 2617/1483/2434
f 2612/1464/2435 2611/1461/2435 2624/1481/2435 2625/1471/2435
f 2605/1465/2436 2604/1463/2436 2617/1483/2436 2618/1472/2436
f 2407/1265/2437 2421/1279/2437 2310/171/2437 2309/1123/2437
f 2623/1480/2438 2622/1479/2438 2635/1484/2438 2636/1485/2438
f 2394/1247/2439 2407/1265/2439 2309/1123/2439 2308/1129/2439
f 2624/1481/2440 2623/1480/2440 2636/1485/2440 2637/1486/2440
f 2617/1483/2441 2408/1487/2441 2630/1488/2441
f 2551/1406/2442 2564/1412/2442 2336/1173/2442 2319/1144/2442
f 2625/1471/2443 2624/1481/2443 2637/1486/2443 2638/1489/2443
f 2618/1472/2444 2617/1483/2444 2630/1488/2444 2631/1490/2444
f 2626/893/2445 2625/1471/2445 2638/1489/2445 2639/894/2445
f 2619/1473/2446 2618/1472/2446 2631/1490/2446 2632/1491/2446
f 2627/1474/2447 2626/893/2447 2639/894/2447 2640/1492/2447
f 2620/1475/2448 2619/1473/2448 2632/1491/2448 2633/1493/2448
f 2628/1476/2449 2627/1474/2449 2640/1492/2449 2641/1494/2449
f 2621/1477/2450 2620/1475/2450 2633/1493/2450 2634/1495/2450
f 2629/1478/2451 2628/1476/2451 2641/1494/2451 2642/1496/2451
f 2622/1479/2452 2621/1477/2452 2634/1495/2452 2635/1484/2452
f 2632/1491/2453 2631/1490/2453 2644/1497/2453 2645/1498/2453
f 2640/1492/2454 2639/894/2454 2652/914/2454 2653/1499/2454
f 2633/1493/2455 2632/1491/2455 2645/1498/2455 2646/1500/2455
f 2641/1494/2456 2640/1492/2456 2653/1499/2456 2654/1501/2456
f 2634/1495/2457 2633/1493/2457 2646/1500/2457 2647/1502/2457
f 2642/1496/2458 2641/1494/2458 2654/1501/2458 2655/1503/2458
f 2635/1484/2459 2634/1495/2459 2647/1502/2459 2648/1504/2459
f 2381/1242/2460 2394/1247/2460 2308/1129/2460 2307/1134/2460
f 2636/1485/2461 2635/1484/2461 2648/1504/2461 2649/1505/2461
f 2368/1226/2462 2381/1242/2462 2307/1134/2462 2306/1141/2462
f 2637/1486/2463 2636/1485/2463 2649/1505/2463 2650/195/2463
f 2630/1488/2464 2408/1506/2464 2643/1507/2464
f 2538/1388/2465 2551/1406/2465 2319/1144/2465 2317/162/2465
f 2638/1489/2466 2637/1486/2466 2650/195/2466 2651/1508/2466
f 2631/1490/2467 2630/1488/2467 2643/1507/2467 2644/1497/2467
f 2639/894/2468 2638/1489/2468 2651/1508/2468 2652/914/2468
f 2649/1509/2469 2648/1510/2469 2661/1511/2469 2662/1512/2469
f 2753/1221/2470 2355/1222/2470 2305/1149/2470 2321/1158/2470
f 2650/256/2471 2649/1509/2471 2662/1512/2471 2663/1513/2471
f 2643/1514/2472 2408/1515/2472 2656/1516/2472
f 2525/1381/2473 2538/1388/2473 2317/162/2473 2320/163/2473
f 2651/1517/2474 2650/256/2474 2663/1513/2474 2664/1518/2474
f 2644/1519/2475 2643/1514/2475 2656/1516/2475 2657/1520/2475
f 2652/895/2476 2651/1517/2476 2664/1518/2476 2665/896/2476
f 2645/1521/2477 2644/1519/2477 2657/1520/2477 2658/1522/2477
f 2653/1523/2478 2652/895/2478 2665/896/2478 2666/1524/2478
f 2646/1525/2479 2645/1521/2479 2658/1522/2479 2659/1526/2479
f 2654/1527/2480 2653/1523/2480 2666/1524/2480 2667/1528/2480
f 2647/1529/2481 2646/1525/2481 2659/1526/2481 2660/1530/2481
f 2655/1531/2482 2654/1527/2482 2667/1528/2482 2668/1532/2482
f 2648/1510/2483 2647/1529/2483 2660/1530/2483 2661/1511/2483
f 2355/1222/2484 2368/1226/2484 2306/1141/2484 2305/1149/2484
f 2666/1524/2485 2665/896/2485 2678/897/2485 2679/1533/2485
f 2659/1526/2486 2658/1522/2486 2671/1534/2486 2672/1535/2486
f 2667/1528/2487 2666/1524/2487 2679/1533/2487 2680/1536/2487
f 2660/1530/2488 2659/1526/2488 2672/1535/2488 2673/1537/2488
f 2668/1532/2489 2667/1528/2489 2680/1536/2489 2681/1538/2489
f 2661/1511/2490 2660/1530/2490 2673/1537/2490 2674/1539/2490
f 2746/1540/2491 2753/1221/2491 2321/1158/2491 2322/1166/2491
f 2662/1512/2492 2661/1511/2492 2674/1539/2492 2675/1541/2492
f 2733/1542/2493 2746/1540/2493 2322/1166/2493 2323/1176/2493
f 2663/1513/2494 2662/1512/2494 2675/1541/2494 2676/1543/2494
f 2656/1516/2495 2408/1544/2495 2669/1545/2495
f 2512/1362/2496 2525/1381/2496 2320/163/2496 2318/1161/2496
f 2664/1518/2497 2663/1513/2497 2676/1543/2497 2677/1546/2497
f 2657/1520/2498 2656/1516/2498 2669/1545/2498 2670/1547/2498
f 2665/896/2499 2664/1518/2499 2677/1546/2499 2678/897/2499
f 2658/1522/2500 2657/1520/2500 2670/1547/2500 2671/1534/2500
f 2707/1548/2501 2720/1549/2501 2324/1184/2501 2325/1189/2501
f 2676/1543/2502 2675/1541/2502 2688/1550/2502 2689/1551/2502
f 2669/1545/2503 2408/1552/2503 2682/1553/2503
f 2499/1356/2504 2512/1362/2504 2318/1161/2504 2316/1170/2504
f 2677/1546/2505 2676/1543/2505 2689/1551/2505 2690/1554/2505
f 2670/1547/2506 2669/1545/2506 2682/1553/2506 2683/1555/2506
f 2678/897/2507 2677/1546/2507 2690/1554/2507 2691/898/2507
f 2671/1534/2508 2670/1547/2508 2683/1555/2508 2684/1556/2508
f 2679/1533/2509 2678/897/2509 2691/898/2509 2692/1557/2509
f 2672/1535/2510 2671/1534/2510 2684/1556/2510 2685/1558/2510
f 2680/1536/2511 2679/1533/2511 2692/1557/2511 2693/1559/2511
f 2673/1537/2512 2672/1535/2512 2685/1558/2512 2686/1560/2512
f 2681/1538/2513 2680/1536/2513 2693/1559/2513 2694/1561/2513
f 2674/1539/2514 2673/1537/2514 2686/1560/2514 2687/1562/2514
f 2720/1549/2515 2733/1542/2515 2323/1176/2515 2324/1184/2515
f 2675/1541/2516 2674/1539/2516 2687/1562/2516 2688/1550/2516
f 2693/1559/2517 2692/1557/2517 2705/1563/2517 2706/1564/2517
f 2686/1560/2518 2685/1558/2518 2698/1565/2518 2699/1566/2518
f 2694/1561/2519 2693/1559/2519 2706/1564/2519 2707/1548/2519
f 2687/1562/2520 2686/1560/2520 2699/1566/2520 2700/1567/2520
f 2694/1561/2521 2707/1548/2521 2325/1189/2521 2326/1047/2521
f 2688/1550/2522 2687/1562/2522 2700/1567/2522 2701/1568/2522
f 2681/1538/2523 2694/1561/2523 2326/1047/2523 2327/1046/2523
f 2689/1551/2524 2688/1550/2524 2701/1568/2524 2702/1569/2524
f 2682/1553/2525 2408/1570/2525 2695/1571/2525
f 2486/1337/2526 2499/1356/2526 2316/1170/2526 2315/1179/2526
f 2690/1554/2527 2689/1551/2527 2702/1569/2527 2703/1572/2527
f 2683/1555/2528 2682/1553/2528 2695/1571/2528 2696/1573/2528
f 2691/898/2529 2690/1554/2529 2703/1572/2529 2704/899/2529
f 2684/1556/2530 2683/1555/2530 2696/1573/2530 2697/1574/2530
f 2692/1557/2531 2691/898/2531 2704/899/2531 2705/1563/2531
f 2685/1558/2532 2684/1556/2532 2697/1574/2532 2698/1565/2532
f 2695/1571/2533 2408/1575/2533 2708/1576/2533
f 2473/1330/2534 2486/1337/2534 2315/1179/2534 2314/167/2534
f 2703/1572/2535 2702/1569/2535 2715/1577/2535 2716/1578/2535
f 2696/1573/2536 2695/1571/2536 2708/1576/2536 2709/1579/2536
f 2704/899/2537 2703/1572/2537 2716/1578/2537 2717/900/2537
f 2697/1574/2538 2696/1573/2538 2709/1579/2538 2710/1580/2538
f 2705/1563/2539 2704/899/2539 2717/900/2539 2718/1581/2539
f 2698/1565/2540 2697/1574/2540 2710/1580/2540 2711/1582/2540
f 2706/1564/2541 2705/1563/2541 2718/1581/2541 2719/1583/2541
f 2699/1566/2542 2698/1565/2542 2711/1582/2542 2712/1584/2542
f 2707/1548/2543 2706/1564/2543 2719/1583/2543 2720/1549/2543
f 2700/1567/2544 2699/1566/2544 2712/1584/2544 2713/1585/2544
f 2668/1532/2545 2681/1538/2545 2327/1046/2545 2328/1116/2545
f 2701/1568/2546 2700/1567/2546 2713/1585/2546 2714/1586/2546
f 2655/1531/2547 2668/1532/2547 2328/1116/2547 2329/185/2547
f 2702/1569/2548 2701/1568/2548 2714/1586/2548 2715/1577/2548
f 2712/1584/2549 2711/1582/2549 2724/1587/2549 2725/1588/2549
f 2720/1549/2550 2719/1583/2550 2732/1589/2550 2733/1542/2550
f 2713/1585/2551 2712/1584/2551 2725/1588/2551 2726/1590/2551
f 2642/1496/2552 2655/1503/2552 2329/185/2552 2330/1125/2552
f 2714/1586/2553 2713/1585/2553 2726/1590/2553 2727/1591/2553
f 2629/1478/2554 2642/1496/2554 2330/1125/2554 2331/1131/2554
f 2715/1577/2555 2714/1586/2555 2727/1591/2555 2728/1592/2555
f 2708/1576/2556 2408/1593/2556 2721/1594/2556
f 2460/1312/2557 2473/1330/2557 2314/167/2557 2313/1192/2557
f 2716/1578/2558 2715/1577/2558 2728/1592/2558 2729/1595/2558
f 2709/1579/2559 2708/1576/2559 2721/1594/2559 2722/1596/2559
f 2717/900/2560 2716/1578/2560 2729/1595/2560 2730/901/2560
f 2710/1580/2561 2709/1579/2561 2722/1596/2561 2723/1597/2561
f 2718/1581/2562 2717/900/2562 2730/901/2562 2731/1598/2562
f 2711/1582/2563 2710/1580/2563 2723/1597/2563 2724/1587/2563
f 2719/1583/2564 2718/1581/2564 2731/1598/2564 2732/1589/2564
f 2729/1595/2565 2728/1592/2565 2741/1599/2565 2742/1600/2565
f 2722/1596/2566 2721/1594/2566 2734/1601/2566 2735/1602/2566
f 2730/901/2567 2729/1595/2567 2742/1600/2567 2743/902/2567
f 2723/1597/2568 2722/1596/2568 2735/1602/2568 2736/1603/2568
f 2731/1598/2569 2730/901/2569 2743/902/2569 2744/1604/2569
f 2724/1587/2570 2723/1597/2570 2736/1603/2570 2737/1605/2570
f 2732/1589/2571 2731/1598/2571 2744/1604/2571 2745/1606/2571
f 2725/1588/2572 2724/1587/2572 2737/1605/2572 2738/1607/2572
f 2733/1542/2573 2732/1589/2573 2745/1606/2573 2746/1540/2573
f 2726/1590/2574 2725/1588/2574 2738/1607/2574 2739/1608/2574
f 2616/1470/2575 2629/1478/2575 2331/1131/2575 2332/1138/2575
f 2727/1591/2576 2726/1590/2576 2739/1608/2576 2740/1609/2576
f 2603/1453/2577 2616/1470/2577 2332/1138/2577 2333/1147/2577
f 2728/1592/2578 2727/1591/2578 2740/1609/2578 2741/1599/2578
f 2721/1594/2579 2408/1610/2579 2734/1601/2579
f 2447/1293/2580 2460/1312/2580 2313/1192/2580 2312/1113/2580
f 2746/1540/2581 2745/1606/2581 2752/1219/2581 2753/1221/2581
f 2739/1608/2582 2738/1607/2582 2338/1201/2582 2750/1200/2582
f 2590/1199/2583 2603/1453/2583 2333/1147/2583 2334/1155/2583
f 2740/1609/2584 2739/1608/2584 2750/1200/2584 2339/1204/2584
f 2564/1412/2585 2577/1198/2585 2335/1164/2585 2336/1173/2585
f 2741/1599/2586 2740/1609/2586 2339/1204/2586 2340/240/2586
f 2734/1601/2587 2408/1611/2587 2747/1206/2587
f 2742/1600/2588 2741/1599/2588 2340/240/2588 2341/1209/2588
f 2735/1602/2589 2734/1601/2589 2747/1206/2589 2748/1211/2589
f 2743/902/2590 2742/1600/2590 2341/1209/2590 2751/903/2590
f 2736/1603/2591 2735/1602/2591 2748/1211/2591 2337/1213/2591
f 2744/1604/2592 2743/902/2592 2751/903/2592 2342/1215/2592
f 2737/1605/2593 2736/1603/2593 2337/1213/2593 2749/1217/2593
f 2745/1606/2594 2744/1604/2594 2342/1215/2594 2752/1219/2594
f 2738/1607/2595 2737/1605/2595 2749/1217/2595 2338/1201/2595
f 2945/1108/1988 2947/1612/1988 2755/1042/1988 2082/1037/1988
f 2947/1612/1988 2949/1109/1988 2754/1043/1988 2755/1042/1988
f 2146/162/2596 2819/1143/2596 2946/1613/2596 2944/1614/2596
f 2944/1614/2597 2946/1613/2597 2947/1612/2597 2945/1108/2597
f 2819/1143/2596 2818/1145/2596 2948/1615/2596 2946/1613/2596
f 2946/1613/2598 2948/1615/2598 2949/1109/2598 2947/1612/2598
f 2818/1145/2596 2145/1144/2596 2883/1616/2596 2948/1615/2596
f 2948/1615/2597 2883/1616/2597 2882/1110/2597 2949/1109/2597
f 2943/1106/1987 2951/1617/1987 2757/1039/1987 2083/1033/1987
f 2951/1617/1987 2953/1107/1987 2756/1036/1987 2757/1039/1987
f 2147/163/2599 2821/1152/2599 2950/1618/2599 2942/1619/2599
f 2942/1619/2600 2950/1618/2600 2951/1617/2600 2943/1106/2600
f 2821/1152/2599 2820/1153/2599 2952/1620/2599 2950/1618/2599
f 2950/1618/2600 2952/1620/2600 2953/1107/2600 2951/1617/2600
f 2820/1153/2599 2146/162/2599 2944/1614/2599 2952/1620/2599
f 2952/1620/2600 2944/1614/2600 2945/1108/2600 2953/1107/2600
f 2941/1104/1986 2955/1621/1986 2759/1035/1986 2084/1028/1986
f 2955/1621/1986 2957/1105/1986 2758/1032/1986 2759/1035/1986
f 2148/1161/2601 2823/1160/2601 2954/1622/2601 2940/1623/2601
f 2940/1623/2602 2954/1622/2602 2955/1621/2602 2941/1104/2602
f 2823/1160/2601 2822/1162/2601 2956/1624/2601 2954/1622/2601
f 2954/1622/2602 2956/1624/2602 2957/1105/2602 2955/1621/2602
f 2822/1162/2601 2147/163/2601 2942/1619/2601 2956/1624/2601
f 2956/1624/2602 2942/1619/2602 2943/1106/2602 2957/1105/2602
f 2939/1102/1985 2959/1625/1985 2761/1030/1985 2085/1025/1985
f 2959/1625/1985 2961/1103/1985 2760/1031/1985 2761/1030/1985
f 2149/1170/2603 2825/1169/2603 2958/1626/2603 2938/1627/2603
f 2938/1627/2604 2958/1626/2604 2959/1625/2604 2939/1102/2604
f 2825/1169/2603 2824/1171/2603 2960/1628/2603 2958/1626/2603
f 2958/1626/2604 2960/1628/2604 2961/1103/2604 2959/1625/2604
f 2824/1171/2603 2148/1161/2603 2940/1623/2603 2960/1628/2603
f 2960/1628/2604 2940/1623/2604 2941/1104/2604 2961/1103/2604
f 2937/1100/1984 2963/1629/1984 2763/1027/1984 2086/1021/1984
f 2963/1629/1984 2965/1101/1984 2762/1024/1984 2763/1027/1984
f 2150/1179/2605 2827/1178/2605 2962/1630/2605 2936/1631/2605
f 2936/1631/2606 2962/1630/2606 2963/1629/2606 2937/1100/2606
f 2827/1178/2605 2826/1180/2605 2964/1632/2605 2962/1630/2605
f 2962/1630/2606 2964/1632/2606 2965/1101/2606 2963/1629/2606
f 2826/1180/2605 2149/1170/2605 2938/1627/2605 2964/1632/2605
f 2964/1632/2606 2938/1627/2606 2939/1102/2606 2965/1101/2606
f 2935/1098/1983 2967/1633/1983 2765/1023/1983 2087/1017/1983
f 2967/1633/1983 2969/1099/1983 2764/1020/1983 2765/1023/1983
f 2151/167/2607 2829/1186/2607 2966/1634/2607 2934/1635/2607
f 2934/1635/2608 2966/1634/2608 2967/1633/2608 2935/1098/2608
f 2829/1186/2607 2828/1187/2607 2968/1636/2607 2966/1634/2607
f 2966/1634/2608 2968/1636/2608 2969/1099/2608 2967/1633/2608
f 2828/1187/2607 2150/1179/2607 2936/1631/2607 2968/1636/2607
f 2968/1636/2608 2936/1631/2608 2937/1100/2608 2969/1099/2608
f 2933/1096/1982 2971/1637/1982 2767/1019/1982 2088/1012/1982
f 2971/1637/1982 2973/1097/1982 2766/1016/1982 2767/1019/1982
f 2152/1192/2609 2831/1191/2609 2970/1638/2609 2932/1639/2609
f 2932/1639/2610 2970/1638/2610 2971/1637/2610 2933/1096/2610
f 2831/1191/2609 2830/1193/2609 2972/1640/2609 2970/1638/2609
f 2970/1638/2610 2972/1640/2610 2973/1097/2610 2971/1637/2610
f 2830/1193/2609 2151/167/2609 2934/1635/2609 2972/1640/2609
f 2972/1640/2610 2934/1635/2610 2935/1098/2610 2973/1097/2610
f 2931/1094/1981 2975/1641/1981 2769/1014/1981 2089/1009/1981
f 2975/1641/1981 2977/1095/1981 2768/1015/1981 2769/1014/1981
f 2153/1113/2611 2833/1196/2611 2974/1642/2611 2930/1643/2611
f 2930/1643/2612 2974/1642/2612 2975/1641/2612 2931/1094/2612
f 2833/1196/2611 2832/1197/2611 2976/1644/2611 2974/1642/2611
f 2974/1642/2612 2976/1644/2612 2977/1095/2612 2975/1641/2612
f 2832/1197/2611 2152/1192/2611 2932/1639/2611 2976/1644/2611
f 2976/1644/2612 2932/1639/2612 2933/1096/2612 2977/1095/2612
f 2929/1092/1980 2979/1645/1980 2771/1011/1980 2090/1005/1980
f 2979/1645/1980 2981/1093/1980 2770/1008/1980 2771/1011/1980
f 2154/1112/2613 2835/1111/2613 2978/1646/2613 2928/1647/2613
f 2928/1647/2614 2978/1646/2614 2979/1645/2614 2929/1092/2614
f 2835/1111/2613 2834/1114/2613 2980/1648/2613 2978/1646/2613
f 2978/1646/2614 2980/1648/2614 2981/1093/2614 2979/1645/2614
f 2834/1114/2613 2153/1113/2613 2930/1643/2613 2980/1648/2613
f 2980/1648/2614 2930/1643/2614 2931/1094/2614 2981/1093/2614
f 2927/1090/1979 2983/1649/1979 2773/1007/1979 2091/1000/1979
f 2983/1649/1979 2985/1091/1979 2772/1004/1979 2773/1007/1979
f 2155/171/2615 2837/1118/2615 2982/1650/2615 2926/1651/2615
f 2926/1651/2616 2982/1650/2616 2983/1649/2616 2927/1090/2616
f 2837/1118/2615 2836/1119/2615 2984/1652/2615 2982/1650/2615
f 2982/1650/2616 2984/1652/2616 2985/1091/2616 2983/1649/2616
f 2836/1119/2615 2154/1112/2615 2928/1647/2615 2984/1652/2615
f 2984/1652/2616 2928/1647/2616 2929/1092/2616 2985/1091/2616
f 2925/1088/1978 2987/1653/1978 2775/1002/1978 2092/996/1978
f 2987/1653/1978 2989/1089/1978 2774/1003/1978 2775/1002/1978
f 2156/1123/2617 2839/1122/2617 2986/1654/2617 2924/1655/2617
f 2924/1655/2618 2986/1654/2618 2987/1653/2618 2925/1088/2618
f 2839/1122/2617 2838/1124/2617 2988/1656/2617 2986/1654/2617
f 2986/1654/2618 2988/1656/2618 2989/1089/2618 2987/1653/2618
f 2838/1124/2617 2155/171/2617 2926/1651/2617 2988/1656/2617
f 2988/1656/2618 2926/1651/2618 2927/1090/2618 2989/1089/2618
f 2923/1086/1977 2991/1657/1977 2777/998/1977 2093/992/1977
f 2991/1657/1977 2993/1087/1977 2776/999/1977 2777/998/1977
f 2157/1129/2619 2841/1128/2619 2990/1658/2619 2922/1659/2619
f 2922/1659/2620 2990/1658/2620 2991/1657/2620 2923/1086/2620
f 2841/1128/2619 2840/1130/2619 2992/1660/2619 2990/1658/2619
f 2990/1658/2620 2992/1660/2620 2993/1087/2620 2991/1657/2620
f 2840/1130/2619 2156/1123/2619 2924/1655/2619 2992/1660/2619
f 2992/1660/2620 2924/1655/2620 2925/1088/2620 2993/1087/2620
f 2921/1084/1976 2995/1661/1976 2779/994/1976 2094/989/1976
f 2995/1661/1976 2997/1085/1976 2778/995/1976 2779/994/1976
f 2158/1134/2621 2843/1136/2621 2994/1662/2621 2920/1663/2621
f 2920/1663/2622 2994/1662/2622 2995/1661/2622 2921/1084/2622
f 2843/1136/2621 2842/1135/2621 2996/1664/2621 2994/1662/2621
f 2994/1662/2622 2996/1664/2622 2997/1085/2622 2995/1661/2622
f 2842/1135/2621 2157/1129/2621 2922/1659/2621 2996/1664/2621
f 2996/1664/2622 2922/1659/2622 2923/1086/2622 2997/1085/2622
f 2919/1082/1975 2999/1665/1975 2781/991/1975 2095/985/1975
f 2999/1665/1975 3001/1083/1975 2780/988/1975 2781/991/1975
f 2159/1141/2623 2845/1140/2623 2998/1666/2623 2918/1667/2623
f 2918/1667/2624 2998/1666/2624 2999/1665/2624 2919/1082/2624
f 2845/1140/2623 2844/1142/2623 3000/1668/2623 2998/1666/2623
f 2998/1666/2624 3000/1668/2624 3001/1083/2624 2999/1665/2624
f 2844/1142/2623 2158/1134/2623 2920/1663/2623 3000/1668/2623
f 3000/1668/2624 2920/1663/2624 2921/1084/2624 3001/1083/2624
f 2917/1080/1974 3003/1669/1974 2783/987/1974 2096/981/1974
f 3003/1669/1974 3005/1081/1974 2782/984/1974 2783/987/1974
f 2160/1149/2625 2847/1151/2625 3002/1670/2625 2916/1671/2625
f 2916/1671/2626 3002/1670/2626 3003/1669/2626 2917/1080/2626
f 2847/1151/2625 2846/1150/2625 3004/1672/2625 3002/1670/2625
f 3002/1670/2626 3004/1672/2626 3005/1081/2626 3003/1669/2626
f 2846/1150/2625 2159/1141/2625 2918/1667/2625 3004/1672/2625
f 3004/1672/2626 2918/1667/2626 2919/1082/2626 3005/1081/2626
f 2915/1078/2627 3007/1673/2627 2785/983/2627 2097/977/2627
f 3007/1673/2627 3009/1079/2627 2784/980/2627 2785/983/2627
f 2161/1158/2628 2849/1157/2628 3006/1674/2628 2914/1675/2628
f 2914/1675/2629 3006/1674/2629 3007/1673/2629 2915/1078/2629
f 2849/1157/2628 2848/1159/2628 3008/1676/2628 3006/1674/2628
f 3006/1674/2629 3008/1676/2629 3009/1079/2629 3007/1673/2629
f 2848/1159/2628 2160/1149/2628 2916/1671/2628 3008/1676/2628
f 3008/1676/2629 2916/1671/2629 2917/1080/2629 3009/1079/2629
f 2913/1076/2630 3011/1677/2630 2787/979/2630 2098/972/2630
f 3011/1677/1972 3013/1077/1972 2786/976/1972 2787/979/1972
f 2162/1166/2631 2851/1168/2631 3010/1678/2631 2912/1679/2631
f 2912/1679/2632 3010/1678/2632 3011/1677/2632 2913/1076/2632
f 2851/1168/2631 2850/1167/2631 3012/1680/2631 3010/1678/2631
f 3010/1678/2632 3012/1680/2632 3013/1077/2632 3011/1677/2632
f 2850/1167/2631 2161/1158/2631 2914/1675/2631 3012/1680/2631
f 3012/1680/2632 2914/1675/2632 2915/1078/2632 3013/1077/2632
f 2911/1074/1971 3015/1681/1971 2789/974/1971 2099/969/1971
f 3015/1681/1971 3017/1075/1971 2788/975/1971 2789/974/1971
f 2163/1176/2633 2853/1175/2633 3014/1682/2633 2910/1683/2633
f 2910/1683/2634 3014/1682/2634 3015/1681/2634 2911/1074/2634
f 2853/1175/2633 2852/1177/2633 3016/1684/2633 3014/1682/2633
f 3014/1682/2634 3016/1684/2634 3017/1075/2634 3015/1681/2634
f 2852/1177/2633 2162/1166/2633 2912/1679/2633 3016/1684/2633
f 3016/1684/2634 2912/1679/2634 2913/1076/2634 3017/1075/2634
f 2909/1072/1970 3019/1685/1970 2791/971/1970 2100/965/1970
f 3019/1685/1970 3021/1073/1970 2790/968/1970 2791/971/1970
f 2164/1184/2635 2855/1183/2635 3018/1686/2635 2908/1687/2635
f 2908/1687/2636 3018/1686/2636 3019/1685/2636 2909/1072/2636
f 2855/1183/2635 2854/1185/2635 3020/1688/2635 3018/1686/2635
f 3018/1686/2636 3020/1688/2636 3021/1073/2636 3019/1685/2636
f 2854/1185/2635 2163/1176/2635 2910/1683/2635 3020/1688/2635
f 3020/1688/2636 2910/1683/2636 2911/1074/2636 3021/1073/2636
f 2907/1070/1969 3023/1689/1969 2793/967/1969 2101/961/1969
f 3023/1689/1969 3025/1071/1969 2792/964/1969 2793/967/1969
f 2165/1189/2637 2857/1188/2637 3022/1690/2637 2906/1691/2637
f 2906/1691/2638 3022/1690/2638 3023/1689/2638 2907/1070/2638
f 2857/1188/2637 2856/1190/2637 3024/1692/2637 3022/1690/2637
f 3022/1690/2638 3024/1692/2638 3025/1071/2638 3023/1689/2638
f 2856/1190/2637 2164/1184/2637 2908/1687/2637 3024/1692/2637
f 3024/1692/2638 2908/1687/2638 2909/1072/2638 3025/1071/2638
f 2905/1068/1968 3027/1693/1968 2795/963/1968 2102/957/1968
f 3027/1693/1968 3029/1069/1968 2794/960/1968 2795/963/1968
f 2166/1047/2639 2859/1194/2639 3026/1694/2639 2904/1695/2639
f 2904/1695/2640 3026/1694/2640 3027/1693/2640 2905/1068/2640
f 2859/1194/2639 2858/1195/2639 3028/1696/2639 3026/1694/2639
f 3026/1694/2640 3028/1696/2640 3029/1069/2640 3027/1693/2640
f 2858/1195/2639 2165/1189/2639 2906/1691/2639 3028/1696/2639
f 3028/1696/2640 2906/1691/2640 2907/1070/2640 3029/1069/2640
f 2903/1066/1967 3031/1697/1967 2797/959/1967 2103/953/1967
f 3031/1697/1967 3033/1067/1967 2796/956/1967 2797/959/1967
f 2167/1046/2641 2861/1045/2641 3030/1698/2641 2902/1699/2641
f 2902/1699/2642 3030/1698/2642 3031/1697/2642 2903/1066/2642
f 2861/1045/2641 2860/1048/2641 3032/1700/2641 3030/1698/2641
f 3030/1698/2642 3032/1700/2642 3033/1067/2642 3031/1697/2642
f 2860/1048/2641 2166/1047/2641 2904/1695/2641 3032/1700/2641
f 3032/1700/2642 2904/1695/2642 2905/1068/2642 3033/1067/2642
f 2901/1064/1966 3035/1701/1966 2799/955/1966 2104/949/1966
f 3035/1701/1966 3037/1065/1966 2798/952/1966 2799/955/1966
f 2168/1116/2643 2863/1115/2643 3034/1702/2643 2900/1703/2643
f 2900/1703/2644 3034/1702/2644 3035/1701/2644 2901/1064/2644
f 2863/1115/2643 2862/1117/2643 3036/1704/2643 3034/1702/2643
f 3034/1702/2644 3036/1704/2644 3037/1065/2644 3035/1701/2644
f 2862/1117/2643 2167/1046/2643 2902/1699/2643 3036/1704/2643
f 3036/1704/2644 2902/1699/2644 2903/1066/2644 3037/1065/2644
f 2899/1062/1965 3039/1705/1965 2801/951/1965 2105/945/1965
f 3039/1705/1965 3041/1063/1965 2800/948/1965 2801/951/1965
f 2169/185/2645 2865/1120/2645 3038/1706/2645 2898/1707/2645
f 2898/1707/2646 3038/1706/2646 3039/1705/2646 2899/1062/2646
f 2865/1120/2645 2864/1121/2645 3040/1708/2645 3038/1706/2645
f 3038/1706/2646 3040/1708/2646 3041/1063/2646 3039/1705/2646
f 2864/1121/2645 2168/1116/2645 2900/1703/2645 3040/1708/2645
f 3040/1708/2646 2900/1703/2646 2901/1064/2646 3041/1063/2646
f 2897/1060/1964 3043/1709/1964 2803/947/1964 2106/941/1964
f 3043/1709/1964 3045/1061/1964 2802/944/1964 2803/947/1964
f 2170/1125/2647 2867/1127/2647 3042/1710/2647 2896/1711/2647
f 2896/1711/2648 3042/1710/2648 3043/1709/2648 2897/1060/2648
f 2867/1127/2647 2866/1126/2647 3044/1712/2647 3042/1710/2647
f 3042/1710/2648 3044/1712/2648 3045/1061/2648 3043/1709/2648
f 2866/1126/2647 2169/185/2647 2898/1707/2647 3044/1712/2647
f 3044/1712/2648 2898/1707/2648 2899/1062/2648 3045/1061/2648
f 2895/1058/1963 3047/1713/1963 2805/943/1963 2107/937/1963
f 3047/1713/1963 3049/1059/1963 2804/940/1963 2805/943/1963
f 2171/1131/2649 2869/1133/2649 3046/1714/2649 2894/1715/2649
f 2894/1715/2650 3046/1714/2650 3047/1713/2650 2895/1058/2650
f 2869/1133/2649 2868/1132/2649 3048/1716/2649 3046/1714/2649
f 3046/1714/2650 3048/1716/2650 3049/1059/2650 3047/1713/2650
f 2868/1132/2649 2170/1125/2649 2896/1711/2649 3048/1716/2649
f 3048/1716/2650 2896/1711/2650 2897/1060/2650 3049/1059/2650
f 2893/1056/2651 3051/1717/2651 2807/939/2651 2108/933/2651
f 3051/1717/1962 3053/1057/1962 2806/936/1962 2807/939/1962
f 2172/1138/2652 2871/1137/2652 3050/1718/2652 2892/1719/2652
f 2892/1719/2653 3050/1718/2653 3051/1717/2653 2893/1056/2653
f 2871/1137/2652 2870/1139/2652 3052/1720/2652 3050/1718/2652
f 3050/1718/2653 3052/1720/2653 3053/1057/2653 3051/1717/2653
f 2870/1139/2652 2171/1131/2652 2894/1715/2652 3052/1720/2652
f 3052/1720/2653 2894/1715/2653 2895/1058/2653 3053/1057/2653
f 2891/1054/1961 3055/1721/1961 2809/935/1961 2109/929/1961
f 3055/1721/1961 3057/1055/1961 2808/932/1961 2809/935/1961
f 2173/1147/2654 2873/1146/2654 3054/1722/2654 2890/1723/2654
f 2890/1723/2655 3054/1722/2655 3055/1721/2655 2891/1054/2655
f 2873/1146/2654 2872/1148/2654 3056/1724/2654 3054/1722/2654
f 3054/1722/2655 3056/1724/2655 3057/1055/2655 3055/1721/2655
f 2872/1148/2654 2172/1138/2654 2892/1719/2654 3056/1724/2654
f 3056/1724/2655 2892/1719/2655 2893/1056/2655 3057/1055/2655
f 2889/1052/1960 3059/1725/1960 2811/931/1960 2110/925/1960
f 3059/1725/1960 3061/1053/1960 2810/928/1960 2811/931/1960
f 2174/1155/2656 2875/1154/2656 3058/1726/2656 2888/1727/2656
f 2888/1727/2657 3058/1726/2657 3059/1725/2657 2889/1052/2657
f 2875/1154/2656 2874/1156/2656 3060/1728/2656 3058/1726/2656
f 3058/1726/2657 3060/1728/2657 3061/1053/2657 3059/1725/2657
f 2874/1156/2656 2173/1147/2656 2890/1723/2656 3060/1728/2656
f 3060/1728/2657 2890/1723/2657 2891/1054/2657 3061/1053/2657
f 2887/1050/1959 3063/1729/1959 2813/927/1959 2111/920/1959
f 3063/1729/1959 3065/1051/1959 2812/924/1959 2813/927/1959
f 2175/1164/2658 2877/1163/2658 3062/1730/2658 2886/1731/2658
f 2886/1731/2659 3062/1730/2659 3063/1729/2659 2887/1050/2659
f 2877/1163/2658 2876/1165/2658 3064/1732/2658 3062/1730/2658
f 3062/1730/2659 3064/1732/2659 3065/1051/2659 3063/1729/2659
f 2876/1165/2658 2174/1155/2658 2888/1727/2658 3064/1732/2658
f 3064/1732/2659 2888/1727/2659 2889/1052/2659 3065/1051/2659
f 2885/916/1958 3067/1733/1958 2815/923/1958 2112/917/1958
f 3067/1733/1958 3069/1049/1958 2814/919/1958 2815/923/1958
f 2176/1173/2660 2879/1172/2660 3066/1734/2660 2884/1735/2660
f 2884/1735/2661 3066/1734/2661 3067/1733/2661 2885/916/2661
f 2879/1172/2660 2878/1174/2660 3068/1736/2660 3066/1734/2660
f 3066/1734/2661 3068/1736/2661 3069/1049/2661 3067/1733/2661
f 2878/1174/2660 2175/1164/2660 2886/1731/2660 3068/1736/2660
f 3068/1736/2661 2886/1731/2661 2887/1050/2661 3069/1049/2661
f 2882/1110/1844 3071/1737/1844 2817/1044/1844 2081/1040/1844
f 3071/1737/1844 3073/915/1844 2816/918/1844 2817/1044/1844
f 2145/1144/2662 2881/1181/2662 3070/1738/2662 2883/1616/2662
f 2883/1616/2663 3070/1738/2663 3071/1737/2663 2882/1110/2663
f 2881/1181/2662 2880/1182/2662 3072/1739/2662 3070/1738/2662
f 3070/1738/2664 3072/1739/2664 3073/915/2664 3071/1737/2664
f 2880/1182/2662 2176/1173/2662 2884/1735/2662 3072/1739/2662
f 3072/1739/2663 2884/1735/2663 2885/916/2663 3073/915/2663
